DayIndex,Date,Hour,Team,Minimo,Capacity,LB_slot
1,2021-11-01,09-10,A,-1,0,0
1,2021-11-01,09-10,B,-1,0,0
1,2021-11-01,10-11,A,-1,0,0
1,2021-11-01,10-11,B,-1,0,0
1,2021-11-01,11-12,A,-1,0,0
1,2021-11-01,11-12,B,-1,0,0
1,2021-11-01,12-13,A,-1,0,0
1,2021-11-01,12-13,B,-1,0,0
1,2021-11-01,13-14,A,-1,0,0
1,2021-11-01,13-14,B,-1,0,0
1,2021-11-01,14-15,A,-1,0,0
1,2021-11-01,14-15,B,-1,0,0
1,2021-11-01,15-16,A,-1,0,0
1,2021-11-01,15-16,B,-1,0,0
1,2021-11-01,16-17,A,-1,0,0
1,2021-11-01,16-17,B,-1,0,0
1,2021-11-01,17-18,A,-1,0,0
1,2021-11-01,17-18,B,-1,0,0
1,2021-11-01,18-19,A,-1,0,0
1,2021-11-01,18-19,B,-1,0,0
1,2021-11-01,19-20,A,-1,0,0
1,2021-11-01,19-20,B,-1,0,0
1,2021-11-01,20-21,A,-1,0,0
1,2021-11-01,20-21,B,-1,0,0
1,2021-11-01,21-22,A,-1,0,0
1,2021-11-01,21-22,B,-1,0,0
2,2021-11-02,09-10,A,4,19,0
2,2021-11-02,09-10,B,3,19,0
2,2021-11-02,10-11,A,4,19,0
2,2021-11-02,10-11,B,3,19,0
2,2021-11-02,11-12,A,4,19,0
2,2021-11-02,11-12,B,4,19,0
2,2021-11-02,12-13,A,4,19,0
2,2021-11-02,12-13,B,4,19,0
2,2021-11-02,13-14,A,4,19,0
2,2021-11-02,13-14,B,4,19,0
2,2021-11-02,14-15,A,4,19,0
2,2021-11-02,14-15,B,4,19,0
2,2021-11-02,15-16,A,4,19,0
2,2021-11-02,15-16,B,2,19,0
2,2021-11-02,16-17,A,3,19,0
2,2021-11-02,16-17,B,2,19,0
2,2021-11-02,17-18,A,3,19,0
2,2021-11-02,17-18,B,2,19,0
2,2021-11-02,18-19,A,4,19,0
2,2021-11-02,18-19,B,3,19,0
2,2021-11-02,19-20,A,4,19,0
2,2021-11-02,19-20,B,4,19,0
2,2021-11-02,20-21,A,4,19,0
2,2021-11-02,20-21,B,4,19,0
2,2021-11-02,21-22,A,3,19,0
2,2021-11-02,21-22,B,3,19,0
3,2021-11-03,09-10,A,3,19,0
3,2021-11-03,09-10,B,2,19,0
3,2021-11-03,10-11,A,4,19,0
3,2021-11-03,10-11,B,3,19,0
3,2021-11-03,11-12,A,4,19,0
3,2021-11-03,11-12,B,3,19,0
3,2021-11-03,12-13,A,4,19,0
3,2021-11-03,12-13,B,4,19,0
3,2021-11-03,13-14,A,4,19,0
3,2021-11-03,13-14,B,4,19,0
3,2021-11-03,14-15,A,4,19,0
3,2021-11-03,14-15,B,4,19,0
3,2021-11-03,15-16,A,4,19,0
3,2021-11-03,15-16,B,2,19,0
3,2021-11-03,16-17,A,3,19,0
3,2021-11-03,16-17,B,2,19,0
3,2021-11-03,17-18,A,3,19,0
3,2021-11-03,17-18,B,3,19,0
3,2021-11-03,18-19,A,4,19,0
3,2021-11-03,18-19,B,3,19,0
3,2021-11-03,19-20,A,4,19,0
3,2021-11-03,19-20,B,4,19,0
3,2021-11-03,20-21,A,4,19,0
3,2021-11-03,20-21,B,3,19,0
3,2021-11-03,21-22,A,3,19,0
3,2021-11-03,21-22,B,2,19,0
4,2021-11-04,09-10,A,2,19,0
4,2021-11-04,09-10,B,2,19,0
4,2021-11-04,10-11,A,3,19,0
4,2021-11-04,10-11,B,2,19,0
4,2021-11-04,11-12,A,4,19,0
4,2021-11-04,11-12,B,3,19,0
4,2021-11-04,12-13,A,4,19,0
4,2021-11-04,12-13,B,3,19,0
4,2021-11-04,13-14,A,4,19,0
4,2021-11-04,13-14,B,4,19,0
4,2021-11-04,14-15,A,3,19,0
4,2021-11-04,14-15,B,3,19,0
4,2021-11-04,15-16,A,3,19,0
4,2021-11-04,15-16,B,2,19,0
4,2021-11-04,16-17,A,3,19,0
4,2021-11-04,16-17,B,2,19,0
4,2021-11-04,17-18,A,3,19,0
4,2021-11-04,17-18,B,2,19,0
4,2021-11-04,18-19,A,4,19,0
4,2021-11-04,18-19,B,3,19,0
4,2021-11-04,19-20,A,4,19,0
4,2021-11-04,19-20,B,3,19,0
4,2021-11-04,20-21,A,4,19,0
4,2021-11-04,20-21,B,3,19,0
4,2021-11-04,21-22,A,2,19,0
4,2021-11-04,21-22,B,1,19,0
5,2021-11-05,09-10,A,3,19,0
5,2021-11-05,09-10,B,2,19,0
5,2021-11-05,10-11,A,3,19,0
5,2021-11-05,10-11,B,4,19,0
5,2021-11-05,11-12,A,4,19,0
5,2021-11-05,11-12,B,4,19,0
5,2021-11-05,12-13,A,4,19,0
5,2021-11-05,12-13,B,4,19,0
5,2021-11-05,13-14,A,4,19,0
5,2021-11-05,13-14,B,4,19,0
5,2021-11-05,14-15,A,4,19,0
5,2021-11-05,14-15,B,3,19,0
5,2021-11-05,15-16,A,4,19,0
5,2021-11-05,15-16,B,3,19,0
5,2021-11-05,16-17,A,3,19,0
5,2021-11-05,16-17,B,3,19,0
5,2021-11-05,17-18,A,3,19,0
5,2021-11-05,17-18,B,4,19,0
5,2021-11-05,18-19,A,4,19,0
5,2021-11-05,18-19,B,3,19,0
5,2021-11-05,19-20,A,4,19,0
5,2021-11-05,19-20,B,4,19,0
5,2021-11-05,20-21,A,4,19,0
5,2021-11-05,20-21,B,3,19,0
5,2021-11-05,21-22,A,2,19,0
5,2021-11-05,21-22,B,1,19,0
6,2021-11-06,09-10,A,4,19,0
6,2021-11-06,09-10,B,3,19,0
6,2021-11-06,10-11,A,4,19,0
6,2021-11-06,10-11,B,4,19,0
6,2021-11-06,11-12,A,4,19,0
6,2021-11-06,11-12,B,4,19,0
6,2021-11-06,12-13,A,4,19,0
6,2021-11-06,12-13,B,4,19,0
6,2021-11-06,13-14,A,4,19,0
6,2021-11-06,13-14,B,4,19,0
6,2021-11-06,14-15,A,4,19,0
6,2021-11-06,14-15,B,4,19,0
6,2021-11-06,15-16,A,4,19,0
6,2021-11-06,15-16,B,2,19,0
6,2021-11-06,16-17,A,3,19,0
6,2021-11-06,16-17,B,2,19,0
6,2021-11-06,17-18,A,4,19,0
6,2021-11-06,17-18,B,3,19,0
6,2021-11-06,18-19,A,4,19,0
6,2021-11-06,18-19,B,3,19,0
6,2021-11-06,19-20,A,4,19,0
6,2021-11-06,19-20,B,4,19,0
6,2021-11-06,20-21,A,4,19,0
6,2021-11-06,20-21,B,4,19,0
6,2021-11-06,21-22,A,2,19,0
6,2021-11-06,21-22,B,2,19,0
7,2021-11-07,09-10,A,-1,0,0
7,2021-11-07,09-10,B,-1,0,0
7,2021-11-07,10-11,A,-1,0,0
7,2021-11-07,10-11,B,-1,0,0
7,2021-11-07,11-12,A,-1,0,0
7,2021-11-07,11-12,B,-1,0,0
7,2021-11-07,12-13,A,-1,0,0
7,2021-11-07,12-13,B,-1,0,0
7,2021-11-07,13-14,A,-1,0,0
7,2021-11-07,13-14,B,-1,0,0
7,2021-11-07,14-15,A,-1,0,0
7,2021-11-07,14-15,B,-1,0,0
7,2021-11-07,15-16,A,-1,0,0
7,2021-11-07,15-16,B,-1,0,0
7,2021-11-07,16-17,A,-1,0,0
7,2021-11-07,16-17,B,-1,0,0
7,2021-11-07,17-18,A,-1,0,0
7,2021-11-07,17-18,B,-1,0,0
7,2021-11-07,18-19,A,-1,0,0
7,2021-11-07,18-19,B,-1,0,0
7,2021-11-07,19-20,A,-1,0,0
7,2021-11-07,19-20,B,-1,0,0
7,2021-11-07,20-21,A,-1,0,0
7,2021-11-07,20-21,B,-1,0,0
7,2021-11-07,21-22,A,-1,0,0
7,2021-11-07,21-22,B,-1,0,0
8,2021-11-08,09-10,A,3,19,0
8,2021-11-08,09-10,B,2,19,0
8,2021-11-08,10-11,A,4,19,0
8,2021-11-08,10-11,B,2,19,0
8,2021-11-08,11-12,A,4,19,0
8,2021-11-08,11-12,B,4,19,0
8,2021-11-08,12-13,A,4,19,0
8,2021-11-08,12-13,B,4,19,0
8,2021-11-08,13-14,A,4,19,0
8,2021-11-08,13-14,B,4,19,0
8,2021-11-08,14-15,A,4,19,0
8,2021-11-08,14-15,B,4,19,0
8,2021-11-08,15-16,A,4,19,0
8,2021-11-08,15-16,B,2,19,0
8,2021-11-08,16-17,A,2,19,0
8,2021-11-08,16-17,B,2,19,0
8,2021-11-08,17-18,A,3,19,0
8,2021-11-08,17-18,B,2,19,0
8,2021-11-08,18-19,A,4,19,0
8,2021-11-08,18-19,B,4,19,0
8,2021-11-08,19-20,A,4,19,0
8,2021-11-08,19-20,B,4,19,0
8,2021-11-08,20-21,A,4,19,0
8,2021-11-08,20-21,B,3,19,0
8,2021-11-08,21-22,A,2,19,0
8,2021-11-08,21-22,B,2,19,0
9,2021-11-09,09-10,A,3,19,0
9,2021-11-09,09-10,B,3,19,0
9,2021-11-09,10-11,A,4,19,0
9,2021-11-09,10-11,B,3,19,0
9,2021-11-09,11-12,A,4,19,0
9,2021-11-09,11-12,B,4,19,0
9,2021-11-09,12-13,A,4,19,0
9,2021-11-09,12-13,B,4,19,0
9,2021-11-09,13-14,A,4,19,0
9,2021-11-09,13-14,B,4,19,0
9,2021-11-09,14-15,A,4,19,0
9,2021-11-09,14-15,B,3,19,0
9,2021-11-09,15-16,A,3,19,0
9,2021-11-09,15-16,B,3,19,0
9,2021-11-09,16-17,A,2,19,0
9,2021-11-09,16-17,B,2,19,0
9,2021-11-09,17-18,A,3,19,0
9,2021-11-09,17-18,B,2,19,0
9,2021-11-09,18-19,A,4,19,0
9,2021-11-09,18-19,B,3,19,0
9,2021-11-09,19-20,A,4,19,0
9,2021-11-09,19-20,B,4,19,0
9,2021-11-09,20-21,A,4,19,0
9,2021-11-09,20-21,B,3,19,0
9,2021-11-09,21-22,A,4,19,0
9,2021-11-09,21-22,B,3,19,0
10,2021-11-10,09-10,A,3,19,0
10,2021-11-10,09-10,B,2,19,0
10,2021-11-10,10-11,A,3,19,0
10,2021-11-10,10-11,B,3,19,0
10,2021-11-10,11-12,A,4,19,0
10,2021-11-10,11-12,B,3,19,0
10,2021-11-10,12-13,A,4,19,0
10,2021-11-10,12-13,B,4,19,0
10,2021-11-10,13-14,A,4,19,0
10,2021-11-10,13-14,B,4,19,0
10,2021-11-10,14-15,A,4,19,0
10,2021-11-10,14-15,B,3,19,0
10,2021-11-10,15-16,A,3,19,0
10,2021-11-10,15-16,B,2,19,0
10,2021-11-10,16-17,A,2,19,0
10,2021-11-10,16-17,B,2,19,0
10,2021-11-10,17-18,A,3,19,0
10,2021-11-10,17-18,B,2,19,0
10,2021-11-10,18-19,A,4,19,0
10,2021-11-10,18-19,B,3,19,0
10,2021-11-10,19-20,A,4,19,0
10,2021-11-10,19-20,B,4,19,0
10,2021-11-10,20-21,A,4,19,0
10,2021-11-10,20-21,B,3,19,0
10,2021-11-10,21-22,A,2,19,0
10,2021-11-10,21-22,B,2,19,0
11,2021-11-11,09-10,A,4,19,0
11,2021-11-11,09-10,B,2,19,0
11,2021-11-11,10-11,A,3,19,0
11,2021-11-11,10-11,B,3,19,0
11,2021-11-11,11-12,A,4,19,0
11,2021-11-11,11-12,B,4,19,0
11,2021-11-11,12-13,A,4,19,0
11,2021-11-11,12-13,B,4,19,0
11,2021-11-11,13-14,A,4,19,0
11,2021-11-11,13-14,B,4,19,0
11,2021-11-11,14-15,A,4,19,0
11,2021-11-11,14-15,B,3,19,0
11,2021-11-11,15-16,A,3,19,0
11,2021-11-11,15-16,B,2,19,0
11,2021-11-11,16-17,A,2,19,0
11,2021-11-11,16-17,B,2,19,0
11,2021-11-11,17-18,A,3,19,0
11,2021-11-11,17-18,B,3,19,0
11,2021-11-11,18-19,A,4,19,0
11,2021-11-11,18-19,B,3,19,0
11,2021-11-11,19-20,A,4,19,0
11,2021-11-11,19-20,B,3,19,0
11,2021-11-11,20-21,A,4,19,0
11,2021-11-11,20-21,B,4,19,0
11,2021-11-11,21-22,A,3,19,0
11,2021-11-11,21-22,B,2,19,0
12,2021-11-12,09-10,A,4,19,0
12,2021-11-12,09-10,B,2,19,0
12,2021-11-12,10-11,A,4,19,0
12,2021-11-12,10-11,B,4,19,0
12,2021-11-12,11-12,A,4,19,0
12,2021-11-12,11-12,B,4,19,0
12,2021-11-12,12-13,A,4,19,0
12,2021-11-12,12-13,B,4,19,0
12,2021-11-12,13-14,A,4,19,0
12,2021-11-12,13-14,B,4,19,0
12,2021-11-12,14-15,A,4,19,0
12,2021-11-12,14-15,B,4,19,0
12,2021-11-12,15-16,A,4,19,0
12,2021-11-12,15-16,B,3,19,0
12,2021-11-12,16-17,A,3,19,0
12,2021-11-12,16-17,B,2,19,0
12,2021-11-12,17-18,A,3,19,0
12,2021-11-12,17-18,B,3,19,0
12,2021-11-12,18-19,A,4,19,0
12,2021-11-12,18-19,B,4,19,0
12,2021-11-12,19-20,A,4,19,0
12,2021-11-12,19-20,B,4,19,0
12,2021-11-12,20-21,A,4,19,0
12,2021-11-12,20-21,B,4,19,0
12,2021-11-12,21-22,A,2,19,0
12,2021-11-12,21-22,B,3,19,0
13,2021-11-13,09-10,A,4,19,0
13,2021-11-13,09-10,B,2,19,0
13,2021-11-13,10-11,A,4,19,0
13,2021-11-13,10-11,B,4,19,0
13,2021-11-13,11-12,A,4,19,0
13,2021-11-13,11-12,B,4,19,0
13,2021-11-13,12-13,A,4,19,0
13,2021-11-13,12-13,B,4,19,0
13,2021-11-13,13-14,A,4,19,0
13,2021-11-13,13-14,B,4,19,0
13,2021-11-13,14-15,A,4,19,0
13,2021-11-13,14-15,B,4,19,0
13,2021-11-13,15-16,A,4,19,0
13,2021-11-13,15-16,B,3,19,0
13,2021-11-13,16-17,A,4,19,0
13,2021-11-13,16-17,B,3,19,0
13,2021-11-13,17-18,A,3,19,0
13,2021-11-13,17-18,B,3,19,0
13,2021-11-13,18-19,A,4,19,0
13,2021-11-13,18-19,B,4,19,0
13,2021-11-13,19-20,A,4,19,0
13,2021-11-13,19-20,B,4,19,0
13,2021-11-13,20-21,A,4,19,0
13,2021-11-13,20-21,B,3,19,0
13,2021-11-13,21-22,A,2,19,0
13,2021-11-13,21-22,B,3,19,0
14,2021-11-14,09-10,A,-1,0,0
14,2021-11-14,09-10,B,-1,0,0
14,2021-11-14,10-11,A,-1,0,0
14,2021-11-14,10-11,B,-1,0,0
14,2021-11-14,11-12,A,-1,0,0
14,2021-11-14,11-12,B,-1,0,0
14,2021-11-14,12-13,A,-1,0,0
14,2021-11-14,12-13,B,-1,0,0
14,2021-11-14,13-14,A,-1,0,0
14,2021-11-14,13-14,B,-1,0,0
14,2021-11-14,14-15,A,-1,0,0
14,2021-11-14,14-15,B,-1,0,0
14,2021-11-14,15-16,A,-1,0,0
14,2021-11-14,15-16,B,-1,0,0
14,2021-11-14,16-17,A,-1,0,0
14,2021-11-14,16-17,B,-1,0,0
14,2021-11-14,17-18,A,-1,0,0
14,2021-11-14,17-18,B,-1,0,0
14,2021-11-14,18-19,A,-1,0,0
14,2021-11-14,18-19,B,-1,0,0
14,2021-11-14,19-20,A,-1,0,0
14,2021-11-14,19-20,B,-1,0,0
14,2021-11-14,20-21,A,-1,0,0
14,2021-11-14,20-21,B,-1,0,0
14,2021-11-14,21-22,A,-1,0,0
14,2021-11-14,21-22,B,-1,0,0
15,2021-11-15,09-10,A,3,19,0
15,2021-11-15,09-10,B,2,19,0
15,2021-11-15,10-11,A,4,19,0
15,2021-11-15,10-11,B,3,19,0
15,2021-11-15,11-12,A,4,19,0
15,2021-11-15,11-12,B,3,19,0
15,2021-11-15,12-13,A,4,19,0
15,2021-11-15,12-13,B,4,19,0
15,2021-11-15,13-14,A,4,19,0
15,2021-11-15,13-14,B,4,19,0
15,2021-11-15,14-15,A,4,19,0
15,2021-11-15,14-15,B,4,19,0
15,2021-11-15,15-16,A,3,19,0
15,2021-11-15,15-16,B,2,19,0
15,2021-11-15,16-17,A,3,19,0
15,2021-11-15,16-17,B,1,19,0
15,2021-11-15,17-18,A,4,19,0
15,2021-11-15,17-18,B,2,19,0
15,2021-11-15,18-19,A,4,19,0
15,2021-11-15,18-19,B,3,19,0
15,2021-11-15,19-20,A,4,19,0
15,2021-11-15,19-20,B,4,19,0
15,2021-11-15,20-21,A,4,19,0
15,2021-11-15,20-21,B,3,19,0
15,2021-11-15,21-22,A,3,19,0
15,2021-11-15,21-22,B,2,19,0
16,2021-11-16,09-10,A,3,19,0
16,2021-11-16,09-10,B,2,19,0
16,2021-11-16,10-11,A,4,19,0
16,2021-11-16,10-11,B,3,19,0
16,2021-11-16,11-12,A,4,19,0
16,2021-11-16,11-12,B,4,19,0
16,2021-11-16,12-13,A,4,19,0
16,2021-11-16,12-13,B,4,19,0
16,2021-11-16,13-14,A,4,19,0
16,2021-11-16,13-14,B,4,19,0
16,2021-11-16,14-15,A,4,19,0
16,2021-11-16,14-15,B,4,19,0
16,2021-11-16,15-16,A,3,19,0
16,2021-11-16,15-16,B,2,19,0
16,2021-11-16,16-17,A,2,19,0
16,2021-11-16,16-17,B,1,19,0
16,2021-11-16,17-18,A,3,19,0
16,2021-11-16,17-18,B,3,19,0
16,2021-11-16,18-19,A,4,19,0
16,2021-11-16,18-19,B,3,19,0
16,2021-11-16,19-20,A,4,19,0
16,2021-11-16,19-20,B,3,19,0
16,2021-11-16,20-21,A,4,19,0
16,2021-11-16,20-21,B,4,19,0
16,2021-11-16,21-22,A,2,19,0
16,2021-11-16,21-22,B,2,19,0
17,2021-11-17,09-10,A,3,19,0
17,2021-11-17,09-10,B,2,19,0
17,2021-11-17,10-11,A,3,19,0
17,2021-11-17,10-11,B,2,19,0
17,2021-11-17,11-12,A,4,19,0
17,2021-11-17,11-12,B,3,19,0
17,2021-11-17,12-13,A,4,19,0
17,2021-11-17,12-13,B,4,19,0
17,2021-11-17,13-14,A,4,19,0
17,2021-11-17,13-14,B,4,19,0
17,2021-11-17,14-15,A,4,19,0
17,2021-11-17,14-15,B,4,19,0
17,2021-11-17,15-16,A,3,19,0
17,2021-11-17,15-16,B,1,19,0
17,2021-11-17,16-17,A,2,19,0
17,2021-11-17,16-17,B,2,19,0
17,2021-11-17,17-18,A,2,19,0
17,2021-11-17,17-18,B,2,19,0
17,2021-11-17,18-19,A,4,19,0
17,2021-11-17,18-19,B,3,19,0
17,2021-11-17,19-20,A,4,19,0
17,2021-11-17,19-20,B,3,19,0
17,2021-11-17,20-21,A,4,19,0
17,2021-11-17,20-21,B,2,19,0
17,2021-11-17,21-22,A,3,19,0
17,2021-11-17,21-22,B,1,19,0
18,2021-11-18,09-10,A,3,19,0
18,2021-11-18,09-10,B,2,19,0
18,2021-11-18,10-11,A,4,19,0
18,2021-11-18,10-11,B,3,19,0
18,2021-11-18,11-12,A,4,19,0
18,2021-11-18,11-12,B,3,19,0
18,2021-11-18,12-13,A,4,19,0
18,2021-11-18,12-13,B,4,19,0
18,2021-11-18,13-14,A,4,19,0
18,2021-11-18,13-14,B,4,19,0
18,2021-11-18,14-15,A,4,19,0
18,2021-11-18,14-15,B,4,19,0
18,2021-11-18,15-16,A,3,19,0
18,2021-11-18,15-16,B,2,19,0
18,2021-11-18,16-17,A,2,19,0
18,2021-11-18,16-17,B,2,19,0
18,2021-11-18,17-18,A,3,19,0
18,2021-11-18,17-18,B,2,19,0
18,2021-11-18,18-19,A,4,19,0
18,2021-11-18,18-19,B,3,19,0
18,2021-11-18,19-20,A,4,19,0
18,2021-11-18,19-20,B,3,19,0
18,2021-11-18,20-21,A,4,19,0
18,2021-11-18,20-21,B,2,19,0
18,2021-11-18,21-22,A,3,19,0
18,2021-11-18,21-22,B,2,19,0
19,2021-11-19,09-10,A,4,19,0
19,2021-11-19,09-10,B,2,19,0
19,2021-11-19,10-11,A,4,19,0
19,2021-11-19,10-11,B,3,19,0
19,2021-11-19,11-12,A,4,19,0
19,2021-11-19,11-12,B,4,19,0
19,2021-11-19,12-13,A,4,19,0
19,2021-11-19,12-13,B,4,19,0
19,2021-11-19,13-14,A,4,19,0
19,2021-11-19,13-14,B,4,19,0
19,2021-11-19,14-15,A,4,19,0
19,2021-11-19,14-15,B,4,19,0
19,2021-11-19,15-16,A,3,19,0
19,2021-11-19,15-16,B,3,19,0
19,2021-11-19,16-17,A,3,19,0
19,2021-11-19,16-17,B,3,19,0
19,2021-11-19,17-18,A,3,19,0
19,2021-11-19,17-18,B,4,19,0
19,2021-11-19,18-19,A,4,19,0
19,2021-11-19,18-19,B,4,19,0
19,2021-11-19,19-20,A,4,19,0
19,2021-11-19,19-20,B,4,19,0
19,2021-11-19,20-21,A,4,19,0
19,2021-11-19,20-21,B,3,19,0
19,2021-11-19,21-22,A,4,19,0
19,2021-11-19,21-22,B,2,19,0
20,2021-11-20,09-10,A,3,19,0
20,2021-11-20,09-10,B,2,19,0
20,2021-11-20,10-11,A,4,19,0
20,2021-11-20,10-11,B,4,19,0
20,2021-11-20,11-12,A,4,19,0
20,2021-11-20,11-12,B,4,19,0
20,2021-11-20,12-13,A,4,19,0
20,2021-11-20,12-13,B,4,19,0
20,2021-11-20,13-14,A,4,19,0
20,2021-11-20,13-14,B,4,19,0
20,2021-11-20,14-15,A,4,19,0
20,2021-11-20,14-15,B,4,19,0
20,2021-11-20,15-16,A,4,19,0
20,2021-11-20,15-16,B,2,19,0
20,2021-11-20,16-17,A,3,19,0
20,2021-11-20,16-17,B,2,19,0
20,2021-11-20,17-18,A,3,19,0
20,2021-11-20,17-18,B,3,19,0
20,2021-11-20,18-19,A,4,19,0
20,2021-11-20,18-19,B,4,19,0
20,2021-11-20,19-20,A,4,19,0
20,2021-11-20,19-20,B,4,19,0
20,2021-11-20,20-21,A,4,19,0
20,2021-11-20,20-21,B,3,19,0
20,2021-11-20,21-22,A,3,19,0
20,2021-11-20,21-22,B,2,19,0
21,2021-11-21,09-10,A,-1,0,0
21,2021-11-21,09-10,B,-1,0,0
21,2021-11-21,10-11,A,-1,0,0
21,2021-11-21,10-11,B,-1,0,0
21,2021-11-21,11-12,A,-1,0,0
21,2021-11-21,11-12,B,-1,0,0
21,2021-11-21,12-13,A,-1,0,0
21,2021-11-21,12-13,B,-1,0,0
21,2021-11-21,13-14,A,-1,0,0
21,2021-11-21,13-14,B,-1,0,0
21,2021-11-21,14-15,A,-1,0,0
21,2021-11-21,14-15,B,-1,0,0
21,2021-11-21,15-16,A,-1,0,0
21,2021-11-21,15-16,B,-1,0,0
21,2021-11-21,16-17,A,-1,0,0
21,2021-11-21,16-17,B,-1,0,0
21,2021-11-21,17-18,A,-1,0,0
21,2021-11-21,17-18,B,-1,0,0
21,2021-11-21,18-19,A,-1,0,0
21,2021-11-21,18-19,B,-1,0,0
21,2021-11-21,19-20,A,-1,0,0
21,2021-11-21,19-20,B,-1,0,0
21,2021-11-21,20-21,A,-1,0,0
21,2021-11-21,20-21,B,-1,0,0
21,2021-11-21,21-22,A,-1,0,0
21,2021-11-21,21-22,B,-1,0,0
22,2021-11-22,09-10,A,3,19,0
22,2021-11-22,09-10,B,2,19,0
22,2021-11-22,10-11,A,4,19,0
22,2021-11-22,10-11,B,2,19,0
22,2021-11-22,11-12,A,4,19,0
22,2021-11-22,11-12,B,3,19,0
22,2021-11-22,12-13,A,4,19,0
22,2021-11-22,12-13,B,4,19,0
22,2021-11-22,13-14,A,4,19,0
22,2021-11-22,13-14,B,4,19,0
22,2021-11-22,14-15,A,4,19,0
22,2021-11-22,14-15,B,3,19,0
22,2021-11-22,15-16,A,3,19,0
22,2021-11-22,15-16,B,2,19,0
22,2021-11-22,16-17,A,2,19,0
22,2021-11-22,16-17,B,2,19,0
22,2021-11-22,17-18,A,3,19,0
22,2021-11-22,17-18,B,2,19,0
22,2021-11-22,18-19,A,4,19,0
22,2021-11-22,18-19,B,3,19,0
22,2021-11-22,19-20,A,4,19,0
22,2021-11-22,19-20,B,4,19,0
22,2021-11-22,20-21,A,4,19,0
22,2021-11-22,20-21,B,3,19,0
22,2021-11-22,21-22,A,2,19,0
22,2021-11-22,21-22,B,2,19,0
23,2021-11-23,09-10,A,3,19,0
23,2021-11-23,09-10,B,2,19,0
23,2021-11-23,10-11,A,4,19,0
23,2021-11-23,10-11,B,3,19,0
23,2021-11-23,11-12,A,4,19,0
23,2021-11-23,11-12,B,3,19,0
23,2021-11-23,12-13,A,4,19,0
23,2021-11-23,12-13,B,4,19,0
23,2021-11-23,13-14,A,4,19,0
23,2021-11-23,13-14,B,4,19,0
23,2021-11-23,14-15,A,4,19,0
23,2021-11-23,14-15,B,4,19,0
23,2021-11-23,15-16,A,3,19,0
23,2021-11-23,15-16,B,2,19,0
23,2021-11-23,16-17,A,2,19,0
23,2021-11-23,16-17,B,1,19,0
23,2021-11-23,17-18,A,3,19,0
23,2021-11-23,17-18,B,2,19,0
23,2021-11-23,18-19,A,4,19,0
23,2021-11-23,18-19,B,3,19,0
23,2021-11-23,19-20,A,4,19,0
23,2021-11-23,19-20,B,3,19,0
23,2021-11-23,20-21,A,4,19,0
23,2021-11-23,20-21,B,3,19,0
23,2021-11-23,21-22,A,2,19,0
23,2021-11-23,21-22,B,2,19,0
24,2021-11-24,09-10,A,3,19,0
24,2021-11-24,09-10,B,2,19,0
24,2021-11-24,10-11,A,4,19,0
24,2021-11-24,10-11,B,3,19,0
24,2021-11-24,11-12,A,4,19,0
24,2021-11-24,11-12,B,4,19,0
24,2021-11-24,12-13,A,4,19,0
24,2021-11-24,12-13,B,4,19,0
24,2021-11-24,13-14,A,4,19,0
24,2021-11-24,13-14,B,4,19,0
24,2021-11-24,14-15,A,4,19,0
24,2021-11-24,14-15,B,4,19,0
24,2021-11-24,15-16,A,3,19,0
24,2021-11-24,15-16,B,2,19,0
24,2021-11-24,16-17,A,2,19,0
24,2021-11-24,16-17,B,2,19,0
24,2021-11-24,17-18,A,3,19,0
24,2021-11-24,17-18,B,2,19,0
24,2021-11-24,18-19,A,4,19,0
24,2021-11-24,18-19,B,2,19,0
24,2021-11-24,19-20,A,4,19,0
24,2021-11-24,19-20,B,3,19,0
24,2021-11-24,20-21,A,4,19,0
24,2021-11-24,20-21,B,3,19,0
24,2021-11-24,21-22,A,3,19,0
24,2021-11-24,21-22,B,2,19,0
25,2021-11-25,09-10,A,3,19,0
25,2021-11-25,09-10,B,2,19,0
25,2021-11-25,10-11,A,3,19,0
25,2021-11-25,10-11,B,2,19,0
25,2021-11-25,11-12,A,4,19,0
25,2021-11-25,11-12,B,2,19,0
25,2021-11-25,12-13,A,4,19,0
25,2021-11-25,12-13,B,4,19,0
25,2021-11-25,13-14,A,4,19,0
25,2021-11-25,13-14,B,4,19,0
25,2021-11-25,14-15,A,4,19,0
25,2021-11-25,14-15,B,4,19,0
25,2021-11-25,15-16,A,3,19,0
25,2021-11-25,15-16,B,1,19,0
25,2021-11-25,16-17,A,2,19,0
25,2021-11-25,16-17,B,1,19,0
25,2021-11-25,17-18,A,3,19,0
25,2021-11-25,17-18,B,2,19,0
25,2021-11-25,18-19,A,4,19,0
25,2021-11-25,18-19,B,3,19,0
25,2021-11-25,19-20,A,4,19,0
25,2021-11-25,19-20,B,3,19,0
25,2021-11-25,20-21,A,4,19,0
25,2021-11-25,20-21,B,3,19,0
25,2021-11-25,21-22,A,2,19,0
25,2021-11-25,21-22,B,1,19,0
26,2021-11-26,09-10,A,4,19,0
26,2021-11-26,09-10,B,4,19,0
26,2021-11-26,10-11,A,4,19,0
26,2021-11-26,10-11,B,4,19,0
26,2021-11-26,11-12,A,4,19,0
26,2021-11-26,11-12,B,4,19,0
26,2021-11-26,12-13,A,4,19,0
26,2021-11-26,12-13,B,4,19,0
26,2021-11-26,13-14,A,4,19,0
26,2021-11-26,13-14,B,4,19,0
26,2021-11-26,14-15,A,4,19,0
26,2021-11-26,14-15,B,4,19,0
26,2021-11-26,15-16,A,4,19,0
26,2021-11-26,15-16,B,4,19,0
26,2021-11-26,16-17,A,3,19,0
26,2021-11-26,16-17,B,4,19,0
26,2021-11-26,17-18,A,3,19,0
26,2021-11-26,17-18,B,4,19,0
26,2021-11-26,18-19,A,4,19,0
26,2021-11-26,18-19,B,4,19,0
26,2021-11-26,19-20,A,4,19,0
26,2021-11-26,19-20,B,4,19,0
26,2021-11-26,20-21,A,4,19,0
26,2021-11-26,20-21,B,4,19,0
26,2021-11-26,21-22,A,3,19,0
26,2021-11-26,21-22,B,3,19,0
27,2021-11-27,09-10,A,3,19,0
27,2021-11-27,09-10,B,2,19,0
27,2021-11-27,10-11,A,4,19,0
27,2021-11-27,10-11,B,4,19,0
27,2021-11-27,11-12,A,4,19,0
27,2021-11-27,11-12,B,4,19,0
27,2021-11-27,12-13,A,4,19,0
27,2021-11-27,12-13,B,4,19,0
27,2021-11-27,13-14,A,4,19,0
27,2021-11-27,13-14,B,4,19,0
27,2021-11-27,14-15,A,4,19,0
27,2021-11-27,14-15,B,4,19,0
27,2021-11-27,15-16,A,4,19,0
27,2021-11-27,15-16,B,4,19,0
27,2021-11-27,16-17,A,3,19,0
27,2021-11-27,16-17,B,2,19,0
27,2021-11-27,17-18,A,3,19,0
27,2021-11-27,17-18,B,2,19,0
27,2021-11-27,18-19,A,4,19,0
27,2021-11-27,18-19,B,4,19,0
27,2021-11-27,19-20,A,4,19,0
27,2021-11-27,19-20,B,3,19,0
27,2021-11-27,20-21,A,4,19,0
27,2021-11-27,20-21,B,3,19,0
27,2021-11-27,21-22,A,4,19,0
27,2021-11-27,21-22,B,2,19,0
28,2021-11-28,09-10,A,-1,0,0
28,2021-11-28,09-10,B,-1,0,0
28,2021-11-28,10-11,A,-1,0,0
28,2021-11-28,10-11,B,-1,0,0
28,2021-11-28,11-12,A,-1,0,0
28,2021-11-28,11-12,B,-1,0,0
28,2021-11-28,12-13,A,-1,0,0
28,2021-11-28,12-13,B,-1,0,0
28,2021-11-28,13-14,A,-1,0,0
28,2021-11-28,13-14,B,-1,0,0
28,2021-11-28,14-15,A,-1,0,0
28,2021-11-28,14-15,B,-1,0,0
28,2021-11-28,15-16,A,-1,0,0
28,2021-11-28,15-16,B,-1,0,0
28,2021-11-28,16-17,A,-1,0,0
28,2021-11-28,16-17,B,-1,0,0
28,2021-11-28,17-18,A,-1,0,0
28,2021-11-28,17-18,B,-1,0,0
28,2021-11-28,18-19,A,-1,0,0
28,2021-11-28,18-19,B,-1,0,0
28,2021-11-28,19-20,A,-1,0,0
28,2021-11-28,19-20,B,-1,0,0
28,2021-11-28,20-21,A,-1,0,0
28,2021-11-28,20-21,B,-1,0,0
28,2021-11-28,21-22,A,-1,0,0
28,2021-11-28,21-22,B,-1,0,0
29,2021-11-29,09-10,A,3,19,0
29,2021-11-29,09-10,B,2,19,0
29,2021-11-29,10-11,A,4,19,0
29,2021-11-29,10-11,B,2,19,0
29,2021-11-29,11-12,A,4,19,0
29,2021-11-29,11-12,B,3,19,0
29,2021-11-29,12-13,A,4,19,0
29,2021-11-29,12-13,B,4,19,0
29,2021-11-29,13-14,A,4,19,0
29,2021-11-29,13-14,B,4,19,0
29,2021-11-29,14-15,A,4,19,0
29,2021-11-29,14-15,B,3,19,0
29,2021-11-29,15-16,A,3,19,0
29,2021-11-29,15-16,B,2,19,0
29,2021-11-29,16-17,A,2,19,0
29,2021-11-29,16-17,B,2,19,0
29,2021-11-29,17-18,A,3,19,0
29,2021-11-29,17-18,B,2,19,0
29,2021-11-29,18-19,A,4,19,0
29,2021-11-29,18-19,B,3,19,0
29,2021-11-29,19-20,A,4,19,0
29,2021-11-29,19-20,B,4,19,0
29,2021-11-29,20-21,A,4,19,0
29,2021-11-29,20-21,B,3,19,0
29,2021-11-29,21-22,A,2,19,0
29,2021-11-29,21-22,B,2,19,0
30,2021-11-30,09-10,A,3,19,0
30,2021-11-30,09-10,B,2,19,0
30,2021-11-30,10-11,A,4,19,0
30,2021-11-30,10-11,B,3,19,0
30,2021-11-30,11-12,A,4,19,0
30,2021-11-30,11-12,B,3,19,0
30,2021-11-30,12-13,A,4,19,0
30,2021-11-30,12-13,B,4,19,0
30,2021-11-30,13-14,A,4,19,0
30,2021-11-30,13-14,B,4,19,0
30,2021-11-30,14-15,A,4,19,0
30,2021-11-30,14-15,B,4,19,0
30,2021-11-30,15-16,A,3,19,0
30,2021-11-30,15-16,B,2,19,0
30,2021-11-30,16-17,A,2,19,0
30,2021-11-30,16-17,B,1,19,0
30,2021-11-30,17-18,A,3,19,0
30,2021-11-30,17-18,B,2,19,0
30,2021-11-30,18-19,A,4,19,0
30,2021-11-30,18-19,B,3,19,0
30,2021-11-30,19-20,A,4,19,0
30,2021-11-30,19-20,B,3,19,0
30,2021-11-30,20-21,A,4,19,0
30,2021-11-30,20-21,B,3,19,0
30,2021-11-30,21-22,A,2,19,0
30,2021-11-30,21-22,B,2,19,0
31,2021-12-01,09-10,A,3,19,0
31,2021-12-01,09-10,B,2,19,0
31,2021-12-01,10-11,A,4,19,0
31,2021-12-01,10-11,B,4,19,0
31,2021-12-01,11-12,A,4,19,0
31,2021-12-01,11-12,B,3,19,0
31,2021-12-01,12-13,A,4,19,0
31,2021-12-01,12-13,B,4,19,0
31,2021-12-01,13-14,A,4,19,0
31,2021-12-01,13-14,B,4,19,0
31,2021-12-01,14-15,A,4,19,0
31,2021-12-01,14-15,B,4,19,0
31,2021-12-01,15-16,A,4,19,0
31,2021-12-01,15-16,B,2,19,0
31,2021-12-01,16-17,A,2,19,0
31,2021-12-01,16-17,B,2,19,0
31,2021-12-01,17-18,A,3,19,0
31,2021-12-01,17-18,B,3,19,0
31,2021-12-01,18-19,A,4,19,0
31,2021-12-01,18-19,B,3,19,0
31,2021-12-01,19-20,A,4,19,0
31,2021-12-01,19-20,B,4,19,0
31,2021-12-01,20-21,A,4,19,0
31,2021-12-01,20-21,B,3,19,0
31,2021-12-01,21-22,A,3,19,0
31,2021-12-01,21-22,B,2,19,0
32,2021-12-02,09-10,A,3,19,0
32,2021-12-02,09-10,B,2,19,0
32,2021-12-02,10-11,A,4,19,0
32,2021-12-02,10-11,B,2,19,0
32,2021-12-02,11-12,A,4,19,0
32,2021-12-02,11-12,B,3,19,0
32,2021-12-02,12-13,A,4,19,0
32,2021-12-02,12-13,B,4,19,0
32,2021-12-02,13-14,A,4,19,0
32,2021-12-02,13-14,B,4,19,0
32,2021-12-02,14-15,A,4,19,0
32,2021-12-02,14-15,B,3,19,0
32,2021-12-02,15-16,A,4,19,0
32,2021-12-02,15-16,B,2,19,0
32,2021-12-02,16-17,A,3,19,0
32,2021-12-02,16-17,B,2,19,0
32,2021-12-02,17-18,A,4,19,0
32,2021-12-02,17-18,B,3,19,0
32,2021-12-02,18-19,A,4,19,0
32,2021-12-02,18-19,B,4,19,0
32,2021-12-02,19-20,A,4,19,0
32,2021-12-02,19-20,B,4,19,0
32,2021-12-02,20-21,A,4,19,0
32,2021-12-02,20-21,B,3,19,0
32,2021-12-02,21-22,A,4,19,0
32,2021-12-02,21-22,B,4,19,0
33,2021-12-03,09-10,A,3,19,0
33,2021-12-03,09-10,B,2,19,0
33,2021-12-03,10-11,A,4,19,0
33,2021-12-03,10-11,B,4,19,0
33,2021-12-03,11-12,A,4,19,0
33,2021-12-03,11-12,B,4,19,0
33,2021-12-03,12-13,A,4,19,0
33,2021-12-03,12-13,B,4,19,0
33,2021-12-03,13-14,A,4,19,0
33,2021-12-03,13-14,B,4,19,0
33,2021-12-03,14-15,A,4,19,0
33,2021-12-03,14-15,B,4,19,0
33,2021-12-03,15-16,A,4,19,0
33,2021-12-03,15-16,B,4,19,0
33,2021-12-03,16-17,A,3,19,0
33,2021-12-03,16-17,B,4,19,0
33,2021-12-03,17-18,A,4,19,0
33,2021-12-03,17-18,B,4,19,0
33,2021-12-03,18-19,A,4,19,0
33,2021-12-03,18-19,B,4,19,0
33,2021-12-03,19-20,A,4,19,0
33,2021-12-03,19-20,B,4,19,0
33,2021-12-03,20-21,A,4,19,0
33,2021-12-03,20-21,B,4,19,0
33,2021-12-03,21-22,A,4,19,0
33,2021-12-03,21-22,B,2,19,0
34,2021-12-04,09-10,A,4,19,0
34,2021-12-04,09-10,B,2,19,0
34,2021-12-04,10-11,A,4,19,0
34,2021-12-04,10-11,B,4,19,0
34,2021-12-04,11-12,A,4,19,0
34,2021-12-04,11-12,B,4,19,0
34,2021-12-04,12-13,A,4,19,0
34,2021-12-04,12-13,B,4,19,0
34,2021-12-04,13-14,A,4,19,0
34,2021-12-04,13-14,B,4,19,0
34,2021-12-04,14-15,A,4,19,0
34,2021-12-04,14-15,B,4,19,0
34,2021-12-04,15-16,A,4,19,0
34,2021-12-04,15-16,B,3,19,0
34,2021-12-04,16-17,A,4,19,0
34,2021-12-04,16-17,B,2,19,0
34,2021-12-04,17-18,A,4,19,0
34,2021-12-04,17-18,B,3,19,0
34,2021-12-04,18-19,A,4,19,0
34,2021-12-04,18-19,B,4,19,0
34,2021-12-04,19-20,A,4,19,0
34,2021-12-04,19-20,B,4,19,0
34,2021-12-04,20-21,A,4,19,0
34,2021-12-04,20-21,B,4,19,0
34,2021-12-04,21-22,A,3,19,0
34,2021-12-04,21-22,B,2,19,0
35,2021-12-05,09-10,A,-1,0,0
35,2021-12-05,09-10,B,-1,0,0
35,2021-12-05,10-11,A,-1,0,0
35,2021-12-05,10-11,B,-1,0,0
35,2021-12-05,11-12,A,-1,0,0
35,2021-12-05,11-12,B,-1,0,0
35,2021-12-05,12-13,A,-1,0,0
35,2021-12-05,12-13,B,-1,0,0
35,2021-12-05,13-14,A,-1,0,0
35,2021-12-05,13-14,B,-1,0,0
35,2021-12-05,14-15,A,-1,0,0
35,2021-12-05,14-15,B,-1,0,0
35,2021-12-05,15-16,A,-1,0,0
35,2021-12-05,15-16,B,-1,0,0
35,2021-12-05,16-17,A,-1,0,0
35,2021-12-05,16-17,B,-1,0,0
35,2021-12-05,17-18,A,-1,0,0
35,2021-12-05,17-18,B,-1,0,0
35,2021-12-05,18-19,A,-1,0,0
35,2021-12-05,18-19,B,-1,0,0
35,2021-12-05,19-20,A,-1,0,0
35,2021-12-05,19-20,B,-1,0,0
35,2021-12-05,20-21,A,-1,0,0
35,2021-12-05,20-21,B,-1,0,0
35,2021-12-05,21-22,A,-1,0,0
35,2021-12-05,21-22,B,-1,0,0
36,2021-12-06,09-10,A,-1,0,0
36,2021-12-06,09-10,B,-1,0,0
36,2021-12-06,10-11,A,-1,0,0
36,2021-12-06,10-11,B,-1,0,0
36,2021-12-06,11-12,A,-1,0,0
36,2021-12-06,11-12,B,-1,0,0
36,2021-12-06,12-13,A,-1,0,0
36,2021-12-06,12-13,B,-1,0,0
36,2021-12-06,13-14,A,-1,0,0
36,2021-12-06,13-14,B,-1,0,0
36,2021-12-06,14-15,A,-1,0,0
36,2021-12-06,14-15,B,-1,0,0
36,2021-12-06,15-16,A,-1,0,0
36,2021-12-06,15-16,B,-1,0,0
36,2021-12-06,16-17,A,-1,0,0
36,2021-12-06,16-17,B,-1,0,0
36,2021-12-06,17-18,A,-1,0,0
36,2021-12-06,17-18,B,-1,0,0
36,2021-12-06,18-19,A,-1,0,0
36,2021-12-06,18-19,B,-1,0,0
36,2021-12-06,19-20,A,-1,0,0
36,2021-12-06,19-20,B,-1,0,0
36,2021-12-06,20-21,A,-1,0,0
36,2021-12-06,20-21,B,-1,0,0
36,2021-12-06,21-22,A,-1,0,0
36,2021-12-06,21-22,B,-1,0,0
37,2021-12-07,09-10,A,4,19,0
37,2021-12-07,09-10,B,2,19,0
37,2021-12-07,10-11,A,4,19,0
37,2021-12-07,10-11,B,3,19,0
37,2021-12-07,11-12,A,4,19,0
37,2021-12-07,11-12,B,4,19,0
37,2021-12-07,12-13,A,4,19,0
37,2021-12-07,12-13,B,4,19,0
37,2021-12-07,13-14,A,4,19,0
37,2021-12-07,13-14,B,4,19,0
37,2021-12-07,14-15,A,4,19,0
37,2021-12-07,14-15,B,3,19,0
37,2021-12-07,15-16,A,3,19,0
37,2021-12-07,15-16,B,2,19,0
37,2021-12-07,16-17,A,2,19,0
37,2021-12-07,16-17,B,2,19,0
37,2021-12-07,17-18,A,3,19,0
37,2021-12-07,17-18,B,2,19,0
37,2021-12-07,18-19,A,4,19,0
37,2021-12-07,18-19,B,3,19,0
37,2021-12-07,19-20,A,4,19,0
37,2021-12-07,19-20,B,4,19,0
37,2021-12-07,20-21,A,4,19,0
37,2021-12-07,20-21,B,3,19,0
37,2021-12-07,21-22,A,4,19,0
37,2021-12-07,21-22,B,1,19,0
38,2021-12-08,09-10,A,-1,0,0
38,2021-12-08,09-10,B,-1,0,0
38,2021-12-08,10-11,A,-1,0,0
38,2021-12-08,10-11,B,-1,0,0
38,2021-12-08,11-12,A,-1,0,0
38,2021-12-08,11-12,B,-1,0,0
38,2021-12-08,12-13,A,-1,0,0
38,2021-12-08,12-13,B,-1,0,0
38,2021-12-08,13-14,A,-1,0,0
38,2021-12-08,13-14,B,-1,0,0
38,2021-12-08,14-15,A,-1,0,0
38,2021-12-08,14-15,B,-1,0,0
38,2021-12-08,15-16,A,-1,0,0
38,2021-12-08,15-16,B,-1,0,0
38,2021-12-08,16-17,A,-1,0,0
38,2021-12-08,16-17,B,-1,0,0
38,2021-12-08,17-18,A,-1,0,0
38,2021-12-08,17-18,B,-1,0,0
38,2021-12-08,18-19,A,-1,0,0
38,2021-12-08,18-19,B,-1,0,0
38,2021-12-08,19-20,A,-1,0,0
38,2021-12-08,19-20,B,-1,0,0
38,2021-12-08,20-21,A,-1,0,0
38,2021-12-08,20-21,B,-1,0,0
38,2021-12-08,21-22,A,-1,0,0
38,2021-12-08,21-22,B,-1,0,0
39,2021-12-09,09-10,A,3,19,0
39,2021-12-09,09-10,B,2,19,0
39,2021-12-09,10-11,A,4,19,0
39,2021-12-09,10-11,B,3,19,0
39,2021-12-09,11-12,A,4,19,0
39,2021-12-09,11-12,B,3,19,0
39,2021-12-09,12-13,A,4,19,0
39,2021-12-09,12-13,B,4,19,0
39,2021-12-09,13-14,A,4,19,0
39,2021-12-09,13-14,B,4,19,0
39,2021-12-09,14-15,A,4,19,0
39,2021-12-09,14-15,B,4,19,0
39,2021-12-09,15-16,A,3,19,0
39,2021-12-09,15-16,B,2,19,0
39,2021-12-09,16-17,A,2,19,0
39,2021-12-09,16-17,B,2,19,0
39,2021-12-09,17-18,A,3,19,0
39,2021-12-09,17-18,B,2,19,0
39,2021-12-09,18-19,A,4,19,0
39,2021-12-09,18-19,B,4,19,0
39,2021-12-09,19-20,A,4,19,0
39,2021-12-09,19-20,B,3,19,0
39,2021-12-09,20-21,A,4,19,0
39,2021-12-09,20-21,B,3,19,0
39,2021-12-09,21-22,A,2,19,0
39,2021-12-09,21-22,B,2,19,0
40,2021-12-10,09-10,A,4,19,0
40,2021-12-10,09-10,B,2,19,0
40,2021-12-10,10-11,A,4,19,0
40,2021-12-10,10-11,B,4,19,0
40,2021-12-10,11-12,A,4,19,0
40,2021-12-10,11-12,B,4,19,0
40,2021-12-10,12-13,A,4,19,0
40,2021-12-10,12-13,B,4,19,0
40,2021-12-10,13-14,A,4,19,0
40,2021-12-10,13-14,B,4,19,0
40,2021-12-10,14-15,A,4,19,0
40,2021-12-10,14-15,B,4,19,0
40,2021-12-10,15-16,A,4,19,0
40,2021-12-10,15-16,B,3,19,0
40,2021-12-10,16-17,A,3,19,0
40,2021-12-10,16-17,B,3,19,0
40,2021-12-10,17-18,A,3,19,0
40,2021-12-10,17-18,B,3,19,0
40,2021-12-10,18-19,A,4,19,0
40,2021-12-10,18-19,B,4,19,0
40,2021-12-10,19-20,A,4,19,0
40,2021-12-10,19-20,B,4,19,0
40,2021-12-10,20-21,A,4,19,0
40,2021-12-10,20-21,B,4,19,0
40,2021-12-10,21-22,A,2,19,0
40,2021-12-10,21-22,B,2,19,0
41,2021-12-11,09-10,A,3,19,0
41,2021-12-11,09-10,B,2,19,0
41,2021-12-11,10-11,A,4,19,0
41,2021-12-11,10-11,B,4,19,0
41,2021-12-11,11-12,A,4,19,0
41,2021-12-11,11-12,B,4,19,0
41,2021-12-11,12-13,A,4,19,0
41,2021-12-11,12-13,B,4,19,0
41,2021-12-11,13-14,A,4,19,0
41,2021-12-11,13-14,B,4,19,0
41,2021-12-11,14-15,A,4,19,0
41,2021-12-11,14-15,B,4,19,0
41,2021-12-11,15-16,A,3,19,0
41,2021-12-11,15-16,B,2,19,0
41,2021-12-11,16-17,A,3,19,0
41,2021-12-11,16-17,B,2,19,0
41,2021-12-11,17-18,A,3,19,0
41,2021-12-11,17-18,B,2,19,0
41,2021-12-11,18-19,A,4,19,0
41,2021-12-11,18-19,B,4,19,0
41,2021-12-11,19-20,A,4,19,0
41,2021-12-11,19-20,B,4,19,0
41,2021-12-11,20-21,A,4,19,0
41,2021-12-11,20-21,B,4,19,0
41,2021-12-11,21-22,A,3,19,0
41,2021-12-11,21-22,B,2,19,0
42,2021-12-12,09-10,A,-1,0,0
42,2021-12-12,09-10,B,-1,0,0
42,2021-12-12,10-11,A,-1,0,0
42,2021-12-12,10-11,B,-1,0,0
42,2021-12-12,11-12,A,-1,0,0
42,2021-12-12,11-12,B,-1,0,0
42,2021-12-12,12-13,A,-1,0,0
42,2021-12-12,12-13,B,-1,0,0
42,2021-12-12,13-14,A,-1,0,0
42,2021-12-12,13-14,B,-1,0,0
42,2021-12-12,14-15,A,-1,0,0
42,2021-12-12,14-15,B,-1,0,0
42,2021-12-12,15-16,A,-1,0,0
42,2021-12-12,15-16,B,-1,0,0
42,2021-12-12,16-17,A,-1,0,0
42,2021-12-12,16-17,B,-1,0,0
42,2021-12-12,17-18,A,-1,0,0
42,2021-12-12,17-18,B,-1,0,0
42,2021-12-12,18-19,A,-1,0,0
42,2021-12-12,18-19,B,-1,0,0
42,2021-12-12,19-20,A,-1,0,0
42,2021-12-12,19-20,B,-1,0,0
42,2021-12-12,20-21,A,-1,0,0
42,2021-12-12,20-21,B,-1,0,0
42,2021-12-12,21-22,A,-1,0,0
42,2021-12-12,21-22,B,-1,0,0
43,2021-12-13,09-10,A,3,19,0
43,2021-12-13,09-10,B,1,19,0
43,2021-12-13,10-11,A,3,19,0
43,2021-12-13,10-11,B,2,19,0
43,2021-12-13,11-12,A,4,19,0
43,2021-12-13,11-12,B,4,19,0
43,2021-12-13,12-13,A,4,19,0
43,2021-12-13,12-13,B,4,19,0
43,2021-12-13,13-14,A,4,19,0
43,2021-12-13,13-14,B,4,19,0
43,2021-12-13,14-15,A,4,19,0
43,2021-12-13,14-15,B,4,19,0
43,2021-12-13,15-16,A,2,19,0
43,2021-12-13,15-16,B,1,19,0
43,2021-12-13,16-17,A,3,19,0
43,2021-12-13,16-17,B,2,19,0
43,2021-12-13,17-18,A,3,19,0
43,2021-12-13,17-18,B,2,19,0
43,2021-12-13,18-19,A,4,19,0
43,2021-12-13,18-19,B,2,19,0
43,2021-12-13,19-20,A,4,19,0
43,2021-12-13,19-20,B,3,19,0
43,2021-12-13,20-21,A,4,19,0
43,2021-12-13,20-21,B,3,19,0
43,2021-12-13,21-22,A,3,19,0
43,2021-12-13,21-22,B,1,19,0
44,2021-12-14,09-10,A,2,19,0
44,2021-12-14,09-10,B,2,19,0
44,2021-12-14,10-11,A,3,19,0
44,2021-12-14,10-11,B,2,19,0
44,2021-12-14,11-12,A,4,19,0
44,2021-12-14,11-12,B,3,19,0
44,2021-12-14,12-13,A,4,19,0
44,2021-12-14,12-13,B,4,19,0
44,2021-12-14,13-14,A,4,19,0
44,2021-12-14,13-14,B,4,19,0
44,2021-12-14,14-15,A,4,19,0
44,2021-12-14,14-15,B,4,19,0
44,2021-12-14,15-16,A,4,19,0
44,2021-12-14,15-16,B,2,19,0
44,2021-12-14,16-17,A,2,19,0
44,2021-12-14,16-17,B,2,19,0
44,2021-12-14,17-18,A,3,19,0
44,2021-12-14,17-18,B,2,19,0
44,2021-12-14,18-19,A,4,19,0
44,2021-12-14,18-19,B,3,19,0
44,2021-12-14,19-20,A,4,19,0
44,2021-12-14,19-20,B,4,19,0
44,2021-12-14,20-21,A,4,19,0
44,2021-12-14,20-21,B,4,19,0
44,2021-12-14,21-22,A,3,19,0
44,2021-12-14,21-22,B,3,19,0
45,2021-12-15,09-10,A,3,19,0
45,2021-12-15,09-10,B,2,19,0
45,2021-12-15,10-11,A,4,19,0
45,2021-12-15,10-11,B,3,19,0
45,2021-12-15,11-12,A,4,19,0
45,2021-12-15,11-12,B,4,19,0
45,2021-12-15,12-13,A,4,19,0
45,2021-12-15,12-13,B,4,19,0
45,2021-12-15,13-14,A,4,19,0
45,2021-12-15,13-14,B,4,19,0
45,2021-12-15,14-15,A,4,19,0
45,2021-12-15,14-15,B,4,19,0
45,2021-12-15,15-16,A,3,19,0
45,2021-12-15,15-16,B,2,19,0
45,2021-12-15,16-17,A,2,19,0
45,2021-12-15,16-17,B,2,19,0
45,2021-12-15,17-18,A,3,19,0
45,2021-12-15,17-18,B,3,19,0
45,2021-12-15,18-19,A,4,19,0
45,2021-12-15,18-19,B,3,19,0
45,2021-12-15,19-20,A,4,19,0
45,2021-12-15,19-20,B,3,19,0
45,2021-12-15,20-21,A,4,19,0
45,2021-12-15,20-21,B,3,19,0
45,2021-12-15,21-22,A,2,19,0
45,2021-12-15,21-22,B,2,19,0
46,2021-12-16,09-10,A,3,19,0
46,2021-12-16,09-10,B,2,19,0
46,2021-12-16,10-11,A,4,19,0
46,2021-12-16,10-11,B,3,19,0
46,2021-12-16,11-12,A,4,19,0
46,2021-12-16,11-12,B,3,19,0
46,2021-12-16,12-13,A,4,19,0
46,2021-12-16,12-13,B,4,19,0
46,2021-12-16,13-14,A,4,19,0
46,2021-12-16,13-14,B,4,19,0
46,2021-12-16,14-15,A,4,19,0
46,2021-12-16,14-15,B,4,19,0
46,2021-12-16,15-16,A,3,19,0
46,2021-12-16,15-16,B,2,19,0
46,2021-12-16,16-17,A,3,19,0
46,2021-12-16,16-17,B,2,19,0
46,2021-12-16,17-18,A,3,19,0
46,2021-12-16,17-18,B,2,19,0
46,2021-12-16,18-19,A,4,19,0
46,2021-12-16,18-19,B,3,19,0
46,2021-12-16,19-20,A,4,19,0
46,2021-12-16,19-20,B,3,19,0
46,2021-12-16,20-21,A,4,19,0
46,2021-12-16,20-21,B,3,19,0
46,2021-12-16,21-22,A,3,19,0
46,2021-12-16,21-22,B,2,19,0
47,2021-12-17,09-10,A,4,19,0
47,2021-12-17,09-10,B,3,19,0
47,2021-12-17,10-11,A,4,19,0
47,2021-12-17,10-11,B,3,19,0
47,2021-12-17,11-12,A,4,19,0
47,2021-12-17,11-12,B,4,19,0
47,2021-12-17,12-13,A,4,19,0
47,2021-12-17,12-13,B,4,19,0
47,2021-12-17,13-14,A,4,19,0
47,2021-12-17,13-14,B,4,19,0
47,2021-12-17,14-15,A,4,19,0
47,2021-12-17,14-15,B,4,19,0
47,2021-12-17,15-16,A,4,19,0
47,2021-12-17,15-16,B,3,19,0
47,2021-12-17,16-17,A,3,19,0
47,2021-12-17,16-17,B,3,19,0
47,2021-12-17,17-18,A,4,19,0
47,2021-12-17,17-18,B,3,19,0
47,2021-12-17,18-19,A,4,19,0
47,2021-12-17,18-19,B,4,19,0
47,2021-12-17,19-20,A,4,19,0
47,2021-12-17,19-20,B,4,19,0
47,2021-12-17,20-21,A,4,19,0
47,2021-12-17,20-21,B,4,19,0
47,2021-12-17,21-22,A,3,19,0
47,2021-12-17,21-22,B,3,19,0
48,2021-12-18,09-10,A,3,19,0
48,2021-12-18,09-10,B,2,19,0
48,2021-12-18,10-11,A,4,19,0
48,2021-12-18,10-11,B,4,19,0
48,2021-12-18,11-12,A,4,19,0
48,2021-12-18,11-12,B,4,19,0
48,2021-12-18,12-13,A,4,19,0
48,2021-12-18,12-13,B,4,19,0
48,2021-12-18,13-14,A,4,19,0
48,2021-12-18,13-14,B,4,19,0
48,2021-12-18,14-15,A,4,19,0
48,2021-12-18,14-15,B,4,19,0
48,2021-12-18,15-16,A,4,19,0
48,2021-12-18,15-16,B,3,19,0
48,2021-12-18,16-17,A,3,19,0
48,2021-12-18,16-17,B,2,19,0
48,2021-12-18,17-18,A,4,19,0
48,2021-12-18,17-18,B,2,19,0
48,2021-12-18,18-19,A,4,19,0
48,2021-12-18,18-19,B,2,19,0
48,2021-12-18,19-20,A,4,19,0
48,2021-12-18,19-20,B,4,19,0
48,2021-12-18,20-21,A,4,19,0
48,2021-12-18,20-21,B,3,19,0
48,2021-12-18,21-22,A,3,19,0
48,2021-12-18,21-22,B,3,19,0
49,2021-12-19,09-10,A,-1,0,0
49,2021-12-19,09-10,B,-1,0,0
49,2021-12-19,10-11,A,-1,0,0
49,2021-12-19,10-11,B,-1,0,0
49,2021-12-19,11-12,A,-1,0,0
49,2021-12-19,11-12,B,-1,0,0
49,2021-12-19,12-13,A,-1,0,0
49,2021-12-19,12-13,B,-1,0,0
49,2021-12-19,13-14,A,-1,0,0
49,2021-12-19,13-14,B,-1,0,0
49,2021-12-19,14-15,A,-1,0,0
49,2021-12-19,14-15,B,-1,0,0
49,2021-12-19,15-16,A,-1,0,0
49,2021-12-19,15-16,B,-1,0,0
49,2021-12-19,16-17,A,-1,0,0
49,2021-12-19,16-17,B,-1,0,0
49,2021-12-19,17-18,A,-1,0,0
49,2021-12-19,17-18,B,-1,0,0
49,2021-12-19,18-19,A,-1,0,0
49,2021-12-19,18-19,B,-1,0,0
49,2021-12-19,19-20,A,-1,0,0
49,2021-12-19,19-20,B,-1,0,0
49,2021-12-19,20-21,A,-1,0,0
49,2021-12-19,20-21,B,-1,0,0
49,2021-12-19,21-22,A,-1,0,0
49,2021-12-19,21-22,B,-1,0,0
50,2021-12-20,09-10,A,3,19,0
50,2021-12-20,09-10,B,2,19,0
50,2021-12-20,10-11,A,4,19,0
50,2021-12-20,10-11,B,3,19,0
50,2021-12-20,11-12,A,4,19,0
50,2021-12-20,11-12,B,3,19,0
50,2021-12-20,12-13,A,4,19,0
50,2021-12-20,12-13,B,4,19,0
50,2021-12-20,13-14,A,4,19,0
50,2021-12-20,13-14,B,4,19,0
50,2021-12-20,14-15,A,4,19,0
50,2021-12-20,14-15,B,4,19,0
50,2021-12-20,15-16,A,3,19,0
50,2021-12-20,15-16,B,2,19,0
50,2021-12-20,16-17,A,3,19,0
50,2021-12-20,16-17,B,2,19,0
50,2021-12-20,17-18,A,3,19,0
50,2021-12-20,17-18,B,2,19,0
50,2021-12-20,18-19,A,4,19,0
50,2021-12-20,18-19,B,4,19,0
50,2021-12-20,19-20,A,4,19,0
50,2021-12-20,19-20,B,4,19,0
50,2021-12-20,20-21,A,4,19,0
50,2021-12-20,20-21,B,4,19,0
50,2021-12-20,21-22,A,3,19,0
50,2021-12-20,21-22,B,3,19,0
51,2021-12-21,09-10,A,3,19,0
51,2021-12-21,09-10,B,2,19,0
51,2021-12-21,10-11,A,4,19,0
51,2021-12-21,10-11,B,3,19,0
51,2021-12-21,11-12,A,4,19,0
51,2021-12-21,11-12,B,3,19,0
51,2021-12-21,12-13,A,4,19,0
51,2021-12-21,12-13,B,4,19,0
51,2021-12-21,13-14,A,4,19,0
51,2021-12-21,13-14,B,4,19,0
51,2021-12-21,14-15,A,4,19,0
51,2021-12-21,14-15,B,4,19,0
51,2021-12-21,15-16,A,3,19,0
51,2021-12-21,15-16,B,2,19,0
51,2021-12-21,16-17,A,3,19,0
51,2021-12-21,16-17,B,2,19,0
51,2021-12-21,17-18,A,3,19,0
51,2021-12-21,17-18,B,2,19,0
51,2021-12-21,18-19,A,3,19,0
51,2021-12-21,18-19,B,3,19,0
51,2021-12-21,19-20,A,4,19,0
51,2021-12-21,19-20,B,4,19,0
51,2021-12-21,20-21,A,4,19,0
51,2021-12-21,20-21,B,3,19,0
51,2021-12-21,21-22,A,2,19,0
51,2021-12-21,21-22,B,2,19,0
52,2021-12-22,09-10,A,3,19,0
52,2021-12-22,09-10,B,3,19,0
52,2021-12-22,10-11,A,4,19,0
52,2021-12-22,10-11,B,4,19,0
52,2021-12-22,11-12,A,4,19,0
52,2021-12-22,11-12,B,4,19,0
52,2021-12-22,12-13,A,4,19,0
52,2021-12-22,12-13,B,4,19,0
52,2021-12-22,13-14,A,4,19,0
52,2021-12-22,13-14,B,4,19,0
52,2021-12-22,14-15,A,4,19,0
52,2021-12-22,14-15,B,4,19,0
52,2021-12-22,15-16,A,3,19,0
52,2021-12-22,15-16,B,2,19,0
52,2021-12-22,16-17,A,3,19,0
52,2021-12-22,16-17,B,3,19,0
52,2021-12-22,17-18,A,4,19,0
52,2021-12-22,17-18,B,3,19,0
52,2021-12-22,18-19,A,4,19,0
52,2021-12-22,18-19,B,4,19,0
52,2021-12-22,19-20,A,4,19,0
52,2021-12-22,19-20,B,4,19,0
52,2021-12-22,20-21,A,4,19,0
52,2021-12-22,20-21,B,4,19,0
52,2021-12-22,21-22,A,3,19,0
52,2021-12-22,21-22,B,3,19,0
53,2021-12-23,09-10,A,4,19,0
53,2021-12-23,09-10,B,3,19,0
53,2021-12-23,10-11,A,4,19,0
53,2021-12-23,10-11,B,4,19,0
53,2021-12-23,11-12,A,4,19,0
53,2021-12-23,11-12,B,4,19,0
53,2021-12-23,12-13,A,4,19,0
53,2021-12-23,12-13,B,4,19,0
53,2021-12-23,13-14,A,4,19,0
53,2021-12-23,13-14,B,4,19,0
53,2021-12-23,14-15,A,4,19,0
53,2021-12-23,14-15,B,4,19,0
53,2021-12-23,15-16,A,3,19,0
53,2021-12-23,15-16,B,3,19,0
53,2021-12-23,16-17,A,3,19,0
53,2021-12-23,16-17,B,2,19,0
53,2021-12-23,17-18,A,3,19,0
53,2021-12-23,17-18,B,2,19,0
53,2021-12-23,18-19,A,4,19,0
53,2021-12-23,18-19,B,3,19,0
53,2021-12-23,19-20,A,3,19,0
53,2021-12-23,19-20,B,2,19,0
53,2021-12-23,20-21,A,4,19,0
53,2021-12-23,20-21,B,3,19,0
53,2021-12-23,21-22,A,3,19,0
53,2021-12-23,21-22,B,2,19,0
54,2021-12-24,09-10,A,3,19,0
54,2021-12-24,09-10,B,2,19,0
54,2021-12-24,10-11,A,4,19,0
54,2021-12-24,10-11,B,4,19,0
54,2021-12-24,11-12,A,4,19,0
54,2021-12-24,11-12,B,4,19,0
54,2021-12-24,12-13,A,4,19,0
54,2021-12-24,12-13,B,4,19,0
54,2021-12-24,13-14,A,4,19,0
54,2021-12-24,13-14,B,4,19,0
54,2021-12-24,14-15,A,4,19,0
54,2021-12-24,14-15,B,4,19,0
54,2021-12-24,15-16,A,3,19,0
54,2021-12-24,15-16,B,2,19,0
54,2021-12-24,16-17,A,3,19,0
54,2021-12-24,16-17,B,2,19,0
54,2021-12-24,17-18,A,3,19,0
54,2021-12-24,17-18,B,3,19,0
54,2021-12-24,18-19,A,4,19,0
54,2021-12-24,18-19,B,4,19,0
54,2021-12-24,19-20,A,4,19,0
54,2021-12-24,19-20,B,4,19,0
54,2021-12-24,20-21,A,4,19,0
54,2021-12-24,20-21,B,4,19,0
54,2021-12-24,21-22,A,3,19,0
54,2021-12-24,21-22,B,2,19,0
55,2021-12-25,09-10,A,-1,0,0
55,2021-12-25,09-10,B,-1,0,0
55,2021-12-25,10-11,A,-1,0,0
55,2021-12-25,10-11,B,-1,0,0
55,2021-12-25,11-12,A,-1,0,0
55,2021-12-25,11-12,B,-1,0,0
55,2021-12-25,12-13,A,-1,0,0
55,2021-12-25,12-13,B,-1,0,0
55,2021-12-25,13-14,A,-1,0,0
55,2021-12-25,13-14,B,-1,0,0
55,2021-12-25,14-15,A,-1,0,0
55,2021-12-25,14-15,B,-1,0,0
55,2021-12-25,15-16,A,-1,0,0
55,2021-12-25,15-16,B,-1,0,0
55,2021-12-25,16-17,A,-1,0,0
55,2021-12-25,16-17,B,-1,0,0
55,2021-12-25,17-18,A,-1,0,0
55,2021-12-25,17-18,B,-1,0,0
55,2021-12-25,18-19,A,-1,0,0
55,2021-12-25,18-19,B,-1,0,0
55,2021-12-25,19-20,A,-1,0,0
55,2021-12-25,19-20,B,-1,0,0
55,2021-12-25,20-21,A,-1,0,0
55,2021-12-25,20-21,B,-1,0,0
55,2021-12-25,21-22,A,-1,0,0
55,2021-12-25,21-22,B,-1,0,0
56,2021-12-26,09-10,A,-1,0,0
56,2021-12-26,09-10,B,-1,0,0
56,2021-12-26,10-11,A,-1,0,0
56,2021-12-26,10-11,B,-1,0,0
56,2021-12-26,11-12,A,-1,0,0
56,2021-12-26,11-12,B,-1,0,0
56,2021-12-26,12-13,A,-1,0,0
56,2021-12-26,12-13,B,-1,0,0
56,2021-12-26,13-14,A,-1,0,0
56,2021-12-26,13-14,B,-1,0,0
56,2021-12-26,14-15,A,-1,0,0
56,2021-12-26,14-15,B,-1,0,0
56,2021-12-26,15-16,A,-1,0,0
56,2021-12-26,15-16,B,-1,0,0
56,2021-12-26,16-17,A,-1,0,0
56,2021-12-26,16-17,B,-1,0,0
56,2021-12-26,17-18,A,-1,0,0
56,2021-12-26,17-18,B,-1,0,0
56,2021-12-26,18-19,A,-1,0,0
56,2021-12-26,18-19,B,-1,0,0
56,2021-12-26,19-20,A,-1,0,0
56,2021-12-26,19-20,B,-1,0,0
56,2021-12-26,20-21,A,-1,0,0
56,2021-12-26,20-21,B,-1,0,0
56,2021-12-26,21-22,A,-1,0,0
56,2021-12-26,21-22,B,-1,0,0
57,2021-12-27,09-10,A,3,19,0
57,2021-12-27,09-10,B,2,19,0
57,2021-12-27,10-11,A,4,19,0
57,2021-12-27,10-11,B,4,19,0
57,2021-12-27,11-12,A,4,19,0
57,2021-12-27,11-12,B,4,19,0
57,2021-12-27,12-13,A,4,19,0
57,2021-12-27,12-13,B,4,19,0
57,2021-12-27,13-14,A,4,19,0
57,2021-12-27,13-14,B,4,19,0
57,2021-12-27,14-15,A,4,19,0
57,2021-12-27,14-15,B,4,19,0
57,2021-12-27,15-16,A,4,19,0
57,2021-12-27,15-16,B,3,19,0
57,2021-12-27,16-17,A,3,19,0
57,2021-12-27,16-17,B,3,19,0
57,2021-12-27,17-18,A,4,19,0
57,2021-12-27,17-18,B,3,19,0
57,2021-12-27,18-19,A,4,19,0
57,2021-12-27,18-19,B,3,19,0
57,2021-12-27,19-20,A,4,19,0
57,2021-12-27,19-20,B,3,19,0
57,2021-12-27,20-21,A,4,19,0
57,2021-12-27,20-21,B,3,19,0
57,2021-12-27,21-22,A,4,19,0
57,2021-12-27,21-22,B,3,19,0
58,2021-12-28,09-10,A,4,19,0
58,2021-12-28,09-10,B,2,19,0
58,2021-12-28,10-11,A,4,19,0
58,2021-12-28,10-11,B,4,19,0
58,2021-12-28,11-12,A,4,19,0
58,2021-12-28,11-12,B,4,19,0
58,2021-12-28,12-13,A,4,19,0
58,2021-12-28,12-13,B,4,19,0
58,2021-12-28,13-14,A,4,19,0
58,2021-12-28,13-14,B,4,19,0
58,2021-12-28,14-15,A,4,19,0
58,2021-12-28,14-15,B,4,19,0
58,2021-12-28,15-16,A,3,19,0
58,2021-12-28,15-16,B,3,19,0
58,2021-12-28,16-17,A,3,19,0
58,2021-12-28,16-17,B,2,19,0
58,2021-12-28,17-18,A,3,19,0
58,2021-12-28,17-18,B,2,19,0
58,2021-12-28,18-19,A,4,19,0
58,2021-12-28,18-19,B,3,19,0
58,2021-12-28,19-20,A,4,19,0
58,2021-12-28,19-20,B,3,19,0
58,2021-12-28,20-21,A,4,19,0
58,2021-12-28,20-21,B,3,19,0
58,2021-12-28,21-22,A,2,19,0
58,2021-12-28,21-22,B,2,19,0
59,2021-12-29,09-10,A,3,19,0
59,2021-12-29,09-10,B,3,19,0
59,2021-12-29,10-11,A,4,19,0
59,2021-12-29,10-11,B,4,19,0
59,2021-12-29,11-12,A,4,19,0
59,2021-12-29,11-12,B,4,19,0
59,2021-12-29,12-13,A,4,19,0
59,2021-12-29,12-13,B,4,19,0
59,2021-12-29,13-14,A,4,19,0
59,2021-12-29,13-14,B,4,19,0
59,2021-12-29,14-15,A,4,19,0
59,2021-12-29,14-15,B,4,19,0
59,2021-12-29,15-16,A,3,19,0
59,2021-12-29,15-16,B,2,19,0
59,2021-12-29,16-17,A,3,19,0
59,2021-12-29,16-17,B,3,19,0
59,2021-12-29,17-18,A,4,19,0
59,2021-12-29,17-18,B,3,19,0
59,2021-12-29,18-19,A,4,19,0
59,2021-12-29,18-19,B,4,19,0
59,2021-12-29,19-20,A,4,19,0
59,2021-12-29,19-20,B,4,19,0
59,2021-12-29,20-21,A,4,19,0
59,2021-12-29,20-21,B,4,19,0
59,2021-12-29,21-22,A,3,19,0
59,2021-12-29,21-22,B,3,19,0
60,2021-12-30,09-10,A,4,19,0
60,2021-12-30,09-10,B,3,19,0
60,2021-12-30,10-11,A,4,19,0
60,2021-12-30,10-11,B,4,19,0
60,2021-12-30,11-12,A,4,19,0
60,2021-12-30,11-12,B,4,19,0
60,2021-12-30,12-13,A,4,19,0
60,2021-12-30,12-13,B,4,19,0
60,2021-12-30,13-14,A,4,19,0
60,2021-12-30,13-14,B,4,19,0
60,2021-12-30,14-15,A,4,19,0
60,2021-12-30,14-15,B,4,19,0
60,2021-12-30,15-16,A,3,19,0
60,2021-12-30,15-16,B,3,19,0
60,2021-12-30,16-17,A,3,19,0
60,2021-12-30,16-17,B,2,19,0
60,2021-12-30,17-18,A,3,19,0
60,2021-12-30,17-18,B,2,19,0
60,2021-12-30,18-19,A,4,19,0
60,2021-12-30,18-19,B,3,19,0
60,2021-12-30,19-20,A,3,19,0
60,2021-12-30,19-20,B,2,19,0
60,2021-12-30,20-21,A,4,19,0
60,2021-12-30,20-21,B,3,19,0
60,2021-12-30,21-22,A,3,19,0
60,2021-12-30,21-22,B,2,19,0
61,2021-12-31,09-10,A,3,19,0
61,2021-12-31,09-10,B,2,19,0
61,2021-12-31,10-11,A,4,19,0
61,2021-12-31,10-11,B,4,19,0
61,2021-12-31,11-12,A,4,19,0
61,2021-12-31,11-12,B,4,19,0
61,2021-12-31,12-13,A,4,19,0
61,2021-12-31,12-13,B,4,19,0
61,2021-12-31,13-14,A,4,19,0
61,2021-12-31,13-14,B,4,19,0
61,2021-12-31,14-15,A,4,19,0
61,2021-12-31,14-15,B,4,19,0
61,2021-12-31,15-16,A,3,19,0
61,2021-12-31,15-16,B,2,19,0
61,2021-12-31,16-17,A,3,19,0
61,2021-12-31,16-17,B,2,19,0
61,2021-12-31,17-18,A,3,19,0
61,2021-12-31,17-18,B,3,19,0
61,2021-12-31,18-19,A,4,19,0
61,2021-12-31,18-19,B,4,19,0
61,2021-12-31,19-20,A,4,19,0
61,2021-12-31,19-20,B,4,19,0
61,2021-12-31,20-21,A,4,19,0
61,2021-12-31,20-21,B,2,19,0
61,2021-12-31,21-22,A,3,19,0
61,2021-12-31,21-22,B,1,19,0
62,2022-01-01,09-10,A,-1,0,0
62,2022-01-01,09-10,B,-1,0,0
62,2022-01-01,10-11,A,-1,0,0
62,2022-01-01,10-11,B,-1,0,0
62,2022-01-01,11-12,A,-1,0,0
62,2022-01-01,11-12,B,-1,0,0
62,2022-01-01,12-13,A,-1,0,0
62,2022-01-01,12-13,B,-1,0,0
62,2022-01-01,13-14,A,-1,0,0
62,2022-01-01,13-14,B,-1,0,0
62,2022-01-01,14-15,A,-1,0,0
62,2022-01-01,14-15,B,-1,0,0
62,2022-01-01,15-16,A,-1,0,0
62,2022-01-01,15-16,B,-1,0,0
62,2022-01-01,16-17,A,-1,0,0
62,2022-01-01,16-17,B,-1,0,0
62,2022-01-01,17-18,A,-1,0,0
62,2022-01-01,17-18,B,-1,0,0
62,2022-01-01,18-19,A,-1,0,0
62,2022-01-01,18-19,B,-1,0,0
62,2022-01-01,19-20,A,-1,0,0
62,2022-01-01,19-20,B,-1,0,0
62,2022-01-01,20-21,A,-1,0,0
62,2022-01-01,20-21,B,-1,0,0
62,2022-01-01,21-22,A,-1,0,0
62,2022-01-01,21-22,B,-1,0,0
63,2022-01-02,09-10,A,-1,0,0
63,2022-01-02,09-10,B,-1,0,0
63,2022-01-02,10-11,A,-1,0,0
63,2022-01-02,10-11,B,-1,0,0
63,2022-01-02,11-12,A,-1,0,0
63,2022-01-02,11-12,B,-1,0,0
63,2022-01-02,12-13,A,-1,0,0
63,2022-01-02,12-13,B,-1,0,0
63,2022-01-02,13-14,A,-1,0,0
63,2022-01-02,13-14,B,-1,0,0
63,2022-01-02,14-15,A,-1,0,0
63,2022-01-02,14-15,B,-1,0,0
63,2022-01-02,15-16,A,-1,0,0
63,2022-01-02,15-16,B,-1,0,0
63,2022-01-02,16-17,A,-1,0,0
63,2022-01-02,16-17,B,-1,0,0
63,2022-01-02,17-18,A,-1,0,0
63,2022-01-02,17-18,B,-1,0,0
63,2022-01-02,18-19,A,-1,0,0
63,2022-01-02,18-19,B,-1,0,0
63,2022-01-02,19-20,A,-1,0,0
63,2022-01-02,19-20,B,-1,0,0
63,2022-01-02,20-21,A,-1,0,0
63,2022-01-02,20-21,B,-1,0,0
63,2022-01-02,21-22,A,-1,0,0
63,2022-01-02,21-22,B,-1,0,0
64,2022-01-03,09-10,A,3,19,0
64,2022-01-03,09-10,B,2,19,0
64,2022-01-03,10-11,A,4,19,0
64,2022-01-03,10-11,B,3,19,0
64,2022-01-03,11-12,A,4,19,0
64,2022-01-03,11-12,B,4,19,0
64,2022-01-03,12-13,A,4,19,0
64,2022-01-03,12-13,B,4,19,0
64,2022-01-03,13-14,A,4,19,0
64,2022-01-03,13-14,B,4,19,0
64,2022-01-03,14-15,A,4,19,0
64,2022-01-03,14-15,B,4,19,0
64,2022-01-03,15-16,A,4,19,0
64,2022-01-03,15-16,B,2,19,0
64,2022-01-03,16-17,A,3,19,0
64,2022-01-03,16-17,B,2,19,0
64,2022-01-03,17-18,A,3,19,0
64,2022-01-03,17-18,B,3,19,0
64,2022-01-03,18-19,A,4,19,0
64,2022-01-03,18-19,B,3,19,0
64,2022-01-03,19-20,A,4,19,0
64,2022-01-03,19-20,B,4,19,0
64,2022-01-03,20-21,A,4,19,0
64,2022-01-03,20-21,B,4,19,0
64,2022-01-03,21-22,A,3,19,0
64,2022-01-03,21-22,B,3,19,0
65,2022-01-04,09-10,A,3,19,0
65,2022-01-04,09-10,B,2,19,0
65,2022-01-04,10-11,A,4,19,0
65,2022-01-04,10-11,B,2,19,0
65,2022-01-04,11-12,A,4,19,0
65,2022-01-04,11-12,B,4,19,0
65,2022-01-04,12-13,A,4,19,0
65,2022-01-04,12-13,B,4,19,0
65,2022-01-04,13-14,A,4,19,0
65,2022-01-04,13-14,B,4,19,0
65,2022-01-04,14-15,A,4,19,0
65,2022-01-04,14-15,B,4,19,0
65,2022-01-04,15-16,A,4,19,0
65,2022-01-04,15-16,B,2,19,0
65,2022-01-04,16-17,A,3,19,0
65,2022-01-04,16-17,B,2,19,0
65,2022-01-04,17-18,A,3,19,0
65,2022-01-04,17-18,B,3,19,0
65,2022-01-04,18-19,A,4,19,0
65,2022-01-04,18-19,B,3,19,0
65,2022-01-04,19-20,A,4,19,0
65,2022-01-04,19-20,B,4,19,0
65,2022-01-04,20-21,A,4,19,0
65,2022-01-04,20-21,B,4,19,0
65,2022-01-04,21-22,A,4,19,0
65,2022-01-04,21-22,B,3,19,0
66,2022-01-05,09-10,A,2,19,0
66,2022-01-05,09-10,B,1,19,0
66,2022-01-05,10-11,A,3,19,0
66,2022-01-05,10-11,B,2,19,0
66,2022-01-05,11-12,A,4,19,0
66,2022-01-05,11-12,B,3,19,0
66,2022-01-05,12-13,A,4,19,0
66,2022-01-05,12-13,B,3,19,0
66,2022-01-05,13-14,A,4,19,0
66,2022-01-05,13-14,B,3,19,0
66,2022-01-05,14-15,A,4,19,0
66,2022-01-05,14-15,B,4,19,0
66,2022-01-05,15-16,A,3,19,0
66,2022-01-05,15-16,B,2,19,0
66,2022-01-05,16-17,A,2,19,0
66,2022-01-05,16-17,B,1,19,0
66,2022-01-05,17-18,A,3,19,0
66,2022-01-05,17-18,B,2,19,0
66,2022-01-05,18-19,A,4,19,0
66,2022-01-05,18-19,B,3,19,0
66,2022-01-05,19-20,A,4,19,0
66,2022-01-05,19-20,B,3,19,0
66,2022-01-05,20-21,A,4,19,0
66,2022-01-05,20-21,B,4,19,0
66,2022-01-05,21-22,A,3,19,0
66,2022-01-05,21-22,B,3,19,0
67,2022-01-06,09-10,A,-1,0,0
67,2022-01-06,09-10,B,-1,0,0
67,2022-01-06,10-11,A,-1,0,0
67,2022-01-06,10-11,B,-1,0,0
67,2022-01-06,11-12,A,-1,0,0
67,2022-01-06,11-12,B,-1,0,0
67,2022-01-06,12-13,A,-1,0,0
67,2022-01-06,12-13,B,-1,0,0
67,2022-01-06,13-14,A,-1,0,0
67,2022-01-06,13-14,B,-1,0,0
67,2022-01-06,14-15,A,-1,0,0
67,2022-01-06,14-15,B,-1,0,0
67,2022-01-06,15-16,A,-1,0,0
67,2022-01-06,15-16,B,-1,0,0
67,2022-01-06,16-17,A,-1,0,0
67,2022-01-06,16-17,B,-1,0,0
67,2022-01-06,17-18,A,-1,0,0
67,2022-01-06,17-18,B,-1,0,0
67,2022-01-06,18-19,A,-1,0,0
67,2022-01-06,18-19,B,-1,0,0
67,2022-01-06,19-20,A,-1,0,0
67,2022-01-06,19-20,B,-1,0,0
67,2022-01-06,20-21,A,-1,0,0
67,2022-01-06,20-21,B,-1,0,0
67,2022-01-06,21-22,A,-1,0,0
67,2022-01-06,21-22,B,-1,0,0
68,2022-01-07,09-10,A,2,19,0
68,2022-01-07,09-10,B,2,19,0
68,2022-01-07,10-11,A,4,19,0
68,2022-01-07,10-11,B,3,19,0
68,2022-01-07,11-12,A,4,19,0
68,2022-01-07,11-12,B,4,19,0
68,2022-01-07,12-13,A,4,19,0
68,2022-01-07,12-13,B,4,19,0
68,2022-01-07,13-14,A,4,19,0
68,2022-01-07,13-14,B,4,19,0
68,2022-01-07,14-15,A,4,19,0
68,2022-01-07,14-15,B,4,19,0
68,2022-01-07,15-16,A,4,19,0
68,2022-01-07,15-16,B,3,19,0
68,2022-01-07,16-17,A,3,19,0
68,2022-01-07,16-17,B,2,19,0
68,2022-01-07,17-18,A,4,19,0
68,2022-01-07,17-18,B,2,19,0
68,2022-01-07,18-19,A,4,19,0
68,2022-01-07,18-19,B,3,19,0
68,2022-01-07,19-20,A,4,19,0
68,2022-01-07,19-20,B,4,19,0
68,2022-01-07,20-21,A,4,19,0
68,2022-01-07,20-21,B,4,19,0
68,2022-01-07,21-22,A,3,19,0
68,2022-01-07,21-22,B,2,19,0
69,2022-01-08,09-10,A,2,19,0
69,2022-01-08,09-10,B,2,19,0
69,2022-01-08,10-11,A,4,19,0
69,2022-01-08,10-11,B,3,19,0
69,2022-01-08,11-12,A,4,19,0
69,2022-01-08,11-12,B,4,19,0
69,2022-01-08,12-13,A,4,19,0
69,2022-01-08,12-13,B,4,19,0
69,2022-01-08,13-14,A,4,19,0
69,2022-01-08,13-14,B,4,19,0
69,2022-01-08,14-15,A,4,19,0
69,2022-01-08,14-15,B,4,19,0
69,2022-01-08,15-16,A,4,19,0
69,2022-01-08,15-16,B,2,19,0
69,2022-01-08,16-17,A,3,19,0
69,2022-01-08,16-17,B,2,19,0
69,2022-01-08,17-18,A,3,19,0
69,2022-01-08,17-18,B,2,19,0
69,2022-01-08,18-19,A,4,19,0
69,2022-01-08,18-19,B,2,19,0
69,2022-01-08,19-20,A,4,19,0
69,2022-01-08,19-20,B,4,19,0
69,2022-01-08,20-21,A,4,19,0
69,2022-01-08,20-21,B,3,19,0
69,2022-01-08,21-22,A,3,19,0
69,2022-01-08,21-22,B,2,19,0
70,2022-01-09,09-10,A,-1,0,0
70,2022-01-09,09-10,B,-1,0,0
70,2022-01-09,10-11,A,-1,0,0
70,2022-01-09,10-11,B,-1,0,0
70,2022-01-09,11-12,A,-1,0,0
70,2022-01-09,11-12,B,-1,0,0
70,2022-01-09,12-13,A,-1,0,0
70,2022-01-09,12-13,B,-1,0,0
70,2022-01-09,13-14,A,-1,0,0
70,2022-01-09,13-14,B,-1,0,0
70,2022-01-09,14-15,A,-1,0,0
70,2022-01-09,14-15,B,-1,0,0
70,2022-01-09,15-16,A,-1,0,0
70,2022-01-09,15-16,B,-1,0,0
70,2022-01-09,16-17,A,-1,0,0
70,2022-01-09,16-17,B,-1,0,0
70,2022-01-09,17-18,A,-1,0,0
70,2022-01-09,17-18,B,-1,0,0
70,2022-01-09,18-19,A,-1,0,0
70,2022-01-09,18-19,B,-1,0,0
70,2022-01-09,19-20,A,-1,0,0
70,2022-01-09,19-20,B,-1,0,0
70,2022-01-09,20-21,A,-1,0,0
70,2022-01-09,20-21,B,-1,0,0
70,2022-01-09,21-22,A,-1,0,0
70,2022-01-09,21-22,B,-1,0,0
71,2022-01-10,09-10,A,3,19,0
71,2022-01-10,09-10,B,2,19,0
71,2022-01-10,10-11,A,3,19,0
71,2022-01-10,10-11,B,2,19,0
71,2022-01-10,11-12,A,4,19,0
71,2022-01-10,11-12,B,3,19,0
71,2022-01-10,12-13,A,4,19,0
71,2022-01-10,12-13,B,3,19,0
71,2022-01-10,13-14,A,4,19,0
71,2022-01-10,13-14,B,4,19,0
71,2022-01-10,14-15,A,4,19,0
71,2022-01-10,14-15,B,3,19,0
71,2022-01-10,15-16,A,4,19,0
71,2022-01-10,15-16,B,2,19,0
71,2022-01-10,16-17,A,3,19,0
71,2022-01-10,16-17,B,2,19,0
71,2022-01-10,17-18,A,3,19,0
71,2022-01-10,17-18,B,3,19,0
71,2022-01-10,18-19,A,4,19,0
71,2022-01-10,18-19,B,3,19,0
71,2022-01-10,19-20,A,4,19,0
71,2022-01-10,19-20,B,4,19,0
71,2022-01-10,20-21,A,4,19,0
71,2022-01-10,20-21,B,4,19,0
71,2022-01-10,21-22,A,3,19,0
71,2022-01-10,21-22,B,3,19,0
72,2022-01-11,09-10,A,4,19,0
72,2022-01-11,09-10,B,2,19,0
72,2022-01-11,10-11,A,4,19,0
72,2022-01-11,10-11,B,3,19,0
72,2022-01-11,11-12,A,4,19,0
72,2022-01-11,11-12,B,3,19,0
72,2022-01-11,12-13,A,4,19,0
72,2022-01-11,12-13,B,4,19,0
72,2022-01-11,13-14,A,4,19,0
72,2022-01-11,13-14,B,4,19,0
72,2022-01-11,14-15,A,4,19,0
72,2022-01-11,14-15,B,4,19,0
72,2022-01-11,15-16,A,3,19,0
72,2022-01-11,15-16,B,2,19,0
72,2022-01-11,16-17,A,2,19,0
72,2022-01-11,16-17,B,1,19,0
72,2022-01-11,17-18,A,3,19,0
72,2022-01-11,17-18,B,3,19,0
72,2022-01-11,18-19,A,4,19,0
72,2022-01-11,18-19,B,4,19,0
72,2022-01-11,19-20,A,4,19,0
72,2022-01-11,19-20,B,4,19,0
72,2022-01-11,20-21,A,4,19,0
72,2022-01-11,20-21,B,4,19,0
72,2022-01-11,21-22,A,3,19,0
72,2022-01-11,21-22,B,3,19,0
73,2022-01-12,09-10,A,3,19,0
73,2022-01-12,09-10,B,2,19,0
73,2022-01-12,10-11,A,3,19,0
73,2022-01-12,10-11,B,2,19,0
73,2022-01-12,11-12,A,4,19,0
73,2022-01-12,11-12,B,3,19,0
73,2022-01-12,12-13,A,4,19,0
73,2022-01-12,12-13,B,4,19,0
73,2022-01-12,13-14,A,4,19,0
73,2022-01-12,13-14,B,4,19,0
73,2022-01-12,14-15,A,4,19,0
73,2022-01-12,14-15,B,4,19,0
73,2022-01-12,15-16,A,3,19,0
73,2022-01-12,15-16,B,2,19,0
73,2022-01-12,16-17,A,2,19,0
73,2022-01-12,16-17,B,1,19,0
73,2022-01-12,17-18,A,3,19,0
73,2022-01-12,17-18,B,2,19,0
73,2022-01-12,18-19,A,4,19,0
73,2022-01-12,18-19,B,3,19,0
73,2022-01-12,19-20,A,4,19,0
73,2022-01-12,19-20,B,3,19,0
73,2022-01-12,20-21,A,4,19,0
73,2022-01-12,20-21,B,4,19,0
73,2022-01-12,21-22,A,3,19,0
73,2022-01-12,21-22,B,2,19,0
74,2022-01-13,09-10,A,3,19,0
74,2022-01-13,09-10,B,2,19,0
74,2022-01-13,10-11,A,4,19,0
74,2022-01-13,10-11,B,2,19,0
74,2022-01-13,11-12,A,4,19,0
74,2022-01-13,11-12,B,3,19,0
74,2022-01-13,12-13,A,4,19,0
74,2022-01-13,12-13,B,4,19,0
74,2022-01-13,13-14,A,4,19,0
74,2022-01-13,13-14,B,4,19,0
74,2022-01-13,14-15,A,4,19,0
74,2022-01-13,14-15,B,4,19,0
74,2022-01-13,15-16,A,3,19,0
74,2022-01-13,15-16,B,2,19,0
74,2022-01-13,16-17,A,3,19,0
74,2022-01-13,16-17,B,1,19,0
74,2022-01-13,17-18,A,3,19,0
74,2022-01-13,17-18,B,2,19,0
74,2022-01-13,18-19,A,4,19,0
74,2022-01-13,18-19,B,3,19,0
74,2022-01-13,19-20,A,4,19,0
74,2022-01-13,19-20,B,3,19,0
74,2022-01-13,20-21,A,4,19,0
74,2022-01-13,20-21,B,2,19,0
74,2022-01-13,21-22,A,3,19,0
74,2022-01-13,21-22,B,2,19,0
75,2022-01-14,09-10,A,3,19,0
75,2022-01-14,09-10,B,2,19,0
75,2022-01-14,10-11,A,4,19,0
75,2022-01-14,10-11,B,3,19,0
75,2022-01-14,11-12,A,4,19,0
75,2022-01-14,11-12,B,4,19,0
75,2022-01-14,12-13,A,4,19,0
75,2022-01-14,12-13,B,4,19,0
75,2022-01-14,13-14,A,4,19,0
75,2022-01-14,13-14,B,4,19,0
75,2022-01-14,14-15,A,4,19,0
75,2022-01-14,14-15,B,4,19,0
75,2022-01-14,15-16,A,3,19,0
75,2022-01-14,15-16,B,2,19,0
75,2022-01-14,16-17,A,3,19,0
75,2022-01-14,16-17,B,2,19,0
75,2022-01-14,17-18,A,4,19,0
75,2022-01-14,17-18,B,3,19,0
75,2022-01-14,18-19,A,4,19,0
75,2022-01-14,18-19,B,4,19,0
75,2022-01-14,19-20,A,4,19,0
75,2022-01-14,19-20,B,4,19,0
75,2022-01-14,20-21,A,4,19,0
75,2022-01-14,20-21,B,4,19,0
75,2022-01-14,21-22,A,4,19,0
75,2022-01-14,21-22,B,2,19,0
76,2022-01-15,09-10,A,3,19,0
76,2022-01-15,09-10,B,2,19,0
76,2022-01-15,10-11,A,4,19,0
76,2022-01-15,10-11,B,4,19,0
76,2022-01-15,11-12,A,4,19,0
76,2022-01-15,11-12,B,4,19,0
76,2022-01-15,12-13,A,4,19,0
76,2022-01-15,12-13,B,4,19,0
76,2022-01-15,13-14,A,4,19,0
76,2022-01-15,13-14,B,4,19,0
76,2022-01-15,14-15,A,4,19,0
76,2022-01-15,14-15,B,4,19,0
76,2022-01-15,15-16,A,3,19,0
76,2022-01-15,15-16,B,2,19,0
76,2022-01-15,16-17,A,3,19,0
76,2022-01-15,16-17,B,2,19,0
76,2022-01-15,17-18,A,3,19,0
76,2022-01-15,17-18,B,2,19,0
76,2022-01-15,18-19,A,4,19,0
76,2022-01-15,18-19,B,3,19,0
76,2022-01-15,19-20,A,4,19,0
76,2022-01-15,19-20,B,4,19,0
76,2022-01-15,20-21,A,4,19,0
76,2022-01-15,20-21,B,2,19,0
76,2022-01-15,21-22,A,4,19,0
76,2022-01-15,21-22,B,3,19,0
77,2022-01-16,09-10,A,-1,0,0
77,2022-01-16,09-10,B,-1,0,0
77,2022-01-16,10-11,A,-1,0,0
77,2022-01-16,10-11,B,-1,0,0
77,2022-01-16,11-12,A,-1,0,0
77,2022-01-16,11-12,B,-1,0,0
77,2022-01-16,12-13,A,-1,0,0
77,2022-01-16,12-13,B,-1,0,0
77,2022-01-16,13-14,A,-1,0,0
77,2022-01-16,13-14,B,-1,0,0
77,2022-01-16,14-15,A,-1,0,0
77,2022-01-16,14-15,B,-1,0,0
77,2022-01-16,15-16,A,-1,0,0
77,2022-01-16,15-16,B,-1,0,0
77,2022-01-16,16-17,A,-1,0,0
77,2022-01-16,16-17,B,-1,0,0
77,2022-01-16,17-18,A,-1,0,0
77,2022-01-16,17-18,B,-1,0,0
77,2022-01-16,18-19,A,-1,0,0
77,2022-01-16,18-19,B,-1,0,0
77,2022-01-16,19-20,A,-1,0,0
77,2022-01-16,19-20,B,-1,0,0
77,2022-01-16,20-21,A,-1,0,0
77,2022-01-16,20-21,B,-1,0,0
77,2022-01-16,21-22,A,-1,0,0
77,2022-01-16,21-22,B,-1,0,0
78,2022-01-17,09-10,A,3,19,0
78,2022-01-17,09-10,B,2,19,0
78,2022-01-17,10-11,A,3,19,0
78,2022-01-17,10-11,B,2,19,0
78,2022-01-17,11-12,A,4,19,0
78,2022-01-17,11-12,B,3,19,0
78,2022-01-17,12-13,A,4,19,0
78,2022-01-17,12-13,B,4,19,0
78,2022-01-17,13-14,A,4,19,0
78,2022-01-17,13-14,B,4,19,0
78,2022-01-17,14-15,A,4,19,0
78,2022-01-17,14-15,B,4,19,0
78,2022-01-17,15-16,A,3,19,0
78,2022-01-17,15-16,B,2,19,0
78,2022-01-17,16-17,A,3,19,0
78,2022-01-17,16-17,B,2,19,0
78,2022-01-17,17-18,A,3,19,0
78,2022-01-17,17-18,B,3,19,0
78,2022-01-17,18-19,A,4,19,0
78,2022-01-17,18-19,B,4,19,0
78,2022-01-17,19-20,A,4,19,0
78,2022-01-17,19-20,B,4,19,0
78,2022-01-17,20-21,A,4,19,0
78,2022-01-17,20-21,B,3,19,0
78,2022-01-17,21-22,A,3,19,0
78,2022-01-17,21-22,B,3,19,0
79,2022-01-18,09-10,A,3,19,0
79,2022-01-18,09-10,B,2,19,0
79,2022-01-18,10-11,A,3,19,0
79,2022-01-18,10-11,B,3,19,0
79,2022-01-18,11-12,A,4,19,0
79,2022-01-18,11-12,B,3,19,0
79,2022-01-18,12-13,A,4,19,0
79,2022-01-18,12-13,B,4,19,0
79,2022-01-18,13-14,A,4,19,0
79,2022-01-18,13-14,B,4,19,0
79,2022-01-18,14-15,A,4,19,0
79,2022-01-18,14-15,B,4,19,0
79,2022-01-18,15-16,A,3,19,0
79,2022-01-18,15-16,B,2,19,0
79,2022-01-18,16-17,A,2,19,0
79,2022-01-18,16-17,B,1,19,0
79,2022-01-18,17-18,A,3,19,0
79,2022-01-18,17-18,B,2,19,0
79,2022-01-18,18-19,A,4,19,0
79,2022-01-18,18-19,B,3,19,0
79,2022-01-18,19-20,A,4,19,0
79,2022-01-18,19-20,B,4,19,0
79,2022-01-18,20-21,A,4,19,0
79,2022-01-18,20-21,B,2,19,0
79,2022-01-18,21-22,A,3,19,0
79,2022-01-18,21-22,B,3,19,0
80,2022-01-19,09-10,A,3,19,0
80,2022-01-19,09-10,B,2,19,0
80,2022-01-19,10-11,A,4,19,0
80,2022-01-19,10-11,B,3,19,0
80,2022-01-19,11-12,A,4,19,0
80,2022-01-19,11-12,B,3,19,0
80,2022-01-19,12-13,A,4,19,0
80,2022-01-19,12-13,B,4,19,0
80,2022-01-19,13-14,A,4,19,0
80,2022-01-19,13-14,B,4,19,0
80,2022-01-19,14-15,A,4,19,0
80,2022-01-19,14-15,B,4,19,0
80,2022-01-19,15-16,A,3,19,0
80,2022-01-19,15-16,B,2,19,0
80,2022-01-19,16-17,A,2,19,0
80,2022-01-19,16-17,B,1,19,0
80,2022-01-19,17-18,A,3,19,0
80,2022-01-19,17-18,B,2,19,0
80,2022-01-19,18-19,A,4,19,0
80,2022-01-19,18-19,B,3,19,0
80,2022-01-19,19-20,A,4,19,0
80,2022-01-19,19-20,B,3,19,0
80,2022-01-19,20-21,A,4,19,0
80,2022-01-19,20-21,B,3,19,0
80,2022-01-19,21-22,A,3,19,0
80,2022-01-19,21-22,B,2,19,0
81,2022-01-20,09-10,A,3,19,0
81,2022-01-20,09-10,B,2,19,0
81,2022-01-20,10-11,A,3,19,0
81,2022-01-20,10-11,B,2,19,0
81,2022-01-20,11-12,A,4,19,0
81,2022-01-20,11-12,B,3,19,0
81,2022-01-20,12-13,A,4,19,0
81,2022-01-20,12-13,B,4,19,0
81,2022-01-20,13-14,A,4,19,0
81,2022-01-20,13-14,B,4,19,0
81,2022-01-20,14-15,A,4,19,0
81,2022-01-20,14-15,B,4,19,0
81,2022-01-20,15-16,A,3,19,0
81,2022-01-20,15-16,B,2,19,0
81,2022-01-20,16-17,A,2,19,0
81,2022-01-20,16-17,B,2,19,0
81,2022-01-20,17-18,A,3,19,0
81,2022-01-20,17-18,B,2,19,0
81,2022-01-20,18-19,A,4,19,0
81,2022-01-20,18-19,B,3,19,0
81,2022-01-20,19-20,A,4,19,0
81,2022-01-20,19-20,B,3,19,0
81,2022-01-20,20-21,A,4,19,0
81,2022-01-20,20-21,B,2,19,0
81,2022-01-20,21-22,A,3,19,0
81,2022-01-20,21-22,B,2,19,0
82,2022-01-21,09-10,A,4,19,0
82,2022-01-21,09-10,B,2,19,0
82,2022-01-21,10-11,A,4,19,0
82,2022-01-21,10-11,B,3,19,0
82,2022-01-21,11-12,A,4,19,0
82,2022-01-21,11-12,B,4,19,0
82,2022-01-21,12-13,A,4,19,0
82,2022-01-21,12-13,B,4,19,0
82,2022-01-21,13-14,A,4,19,0
82,2022-01-21,13-14,B,4,19,0
82,2022-01-21,14-15,A,4,19,0
82,2022-01-21,14-15,B,4,19,0
82,2022-01-21,15-16,A,3,19,0
82,2022-01-21,15-16,B,3,19,0
82,2022-01-21,16-17,A,2,19,0
82,2022-01-21,16-17,B,2,19,0
82,2022-01-21,17-18,A,3,19,0
82,2022-01-21,17-18,B,3,19,0
82,2022-01-21,18-19,A,4,19,0
82,2022-01-21,18-19,B,4,19,0
82,2022-01-21,19-20,A,4,19,0
82,2022-01-21,19-20,B,4,19,0
82,2022-01-21,20-21,A,4,19,0
82,2022-01-21,20-21,B,3,19,0
82,2022-01-21,21-22,A,4,19,0
82,2022-01-21,21-22,B,3,19,0
83,2022-01-22,09-10,A,3,19,0
83,2022-01-22,09-10,B,2,19,0
83,2022-01-22,10-11,A,4,19,0
83,2022-01-22,10-11,B,4,19,0
83,2022-01-22,11-12,A,4,19,0
83,2022-01-22,11-12,B,4,19,0
83,2022-01-22,12-13,A,4,19,0
83,2022-01-22,12-13,B,4,19,0
83,2022-01-22,13-14,A,4,19,0
83,2022-01-22,13-14,B,4,19,0
83,2022-01-22,14-15,A,4,19,0
83,2022-01-22,14-15,B,4,19,0
83,2022-01-22,15-16,A,4,19,0
83,2022-01-22,15-16,B,3,19,0
83,2022-01-22,16-17,A,3,19,0
83,2022-01-22,16-17,B,3,19,0
83,2022-01-22,17-18,A,3,19,0
83,2022-01-22,17-18,B,3,19,0
83,2022-01-22,18-19,A,4,19,0
83,2022-01-22,18-19,B,3,19,0
83,2022-01-22,19-20,A,4,19,0
83,2022-01-22,19-20,B,4,19,0
83,2022-01-22,20-21,A,4,19,0
83,2022-01-22,20-21,B,2,19,0
83,2022-01-22,21-22,A,4,19,0
83,2022-01-22,21-22,B,3,19,0
84,2022-01-23,09-10,A,-1,0,0
84,2022-01-23,09-10,B,-1,0,0
84,2022-01-23,10-11,A,-1,0,0
84,2022-01-23,10-11,B,-1,0,0
84,2022-01-23,11-12,A,-1,0,0
84,2022-01-23,11-12,B,-1,0,0
84,2022-01-23,12-13,A,-1,0,0
84,2022-01-23,12-13,B,-1,0,0
84,2022-01-23,13-14,A,-1,0,0
84,2022-01-23,13-14,B,-1,0,0
84,2022-01-23,14-15,A,-1,0,0
84,2022-01-23,14-15,B,-1,0,0
84,2022-01-23,15-16,A,-1,0,0
84,2022-01-23,15-16,B,-1,0,0
84,2022-01-23,16-17,A,-1,0,0
84,2022-01-23,16-17,B,-1,0,0
84,2022-01-23,17-18,A,-1,0,0
84,2022-01-23,17-18,B,-1,0,0
84,2022-01-23,18-19,A,-1,0,0
84,2022-01-23,18-19,B,-1,0,0
84,2022-01-23,19-20,A,-1,0,0
84,2022-01-23,19-20,B,-1,0,0
84,2022-01-23,20-21,A,-1,0,0
84,2022-01-23,20-21,B,-1,0,0
84,2022-01-23,21-22,A,-1,0,0
84,2022-01-23,21-22,B,-1,0,0
85,2022-01-24,09-10,A,3,19,0
85,2022-01-24,09-10,B,2,19,0
85,2022-01-24,10-11,A,4,19,0
85,2022-01-24,10-11,B,2,19,0
85,2022-01-24,11-12,A,4,19,0
85,2022-01-24,11-12,B,4,19,0
85,2022-01-24,12-13,A,4,19,0
85,2022-01-24,12-13,B,4,19,0
85,2022-01-24,13-14,A,4,19,0
85,2022-01-24,13-14,B,4,19,0
85,2022-01-24,14-15,A,4,19,0
85,2022-01-24,14-15,B,4,19,0
85,2022-01-24,15-16,A,4,19,0
85,2022-01-24,15-16,B,2,19,0
85,2022-01-24,16-17,A,3,19,0
85,2022-01-24,16-17,B,1,19,0
85,2022-01-24,17-18,A,3,19,0
85,2022-01-24,17-18,B,2,19,0
85,2022-01-24,18-19,A,4,19,0
85,2022-01-24,18-19,B,3,19,0
85,2022-01-24,19-20,A,4,19,0
85,2022-01-24,19-20,B,4,19,0
85,2022-01-24,20-21,A,4,19,0
85,2022-01-24,20-21,B,3,19,0
85,2022-01-24,21-22,A,3,19,0
85,2022-01-24,21-22,B,3,19,0
86,2022-01-25,09-10,A,3,19,0
86,2022-01-25,09-10,B,2,19,0
86,2022-01-25,10-11,A,3,19,0
86,2022-01-25,10-11,B,3,19,0
86,2022-01-25,11-12,A,4,19,0
86,2022-01-25,11-12,B,3,19,0
86,2022-01-25,12-13,A,4,19,0
86,2022-01-25,12-13,B,4,19,0
86,2022-01-25,13-14,A,4,19,0
86,2022-01-25,13-14,B,4,19,0
86,2022-01-25,14-15,A,4,19,0
86,2022-01-25,14-15,B,3,19,0
86,2022-01-25,15-16,A,3,19,0
86,2022-01-25,15-16,B,2,19,0
86,2022-01-25,16-17,A,2,19,0
86,2022-01-25,16-17,B,1,19,0
86,2022-01-25,17-18,A,3,19,0
86,2022-01-25,17-18,B,2,19,0
86,2022-01-25,18-19,A,4,19,0
86,2022-01-25,18-19,B,3,19,0
86,2022-01-25,19-20,A,4,19,0
86,2022-01-25,19-20,B,3,19,0
86,2022-01-25,20-21,A,4,19,0
86,2022-01-25,20-21,B,3,19,0
86,2022-01-25,21-22,A,3,19,0
86,2022-01-25,21-22,B,2,19,0
87,2022-01-26,09-10,A,3,19,0
87,2022-01-26,09-10,B,2,19,0
87,2022-01-26,10-11,A,3,19,0
87,2022-01-26,10-11,B,2,19,0
87,2022-01-26,11-12,A,4,19,0
87,2022-01-26,11-12,B,3,19,0
87,2022-01-26,12-13,A,4,19,0
87,2022-01-26,12-13,B,4,19,0
87,2022-01-26,13-14,A,4,19,0
87,2022-01-26,13-14,B,4,19,0
87,2022-01-26,14-15,A,4,19,0
87,2022-01-26,14-15,B,4,19,0
87,2022-01-26,15-16,A,3,19,0
87,2022-01-26,15-16,B,2,19,0
87,2022-01-26,16-17,A,2,19,0
87,2022-01-26,16-17,B,1,19,0
87,2022-01-26,17-18,A,3,19,0
87,2022-01-26,17-18,B,2,19,0
87,2022-01-26,18-19,A,4,19,0
87,2022-01-26,18-19,B,3,19,0
87,2022-01-26,19-20,A,4,19,0
87,2022-01-26,19-20,B,3,19,0
87,2022-01-26,20-21,A,4,19,0
87,2022-01-26,20-21,B,3,19,0
87,2022-01-26,21-22,A,3,19,0
87,2022-01-26,21-22,B,2,19,0
88,2022-01-27,09-10,A,3,19,0
88,2022-01-27,09-10,B,2,19,0
88,2022-01-27,10-11,A,4,19,0
88,2022-01-27,10-11,B,2,19,0
88,2022-01-27,11-12,A,4,19,0
88,2022-01-27,11-12,B,3,19,0
88,2022-01-27,12-13,A,4,19,0
88,2022-01-27,12-13,B,4,19,0
88,2022-01-27,13-14,A,4,19,0
88,2022-01-27,13-14,B,4,19,0
88,2022-01-27,14-15,A,4,19,0
88,2022-01-27,14-15,B,4,19,0
88,2022-01-27,15-16,A,3,19,0
88,2022-01-27,15-16,B,2,19,0
88,2022-01-27,16-17,A,2,19,0
88,2022-01-27,16-17,B,2,19,0
88,2022-01-27,17-18,A,3,19,0
88,2022-01-27,17-18,B,2,19,0
88,2022-01-27,18-19,A,4,19,0
88,2022-01-27,18-19,B,2,19,0
88,2022-01-27,19-20,A,4,19,0
88,2022-01-27,19-20,B,3,19,0
88,2022-01-27,20-21,A,4,19,0
88,2022-01-27,20-21,B,3,19,0
88,2022-01-27,21-22,A,3,19,0
88,2022-01-27,21-22,B,1,19,0
89,2022-01-28,09-10,A,4,19,0
89,2022-01-28,09-10,B,2,19,0
89,2022-01-28,10-11,A,4,19,0
89,2022-01-28,10-11,B,3,19,0
89,2022-01-28,11-12,A,4,19,0
89,2022-01-28,11-12,B,4,19,0
89,2022-01-28,12-13,A,4,19,0
89,2022-01-28,12-13,B,4,19,0
89,2022-01-28,13-14,A,4,19,0
89,2022-01-28,13-14,B,4,19,0
89,2022-01-28,14-15,A,4,19,0
89,2022-01-28,14-15,B,4,19,0
89,2022-01-28,15-16,A,4,19,0
89,2022-01-28,15-16,B,3,19,0
89,2022-01-28,16-17,A,3,19,0
89,2022-01-28,16-17,B,2,19,0
89,2022-01-28,17-18,A,3,19,0
89,2022-01-28,17-18,B,3,19,0
89,2022-01-28,18-19,A,4,19,0
89,2022-01-28,18-19,B,4,19,0
89,2022-01-28,19-20,A,4,19,0
89,2022-01-28,19-20,B,4,19,0
89,2022-01-28,20-21,A,4,19,0
89,2022-01-28,20-21,B,3,19,0
89,2022-01-28,21-22,A,4,19,0
89,2022-01-28,21-22,B,2,19,0
90,2022-01-29,09-10,A,3,19,0
90,2022-01-29,09-10,B,2,19,0
90,2022-01-29,10-11,A,4,19,0
90,2022-01-29,10-11,B,4,19,0
90,2022-01-29,11-12,A,4,19,0
90,2022-01-29,11-12,B,4,19,0
90,2022-01-29,12-13,A,4,19,0
90,2022-01-29,12-13,B,4,19,0
90,2022-01-29,13-14,A,4,19,0
90,2022-01-29,13-14,B,4,19,0
90,2022-01-29,14-15,A,4,19,0
90,2022-01-29,14-15,B,4,19,0
90,2022-01-29,15-16,A,4,19,0
90,2022-01-29,15-16,B,3,19,0
90,2022-01-29,16-17,A,3,19,0
90,2022-01-29,16-17,B,3,19,0
90,2022-01-29,17-18,A,3,19,0
90,2022-01-29,17-18,B,3,19,0
90,2022-01-29,18-19,A,4,19,0
90,2022-01-29,18-19,B,3,19,0
90,2022-01-29,19-20,A,4,19,0
90,2022-01-29,19-20,B,4,19,0
90,2022-01-29,20-21,A,4,19,0
90,2022-01-29,20-21,B,2,19,0
90,2022-01-29,21-22,A,4,19,0
90,2022-01-29,21-22,B,3,19,0
91,2022-01-30,09-10,A,-1,0,0
91,2022-01-30,09-10,B,-1,0,0
91,2022-01-30,10-11,A,-1,0,0
91,2022-01-30,10-11,B,-1,0,0
91,2022-01-30,11-12,A,-1,0,0
91,2022-01-30,11-12,B,-1,0,0
91,2022-01-30,12-13,A,-1,0,0
91,2022-01-30,12-13,B,-1,0,0
91,2022-01-30,13-14,A,-1,0,0
91,2022-01-30,13-14,B,-1,0,0
91,2022-01-30,14-15,A,-1,0,0
91,2022-01-30,14-15,B,-1,0,0
91,2022-01-30,15-16,A,-1,0,0
91,2022-01-30,15-16,B,-1,0,0
91,2022-01-30,16-17,A,-1,0,0
91,2022-01-30,16-17,B,-1,0,0
91,2022-01-30,17-18,A,-1,0,0
91,2022-01-30,17-18,B,-1,0,0
91,2022-01-30,18-19,A,-1,0,0
91,2022-01-30,18-19,B,-1,0,0
91,2022-01-30,19-20,A,-1,0,0
91,2022-01-30,19-20,B,-1,0,0
91,2022-01-30,20-21,A,-1,0,0
91,2022-01-30,20-21,B,-1,0,0
91,2022-01-30,21-22,A,-1,0,0
91,2022-01-30,21-22,B,-1,0,0
92,2022-01-31,09-10,A,3,19,0
92,2022-01-31,09-10,B,2,19,0
92,2022-01-31,10-11,A,4,19,0
92,2022-01-31,10-11,B,2,19,0
92,2022-01-31,11-12,A,4,19,0
92,2022-01-31,11-12,B,4,19,0
92,2022-01-31,12-13,A,4,19,0
92,2022-01-31,12-13,B,4,19,0
92,2022-01-31,13-14,A,4,19,0
92,2022-01-31,13-14,B,4,19,0
92,2022-01-31,14-15,A,4,19,0
92,2022-01-31,14-15,B,4,19,0
92,2022-01-31,15-16,A,4,19,0
92,2022-01-31,15-16,B,2,19,0
92,2022-01-31,16-17,A,3,19,0
92,2022-01-31,16-17,B,1,19,0
92,2022-01-31,17-18,A,3,19,0
92,2022-01-31,17-18,B,2,19,0
92,2022-01-31,18-19,A,4,19,0
92,2022-01-31,18-19,B,3,19,0
92,2022-01-31,19-20,A,4,19,0
92,2022-01-31,19-20,B,4,19,0
92,2022-01-31,20-21,A,4,19,0
92,2022-01-31,20-21,B,3,19,0
92,2022-01-31,21-22,A,3,19,0
92,2022-01-31,21-22,B,3,19,0
93,2022-02-01,09-10,A,3,19,0
93,2022-02-01,09-10,B,2,19,0
93,2022-02-01,10-11,A,3,19,0
93,2022-02-01,10-11,B,3,19,0
93,2022-02-01,11-12,A,4,19,0
93,2022-02-01,11-12,B,3,19,0
93,2022-02-01,12-13,A,4,19,0
93,2022-02-01,12-13,B,4,19,0
93,2022-02-01,13-14,A,4,19,0
93,2022-02-01,13-14,B,4,19,0
93,2022-02-01,14-15,A,4,19,0
93,2022-02-01,14-15,B,4,19,0
93,2022-02-01,15-16,A,3,19,0
93,2022-02-01,15-16,B,2,19,0
93,2022-02-01,16-17,A,2,19,0
93,2022-02-01,16-17,B,2,19,0
93,2022-02-01,17-18,A,3,19,0
93,2022-02-01,17-18,B,2,19,0
93,2022-02-01,18-19,A,4,19,0
93,2022-02-01,18-19,B,3,19,0
93,2022-02-01,19-20,A,4,19,0
93,2022-02-01,19-20,B,4,19,0
93,2022-02-01,20-21,A,4,19,0
93,2022-02-01,20-21,B,2,19,0
93,2022-02-01,21-22,A,3,19,0
93,2022-02-01,21-22,B,2,19,0
94,2022-02-02,09-10,A,3,19,0
94,2022-02-02,09-10,B,2,19,0
94,2022-02-02,10-11,A,3,19,0
94,2022-02-02,10-11,B,2,19,0
94,2022-02-02,11-12,A,4,19,0
94,2022-02-02,11-12,B,3,19,0
94,2022-02-02,12-13,A,4,19,0
94,2022-02-02,12-13,B,4,19,0
94,2022-02-02,13-14,A,4,19,0
94,2022-02-02,13-14,B,4,19,0
94,2022-02-02,14-15,A,4,19,0
94,2022-02-02,14-15,B,4,19,0
94,2022-02-02,15-16,A,3,19,0
94,2022-02-02,15-16,B,2,19,0
94,2022-02-02,16-17,A,2,19,0
94,2022-02-02,16-17,B,2,19,0
94,2022-02-02,17-18,A,3,19,0
94,2022-02-02,17-18,B,2,19,0
94,2022-02-02,18-19,A,4,19,0
94,2022-02-02,18-19,B,3,19,0
94,2022-02-02,19-20,A,4,19,0
94,2022-02-02,19-20,B,3,19,0
94,2022-02-02,20-21,A,4,19,0
94,2022-02-02,20-21,B,2,19,0
94,2022-02-02,21-22,A,4,19,0
94,2022-02-02,21-22,B,2,19,0
95,2022-02-03,09-10,A,3,19,0
95,2022-02-03,09-10,B,2,19,0
95,2022-02-03,10-11,A,4,19,0
95,2022-02-03,10-11,B,3,19,0
95,2022-02-03,11-12,A,4,19,0
95,2022-02-03,11-12,B,3,19,0
95,2022-02-03,12-13,A,4,19,0
95,2022-02-03,12-13,B,4,19,0
95,2022-02-03,13-14,A,4,19,0
95,2022-02-03,13-14,B,4,19,0
95,2022-02-03,14-15,A,4,19,0
95,2022-02-03,14-15,B,4,19,0
95,2022-02-03,15-16,A,3,19,0
95,2022-02-03,15-16,B,2,19,0
95,2022-02-03,16-17,A,2,19,0
95,2022-02-03,16-17,B,2,19,0
95,2022-02-03,17-18,A,3,19,0
95,2022-02-03,17-18,B,2,19,0
95,2022-02-03,18-19,A,4,19,0
95,2022-02-03,18-19,B,3,19,0
95,2022-02-03,19-20,A,4,19,0
95,2022-02-03,19-20,B,4,19,0
95,2022-02-03,20-21,A,4,19,0
95,2022-02-03,20-21,B,2,19,0
95,2022-02-03,21-22,A,3,19,0
95,2022-02-03,21-22,B,2,19,0
96,2022-02-04,09-10,A,4,19,0
96,2022-02-04,09-10,B,2,19,0
96,2022-02-04,10-11,A,4,19,0
96,2022-02-04,10-11,B,3,19,0
96,2022-02-04,11-12,A,4,19,0
96,2022-02-04,11-12,B,4,19,0
96,2022-02-04,12-13,A,4,19,0
96,2022-02-04,12-13,B,4,19,0
96,2022-02-04,13-14,A,4,19,0
96,2022-02-04,13-14,B,4,19,0
96,2022-02-04,14-15,A,4,19,0
96,2022-02-04,14-15,B,4,19,0
96,2022-02-04,15-16,A,3,19,0
96,2022-02-04,15-16,B,3,19,0
96,2022-02-04,16-17,A,3,19,0
96,2022-02-04,16-17,B,2,19,0
96,2022-02-04,17-18,A,4,19,0
96,2022-02-04,17-18,B,3,19,0
96,2022-02-04,18-19,A,4,19,0
96,2022-02-04,18-19,B,4,19,0
96,2022-02-04,19-20,A,4,19,0
96,2022-02-04,19-20,B,4,19,0
96,2022-02-04,20-21,A,4,19,0
96,2022-02-04,20-21,B,3,19,0
96,2022-02-04,21-22,A,4,19,0
96,2022-02-04,21-22,B,2,19,0
97,2022-02-05,09-10,A,3,19,0
97,2022-02-05,09-10,B,2,19,0
97,2022-02-05,10-11,A,4,19,0
97,2022-02-05,10-11,B,4,19,0
97,2022-02-05,11-12,A,4,19,0
97,2022-02-05,11-12,B,4,19,0
97,2022-02-05,12-13,A,4,19,0
97,2022-02-05,12-13,B,4,19,0
97,2022-02-05,13-14,A,4,19,0
97,2022-02-05,13-14,B,4,19,0
97,2022-02-05,14-15,A,4,19,0
97,2022-02-05,14-15,B,4,19,0
97,2022-02-05,15-16,A,4,19,0
97,2022-02-05,15-16,B,3,19,0
97,2022-02-05,16-17,A,3,19,0
97,2022-02-05,16-17,B,2,19,0
97,2022-02-05,17-18,A,4,19,0
97,2022-02-05,17-18,B,2,19,0
97,2022-02-05,18-19,A,4,19,0
97,2022-02-05,18-19,B,3,19,0
97,2022-02-05,19-20,A,4,19,0
97,2022-02-05,19-20,B,4,19,0
97,2022-02-05,20-21,A,4,19,0
97,2022-02-05,20-21,B,3,19,0
97,2022-02-05,21-22,A,4,19,0
97,2022-02-05,21-22,B,3,19,0
98,2022-02-06,09-10,A,-1,0,0
98,2022-02-06,09-10,B,-1,0,0
98,2022-02-06,10-11,A,-1,0,0
98,2022-02-06,10-11,B,-1,0,0
98,2022-02-06,11-12,A,-1,0,0
98,2022-02-06,11-12,B,-1,0,0
98,2022-02-06,12-13,A,-1,0,0
98,2022-02-06,12-13,B,-1,0,0
98,2022-02-06,13-14,A,-1,0,0
98,2022-02-06,13-14,B,-1,0,0
98,2022-02-06,14-15,A,-1,0,0
98,2022-02-06,14-15,B,-1,0,0
98,2022-02-06,15-16,A,-1,0,0
98,2022-02-06,15-16,B,-1,0,0
98,2022-02-06,16-17,A,-1,0,0
98,2022-02-06,16-17,B,-1,0,0
98,2022-02-06,17-18,A,-1,0,0
98,2022-02-06,17-18,B,-1,0,0
98,2022-02-06,18-19,A,-1,0,0
98,2022-02-06,18-19,B,-1,0,0
98,2022-02-06,19-20,A,-1,0,0
98,2022-02-06,19-20,B,-1,0,0
98,2022-02-06,20-21,A,-1,0,0
98,2022-02-06,20-21,B,-1,0,0
98,2022-02-06,21-22,A,-1,0,0
98,2022-02-06,21-22,B,-1,0,0
99,2022-02-07,09-10,A,3,19,0
99,2022-02-07,09-10,B,2,19,0
99,2022-02-07,10-11,A,3,19,0
99,2022-02-07,10-11,B,2,19,0
99,2022-02-07,11-12,A,4,19,0
99,2022-02-07,11-12,B,3,19,0
99,2022-02-07,12-13,A,4,19,0
99,2022-02-07,12-13,B,4,19,0
99,2022-02-07,13-14,A,4,19,0
99,2022-02-07,13-14,B,4,19,0
99,2022-02-07,14-15,A,4,19,0
99,2022-02-07,14-15,B,4,19,0
99,2022-02-07,15-16,A,3,19,0
99,2022-02-07,15-16,B,2,19,0
99,2022-02-07,16-17,A,2,19,0
99,2022-02-07,16-17,B,2,19,0
99,2022-02-07,17-18,A,3,19,0
99,2022-02-07,17-18,B,3,19,0
99,2022-02-07,18-19,A,4,19,0
99,2022-02-07,18-19,B,3,19,0
99,2022-02-07,19-20,A,4,19,0
99,2022-02-07,19-20,B,4,19,0
99,2022-02-07,20-21,A,4,19,0
99,2022-02-07,20-21,B,3,19,0
99,2022-02-07,21-22,A,3,19,0
99,2022-02-07,21-22,B,3,19,0
100,2022-02-08,09-10,A,2,19,0
100,2022-02-08,09-10,B,2,19,0
100,2022-02-08,10-11,A,3,19,0
100,2022-02-08,10-11,B,2,19,0
100,2022-02-08,11-12,A,4,19,0
100,2022-02-08,11-12,B,3,19,0
100,2022-02-08,12-13,A,4,19,0
100,2022-02-08,12-13,B,3,19,0
100,2022-02-08,13-14,A,4,19,0
100,2022-02-08,13-14,B,4,19,0
100,2022-02-08,14-15,A,4,19,0
100,2022-02-08,14-15,B,3,19,0
100,2022-02-08,15-16,A,3,19,0
100,2022-02-08,15-16,B,2,19,0
100,2022-02-08,16-17,A,2,19,0
100,2022-02-08,16-17,B,2,19,0
100,2022-02-08,17-18,A,2,19,0
100,2022-02-08,17-18,B,2,19,0
100,2022-02-08,18-19,A,3,19,0
100,2022-02-08,18-19,B,3,19,0
100,2022-02-08,19-20,A,4,19,0
100,2022-02-08,19-20,B,4,19,0
100,2022-02-08,20-21,A,4,19,0
100,2022-02-08,20-21,B,2,19,0
100,2022-02-08,21-22,A,3,19,0
100,2022-02-08,21-22,B,2,19,0
101,2022-02-09,09-10,A,3,19,0
101,2022-02-09,09-10,B,2,19,0
101,2022-02-09,10-11,A,4,19,0
101,2022-02-09,10-11,B,2,19,0
101,2022-02-09,11-12,A,4,19,0
101,2022-02-09,11-12,B,4,19,0
101,2022-02-09,12-13,A,4,19,0
101,2022-02-09,12-13,B,4,19,0
101,2022-02-09,13-14,A,4,19,0
101,2022-02-09,13-14,B,4,19,0
101,2022-02-09,14-15,A,4,19,0
101,2022-02-09,14-15,B,4,19,0
101,2022-02-09,15-16,A,3,19,0
101,2022-02-09,15-16,B,2,19,0
101,2022-02-09,16-17,A,2,19,0
101,2022-02-09,16-17,B,2,19,0
101,2022-02-09,17-18,A,3,19,0
101,2022-02-09,17-18,B,2,19,0
101,2022-02-09,18-19,A,3,19,0
101,2022-02-09,18-19,B,3,19,0
101,2022-02-09,19-20,A,4,19,0
101,2022-02-09,19-20,B,4,19,0
101,2022-02-09,20-21,A,4,19,0
101,2022-02-09,20-21,B,3,19,0
101,2022-02-09,21-22,A,3,19,0
101,2022-02-09,21-22,B,3,19,0
102,2022-02-10,09-10,A,3,19,0
102,2022-02-10,09-10,B,2,19,0
102,2022-02-10,10-11,A,4,19,0
102,2022-02-10,10-11,B,3,19,0
102,2022-02-10,11-12,A,4,19,0
102,2022-02-10,11-12,B,3,19,0
102,2022-02-10,12-13,A,4,19,0
102,2022-02-10,12-13,B,4,19,0
102,2022-02-10,13-14,A,4,19,0
102,2022-02-10,13-14,B,4,19,0
102,2022-02-10,14-15,A,4,19,0
102,2022-02-10,14-15,B,4,19,0
102,2022-02-10,15-16,A,3,19,0
102,2022-02-10,15-16,B,2,19,0
102,2022-02-10,16-17,A,3,19,0
102,2022-02-10,16-17,B,2,19,0
102,2022-02-10,17-18,A,3,19,0
102,2022-02-10,17-18,B,2,19,0
102,2022-02-10,18-19,A,4,19,0
102,2022-02-10,18-19,B,3,19,0
102,2022-02-10,19-20,A,4,19,0
102,2022-02-10,19-20,B,3,19,0
102,2022-02-10,20-21,A,3,19,0
102,2022-02-10,20-21,B,2,19,0
102,2022-02-10,21-22,A,4,19,0
102,2022-02-10,21-22,B,2,19,0
103,2022-02-11,09-10,A,4,19,0
103,2022-02-11,09-10,B,2,19,0
103,2022-02-11,10-11,A,4,19,0
103,2022-02-11,10-11,B,3,19,0
103,2022-02-11,11-12,A,4,19,0
103,2022-02-11,11-12,B,4,19,0
103,2022-02-11,12-13,A,4,19,0
103,2022-02-11,12-13,B,4,19,0
103,2022-02-11,13-14,A,4,19,0
103,2022-02-11,13-14,B,4,19,0
103,2022-02-11,14-15,A,4,19,0
103,2022-02-11,14-15,B,4,19,0
103,2022-02-11,15-16,A,4,19,0
103,2022-02-11,15-16,B,3,19,0
103,2022-02-11,16-17,A,2,19,0
103,2022-02-11,16-17,B,2,19,0
103,2022-02-11,17-18,A,3,19,0
103,2022-02-11,17-18,B,3,19,0
103,2022-02-11,18-19,A,4,19,0
103,2022-02-11,18-19,B,3,19,0
103,2022-02-11,19-20,A,4,19,0
103,2022-02-11,19-20,B,4,19,0
103,2022-02-11,20-21,A,4,19,0
103,2022-02-11,20-21,B,3,19,0
103,2022-02-11,21-22,A,3,19,0
103,2022-02-11,21-22,B,2,19,0
104,2022-02-12,09-10,A,3,19,0
104,2022-02-12,09-10,B,2,19,0
104,2022-02-12,10-11,A,4,19,0
104,2022-02-12,10-11,B,4,19,0
104,2022-02-12,11-12,A,4,19,0
104,2022-02-12,11-12,B,4,19,0
104,2022-02-12,12-13,A,4,19,0
104,2022-02-12,12-13,B,4,19,0
104,2022-02-12,13-14,A,4,19,0
104,2022-02-12,13-14,B,4,19,0
104,2022-02-12,14-15,A,4,19,0
104,2022-02-12,14-15,B,4,19,0
104,2022-02-12,15-16,A,4,19,0
104,2022-02-12,15-16,B,2,19,0
104,2022-02-12,16-17,A,3,19,0
104,2022-02-12,16-17,B,2,19,0
104,2022-02-12,17-18,A,3,19,0
104,2022-02-12,17-18,B,2,19,0
104,2022-02-12,18-19,A,4,19,0
104,2022-02-12,18-19,B,3,19,0
104,2022-02-12,19-20,A,4,19,0
104,2022-02-12,19-20,B,4,19,0
104,2022-02-12,20-21,A,4,19,0
104,2022-02-12,20-21,B,3,19,0
104,2022-02-12,21-22,A,4,19,0
104,2022-02-12,21-22,B,2,19,0
105,2022-02-13,09-10,A,-1,0,0
105,2022-02-13,09-10,B,-1,0,0
105,2022-02-13,10-11,A,-1,0,0
105,2022-02-13,10-11,B,-1,0,0
105,2022-02-13,11-12,A,-1,0,0
105,2022-02-13,11-12,B,-1,0,0
105,2022-02-13,12-13,A,-1,0,0
105,2022-02-13,12-13,B,-1,0,0
105,2022-02-13,13-14,A,-1,0,0
105,2022-02-13,13-14,B,-1,0,0
105,2022-02-13,14-15,A,-1,0,0
105,2022-02-13,14-15,B,-1,0,0
105,2022-02-13,15-16,A,-1,0,0
105,2022-02-13,15-16,B,-1,0,0
105,2022-02-13,16-17,A,-1,0,0
105,2022-02-13,16-17,B,-1,0,0
105,2022-02-13,17-18,A,-1,0,0
105,2022-02-13,17-18,B,-1,0,0
105,2022-02-13,18-19,A,-1,0,0
105,2022-02-13,18-19,B,-1,0,0
105,2022-02-13,19-20,A,-1,0,0
105,2022-02-13,19-20,B,-1,0,0
105,2022-02-13,20-21,A,-1,0,0
105,2022-02-13,20-21,B,-1,0,0
105,2022-02-13,21-22,A,-1,0,0
105,2022-02-13,21-22,B,-1,0,0
106,2022-02-14,09-10,A,3,19,0
106,2022-02-14,09-10,B,2,19,0
106,2022-02-14,10-11,A,4,19,0
106,2022-02-14,10-11,B,3,19,0
106,2022-02-14,11-12,A,4,19,0
106,2022-02-14,11-12,B,4,19,0
106,2022-02-14,12-13,A,4,19,0
106,2022-02-14,12-13,B,4,19,0
106,2022-02-14,13-14,A,4,19,0
106,2022-02-14,13-14,B,4,19,0
106,2022-02-14,14-15,A,4,19,0
106,2022-02-14,14-15,B,4,19,0
106,2022-02-14,15-16,A,4,19,0
106,2022-02-14,15-16,B,2,19,0
106,2022-02-14,16-17,A,3,19,0
106,2022-02-14,16-17,B,2,19,0
106,2022-02-14,17-18,A,3,19,0
106,2022-02-14,17-18,B,2,19,0
106,2022-02-14,18-19,A,4,19,0
106,2022-02-14,18-19,B,4,19,0
106,2022-02-14,19-20,A,4,19,0
106,2022-02-14,19-20,B,4,19,0
106,2022-02-14,20-21,A,4,19,0
106,2022-02-14,20-21,B,3,19,0
106,2022-02-14,21-22,A,4,19,0
106,2022-02-14,21-22,B,2,19,0
107,2022-02-15,09-10,A,2,19,0
107,2022-02-15,09-10,B,1,19,0
107,2022-02-15,10-11,A,3,19,0
107,2022-02-15,10-11,B,2,19,0
107,2022-02-15,11-12,A,4,19,0
107,2022-02-15,11-12,B,3,19,0
107,2022-02-15,12-13,A,4,19,0
107,2022-02-15,12-13,B,4,19,0
107,2022-02-15,13-14,A,4,19,0
107,2022-02-15,13-14,B,3,19,0
107,2022-02-15,14-15,A,4,19,0
107,2022-02-15,14-15,B,3,19,0
107,2022-02-15,15-16,A,2,19,0
107,2022-02-15,15-16,B,2,19,0
107,2022-02-15,16-17,A,2,19,0
107,2022-02-15,16-17,B,1,19,0
107,2022-02-15,17-18,A,3,19,0
107,2022-02-15,17-18,B,2,19,0
107,2022-02-15,18-19,A,3,19,0
107,2022-02-15,18-19,B,2,19,0
107,2022-02-15,19-20,A,4,19,0
107,2022-02-15,19-20,B,4,19,0
107,2022-02-15,20-21,A,4,19,0
107,2022-02-15,20-21,B,3,19,0
107,2022-02-15,21-22,A,3,19,0
107,2022-02-15,21-22,B,2,19,0
108,2022-02-16,09-10,A,3,19,0
108,2022-02-16,09-10,B,2,19,0
108,2022-02-16,10-11,A,4,19,0
108,2022-02-16,10-11,B,3,19,0
108,2022-02-16,11-12,A,4,19,0
108,2022-02-16,11-12,B,4,19,0
108,2022-02-16,12-13,A,4,19,0
108,2022-02-16,12-13,B,4,19,0
108,2022-02-16,13-14,A,4,19,0
108,2022-02-16,13-14,B,4,19,0
108,2022-02-16,14-15,A,4,19,0
108,2022-02-16,14-15,B,4,19,0
108,2022-02-16,15-16,A,3,19,0
108,2022-02-16,15-16,B,2,19,0
108,2022-02-16,16-17,A,2,19,0
108,2022-02-16,16-17,B,2,19,0
108,2022-02-16,17-18,A,3,19,0
108,2022-02-16,17-18,B,2,19,0
108,2022-02-16,18-19,A,4,19,0
108,2022-02-16,18-19,B,3,19,0
108,2022-02-16,19-20,A,4,19,0
108,2022-02-16,19-20,B,4,19,0
108,2022-02-16,20-21,A,4,19,0
108,2022-02-16,20-21,B,2,19,0
108,2022-02-16,21-22,A,3,19,0
108,2022-02-16,21-22,B,2,19,0
109,2022-02-17,09-10,A,3,19,0
109,2022-02-17,09-10,B,2,19,0
109,2022-02-17,10-11,A,3,19,0
109,2022-02-17,10-11,B,3,19,0
109,2022-02-17,11-12,A,4,19,0
109,2022-02-17,11-12,B,4,19,0
109,2022-02-17,12-13,A,4,19,0
109,2022-02-17,12-13,B,4,19,0
109,2022-02-17,13-14,A,4,19,0
109,2022-02-17,13-14,B,4,19,0
109,2022-02-17,14-15,A,4,19,0
109,2022-02-17,14-15,B,3,19,0
109,2022-02-17,15-16,A,3,19,0
109,2022-02-17,15-16,B,2,19,0
109,2022-02-17,16-17,A,2,19,0
109,2022-02-17,16-17,B,2,19,0
109,2022-02-17,17-18,A,3,19,0
109,2022-02-17,17-18,B,2,19,0
109,2022-02-17,18-19,A,4,19,0
109,2022-02-17,18-19,B,3,19,0
109,2022-02-17,19-20,A,4,19,0
109,2022-02-17,19-20,B,4,19,0
109,2022-02-17,20-21,A,4,19,0
109,2022-02-17,20-21,B,3,19,0
109,2022-02-17,21-22,A,4,19,0
109,2022-02-17,21-22,B,2,19,0
110,2022-02-18,09-10,A,4,19,0
110,2022-02-18,09-10,B,3,19,0
110,2022-02-18,10-11,A,4,19,0
110,2022-02-18,10-11,B,3,19,0
110,2022-02-18,11-12,A,4,19,0
110,2022-02-18,11-12,B,4,19,0
110,2022-02-18,12-13,A,4,19,0
110,2022-02-18,12-13,B,4,19,0
110,2022-02-18,13-14,A,4,19,0
110,2022-02-18,13-14,B,4,19,0
110,2022-02-18,14-15,A,4,19,0
110,2022-02-18,14-15,B,4,19,0
110,2022-02-18,15-16,A,3,19,0
110,2022-02-18,15-16,B,2,19,0
110,2022-02-18,16-17,A,3,19,0
110,2022-02-18,16-17,B,2,19,0
110,2022-02-18,17-18,A,3,19,0
110,2022-02-18,17-18,B,3,19,0
110,2022-02-18,18-19,A,4,19,0
110,2022-02-18,18-19,B,4,19,0
110,2022-02-18,19-20,A,4,19,0
110,2022-02-18,19-20,B,4,19,0
110,2022-02-18,20-21,A,4,19,0
110,2022-02-18,20-21,B,3,19,0
110,2022-02-18,21-22,A,4,19,0
110,2022-02-18,21-22,B,3,19,0
111,2022-02-19,09-10,A,4,19,0
111,2022-02-19,09-10,B,2,19,0
111,2022-02-19,10-11,A,4,19,0
111,2022-02-19,10-11,B,4,19,0
111,2022-02-19,11-12,A,4,19,0
111,2022-02-19,11-12,B,4,19,0
111,2022-02-19,12-13,A,4,19,0
111,2022-02-19,12-13,B,4,19,0
111,2022-02-19,13-14,A,4,19,0
111,2022-02-19,13-14,B,4,19,0
111,2022-02-19,14-15,A,4,19,0
111,2022-02-19,14-15,B,4,19,0
111,2022-02-19,15-16,A,4,19,0
111,2022-02-19,15-16,B,2,19,0
111,2022-02-19,16-17,A,3,19,0
111,2022-02-19,16-17,B,2,19,0
111,2022-02-19,17-18,A,4,19,0
111,2022-02-19,17-18,B,2,19,0
111,2022-02-19,18-19,A,4,19,0
111,2022-02-19,18-19,B,3,19,0
111,2022-02-19,19-20,A,4,19,0
111,2022-02-19,19-20,B,4,19,0
111,2022-02-19,20-21,A,4,19,0
111,2022-02-19,20-21,B,3,19,0
111,2022-02-19,21-22,A,4,19,0
111,2022-02-19,21-22,B,4,19,0
112,2022-02-20,09-10,A,-1,0,0
112,2022-02-20,09-10,B,-1,0,0
112,2022-02-20,10-11,A,-1,0,0
112,2022-02-20,10-11,B,-1,0,0
112,2022-02-20,11-12,A,-1,0,0
112,2022-02-20,11-12,B,-1,0,0
112,2022-02-20,12-13,A,-1,0,0
112,2022-02-20,12-13,B,-1,0,0
112,2022-02-20,13-14,A,-1,0,0
112,2022-02-20,13-14,B,-1,0,0
112,2022-02-20,14-15,A,-1,0,0
112,2022-02-20,14-15,B,-1,0,0
112,2022-02-20,15-16,A,-1,0,0
112,2022-02-20,15-16,B,-1,0,0
112,2022-02-20,16-17,A,-1,0,0
112,2022-02-20,16-17,B,-1,0,0
112,2022-02-20,17-18,A,-1,0,0
112,2022-02-20,17-18,B,-1,0,0
112,2022-02-20,18-19,A,-1,0,0
112,2022-02-20,18-19,B,-1,0,0
112,2022-02-20,19-20,A,-1,0,0
112,2022-02-20,19-20,B,-1,0,0
112,2022-02-20,20-21,A,-1,0,0
112,2022-02-20,20-21,B,-1,0,0
112,2022-02-20,21-22,A,-1,0,0
112,2022-02-20,21-22,B,-1,0,0
113,2022-02-21,09-10,A,3,19,0
113,2022-02-21,09-10,B,2,19,0
113,2022-02-21,10-11,A,3,19,0
113,2022-02-21,10-11,B,2,19,0
113,2022-02-21,11-12,A,4,19,0
113,2022-02-21,11-12,B,4,19,0
113,2022-02-21,12-13,A,4,19,0
113,2022-02-21,12-13,B,4,19,0
113,2022-02-21,13-14,A,4,19,0
113,2022-02-21,13-14,B,4,19,0
113,2022-02-21,14-15,A,4,19,0
113,2022-02-21,14-15,B,4,19,0
113,2022-02-21,15-16,A,3,19,0
113,2022-02-21,15-16,B,2,19,0
113,2022-02-21,16-17,A,3,19,0
113,2022-02-21,16-17,B,2,19,0
113,2022-02-21,17-18,A,4,19,0
113,2022-02-21,17-18,B,3,19,0
113,2022-02-21,18-19,A,4,19,0
113,2022-02-21,18-19,B,4,19,0
113,2022-02-21,19-20,A,4,19,0
113,2022-02-21,19-20,B,4,19,0
113,2022-02-21,20-21,A,4,19,0
113,2022-02-21,20-21,B,3,19,0
113,2022-02-21,21-22,A,4,19,0
113,2022-02-21,21-22,B,3,19,0
114,2022-02-22,09-10,A,2,19,0
114,2022-02-22,09-10,B,2,19,0
114,2022-02-22,10-11,A,3,19,0
114,2022-02-22,10-11,B,2,19,0
114,2022-02-22,11-12,A,4,19,0
114,2022-02-22,11-12,B,3,19,0
114,2022-02-22,12-13,A,4,19,0
114,2022-02-22,12-13,B,3,19,0
114,2022-02-22,13-14,A,4,19,0
114,2022-02-22,13-14,B,4,19,0
114,2022-02-22,14-15,A,3,19,0
114,2022-02-22,14-15,B,4,19,0
114,2022-02-22,15-16,A,3,19,0
114,2022-02-22,15-16,B,2,19,0
114,2022-02-22,16-17,A,3,19,0
114,2022-02-22,16-17,B,2,19,0
114,2022-02-22,17-18,A,3,19,0
114,2022-02-22,17-18,B,2,19,0
114,2022-02-22,18-19,A,4,19,0
114,2022-02-22,18-19,B,3,19,0
114,2022-02-22,19-20,A,4,19,0
114,2022-02-22,19-20,B,4,19,0
114,2022-02-22,20-21,A,3,19,0
114,2022-02-22,20-21,B,3,19,0
114,2022-02-22,21-22,A,3,19,0
114,2022-02-22,21-22,B,2,19,0
115,2022-02-23,09-10,A,3,19,0
115,2022-02-23,09-10,B,2,19,0
115,2022-02-23,10-11,A,4,19,0
115,2022-02-23,10-11,B,3,19,0
115,2022-02-23,11-12,A,4,19,0
115,2022-02-23,11-12,B,4,19,0
115,2022-02-23,12-13,A,4,19,0
115,2022-02-23,12-13,B,4,19,0
115,2022-02-23,13-14,A,4,19,0
115,2022-02-23,13-14,B,4,19,0
115,2022-02-23,14-15,A,4,19,0
115,2022-02-23,14-15,B,4,19,0
115,2022-02-23,15-16,A,3,19,0
115,2022-02-23,15-16,B,2,19,0
115,2022-02-23,16-17,A,2,19,0
115,2022-02-23,16-17,B,2,19,0
115,2022-02-23,17-18,A,3,19,0
115,2022-02-23,17-18,B,3,19,0
115,2022-02-23,18-19,A,4,19,0
115,2022-02-23,18-19,B,3,19,0
115,2022-02-23,19-20,A,4,19,0
115,2022-02-23,19-20,B,4,19,0
115,2022-02-23,20-21,A,4,19,0
115,2022-02-23,20-21,B,3,19,0
115,2022-02-23,21-22,A,3,19,0
115,2022-02-23,21-22,B,2,19,0
116,2022-02-24,09-10,A,3,19,0
116,2022-02-24,09-10,B,2,19,0
116,2022-02-24,10-11,A,4,19,0
116,2022-02-24,10-11,B,3,19,0
116,2022-02-24,11-12,A,4,19,0
116,2022-02-24,11-12,B,3,19,0
116,2022-02-24,12-13,A,4,19,0
116,2022-02-24,12-13,B,4,19,0
116,2022-02-24,13-14,A,4,19,0
116,2022-02-24,13-14,B,4,19,0
116,2022-02-24,14-15,A,4,19,0
116,2022-02-24,14-15,B,4,19,0
116,2022-02-24,15-16,A,3,19,0
116,2022-02-24,15-16,B,2,19,0
116,2022-02-24,16-17,A,2,19,0
116,2022-02-24,16-17,B,2,19,0
116,2022-02-24,17-18,A,3,19,0
116,2022-02-24,17-18,B,2,19,0
116,2022-02-24,18-19,A,4,19,0
116,2022-02-24,18-19,B,3,19,0
116,2022-02-24,19-20,A,4,19,0
116,2022-02-24,19-20,B,3,19,0
116,2022-02-24,20-21,A,4,19,0
116,2022-02-24,20-21,B,3,19,0
116,2022-02-24,21-22,A,3,19,0
116,2022-02-24,21-22,B,2,19,0
117,2022-02-25,09-10,A,4,19,0
117,2022-02-25,09-10,B,2,19,0
117,2022-02-25,10-11,A,4,19,0
117,2022-02-25,10-11,B,3,19,0
117,2022-02-25,11-12,A,4,19,0
117,2022-02-25,11-12,B,4,19,0
117,2022-02-25,12-13,A,4,19,0
117,2022-02-25,12-13,B,4,19,0
117,2022-02-25,13-14,A,4,19,0
117,2022-02-25,13-14,B,4,19,0
117,2022-02-25,14-15,A,4,19,0
117,2022-02-25,14-15,B,4,19,0
117,2022-02-25,15-16,A,4,19,0
117,2022-02-25,15-16,B,3,19,0
117,2022-02-25,16-17,A,3,19,0
117,2022-02-25,16-17,B,2,19,0
117,2022-02-25,17-18,A,3,19,0
117,2022-02-25,17-18,B,3,19,0
117,2022-02-25,18-19,A,4,19,0
117,2022-02-25,18-19,B,4,19,0
117,2022-02-25,19-20,A,4,19,0
117,2022-02-25,19-20,B,4,19,0
117,2022-02-25,20-21,A,4,19,0
117,2022-02-25,20-21,B,4,19,0
117,2022-02-25,21-22,A,4,19,0
117,2022-02-25,21-22,B,3,19,0
118,2022-02-26,09-10,A,3,19,0
118,2022-02-26,09-10,B,2,19,0
118,2022-02-26,10-11,A,4,19,0
118,2022-02-26,10-11,B,4,19,0
118,2022-02-26,11-12,A,4,19,0
118,2022-02-26,11-12,B,4,19,0
118,2022-02-26,12-13,A,4,19,0
118,2022-02-26,12-13,B,4,19,0
118,2022-02-26,13-14,A,4,19,0
118,2022-02-26,13-14,B,4,19,0
118,2022-02-26,14-15,A,4,19,0
118,2022-02-26,14-15,B,4,19,0
118,2022-02-26,15-16,A,3,19,0
118,2022-02-26,15-16,B,2,19,0
118,2022-02-26,16-17,A,3,19,0
118,2022-02-26,16-17,B,2,19,0
118,2022-02-26,17-18,A,3,19,0
118,2022-02-26,17-18,B,2,19,0
118,2022-02-26,18-19,A,4,19,0
118,2022-02-26,18-19,B,2,19,0
118,2022-02-26,19-20,A,4,19,0
118,2022-02-26,19-20,B,4,19,0
118,2022-02-26,20-21,A,4,19,0
118,2022-02-26,20-21,B,4,19,0
118,2022-02-26,21-22,A,4,19,0
118,2022-02-26,21-22,B,3,19,0
119,2022-02-27,09-10,A,-1,0,0
119,2022-02-27,09-10,B,-1,0,0
119,2022-02-27,10-11,A,-1,0,0
119,2022-02-27,10-11,B,-1,0,0
119,2022-02-27,11-12,A,-1,0,0
119,2022-02-27,11-12,B,-1,0,0
119,2022-02-27,12-13,A,-1,0,0
119,2022-02-27,12-13,B,-1,0,0
119,2022-02-27,13-14,A,-1,0,0
119,2022-02-27,13-14,B,-1,0,0
119,2022-02-27,14-15,A,-1,0,0
119,2022-02-27,14-15,B,-1,0,0
119,2022-02-27,15-16,A,-1,0,0
119,2022-02-27,15-16,B,-1,0,0
119,2022-02-27,16-17,A,-1,0,0
119,2022-02-27,16-17,B,-1,0,0
119,2022-02-27,17-18,A,-1,0,0
119,2022-02-27,17-18,B,-1,0,0
119,2022-02-27,18-19,A,-1,0,0
119,2022-02-27,18-19,B,-1,0,0
119,2022-02-27,19-20,A,-1,0,0
119,2022-02-27,19-20,B,-1,0,0
119,2022-02-27,20-21,A,-1,0,0
119,2022-02-27,20-21,B,-1,0,0
119,2022-02-27,21-22,A,-1,0,0
119,2022-02-27,21-22,B,-1,0,0
120,2022-02-28,09-10,A,3,19,0
120,2022-02-28,09-10,B,2,19,0
120,2022-02-28,10-11,A,4,19,0
120,2022-02-28,10-11,B,3,19,0
120,2022-02-28,11-12,A,4,19,0
120,2022-02-28,11-12,B,3,19,0
120,2022-02-28,12-13,A,4,19,0
120,2022-02-28,12-13,B,4,19,0
120,2022-02-28,13-14,A,4,19,0
120,2022-02-28,13-14,B,4,19,0
120,2022-02-28,14-15,A,4,19,0
120,2022-02-28,14-15,B,4,19,0
120,2022-02-28,15-16,A,3,19,0
120,2022-02-28,15-16,B,2,19,0
120,2022-02-28,16-17,A,3,19,0
120,2022-02-28,16-17,B,2,19,0
120,2022-02-28,17-18,A,3,19,0
120,2022-02-28,17-18,B,2,19,0
120,2022-02-28,18-19,A,4,19,0
120,2022-02-28,18-19,B,4,19,0
120,2022-02-28,19-20,A,4,19,0
120,2022-02-28,19-20,B,4,19,0
120,2022-02-28,20-21,A,4,19,0
120,2022-02-28,20-21,B,3,19,0
120,2022-02-28,21-22,A,4,19,0
120,2022-02-28,21-22,B,2,19,0
121,2022-03-01,09-10,A,-1,0,0
121,2022-03-01,09-10,B,-1,0,0
121,2022-03-01,10-11,A,-1,0,0
121,2022-03-01,10-11,B,-1,0,0
121,2022-03-01,11-12,A,-1,0,0
121,2022-03-01,11-12,B,-1,0,0
121,2022-03-01,12-13,A,-1,0,0
121,2022-03-01,12-13,B,-1,0,0
121,2022-03-01,13-14,A,-1,0,0
121,2022-03-01,13-14,B,-1,0,0
121,2022-03-01,14-15,A,-1,0,0
121,2022-03-01,14-15,B,-1,0,0
121,2022-03-01,15-16,A,-1,0,0
121,2022-03-01,15-16,B,-1,0,0
121,2022-03-01,16-17,A,-1,0,0
121,2022-03-01,16-17,B,-1,0,0
121,2022-03-01,17-18,A,-1,0,0
121,2022-03-01,17-18,B,-1,0,0
121,2022-03-01,18-19,A,-1,0,0
121,2022-03-01,18-19,B,-1,0,0
121,2022-03-01,19-20,A,-1,0,0
121,2022-03-01,19-20,B,-1,0,0
121,2022-03-01,20-21,A,-1,0,0
121,2022-03-01,20-21,B,-1,0,0
121,2022-03-01,21-22,A,-1,0,0
121,2022-03-01,21-22,B,-1,0,0
122,2022-03-02,09-10,A,4,19,0
122,2022-03-02,09-10,B,2,19,0
122,2022-03-02,10-11,A,4,19,0
122,2022-03-02,10-11,B,3,19,0
122,2022-03-02,11-12,A,4,19,0
122,2022-03-02,11-12,B,3,19,0
122,2022-03-02,12-13,A,4,19,0
122,2022-03-02,12-13,B,4,19,0
122,2022-03-02,13-14,A,4,19,0
122,2022-03-02,13-14,B,4,19,0
122,2022-03-02,14-15,A,4,19,0
122,2022-03-02,14-15,B,4,19,0
122,2022-03-02,15-16,A,3,19,0
122,2022-03-02,15-16,B,2,19,0
122,2022-03-02,16-17,A,2,19,0
122,2022-03-02,16-17,B,2,19,0
122,2022-03-02,17-18,A,3,19,0
122,2022-03-02,17-18,B,2,19,0
122,2022-03-02,18-19,A,4,19,0
122,2022-03-02,18-19,B,3,19,0
122,2022-03-02,19-20,A,4,19,0
122,2022-03-02,19-20,B,4,19,0
122,2022-03-02,20-21,A,4,19,0
122,2022-03-02,20-21,B,3,19,0
122,2022-03-02,21-22,A,4,19,0
122,2022-03-02,21-22,B,3,19,0
123,2022-03-03,09-10,A,3,19,0
123,2022-03-03,09-10,B,2,19,0
123,2022-03-03,10-11,A,4,19,0
123,2022-03-03,10-11,B,3,19,0
123,2022-03-03,11-12,A,4,19,0
123,2022-03-03,11-12,B,3,19,0
123,2022-03-03,12-13,A,4,19,0
123,2022-03-03,12-13,B,4,19,0
123,2022-03-03,13-14,A,4,19,0
123,2022-03-03,13-14,B,4,19,0
123,2022-03-03,14-15,A,4,19,0
123,2022-03-03,14-15,B,4,19,0
123,2022-03-03,15-16,A,3,19,0
123,2022-03-03,15-16,B,2,19,0
123,2022-03-03,16-17,A,2,19,0
123,2022-03-03,16-17,B,2,19,0
123,2022-03-03,17-18,A,3,19,0
123,2022-03-03,17-18,B,2,19,0
123,2022-03-03,18-19,A,3,19,0
123,2022-03-03,18-19,B,3,19,0
123,2022-03-03,19-20,A,4,19,0
123,2022-03-03,19-20,B,4,19,0
123,2022-03-03,20-21,A,4,19,0
123,2022-03-03,20-21,B,3,19,0
123,2022-03-03,21-22,A,3,19,0
123,2022-03-03,21-22,B,1,19,0
124,2022-03-04,09-10,A,4,19,0
124,2022-03-04,09-10,B,3,19,0
124,2022-03-04,10-11,A,4,19,0
124,2022-03-04,10-11,B,3,19,0
124,2022-03-04,11-12,A,4,19,0
124,2022-03-04,11-12,B,4,19,0
124,2022-03-04,12-13,A,4,19,0
124,2022-03-04,12-13,B,4,19,0
124,2022-03-04,13-14,A,4,19,0
124,2022-03-04,13-14,B,4,19,0
124,2022-03-04,14-15,A,4,19,0
124,2022-03-04,14-15,B,4,19,0
124,2022-03-04,15-16,A,4,19,0
124,2022-03-04,15-16,B,3,19,0
124,2022-03-04,16-17,A,2,19,0
124,2022-03-04,16-17,B,2,19,0
124,2022-03-04,17-18,A,3,19,0
124,2022-03-04,17-18,B,3,19,0
124,2022-03-04,18-19,A,4,19,0
124,2022-03-04,18-19,B,3,19,0
124,2022-03-04,19-20,A,4,19,0
124,2022-03-04,19-20,B,4,19,0
124,2022-03-04,20-21,A,4,19,0
124,2022-03-04,20-21,B,3,19,0
124,2022-03-04,21-22,A,4,19,0
124,2022-03-04,21-22,B,3,19,0
125,2022-03-05,09-10,A,4,19,0
125,2022-03-05,09-10,B,2,19,0
125,2022-03-05,10-11,A,4,19,0
125,2022-03-05,10-11,B,4,19,0
125,2022-03-05,11-12,A,4,19,0
125,2022-03-05,11-12,B,4,19,0
125,2022-03-05,12-13,A,4,19,0
125,2022-03-05,12-13,B,4,19,0
125,2022-03-05,13-14,A,4,19,0
125,2022-03-05,13-14,B,4,19,0
125,2022-03-05,14-15,A,4,19,0
125,2022-03-05,14-15,B,4,19,0
125,2022-03-05,15-16,A,4,19,0
125,2022-03-05,15-16,B,3,19,0
125,2022-03-05,16-17,A,3,19,0
125,2022-03-05,16-17,B,2,19,0
125,2022-03-05,17-18,A,3,19,0
125,2022-03-05,17-18,B,2,19,0
125,2022-03-05,18-19,A,4,19,0
125,2022-03-05,18-19,B,3,19,0
125,2022-03-05,19-20,A,4,19,0
125,2022-03-05,19-20,B,4,19,0
125,2022-03-05,20-21,A,4,19,0
125,2022-03-05,20-21,B,4,19,0
125,2022-03-05,21-22,A,4,19,0
125,2022-03-05,21-22,B,3,19,0
126,2022-03-06,09-10,A,-1,0,0
126,2022-03-06,09-10,B,-1,0,0
126,2022-03-06,10-11,A,-1,0,0
126,2022-03-06,10-11,B,-1,0,0
126,2022-03-06,11-12,A,-1,0,0
126,2022-03-06,11-12,B,-1,0,0
126,2022-03-06,12-13,A,-1,0,0
126,2022-03-06,12-13,B,-1,0,0
126,2022-03-06,13-14,A,-1,0,0
126,2022-03-06,13-14,B,-1,0,0
126,2022-03-06,14-15,A,-1,0,0
126,2022-03-06,14-15,B,-1,0,0
126,2022-03-06,15-16,A,-1,0,0
126,2022-03-06,15-16,B,-1,0,0
126,2022-03-06,16-17,A,-1,0,0
126,2022-03-06,16-17,B,-1,0,0
126,2022-03-06,17-18,A,-1,0,0
126,2022-03-06,17-18,B,-1,0,0
126,2022-03-06,18-19,A,-1,0,0
126,2022-03-06,18-19,B,-1,0,0
126,2022-03-06,19-20,A,-1,0,0
126,2022-03-06,19-20,B,-1,0,0
126,2022-03-06,20-21,A,-1,0,0
126,2022-03-06,20-21,B,-1,0,0
126,2022-03-06,21-22,A,-1,0,0
126,2022-03-06,21-22,B,-1,0,0
127,2022-03-07,09-10,A,3,19,0
127,2022-03-07,09-10,B,2,19,0
127,2022-03-07,10-11,A,4,19,0
127,2022-03-07,10-11,B,2,19,0
127,2022-03-07,11-12,A,4,19,0
127,2022-03-07,11-12,B,4,19,0
127,2022-03-07,12-13,A,4,19,0
127,2022-03-07,12-13,B,4,19,0
127,2022-03-07,13-14,A,4,19,0
127,2022-03-07,13-14,B,4,19,0
127,2022-03-07,14-15,A,4,19,0
127,2022-03-07,14-15,B,4,19,0
127,2022-03-07,15-16,A,4,19,0
127,2022-03-07,15-16,B,2,19,0
127,2022-03-07,16-17,A,3,19,0
127,2022-03-07,16-17,B,2,19,0
127,2022-03-07,17-18,A,4,19,0
127,2022-03-07,17-18,B,3,19,0
127,2022-03-07,18-19,A,4,19,0
127,2022-03-07,18-19,B,4,19,0
127,2022-03-07,19-20,A,4,19,0
127,2022-03-07,19-20,B,4,19,0
127,2022-03-07,20-21,A,4,19,0
127,2022-03-07,20-21,B,3,19,0
127,2022-03-07,21-22,A,3,19,0
127,2022-03-07,21-22,B,3,19,0
128,2022-03-08,09-10,A,3,19,0
128,2022-03-08,09-10,B,2,19,0
128,2022-03-08,10-11,A,4,19,0
128,2022-03-08,10-11,B,3,19,0
128,2022-03-08,11-12,A,4,19,0
128,2022-03-08,11-12,B,4,19,0
128,2022-03-08,12-13,A,4,19,0
128,2022-03-08,12-13,B,4,19,0
128,2022-03-08,13-14,A,4,19,0
128,2022-03-08,13-14,B,4,19,0
128,2022-03-08,14-15,A,4,19,0
128,2022-03-08,14-15,B,4,19,0
128,2022-03-08,15-16,A,3,19,0
128,2022-03-08,15-16,B,2,19,0
128,2022-03-08,16-17,A,2,19,0
128,2022-03-08,16-17,B,2,19,0
128,2022-03-08,17-18,A,3,19,0
128,2022-03-08,17-18,B,2,19,0
128,2022-03-08,18-19,A,4,19,0
128,2022-03-08,18-19,B,3,19,0
128,2022-03-08,19-20,A,4,19,0
128,2022-03-08,19-20,B,4,19,0
128,2022-03-08,20-21,A,4,19,0
128,2022-03-08,20-21,B,4,19,0
128,2022-03-08,21-22,A,4,19,0
128,2022-03-08,21-22,B,3,19,0
129,2022-03-09,09-10,A,3,19,0
129,2022-03-09,09-10,B,2,19,0
129,2022-03-09,10-11,A,4,19,0
129,2022-03-09,10-11,B,3,19,0
129,2022-03-09,11-12,A,4,19,0
129,2022-03-09,11-12,B,4,19,0
129,2022-03-09,12-13,A,4,19,0
129,2022-03-09,12-13,B,4,19,0
129,2022-03-09,13-14,A,4,19,0
129,2022-03-09,13-14,B,4,19,0
129,2022-03-09,14-15,A,4,19,0
129,2022-03-09,14-15,B,4,19,0
129,2022-03-09,15-16,A,3,19,0
129,2022-03-09,15-16,B,2,19,0
129,2022-03-09,16-17,A,2,19,0
129,2022-03-09,16-17,B,2,19,0
129,2022-03-09,17-18,A,3,19,0
129,2022-03-09,17-18,B,3,19,0
129,2022-03-09,18-19,A,4,19,0
129,2022-03-09,18-19,B,2,19,0
129,2022-03-09,19-20,A,4,19,0
129,2022-03-09,19-20,B,4,19,0
129,2022-03-09,20-21,A,4,19,0
129,2022-03-09,20-21,B,3,19,0
129,2022-03-09,21-22,A,4,19,0
129,2022-03-09,21-22,B,1,19,0
130,2022-03-10,09-10,A,3,19,0
130,2022-03-10,09-10,B,2,19,0
130,2022-03-10,10-11,A,4,19,0
130,2022-03-10,10-11,B,3,19,0
130,2022-03-10,11-12,A,4,19,0
130,2022-03-10,11-12,B,4,19,0
130,2022-03-10,12-13,A,4,19,0
130,2022-03-10,12-13,B,4,19,0
130,2022-03-10,13-14,A,4,19,0
130,2022-03-10,13-14,B,4,19,0
130,2022-03-10,14-15,A,4,19,0
130,2022-03-10,14-15,B,4,19,0
130,2022-03-10,15-16,A,4,19,0
130,2022-03-10,15-16,B,2,19,0
130,2022-03-10,16-17,A,3,19,0
130,2022-03-10,16-17,B,2,19,0
130,2022-03-10,17-18,A,4,19,0
130,2022-03-10,17-18,B,3,19,0
130,2022-03-10,18-19,A,4,19,0
130,2022-03-10,18-19,B,4,19,0
130,2022-03-10,19-20,A,4,19,0
130,2022-03-10,19-20,B,4,19,0
130,2022-03-10,20-21,A,4,19,0
130,2022-03-10,20-21,B,4,19,0
130,2022-03-10,21-22,A,4,19,0
130,2022-03-10,21-22,B,2,19,0
131,2022-03-11,09-10,A,4,19,0
131,2022-03-11,09-10,B,4,19,0
131,2022-03-11,10-11,A,4,19,0
131,2022-03-11,10-11,B,4,19,0
131,2022-03-11,11-12,A,4,19,0
131,2022-03-11,11-12,B,4,19,0
131,2022-03-11,12-13,A,4,19,0
131,2022-03-11,12-13,B,4,19,0
131,2022-03-11,13-14,A,4,19,0
131,2022-03-11,13-14,B,4,19,0
131,2022-03-11,14-15,A,4,19,0
131,2022-03-11,14-15,B,4,19,0
131,2022-03-11,15-16,A,4,19,0
131,2022-03-11,15-16,B,4,19,0
131,2022-03-11,16-17,A,4,19,0
131,2022-03-11,16-17,B,4,19,0
131,2022-03-11,17-18,A,4,19,0
131,2022-03-11,17-18,B,4,19,0
131,2022-03-11,18-19,A,4,19,0
131,2022-03-11,18-19,B,4,19,0
131,2022-03-11,19-20,A,4,19,0
131,2022-03-11,19-20,B,4,19,0
131,2022-03-11,20-21,A,4,19,0
131,2022-03-11,20-21,B,4,19,0
131,2022-03-11,21-22,A,4,19,0
131,2022-03-11,21-22,B,3,19,0
132,2022-03-12,09-10,A,4,19,0
132,2022-03-12,09-10,B,4,19,0
132,2022-03-12,10-11,A,4,19,0
132,2022-03-12,10-11,B,4,19,0
132,2022-03-12,11-12,A,4,19,0
132,2022-03-12,11-12,B,4,19,0
132,2022-03-12,12-13,A,4,19,0
132,2022-03-12,12-13,B,4,19,0
132,2022-03-12,13-14,A,4,19,0
132,2022-03-12,13-14,B,4,19,0
132,2022-03-12,14-15,A,4,19,0
132,2022-03-12,14-15,B,4,19,0
132,2022-03-12,15-16,A,4,19,0
132,2022-03-12,15-16,B,4,19,0
132,2022-03-12,16-17,A,3,19,0
132,2022-03-12,16-17,B,2,19,0
132,2022-03-12,17-18,A,3,19,0
132,2022-03-12,17-18,B,3,19,0
132,2022-03-12,18-19,A,4,19,0
132,2022-03-12,18-19,B,3,19,0
132,2022-03-12,19-20,A,4,19,0
132,2022-03-12,19-20,B,4,19,0
132,2022-03-12,20-21,A,4,19,0
132,2022-03-12,20-21,B,4,19,0
132,2022-03-12,21-22,A,4,19,0
132,2022-03-12,21-22,B,2,19,0
133,2022-03-13,09-10,A,-1,0,0
133,2022-03-13,09-10,B,-1,0,0
133,2022-03-13,10-11,A,-1,0,0
133,2022-03-13,10-11,B,-1,0,0
133,2022-03-13,11-12,A,-1,0,0
133,2022-03-13,11-12,B,-1,0,0
133,2022-03-13,12-13,A,-1,0,0
133,2022-03-13,12-13,B,-1,0,0
133,2022-03-13,13-14,A,-1,0,0
133,2022-03-13,13-14,B,-1,0,0
133,2022-03-13,14-15,A,-1,0,0
133,2022-03-13,14-15,B,-1,0,0
133,2022-03-13,15-16,A,-1,0,0
133,2022-03-13,15-16,B,-1,0,0
133,2022-03-13,16-17,A,-1,0,0
133,2022-03-13,16-17,B,-1,0,0
133,2022-03-13,17-18,A,-1,0,0
133,2022-03-13,17-18,B,-1,0,0
133,2022-03-13,18-19,A,-1,0,0
133,2022-03-13,18-19,B,-1,0,0
133,2022-03-13,19-20,A,-1,0,0
133,2022-03-13,19-20,B,-1,0,0
133,2022-03-13,20-21,A,-1,0,0
133,2022-03-13,20-21,B,-1,0,0
133,2022-03-13,21-22,A,-1,0,0
133,2022-03-13,21-22,B,-1,0,0
134,2022-03-14,09-10,A,3,19,0
134,2022-03-14,09-10,B,2,19,0
134,2022-03-14,10-11,A,4,19,0
134,2022-03-14,10-11,B,2,19,0
134,2022-03-14,11-12,A,4,19,0
134,2022-03-14,11-12,B,4,19,0
134,2022-03-14,12-13,A,4,19,0
134,2022-03-14,12-13,B,4,19,0
134,2022-03-14,13-14,A,4,19,0
134,2022-03-14,13-14,B,4,19,0
134,2022-03-14,14-15,A,4,19,0
134,2022-03-14,14-15,B,4,19,0
134,2022-03-14,15-16,A,4,19,0
134,2022-03-14,15-16,B,2,19,0
134,2022-03-14,16-17,A,3,19,0
134,2022-03-14,16-17,B,1,19,0
134,2022-03-14,17-18,A,3,19,0
134,2022-03-14,17-18,B,3,19,0
134,2022-03-14,18-19,A,4,19,0
134,2022-03-14,18-19,B,3,19,0
134,2022-03-14,19-20,A,4,19,0
134,2022-03-14,19-20,B,4,19,0
134,2022-03-14,20-21,A,4,19,0
134,2022-03-14,20-21,B,4,19,0
134,2022-03-14,21-22,A,4,19,0
134,2022-03-14,21-22,B,3,19,0
135,2022-03-15,09-10,A,4,19,0
135,2022-03-15,09-10,B,2,19,0
135,2022-03-15,10-11,A,4,19,0
135,2022-03-15,10-11,B,3,19,0
135,2022-03-15,11-12,A,4,19,0
135,2022-03-15,11-12,B,4,19,0
135,2022-03-15,12-13,A,4,19,0
135,2022-03-15,12-13,B,4,19,0
135,2022-03-15,13-14,A,4,19,0
135,2022-03-15,13-14,B,4,19,0
135,2022-03-15,14-15,A,4,19,0
135,2022-03-15,14-15,B,4,19,0
135,2022-03-15,15-16,A,3,19,0
135,2022-03-15,15-16,B,2,19,0
135,2022-03-15,16-17,A,3,19,0
135,2022-03-15,16-17,B,2,19,0
135,2022-03-15,17-18,A,3,19,0
135,2022-03-15,17-18,B,2,19,0
135,2022-03-15,18-19,A,4,19,0
135,2022-03-15,18-19,B,3,19,0
135,2022-03-15,19-20,A,4,19,0
135,2022-03-15,19-20,B,3,19,0
135,2022-03-15,20-21,A,4,19,0
135,2022-03-15,20-21,B,2,19,0
135,2022-03-15,21-22,A,3,19,0
135,2022-03-15,21-22,B,2,19,0
136,2022-03-16,09-10,A,3,19,0
136,2022-03-16,09-10,B,2,19,0
136,2022-03-16,10-11,A,4,19,0
136,2022-03-16,10-11,B,3,19,0
136,2022-03-16,11-12,A,4,19,0
136,2022-03-16,11-12,B,4,19,0
136,2022-03-16,12-13,A,4,19,0
136,2022-03-16,12-13,B,4,19,0
136,2022-03-16,13-14,A,4,19,0
136,2022-03-16,13-14,B,4,19,0
136,2022-03-16,14-15,A,4,19,0
136,2022-03-16,14-15,B,4,19,0
136,2022-03-16,15-16,A,3,19,0
136,2022-03-16,15-16,B,2,19,0
136,2022-03-16,16-17,A,3,19,0
136,2022-03-16,16-17,B,2,19,0
136,2022-03-16,17-18,A,3,19,0
136,2022-03-16,17-18,B,2,19,0
136,2022-03-16,18-19,A,3,19,0
136,2022-03-16,18-19,B,3,19,0
136,2022-03-16,19-20,A,4,19,0
136,2022-03-16,19-20,B,4,19,0
136,2022-03-16,20-21,A,4,19,0
136,2022-03-16,20-21,B,3,19,0
136,2022-03-16,21-22,A,3,19,0
136,2022-03-16,21-22,B,2,19,0
137,2022-03-17,09-10,A,3,19,0
137,2022-03-17,09-10,B,2,19,0
137,2022-03-17,10-11,A,4,19,0
137,2022-03-17,10-11,B,4,19,0
137,2022-03-17,11-12,A,4,19,0
137,2022-03-17,11-12,B,4,19,0
137,2022-03-17,12-13,A,4,19,0
137,2022-03-17,12-13,B,4,19,0
137,2022-03-17,13-14,A,4,19,0
137,2022-03-17,13-14,B,4,19,0
137,2022-03-17,14-15,A,4,19,0
137,2022-03-17,14-15,B,4,19,0
137,2022-03-17,15-16,A,2,19,0
137,2022-03-17,15-16,B,1,19,0
137,2022-03-17,16-17,A,3,19,0
137,2022-03-17,16-17,B,2,19,0
137,2022-03-17,17-18,A,3,19,0
137,2022-03-17,17-18,B,3,19,0
137,2022-03-17,18-19,A,4,19,0
137,2022-03-17,18-19,B,3,19,0
137,2022-03-17,19-20,A,4,19,0
137,2022-03-17,19-20,B,4,19,0
137,2022-03-17,20-21,A,4,19,0
137,2022-03-17,20-21,B,3,19,0
137,2022-03-17,21-22,A,4,19,0
137,2022-03-17,21-22,B,2,19,0
138,2022-03-18,09-10,A,4,19,0
138,2022-03-18,09-10,B,3,19,0
138,2022-03-18,10-11,A,4,19,0
138,2022-03-18,10-11,B,4,19,0
138,2022-03-18,11-12,A,4,19,0
138,2022-03-18,11-12,B,4,19,0
138,2022-03-18,12-13,A,4,19,0
138,2022-03-18,12-13,B,4,19,0
138,2022-03-18,13-14,A,4,19,0
138,2022-03-18,13-14,B,4,19,0
138,2022-03-18,14-15,A,4,19,0
138,2022-03-18,14-15,B,4,19,0
138,2022-03-18,15-16,A,3,19,0
138,2022-03-18,15-16,B,2,19,0
138,2022-03-18,16-17,A,4,19,0
138,2022-03-18,16-17,B,4,19,0
138,2022-03-18,17-18,A,4,19,0
138,2022-03-18,17-18,B,4,19,0
138,2022-03-18,18-19,A,4,19,0
138,2022-03-18,18-19,B,3,19,0
138,2022-03-18,19-20,A,4,19,0
138,2022-03-18,19-20,B,4,19,0
138,2022-03-18,20-21,A,4,19,0
138,2022-03-18,20-21,B,3,19,0
138,2022-03-18,21-22,A,4,19,0
138,2022-03-18,21-22,B,2,19,0
139,2022-03-19,09-10,A,4,19,0
139,2022-03-19,09-10,B,3,19,0
139,2022-03-19,10-11,A,4,19,0
139,2022-03-19,10-11,B,4,19,0
139,2022-03-19,11-12,A,4,19,0
139,2022-03-19,11-12,B,4,19,0
139,2022-03-19,12-13,A,4,19,0
139,2022-03-19,12-13,B,4,19,0
139,2022-03-19,13-14,A,4,19,0
139,2022-03-19,13-14,B,4,19,0
139,2022-03-19,14-15,A,4,19,0
139,2022-03-19,14-15,B,4,19,0
139,2022-03-19,15-16,A,3,19,0
139,2022-03-19,15-16,B,2,19,0
139,2022-03-19,16-17,A,4,19,0
139,2022-03-19,16-17,B,2,19,0
139,2022-03-19,17-18,A,4,19,0
139,2022-03-19,17-18,B,2,19,0
139,2022-03-19,18-19,A,4,19,0
139,2022-03-19,18-19,B,3,19,0
139,2022-03-19,19-20,A,4,19,0
139,2022-03-19,19-20,B,4,19,0
139,2022-03-19,20-21,A,4,19,0
139,2022-03-19,20-21,B,4,19,0
139,2022-03-19,21-22,A,3,19,0
139,2022-03-19,21-22,B,2,19,0
140,2022-03-20,09-10,A,-1,0,0
140,2022-03-20,09-10,B,-1,0,0
140,2022-03-20,10-11,A,-1,0,0
140,2022-03-20,10-11,B,-1,0,0
140,2022-03-20,11-12,A,-1,0,0
140,2022-03-20,11-12,B,-1,0,0
140,2022-03-20,12-13,A,-1,0,0
140,2022-03-20,12-13,B,-1,0,0
140,2022-03-20,13-14,A,-1,0,0
140,2022-03-20,13-14,B,-1,0,0
140,2022-03-20,14-15,A,-1,0,0
140,2022-03-20,14-15,B,-1,0,0
140,2022-03-20,15-16,A,-1,0,0
140,2022-03-20,15-16,B,-1,0,0
140,2022-03-20,16-17,A,-1,0,0
140,2022-03-20,16-17,B,-1,0,0
140,2022-03-20,17-18,A,-1,0,0
140,2022-03-20,17-18,B,-1,0,0
140,2022-03-20,18-19,A,-1,0,0
140,2022-03-20,18-19,B,-1,0,0
140,2022-03-20,19-20,A,-1,0,0
140,2022-03-20,19-20,B,-1,0,0
140,2022-03-20,20-21,A,-1,0,0
140,2022-03-20,20-21,B,-1,0,0
140,2022-03-20,21-22,A,-1,0,0
140,2022-03-20,21-22,B,-1,0,0
141,2022-03-21,09-10,A,4,19,0
141,2022-03-21,09-10,B,2,19,0
141,2022-03-21,10-11,A,4,19,0
141,2022-03-21,10-11,B,4,19,0
141,2022-03-21,11-12,A,4,19,0
141,2022-03-21,11-12,B,4,19,0
141,2022-03-21,12-13,A,4,19,0
141,2022-03-21,12-13,B,4,19,0
141,2022-03-21,13-14,A,4,19,0
141,2022-03-21,13-14,B,4,19,0
141,2022-03-21,14-15,A,4,19,0
141,2022-03-21,14-15,B,4,19,0
141,2022-03-21,15-16,A,3,19,0
141,2022-03-21,15-16,B,2,19,0
141,2022-03-21,16-17,A,3,19,0
141,2022-03-21,16-17,B,2,19,0
141,2022-03-21,17-18,A,4,19,0
141,2022-03-21,17-18,B,2,19,0
141,2022-03-21,18-19,A,4,19,0
141,2022-03-21,18-19,B,3,19,0
141,2022-03-21,19-20,A,4,19,0
141,2022-03-21,19-20,B,4,19,0
141,2022-03-21,20-21,A,4,19,0
141,2022-03-21,20-21,B,3,19,0
141,2022-03-21,21-22,A,3,19,0
141,2022-03-21,21-22,B,2,19,0
142,2022-03-22,09-10,A,3,19,0
142,2022-03-22,09-10,B,2,19,0
142,2022-03-22,10-11,A,4,19,0
142,2022-03-22,10-11,B,4,19,0
142,2022-03-22,11-12,A,4,19,0
142,2022-03-22,11-12,B,4,19,0
142,2022-03-22,12-13,A,4,19,0
142,2022-03-22,12-13,B,4,19,0
142,2022-03-22,13-14,A,4,19,0
142,2022-03-22,13-14,B,4,19,0
142,2022-03-22,14-15,A,4,19,0
142,2022-03-22,14-15,B,4,19,0
142,2022-03-22,15-16,A,3,19,0
142,2022-03-22,15-16,B,2,19,0
142,2022-03-22,16-17,A,3,19,0
142,2022-03-22,16-17,B,2,19,0
142,2022-03-22,17-18,A,3,19,0
142,2022-03-22,17-18,B,2,19,0
142,2022-03-22,18-19,A,4,19,0
142,2022-03-22,18-19,B,3,19,0
142,2022-03-22,19-20,A,4,19,0
142,2022-03-22,19-20,B,4,19,0
142,2022-03-22,20-21,A,4,19,0
142,2022-03-22,20-21,B,3,19,0
142,2022-03-22,21-22,A,3,19,0
142,2022-03-22,21-22,B,2,19,0
143,2022-03-23,09-10,A,3,19,0
143,2022-03-23,09-10,B,2,19,0
143,2022-03-23,10-11,A,4,19,0
143,2022-03-23,10-11,B,4,19,0
143,2022-03-23,11-12,A,4,19,0
143,2022-03-23,11-12,B,4,19,0
143,2022-03-23,12-13,A,4,19,0
143,2022-03-23,12-13,B,4,19,0
143,2022-03-23,13-14,A,4,19,0
143,2022-03-23,13-14,B,4,19,0
143,2022-03-23,14-15,A,4,19,0
143,2022-03-23,14-15,B,4,19,0
143,2022-03-23,15-16,A,4,19,0
143,2022-03-23,15-16,B,2,19,0
143,2022-03-23,16-17,A,3,19,0
143,2022-03-23,16-17,B,3,19,0
143,2022-03-23,17-18,A,3,19,0
143,2022-03-23,17-18,B,3,19,0
143,2022-03-23,18-19,A,4,19,0
143,2022-03-23,18-19,B,3,19,0
143,2022-03-23,19-20,A,4,19,0
143,2022-03-23,19-20,B,4,19,0
143,2022-03-23,20-21,A,4,19,0
143,2022-03-23,20-21,B,4,19,0
143,2022-03-23,21-22,A,4,19,0
143,2022-03-23,21-22,B,3,19,0
144,2022-03-24,09-10,A,3,19,0
144,2022-03-24,09-10,B,2,19,0
144,2022-03-24,10-11,A,4,19,0
144,2022-03-24,10-11,B,4,19,0
144,2022-03-24,11-12,A,4,19,0
144,2022-03-24,11-12,B,4,19,0
144,2022-03-24,12-13,A,4,19,0
144,2022-03-24,12-13,B,4,19,0
144,2022-03-24,13-14,A,4,19,0
144,2022-03-24,13-14,B,4,19,0
144,2022-03-24,14-15,A,4,19,0
144,2022-03-24,14-15,B,4,19,0
144,2022-03-24,15-16,A,2,19,0
144,2022-03-24,15-16,B,1,19,0
144,2022-03-24,16-17,A,3,19,0
144,2022-03-24,16-17,B,2,19,0
144,2022-03-24,17-18,A,4,19,0
144,2022-03-24,17-18,B,3,19,0
144,2022-03-24,18-19,A,4,19,0
144,2022-03-24,18-19,B,3,19,0
144,2022-03-24,19-20,A,4,19,0
144,2022-03-24,19-20,B,4,19,0
144,2022-03-24,20-21,A,4,19,0
144,2022-03-24,20-21,B,3,19,0
144,2022-03-24,21-22,A,4,19,0
144,2022-03-24,21-22,B,2,19,0
145,2022-03-25,09-10,A,3,19,0
145,2022-03-25,09-10,B,2,19,0
145,2022-03-25,10-11,A,4,19,0
145,2022-03-25,10-11,B,4,19,0
145,2022-03-25,11-12,A,4,19,0
145,2022-03-25,11-12,B,4,19,0
145,2022-03-25,12-13,A,4,19,0
145,2022-03-25,12-13,B,4,19,0
145,2022-03-25,13-14,A,4,19,0
145,2022-03-25,13-14,B,4,19,0
145,2022-03-25,14-15,A,4,19,0
145,2022-03-25,14-15,B,4,19,0
145,2022-03-25,15-16,A,3,19,0
145,2022-03-25,15-16,B,2,19,0
145,2022-03-25,16-17,A,4,19,0
145,2022-03-25,16-17,B,2,19,0
145,2022-03-25,17-18,A,4,19,0
145,2022-03-25,17-18,B,3,19,0
145,2022-03-25,18-19,A,4,19,0
145,2022-03-25,18-19,B,4,19,0
145,2022-03-25,19-20,A,4,19,0
145,2022-03-25,19-20,B,4,19,0
145,2022-03-25,20-21,A,4,19,0
145,2022-03-25,20-21,B,3,19,0
145,2022-03-25,21-22,A,4,19,0
145,2022-03-25,21-22,B,2,19,0
146,2022-03-26,09-10,A,4,19,0
146,2022-03-26,09-10,B,3,19,0
146,2022-03-26,10-11,A,4,19,0
146,2022-03-26,10-11,B,4,19,0
146,2022-03-26,11-12,A,4,19,0
146,2022-03-26,11-12,B,4,19,0
146,2022-03-26,12-13,A,4,19,0
146,2022-03-26,12-13,B,4,19,0
146,2022-03-26,13-14,A,4,19,0
146,2022-03-26,13-14,B,4,19,0
146,2022-03-26,14-15,A,4,19,0
146,2022-03-26,14-15,B,4,19,0
146,2022-03-26,15-16,A,4,19,0
146,2022-03-26,15-16,B,2,19,0
146,2022-03-26,16-17,A,3,19,0
146,2022-03-26,16-17,B,2,19,0
146,2022-03-26,17-18,A,3,19,0
146,2022-03-26,17-18,B,2,19,0
146,2022-03-26,18-19,A,4,19,0
146,2022-03-26,18-19,B,3,19,0
146,2022-03-26,19-20,A,4,19,0
146,2022-03-26,19-20,B,4,19,0
146,2022-03-26,20-21,A,4,19,0
146,2022-03-26,20-21,B,3,19,0
146,2022-03-26,21-22,A,4,19,0
146,2022-03-26,21-22,B,3,19,0
147,2022-03-27,09-10,A,-1,0,0
147,2022-03-27,09-10,B,-1,0,0
147,2022-03-27,10-11,A,-1,0,0
147,2022-03-27,10-11,B,-1,0,0
147,2022-03-27,11-12,A,-1,0,0
147,2022-03-27,11-12,B,-1,0,0
147,2022-03-27,12-13,A,-1,0,0
147,2022-03-27,12-13,B,-1,0,0
147,2022-03-27,13-14,A,-1,0,0
147,2022-03-27,13-14,B,-1,0,0
147,2022-03-27,14-15,A,-1,0,0
147,2022-03-27,14-15,B,-1,0,0
147,2022-03-27,15-16,A,-1,0,0
147,2022-03-27,15-16,B,-1,0,0
147,2022-03-27,16-17,A,-1,0,0
147,2022-03-27,16-17,B,-1,0,0
147,2022-03-27,17-18,A,-1,0,0
147,2022-03-27,17-18,B,-1,0,0
147,2022-03-27,18-19,A,-1,0,0
147,2022-03-27,18-19,B,-1,0,0
147,2022-03-27,19-20,A,-1,0,0
147,2022-03-27,19-20,B,-1,0,0
147,2022-03-27,20-21,A,-1,0,0
147,2022-03-27,20-21,B,-1,0,0
147,2022-03-27,21-22,A,-1,0,0
147,2022-03-27,21-22,B,-1,0,0
148,2022-03-28,09-10,A,3,19,0
148,2022-03-28,09-10,B,2,19,0
148,2022-03-28,10-11,A,4,19,0
148,2022-03-28,10-11,B,4,19,0
148,2022-03-28,11-12,A,4,19,0
148,2022-03-28,11-12,B,4,19,0
148,2022-03-28,12-13,A,4,19,0
148,2022-03-28,12-13,B,4,19,0
148,2022-03-28,13-14,A,4,19,0
148,2022-03-28,13-14,B,4,19,0
148,2022-03-28,14-15,A,4,19,0
148,2022-03-28,14-15,B,4,19,0
148,2022-03-28,15-16,A,3,19,0
148,2022-03-28,15-16,B,2,19,0
148,2022-03-28,16-17,A,3,19,0
148,2022-03-28,16-17,B,2,19,0
148,2022-03-28,17-18,A,4,19,0
148,2022-03-28,17-18,B,2,19,0
148,2022-03-28,18-19,A,4,19,0
148,2022-03-28,18-19,B,3,19,0
148,2022-03-28,19-20,A,4,19,0
148,2022-03-28,19-20,B,4,19,0
148,2022-03-28,20-21,A,4,19,0
148,2022-03-28,20-21,B,3,19,0
148,2022-03-28,21-22,A,4,19,0
148,2022-03-28,21-22,B,2,19,0
149,2022-03-29,09-10,A,3,19,0
149,2022-03-29,09-10,B,2,19,0
149,2022-03-29,10-11,A,4,19,0
149,2022-03-29,10-11,B,4,19,0
149,2022-03-29,11-12,A,4,19,0
149,2022-03-29,11-12,B,4,19,0
149,2022-03-29,12-13,A,4,19,0
149,2022-03-29,12-13,B,4,19,0
149,2022-03-29,13-14,A,4,19,0
149,2022-03-29,13-14,B,4,19,0
149,2022-03-29,14-15,A,4,19,0
149,2022-03-29,14-15,B,4,19,0
149,2022-03-29,15-16,A,3,19,0
149,2022-03-29,15-16,B,2,19,0
149,2022-03-29,16-17,A,3,19,0
149,2022-03-29,16-17,B,2,19,0
149,2022-03-29,17-18,A,3,19,0
149,2022-03-29,17-18,B,2,19,0
149,2022-03-29,18-19,A,4,19,0
149,2022-03-29,18-19,B,3,19,0
149,2022-03-29,19-20,A,4,19,0
149,2022-03-29,19-20,B,4,19,0
149,2022-03-29,20-21,A,4,19,0
149,2022-03-29,20-21,B,3,19,0
149,2022-03-29,21-22,A,3,19,0
149,2022-03-29,21-22,B,2,19,0
150,2022-03-30,09-10,A,3,19,0
150,2022-03-30,09-10,B,2,19,0
150,2022-03-30,10-11,A,4,19,0
150,2022-03-30,10-11,B,4,19,0
150,2022-03-30,11-12,A,4,19,0
150,2022-03-30,11-12,B,4,19,0
150,2022-03-30,12-13,A,4,19,0
150,2022-03-30,12-13,B,4,19,0
150,2022-03-30,13-14,A,4,19,0
150,2022-03-30,13-14,B,4,19,0
150,2022-03-30,14-15,A,4,19,0
150,2022-03-30,14-15,B,4,19,0
150,2022-03-30,15-16,A,4,19,0
150,2022-03-30,15-16,B,2,19,0
150,2022-03-30,16-17,A,3,19,0
150,2022-03-30,16-17,B,3,19,0
150,2022-03-30,17-18,A,3,19,0
150,2022-03-30,17-18,B,3,19,0
150,2022-03-30,18-19,A,4,19,0
150,2022-03-30,18-19,B,3,19,0
150,2022-03-30,19-20,A,4,19,0
150,2022-03-30,19-20,B,4,19,0
150,2022-03-30,20-21,A,4,19,0
150,2022-03-30,20-21,B,4,19,0
150,2022-03-30,21-22,A,4,19,0
150,2022-03-30,21-22,B,3,19,0
151,2022-03-31,09-10,A,3,19,0
151,2022-03-31,09-10,B,2,19,0
151,2022-03-31,10-11,A,4,19,0
151,2022-03-31,10-11,B,4,19,0
151,2022-03-31,11-12,A,4,19,0
151,2022-03-31,11-12,B,4,19,0
151,2022-03-31,12-13,A,4,19,0
151,2022-03-31,12-13,B,4,19,0
151,2022-03-31,13-14,A,4,19,0
151,2022-03-31,13-14,B,4,19,0
151,2022-03-31,14-15,A,4,19,0
151,2022-03-31,14-15,B,4,19,0
151,2022-03-31,15-16,A,2,19,0
151,2022-03-31,15-16,B,1,19,0
151,2022-03-31,16-17,A,3,19,0
151,2022-03-31,16-17,B,2,19,0
151,2022-03-31,17-18,A,4,19,0
151,2022-03-31,17-18,B,3,19,0
151,2022-03-31,18-19,A,4,19,0
151,2022-03-31,18-19,B,3,19,0
151,2022-03-31,19-20,A,4,19,0
151,2022-03-31,19-20,B,4,19,0
151,2022-03-31,20-21,A,4,19,0
151,2022-03-31,20-21,B,3,19,0
151,2022-03-31,21-22,A,4,19,0
151,2022-03-31,21-22,B,2,19,0
152,2022-04-01,09-10,A,2,19,0
152,2022-04-01,09-10,B,1,19,0
152,2022-04-01,10-11,A,4,19,0
152,2022-04-01,10-11,B,4,19,0
152,2022-04-01,11-12,A,4,19,0
152,2022-04-01,11-12,B,4,19,0
152,2022-04-01,12-13,A,4,19,0
152,2022-04-01,12-13,B,4,19,0
152,2022-04-01,13-14,A,4,19,0
152,2022-04-01,13-14,B,4,19,0
152,2022-04-01,14-15,A,4,19,0
152,2022-04-01,14-15,B,4,19,0
152,2022-04-01,15-16,A,3,19,0
152,2022-04-01,15-16,B,2,19,0
152,2022-04-01,16-17,A,4,19,0
152,2022-04-01,16-17,B,3,19,0
152,2022-04-01,17-18,A,4,19,0
152,2022-04-01,17-18,B,3,19,0
152,2022-04-01,18-19,A,4,19,0
152,2022-04-01,18-19,B,4,19,0
152,2022-04-01,19-20,A,4,19,0
152,2022-04-01,19-20,B,4,19,0
152,2022-04-01,20-21,A,4,19,0
152,2022-04-01,20-21,B,3,19,0
152,2022-04-01,21-22,A,4,19,0
152,2022-04-01,21-22,B,3,19,0
153,2022-04-02,09-10,A,4,19,0
153,2022-04-02,09-10,B,2,19,0
153,2022-04-02,10-11,A,4,19,0
153,2022-04-02,10-11,B,4,19,0
153,2022-04-02,11-12,A,4,19,0
153,2022-04-02,11-12,B,4,19,0
153,2022-04-02,12-13,A,4,19,0
153,2022-04-02,12-13,B,4,19,0
153,2022-04-02,13-14,A,4,19,0
153,2022-04-02,13-14,B,4,19,0
153,2022-04-02,14-15,A,4,19,0
153,2022-04-02,14-15,B,4,19,0
153,2022-04-02,15-16,A,4,19,0
153,2022-04-02,15-16,B,2,19,0
153,2022-04-02,16-17,A,4,19,0
153,2022-04-02,16-17,B,2,19,0
153,2022-04-02,17-18,A,3,19,0
153,2022-04-02,17-18,B,2,19,0
153,2022-04-02,18-19,A,4,19,0
153,2022-04-02,18-19,B,3,19,0
153,2022-04-02,19-20,A,4,19,0
153,2022-04-02,19-20,B,4,19,0
153,2022-04-02,20-21,A,4,19,0
153,2022-04-02,20-21,B,4,19,0
153,2022-04-02,21-22,A,4,19,0
153,2022-04-02,21-22,B,3,19,0
154,2022-04-03,09-10,A,-1,0,0
154,2022-04-03,09-10,B,-1,0,0
154,2022-04-03,10-11,A,-1,0,0
154,2022-04-03,10-11,B,-1,0,0
154,2022-04-03,11-12,A,-1,0,0
154,2022-04-03,11-12,B,-1,0,0
154,2022-04-03,12-13,A,-1,0,0
154,2022-04-03,12-13,B,-1,0,0
154,2022-04-03,13-14,A,-1,0,0
154,2022-04-03,13-14,B,-1,0,0
154,2022-04-03,14-15,A,-1,0,0
154,2022-04-03,14-15,B,-1,0,0
154,2022-04-03,15-16,A,-1,0,0
154,2022-04-03,15-16,B,-1,0,0
154,2022-04-03,16-17,A,-1,0,0
154,2022-04-03,16-17,B,-1,0,0
154,2022-04-03,17-18,A,-1,0,0
154,2022-04-03,17-18,B,-1,0,0
154,2022-04-03,18-19,A,-1,0,0
154,2022-04-03,18-19,B,-1,0,0
154,2022-04-03,19-20,A,-1,0,0
154,2022-04-03,19-20,B,-1,0,0
154,2022-04-03,20-21,A,-1,0,0
154,2022-04-03,20-21,B,-1,0,0
154,2022-04-03,21-22,A,-1,0,0
154,2022-04-03,21-22,B,-1,0,0
155,2022-04-04,09-10,A,3,19,0
155,2022-04-04,09-10,B,2,19,0
155,2022-04-04,10-11,A,4,19,0
155,2022-04-04,10-11,B,2,19,0
155,2022-04-04,11-12,A,4,19,0
155,2022-04-04,11-12,B,4,19,0
155,2022-04-04,12-13,A,4,19,0
155,2022-04-04,12-13,B,4,19,0
155,2022-04-04,13-14,A,4,19,0
155,2022-04-04,13-14,B,4,19,0
155,2022-04-04,14-15,A,4,19,0
155,2022-04-04,14-15,B,4,19,0
155,2022-04-04,15-16,A,3,19,0
155,2022-04-04,15-16,B,2,19,0
155,2022-04-04,16-17,A,3,19,0
155,2022-04-04,16-17,B,2,19,0
155,2022-04-04,17-18,A,3,19,0
155,2022-04-04,17-18,B,2,19,0
155,2022-04-04,18-19,A,4,19,0
155,2022-04-04,18-19,B,4,19,0
155,2022-04-04,19-20,A,4,19,0
155,2022-04-04,19-20,B,4,19,0
155,2022-04-04,20-21,A,4,19,0
155,2022-04-04,20-21,B,3,19,0
155,2022-04-04,21-22,A,4,19,0
155,2022-04-04,21-22,B,3,19,0
156,2022-04-05,09-10,A,3,19,0
156,2022-04-05,09-10,B,2,19,0
156,2022-04-05,10-11,A,4,19,0
156,2022-04-05,10-11,B,3,19,0
156,2022-04-05,11-12,A,4,19,0
156,2022-04-05,11-12,B,4,19,0
156,2022-04-05,12-13,A,4,19,0
156,2022-04-05,12-13,B,4,19,0
156,2022-04-05,13-14,A,4,19,0
156,2022-04-05,13-14,B,4,19,0
156,2022-04-05,14-15,A,4,19,0
156,2022-04-05,14-15,B,4,19,0
156,2022-04-05,15-16,A,3,19,0
156,2022-04-05,15-16,B,2,19,0
156,2022-04-05,16-17,A,3,19,0
156,2022-04-05,16-17,B,3,19,0
156,2022-04-05,17-18,A,3,19,0
156,2022-04-05,17-18,B,3,19,0
156,2022-04-05,18-19,A,4,19,0
156,2022-04-05,18-19,B,4,19,0
156,2022-04-05,19-20,A,4,19,0
156,2022-04-05,19-20,B,4,19,0
156,2022-04-05,20-21,A,4,19,0
156,2022-04-05,20-21,B,4,19,0
156,2022-04-05,21-22,A,3,19,0
156,2022-04-05,21-22,B,2,19,0
157,2022-04-06,09-10,A,3,19,0
157,2022-04-06,09-10,B,2,19,0
157,2022-04-06,10-11,A,4,19,0
157,2022-04-06,10-11,B,3,19,0
157,2022-04-06,11-12,A,4,19,0
157,2022-04-06,11-12,B,4,19,0
157,2022-04-06,12-13,A,4,19,0
157,2022-04-06,12-13,B,4,19,0
157,2022-04-06,13-14,A,4,19,0
157,2022-04-06,13-14,B,4,19,0
157,2022-04-06,14-15,A,4,19,0
157,2022-04-06,14-15,B,4,19,0
157,2022-04-06,15-16,A,3,19,0
157,2022-04-06,15-16,B,1,19,0
157,2022-04-06,16-17,A,3,19,0
157,2022-04-06,16-17,B,2,19,0
157,2022-04-06,17-18,A,3,19,0
157,2022-04-06,17-18,B,2,19,0
157,2022-04-06,18-19,A,4,19,0
157,2022-04-06,18-19,B,3,19,0
157,2022-04-06,19-20,A,4,19,0
157,2022-04-06,19-20,B,3,19,0
157,2022-04-06,20-21,A,4,19,0
157,2022-04-06,20-21,B,4,19,0
157,2022-04-06,21-22,A,3,19,0
157,2022-04-06,21-22,B,2,19,0
158,2022-04-07,09-10,A,3,19,0
158,2022-04-07,09-10,B,2,19,0
158,2022-04-07,10-11,A,4,19,0
158,2022-04-07,10-11,B,4,19,0
158,2022-04-07,11-12,A,4,19,0
158,2022-04-07,11-12,B,4,19,0
158,2022-04-07,12-13,A,4,19,0
158,2022-04-07,12-13,B,4,19,0
158,2022-04-07,13-14,A,4,19,0
158,2022-04-07,13-14,B,4,19,0
158,2022-04-07,14-15,A,4,19,0
158,2022-04-07,14-15,B,4,19,0
158,2022-04-07,15-16,A,2,19,0
158,2022-04-07,15-16,B,1,19,0
158,2022-04-07,16-17,A,3,19,0
158,2022-04-07,16-17,B,2,19,0
158,2022-04-07,17-18,A,3,19,0
158,2022-04-07,17-18,B,2,19,0
158,2022-04-07,18-19,A,4,19,0
158,2022-04-07,18-19,B,3,19,0
158,2022-04-07,19-20,A,4,19,0
158,2022-04-07,19-20,B,3,19,0
158,2022-04-07,20-21,A,3,19,0
158,2022-04-07,20-21,B,3,19,0
158,2022-04-07,21-22,A,4,19,0
158,2022-04-07,21-22,B,4,19,0
159,2022-04-08,09-10,A,3,19,0
159,2022-04-08,09-10,B,2,19,0
159,2022-04-08,10-11,A,4,19,0
159,2022-04-08,10-11,B,2,19,0
159,2022-04-08,11-12,A,4,19,0
159,2022-04-08,11-12,B,3,19,0
159,2022-04-08,12-13,A,4,19,0
159,2022-04-08,12-13,B,4,19,0
159,2022-04-08,13-14,A,4,19,0
159,2022-04-08,13-14,B,4,19,0
159,2022-04-08,14-15,A,4,19,0
159,2022-04-08,14-15,B,3,19,0
159,2022-04-08,15-16,A,4,19,0
159,2022-04-08,15-16,B,2,19,0
159,2022-04-08,16-17,A,3,19,0
159,2022-04-08,16-17,B,3,19,0
159,2022-04-08,17-18,A,3,19,0
159,2022-04-08,17-18,B,2,19,0
159,2022-04-08,18-19,A,4,19,0
159,2022-04-08,18-19,B,3,19,0
159,2022-04-08,19-20,A,4,19,0
159,2022-04-08,19-20,B,4,19,0
159,2022-04-08,20-21,A,4,19,0
159,2022-04-08,20-21,B,4,19,0
159,2022-04-08,21-22,A,4,19,0
159,2022-04-08,21-22,B,3,19,0
160,2022-04-09,09-10,A,3,19,0
160,2022-04-09,09-10,B,2,19,0
160,2022-04-09,10-11,A,4,19,0
160,2022-04-09,10-11,B,4,19,0
160,2022-04-09,11-12,A,4,19,0
160,2022-04-09,11-12,B,4,19,0
160,2022-04-09,12-13,A,4,19,0
160,2022-04-09,12-13,B,4,19,0
160,2022-04-09,13-14,A,4,19,0
160,2022-04-09,13-14,B,4,19,0
160,2022-04-09,14-15,A,4,19,0
160,2022-04-09,14-15,B,4,19,0
160,2022-04-09,15-16,A,4,19,0
160,2022-04-09,15-16,B,2,19,0
160,2022-04-09,16-17,A,3,19,0
160,2022-04-09,16-17,B,2,19,0
160,2022-04-09,17-18,A,3,19,0
160,2022-04-09,17-18,B,2,19,0
160,2022-04-09,18-19,A,4,19,0
160,2022-04-09,18-19,B,2,19,0
160,2022-04-09,19-20,A,4,19,0
160,2022-04-09,19-20,B,4,19,0
160,2022-04-09,20-21,A,4,19,0
160,2022-04-09,20-21,B,4,19,0
160,2022-04-09,21-22,A,4,19,0
160,2022-04-09,21-22,B,4,19,0
161,2022-04-10,09-10,A,-1,0,0
161,2022-04-10,09-10,B,-1,0,0
161,2022-04-10,10-11,A,-1,0,0
161,2022-04-10,10-11,B,-1,0,0
161,2022-04-10,11-12,A,-1,0,0
161,2022-04-10,11-12,B,-1,0,0
161,2022-04-10,12-13,A,-1,0,0
161,2022-04-10,12-13,B,-1,0,0
161,2022-04-10,13-14,A,-1,0,0
161,2022-04-10,13-14,B,-1,0,0
161,2022-04-10,14-15,A,-1,0,0
161,2022-04-10,14-15,B,-1,0,0
161,2022-04-10,15-16,A,-1,0,0
161,2022-04-10,15-16,B,-1,0,0
161,2022-04-10,16-17,A,-1,0,0
161,2022-04-10,16-17,B,-1,0,0
161,2022-04-10,17-18,A,-1,0,0
161,2022-04-10,17-18,B,-1,0,0
161,2022-04-10,18-19,A,-1,0,0
161,2022-04-10,18-19,B,-1,0,0
161,2022-04-10,19-20,A,-1,0,0
161,2022-04-10,19-20,B,-1,0,0
161,2022-04-10,20-21,A,-1,0,0
161,2022-04-10,20-21,B,-1,0,0
161,2022-04-10,21-22,A,-1,0,0
161,2022-04-10,21-22,B,-1,0,0
162,2022-04-11,09-10,A,3,19,0
162,2022-04-11,09-10,B,2,19,0
162,2022-04-11,10-11,A,4,19,0
162,2022-04-11,10-11,B,4,19,0
162,2022-04-11,11-12,A,4,19,0
162,2022-04-11,11-12,B,4,19,0
162,2022-04-11,12-13,A,4,19,0
162,2022-04-11,12-13,B,4,19,0
162,2022-04-11,13-14,A,4,19,0
162,2022-04-11,13-14,B,4,19,0
162,2022-04-11,14-15,A,4,19,0
162,2022-04-11,14-15,B,4,19,0
162,2022-04-11,15-16,A,3,19,0
162,2022-04-11,15-16,B,2,19,0
162,2022-04-11,16-17,A,3,19,0
162,2022-04-11,16-17,B,2,19,0
162,2022-04-11,17-18,A,4,19,0
162,2022-04-11,17-18,B,2,19,0
162,2022-04-11,18-19,A,4,19,0
162,2022-04-11,18-19,B,3,19,0
162,2022-04-11,19-20,A,4,19,0
162,2022-04-11,19-20,B,4,19,0
162,2022-04-11,20-21,A,4,19,0
162,2022-04-11,20-21,B,4,19,0
162,2022-04-11,21-22,A,4,19,0
162,2022-04-11,21-22,B,3,19,0
163,2022-04-12,09-10,A,3,19,0
163,2022-04-12,09-10,B,2,19,0
163,2022-04-12,10-11,A,4,19,0
163,2022-04-12,10-11,B,4,19,0
163,2022-04-12,11-12,A,4,19,0
163,2022-04-12,11-12,B,4,19,0
163,2022-04-12,12-13,A,4,19,0
163,2022-04-12,12-13,B,4,19,0
163,2022-04-12,13-14,A,4,19,0
163,2022-04-12,13-14,B,4,19,0
163,2022-04-12,14-15,A,4,19,0
163,2022-04-12,14-15,B,4,19,0
163,2022-04-12,15-16,A,3,19,0
163,2022-04-12,15-16,B,2,19,0
163,2022-04-12,16-17,A,3,19,0
163,2022-04-12,16-17,B,2,19,0
163,2022-04-12,17-18,A,3,19,0
163,2022-04-12,17-18,B,3,19,0
163,2022-04-12,18-19,A,3,19,0
163,2022-04-12,18-19,B,2,19,0
163,2022-04-12,19-20,A,4,19,0
163,2022-04-12,19-20,B,3,19,0
163,2022-04-12,20-21,A,4,19,0
163,2022-04-12,20-21,B,3,19,0
163,2022-04-12,21-22,A,3,19,0
163,2022-04-12,21-22,B,2,19,0
164,2022-04-13,09-10,A,3,19,0
164,2022-04-13,09-10,B,2,19,0
164,2022-04-13,10-11,A,4,19,0
164,2022-04-13,10-11,B,4,19,0
164,2022-04-13,11-12,A,4,19,0
164,2022-04-13,11-12,B,4,19,0
164,2022-04-13,12-13,A,4,19,0
164,2022-04-13,12-13,B,4,19,0
164,2022-04-13,13-14,A,4,19,0
164,2022-04-13,13-14,B,4,19,0
164,2022-04-13,14-15,A,4,19,0
164,2022-04-13,14-15,B,4,19,0
164,2022-04-13,15-16,A,3,19,0
164,2022-04-13,15-16,B,2,19,0
164,2022-04-13,16-17,A,4,19,0
164,2022-04-13,16-17,B,3,19,0
164,2022-04-13,17-18,A,4,19,0
164,2022-04-13,17-18,B,3,19,0
164,2022-04-13,18-19,A,4,19,0
164,2022-04-13,18-19,B,3,19,0
164,2022-04-13,19-20,A,4,19,0
164,2022-04-13,19-20,B,4,19,0
164,2022-04-13,20-21,A,4,19,0
164,2022-04-13,20-21,B,3,19,0
164,2022-04-13,21-22,A,3,19,0
164,2022-04-13,21-22,B,2,19,0
165,2022-04-14,09-10,A,-1,0,0
165,2022-04-14,09-10,B,-1,0,0
165,2022-04-14,10-11,A,-1,0,0
165,2022-04-14,10-11,B,-1,0,0
165,2022-04-14,11-12,A,-1,0,0
165,2022-04-14,11-12,B,-1,0,0
165,2022-04-14,12-13,A,-1,0,0
165,2022-04-14,12-13,B,-1,0,0
165,2022-04-14,13-14,A,-1,0,0
165,2022-04-14,13-14,B,-1,0,0
165,2022-04-14,14-15,A,-1,0,0
165,2022-04-14,14-15,B,-1,0,0
165,2022-04-14,15-16,A,-1,0,0
165,2022-04-14,15-16,B,-1,0,0
165,2022-04-14,16-17,A,-1,0,0
165,2022-04-14,16-17,B,-1,0,0
165,2022-04-14,17-18,A,-1,0,0
165,2022-04-14,17-18,B,-1,0,0
165,2022-04-14,18-19,A,-1,0,0
165,2022-04-14,18-19,B,-1,0,0
165,2022-04-14,19-20,A,-1,0,0
165,2022-04-14,19-20,B,-1,0,0
165,2022-04-14,20-21,A,-1,0,0
165,2022-04-14,20-21,B,-1,0,0
165,2022-04-14,21-22,A,-1,0,0
165,2022-04-14,21-22,B,-1,0,0
166,2022-04-15,09-10,A,-1,0,0
166,2022-04-15,09-10,B,-1,0,0
166,2022-04-15,10-11,A,-1,0,0
166,2022-04-15,10-11,B,-1,0,0
166,2022-04-15,11-12,A,-1,0,0
166,2022-04-15,11-12,B,-1,0,0
166,2022-04-15,12-13,A,-1,0,0
166,2022-04-15,12-13,B,-1,0,0
166,2022-04-15,13-14,A,-1,0,0
166,2022-04-15,13-14,B,-1,0,0
166,2022-04-15,14-15,A,-1,0,0
166,2022-04-15,14-15,B,-1,0,0
166,2022-04-15,15-16,A,-1,0,0
166,2022-04-15,15-16,B,-1,0,0
166,2022-04-15,16-17,A,-1,0,0
166,2022-04-15,16-17,B,-1,0,0
166,2022-04-15,17-18,A,-1,0,0
166,2022-04-15,17-18,B,-1,0,0
166,2022-04-15,18-19,A,-1,0,0
166,2022-04-15,18-19,B,-1,0,0
166,2022-04-15,19-20,A,-1,0,0
166,2022-04-15,19-20,B,-1,0,0
166,2022-04-15,20-21,A,-1,0,0
166,2022-04-15,20-21,B,-1,0,0
166,2022-04-15,21-22,A,-1,0,0
166,2022-04-15,21-22,B,-1,0,0
167,2022-04-16,09-10,A,3,19,0
167,2022-04-16,09-10,B,3,19,0
167,2022-04-16,10-11,A,4,19,0
167,2022-04-16,10-11,B,4,19,0
167,2022-04-16,11-12,A,4,19,0
167,2022-04-16,11-12,B,4,19,0
167,2022-04-16,12-13,A,4,19,0
167,2022-04-16,12-13,B,4,19,0
167,2022-04-16,13-14,A,4,19,0
167,2022-04-16,13-14,B,4,19,0
167,2022-04-16,14-15,A,4,19,0
167,2022-04-16,14-15,B,4,19,0
167,2022-04-16,15-16,A,3,19,0
167,2022-04-16,15-16,B,2,19,0
167,2022-04-16,16-17,A,3,19,0
167,2022-04-16,16-17,B,2,19,0
167,2022-04-16,17-18,A,3,19,0
167,2022-04-16,17-18,B,3,19,0
167,2022-04-16,18-19,A,3,19,0
167,2022-04-16,18-19,B,3,19,0
167,2022-04-16,19-20,A,4,19,0
167,2022-04-16,19-20,B,4,19,0
167,2022-04-16,20-21,A,4,19,0
167,2022-04-16,20-21,B,4,19,0
167,2022-04-16,21-22,A,3,19,0
167,2022-04-16,21-22,B,4,19,0
168,2022-04-17,09-10,A,-1,0,0
168,2022-04-17,09-10,B,-1,0,0
168,2022-04-17,10-11,A,-1,0,0
168,2022-04-17,10-11,B,-1,0,0
168,2022-04-17,11-12,A,-1,0,0
168,2022-04-17,11-12,B,-1,0,0
168,2022-04-17,12-13,A,-1,0,0
168,2022-04-17,12-13,B,-1,0,0
168,2022-04-17,13-14,A,-1,0,0
168,2022-04-17,13-14,B,-1,0,0
168,2022-04-17,14-15,A,-1,0,0
168,2022-04-17,14-15,B,-1,0,0
168,2022-04-17,15-16,A,-1,0,0
168,2022-04-17,15-16,B,-1,0,0
168,2022-04-17,16-17,A,-1,0,0
168,2022-04-17,16-17,B,-1,0,0
168,2022-04-17,17-18,A,-1,0,0
168,2022-04-17,17-18,B,-1,0,0
168,2022-04-17,18-19,A,-1,0,0
168,2022-04-17,18-19,B,-1,0,0
168,2022-04-17,19-20,A,-1,0,0
168,2022-04-17,19-20,B,-1,0,0
168,2022-04-17,20-21,A,-1,0,0
168,2022-04-17,20-21,B,-1,0,0
168,2022-04-17,21-22,A,-1,0,0
168,2022-04-17,21-22,B,-1,0,0
169,2022-04-18,09-10,A,3,19,0
169,2022-04-18,09-10,B,2,19,0
169,2022-04-18,10-11,A,4,19,0
169,2022-04-18,10-11,B,3,19,0
169,2022-04-18,11-12,A,4,19,0
169,2022-04-18,11-12,B,3,19,0
169,2022-04-18,12-13,A,4,19,0
169,2022-04-18,12-13,B,4,19,0
169,2022-04-18,13-14,A,4,19,0
169,2022-04-18,13-14,B,4,19,0
169,2022-04-18,14-15,A,4,19,0
169,2022-04-18,14-15,B,4,19,0
169,2022-04-18,15-16,A,3,19,0
169,2022-04-18,15-16,B,2,19,0
169,2022-04-18,16-17,A,3,19,0
169,2022-04-18,16-17,B,2,19,0
169,2022-04-18,17-18,A,3,19,0
169,2022-04-18,17-18,B,2,19,0
169,2022-04-18,18-19,A,4,19,0
169,2022-04-18,18-19,B,3,19,0
169,2022-04-18,19-20,A,4,19,0
169,2022-04-18,19-20,B,4,19,0
169,2022-04-18,20-21,A,4,19,0
169,2022-04-18,20-21,B,3,19,0
169,2022-04-18,21-22,A,4,19,0
169,2022-04-18,21-22,B,3,19,0
170,2022-04-19,09-10,A,3,19,0
170,2022-04-19,09-10,B,2,19,0
170,2022-04-19,10-11,A,4,19,0
170,2022-04-19,10-11,B,3,19,0
170,2022-04-19,11-12,A,4,19,0
170,2022-04-19,11-12,B,4,19,0
170,2022-04-19,12-13,A,4,19,0
170,2022-04-19,12-13,B,4,19,0
170,2022-04-19,13-14,A,4,19,0
170,2022-04-19,13-14,B,4,19,0
170,2022-04-19,14-15,A,4,19,0
170,2022-04-19,14-15,B,4,19,0
170,2022-04-19,15-16,A,3,19,0
170,2022-04-19,15-16,B,2,19,0
170,2022-04-19,16-17,A,3,19,0
170,2022-04-19,16-17,B,2,19,0
170,2022-04-19,17-18,A,3,19,0
170,2022-04-19,17-18,B,2,19,0
170,2022-04-19,18-19,A,4,19,0
170,2022-04-19,18-19,B,3,19,0
170,2022-04-19,19-20,A,4,19,0
170,2022-04-19,19-20,B,4,19,0
170,2022-04-19,20-21,A,4,19,0
170,2022-04-19,20-21,B,3,19,0
170,2022-04-19,21-22,A,4,19,0
170,2022-04-19,21-22,B,3,19,0
171,2022-04-20,09-10,A,3,19,0
171,2022-04-20,09-10,B,2,19,0
171,2022-04-20,10-11,A,4,19,0
171,2022-04-20,10-11,B,3,19,0
171,2022-04-20,11-12,A,4,19,0
171,2022-04-20,11-12,B,4,19,0
171,2022-04-20,12-13,A,4,19,0
171,2022-04-20,12-13,B,4,19,0
171,2022-04-20,13-14,A,4,19,0
171,2022-04-20,13-14,B,4,19,0
171,2022-04-20,14-15,A,4,19,0
171,2022-04-20,14-15,B,4,19,0
171,2022-04-20,15-16,A,3,19,0
171,2022-04-20,15-16,B,2,19,0
171,2022-04-20,16-17,A,3,19,0
171,2022-04-20,16-17,B,3,19,0
171,2022-04-20,17-18,A,3,19,0
171,2022-04-20,17-18,B,3,19,0
171,2022-04-20,18-19,A,4,19,0
171,2022-04-20,18-19,B,3,19,0
171,2022-04-20,19-20,A,4,19,0
171,2022-04-20,19-20,B,3,19,0
171,2022-04-20,20-21,A,4,19,0
171,2022-04-20,20-21,B,4,19,0
171,2022-04-20,21-22,A,4,19,0
171,2022-04-20,21-22,B,3,19,0
172,2022-04-21,09-10,A,3,19,0
172,2022-04-21,09-10,B,2,19,0
172,2022-04-21,10-11,A,4,19,0
172,2022-04-21,10-11,B,4,19,0
172,2022-04-21,11-12,A,4,19,0
172,2022-04-21,11-12,B,4,19,0
172,2022-04-21,12-13,A,4,19,0
172,2022-04-21,12-13,B,4,19,0
172,2022-04-21,13-14,A,4,19,0
172,2022-04-21,13-14,B,4,19,0
172,2022-04-21,14-15,A,4,19,0
172,2022-04-21,14-15,B,4,19,0
172,2022-04-21,15-16,A,2,19,0
172,2022-04-21,15-16,B,2,19,0
172,2022-04-21,16-17,A,4,19,0
172,2022-04-21,16-17,B,2,19,0
172,2022-04-21,17-18,A,3,19,0
172,2022-04-21,17-18,B,3,19,0
172,2022-04-21,18-19,A,4,19,0
172,2022-04-21,18-19,B,3,19,0
172,2022-04-21,19-20,A,4,19,0
172,2022-04-21,19-20,B,4,19,0
172,2022-04-21,20-21,A,4,19,0
172,2022-04-21,20-21,B,3,19,0
172,2022-04-21,21-22,A,3,19,0
172,2022-04-21,21-22,B,2,19,0
173,2022-04-22,09-10,A,4,19,0
173,2022-04-22,09-10,B,3,19,0
173,2022-04-22,10-11,A,4,19,0
173,2022-04-22,10-11,B,4,19,0
173,2022-04-22,11-12,A,4,19,0
173,2022-04-22,11-12,B,4,19,0
173,2022-04-22,12-13,A,4,19,0
173,2022-04-22,12-13,B,4,19,0
173,2022-04-22,13-14,A,4,19,0
173,2022-04-22,13-14,B,4,19,0
173,2022-04-22,14-15,A,4,19,0
173,2022-04-22,14-15,B,4,19,0
173,2022-04-22,15-16,A,4,19,0
173,2022-04-22,15-16,B,3,19,0
173,2022-04-22,16-17,A,4,19,0
173,2022-04-22,16-17,B,3,19,0
173,2022-04-22,17-18,A,4,19,0
173,2022-04-22,17-18,B,4,19,0
173,2022-04-22,18-19,A,4,19,0
173,2022-04-22,18-19,B,4,19,0
173,2022-04-22,19-20,A,4,19,0
173,2022-04-22,19-20,B,4,19,0
173,2022-04-22,20-21,A,4,19,0
173,2022-04-22,20-21,B,4,19,0
173,2022-04-22,21-22,A,4,19,0
173,2022-04-22,21-22,B,4,19,0
174,2022-04-23,09-10,A,3,19,0
174,2022-04-23,09-10,B,2,19,0
174,2022-04-23,10-11,A,4,19,0
174,2022-04-23,10-11,B,4,19,0
174,2022-04-23,11-12,A,4,19,0
174,2022-04-23,11-12,B,4,19,0
174,2022-04-23,12-13,A,4,19,0
174,2022-04-23,12-13,B,4,19,0
174,2022-04-23,13-14,A,4,19,0
174,2022-04-23,13-14,B,4,19,0
174,2022-04-23,14-15,A,4,19,0
174,2022-04-23,14-15,B,4,19,0
174,2022-04-23,15-16,A,3,19,0
174,2022-04-23,15-16,B,2,19,0
174,2022-04-23,16-17,A,3,19,0
174,2022-04-23,16-17,B,2,19,0
174,2022-04-23,17-18,A,3,19,0
174,2022-04-23,17-18,B,2,19,0
174,2022-04-23,18-19,A,4,19,0
174,2022-04-23,18-19,B,2,19,0
174,2022-04-23,19-20,A,4,19,0
174,2022-04-23,19-20,B,3,19,0
174,2022-04-23,20-21,A,4,19,0
174,2022-04-23,20-21,B,4,19,0
174,2022-04-23,21-22,A,4,19,0
174,2022-04-23,21-22,B,4,19,0
175,2022-04-24,09-10,A,-1,0,0
175,2022-04-24,09-10,B,-1,0,0
175,2022-04-24,10-11,A,-1,0,0
175,2022-04-24,10-11,B,-1,0,0
175,2022-04-24,11-12,A,-1,0,0
175,2022-04-24,11-12,B,-1,0,0
175,2022-04-24,12-13,A,-1,0,0
175,2022-04-24,12-13,B,-1,0,0
175,2022-04-24,13-14,A,-1,0,0
175,2022-04-24,13-14,B,-1,0,0
175,2022-04-24,14-15,A,-1,0,0
175,2022-04-24,14-15,B,-1,0,0
175,2022-04-24,15-16,A,-1,0,0
175,2022-04-24,15-16,B,-1,0,0
175,2022-04-24,16-17,A,-1,0,0
175,2022-04-24,16-17,B,-1,0,0
175,2022-04-24,17-18,A,-1,0,0
175,2022-04-24,17-18,B,-1,0,0
175,2022-04-24,18-19,A,-1,0,0
175,2022-04-24,18-19,B,-1,0,0
175,2022-04-24,19-20,A,-1,0,0
175,2022-04-24,19-20,B,-1,0,0
175,2022-04-24,20-21,A,-1,0,0
175,2022-04-24,20-21,B,-1,0,0
175,2022-04-24,21-22,A,-1,0,0
175,2022-04-24,21-22,B,-1,0,0
176,2022-04-25,09-10,A,3,19,0
176,2022-04-25,09-10,B,2,19,0
176,2022-04-25,10-11,A,4,19,0
176,2022-04-25,10-11,B,3,19,0
176,2022-04-25,11-12,A,4,19,0
176,2022-04-25,11-12,B,4,19,0
176,2022-04-25,12-13,A,4,19,0
176,2022-04-25,12-13,B,4,19,0
176,2022-04-25,13-14,A,4,19,0
176,2022-04-25,13-14,B,4,19,0
176,2022-04-25,14-15,A,4,19,0
176,2022-04-25,14-15,B,4,19,0
176,2022-04-25,15-16,A,3,19,0
176,2022-04-25,15-16,B,2,19,0
176,2022-04-25,16-17,A,2,19,0
176,2022-04-25,16-17,B,2,19,0
176,2022-04-25,17-18,A,3,19,0
176,2022-04-25,17-18,B,2,19,0
176,2022-04-25,18-19,A,4,19,0
176,2022-04-25,18-19,B,3,19,0
176,2022-04-25,19-20,A,4,19,0
176,2022-04-25,19-20,B,4,19,0
176,2022-04-25,20-21,A,4,19,0
176,2022-04-25,20-21,B,3,19,0
176,2022-04-25,21-22,A,4,19,0
176,2022-04-25,21-22,B,3,19,0
177,2022-04-26,09-10,A,3,19,0
177,2022-04-26,09-10,B,2,19,0
177,2022-04-26,10-11,A,4,19,0
177,2022-04-26,10-11,B,4,19,0
177,2022-04-26,11-12,A,4,19,0
177,2022-04-26,11-12,B,4,19,0
177,2022-04-26,12-13,A,4,19,0
177,2022-04-26,12-13,B,4,19,0
177,2022-04-26,13-14,A,4,19,0
177,2022-04-26,13-14,B,4,19,0
177,2022-04-26,14-15,A,4,19,0
177,2022-04-26,14-15,B,4,19,0
177,2022-04-26,15-16,A,3,19,0
177,2022-04-26,15-16,B,3,19,0
177,2022-04-26,16-17,A,3,19,0
177,2022-04-26,16-17,B,3,19,0
177,2022-04-26,17-18,A,3,19,0
177,2022-04-26,17-18,B,3,19,0
177,2022-04-26,18-19,A,4,19,0
177,2022-04-26,18-19,B,3,19,0
177,2022-04-26,19-20,A,4,19,0
177,2022-04-26,19-20,B,4,19,0
177,2022-04-26,20-21,A,4,19,0
177,2022-04-26,20-21,B,4,19,0
177,2022-04-26,21-22,A,4,19,0
177,2022-04-26,21-22,B,4,19,0
178,2022-04-27,09-10,A,3,19,0
178,2022-04-27,09-10,B,2,19,0
178,2022-04-27,10-11,A,4,19,0
178,2022-04-27,10-11,B,4,19,0
178,2022-04-27,11-12,A,4,19,0
178,2022-04-27,11-12,B,4,19,0
178,2022-04-27,12-13,A,4,19,0
178,2022-04-27,12-13,B,4,19,0
178,2022-04-27,13-14,A,4,19,0
178,2022-04-27,13-14,B,4,19,0
178,2022-04-27,14-15,A,4,19,0
178,2022-04-27,14-15,B,4,19,0
178,2022-04-27,15-16,A,3,19,0
178,2022-04-27,15-16,B,2,19,0
178,2022-04-27,16-17,A,3,19,0
178,2022-04-27,16-17,B,2,19,0
178,2022-04-27,17-18,A,3,19,0
178,2022-04-27,17-18,B,2,19,0
178,2022-04-27,18-19,A,4,19,0
178,2022-04-27,18-19,B,3,19,0
178,2022-04-27,19-20,A,4,19,0
178,2022-04-27,19-20,B,4,19,0
178,2022-04-27,20-21,A,3,19,0
178,2022-04-27,20-21,B,3,19,0
178,2022-04-27,21-22,A,3,19,0
178,2022-04-27,21-22,B,2,19,0
179,2022-04-28,09-10,A,3,19,0
179,2022-04-28,09-10,B,2,19,0
179,2022-04-28,10-11,A,4,19,0
179,2022-04-28,10-11,B,4,19,0
179,2022-04-28,11-12,A,4,19,0
179,2022-04-28,11-12,B,4,19,0
179,2022-04-28,12-13,A,4,19,0
179,2022-04-28,12-13,B,4,19,0
179,2022-04-28,13-14,A,4,19,0
179,2022-04-28,13-14,B,4,19,0
179,2022-04-28,14-15,A,4,19,0
179,2022-04-28,14-15,B,4,19,0
179,2022-04-28,15-16,A,3,19,0
179,2022-04-28,15-16,B,2,19,0
179,2022-04-28,16-17,A,3,19,0
179,2022-04-28,16-17,B,3,19,0
179,2022-04-28,17-18,A,4,19,0
179,2022-04-28,17-18,B,3,19,0
179,2022-04-28,18-19,A,4,19,0
179,2022-04-28,18-19,B,3,19,0
179,2022-04-28,19-20,A,4,19,0
179,2022-04-28,19-20,B,4,19,0
179,2022-04-28,20-21,A,4,19,0
179,2022-04-28,20-21,B,3,19,0
179,2022-04-28,21-22,A,3,19,0
179,2022-04-28,21-22,B,2,19,0
180,2022-04-29,09-10,A,4,19,0
180,2022-04-29,09-10,B,3,19,0
180,2022-04-29,10-11,A,4,19,0
180,2022-04-29,10-11,B,4,19,0
180,2022-04-29,11-12,A,4,19,0
180,2022-04-29,11-12,B,4,19,0
180,2022-04-29,12-13,A,4,19,0
180,2022-04-29,12-13,B,4,19,0
180,2022-04-29,13-14,A,4,19,0
180,2022-04-29,13-14,B,4,19,0
180,2022-04-29,14-15,A,4,19,0
180,2022-04-29,14-15,B,4,19,0
180,2022-04-29,15-16,A,4,19,0
180,2022-04-29,15-16,B,3,19,0
180,2022-04-29,16-17,A,4,19,0
180,2022-04-29,16-17,B,3,19,0
180,2022-04-29,17-18,A,4,19,0
180,2022-04-29,17-18,B,4,19,0
180,2022-04-29,18-19,A,4,19,0
180,2022-04-29,18-19,B,4,19,0
180,2022-04-29,19-20,A,4,19,0
180,2022-04-29,19-20,B,4,19,0
180,2022-04-29,20-21,A,4,19,0
180,2022-04-29,20-21,B,4,19,0
180,2022-04-29,21-22,A,4,19,0
180,2022-04-29,21-22,B,4,19,0
181,2022-04-30,09-10,A,3,19,0
181,2022-04-30,09-10,B,2,19,0
181,2022-04-30,10-11,A,4,19,0
181,2022-04-30,10-11,B,4,19,0
181,2022-04-30,11-12,A,4,19,0
181,2022-04-30,11-12,B,4,19,0
181,2022-04-30,12-13,A,4,19,0
181,2022-04-30,12-13,B,4,19,0
181,2022-04-30,13-14,A,4,19,0
181,2022-04-30,13-14,B,4,19,0
181,2022-04-30,14-15,A,4,19,0
181,2022-04-30,14-15,B,4,19,0
181,2022-04-30,15-16,A,3,19,0
181,2022-04-30,15-16,B,2,19,0
181,2022-04-30,16-17,A,3,19,0
181,2022-04-30,16-17,B,2,19,0
181,2022-04-30,17-18,A,3,19,0
181,2022-04-30,17-18,B,2,19,0
181,2022-04-30,18-19,A,4,19,0
181,2022-04-30,18-19,B,2,19,0
181,2022-04-30,19-20,A,4,19,0
181,2022-04-30,19-20,B,3,19,0
181,2022-04-30,20-21,A,4,19,0
181,2022-04-30,20-21,B,4,19,0
181,2022-04-30,21-22,A,4,19,0
181,2022-04-30,21-22,B,4,19,0
182,2022-05-01,09-10,A,-1,0,0
182,2022-05-01,09-10,B,-1,0,0
182,2022-05-01,10-11,A,-1,0,0
182,2022-05-01,10-11,B,-1,0,0
182,2022-05-01,11-12,A,-1,0,0
182,2022-05-01,11-12,B,-1,0,0
182,2022-05-01,12-13,A,-1,0,0
182,2022-05-01,12-13,B,-1,0,0
182,2022-05-01,13-14,A,-1,0,0
182,2022-05-01,13-14,B,-1,0,0
182,2022-05-01,14-15,A,-1,0,0
182,2022-05-01,14-15,B,-1,0,0
182,2022-05-01,15-16,A,-1,0,0
182,2022-05-01,15-16,B,-1,0,0
182,2022-05-01,16-17,A,-1,0,0
182,2022-05-01,16-17,B,-1,0,0
182,2022-05-01,17-18,A,-1,0,0
182,2022-05-01,17-18,B,-1,0,0
182,2022-05-01,18-19,A,-1,0,0
182,2022-05-01,18-19,B,-1,0,0
182,2022-05-01,19-20,A,-1,0,0
182,2022-05-01,19-20,B,-1,0,0
182,2022-05-01,20-21,A,-1,0,0
182,2022-05-01,20-21,B,-1,0,0
182,2022-05-01,21-22,A,-1,0,0
182,2022-05-01,21-22,B,-1,0,0
183,2022-05-02,09-10,A,-1,0,0
183,2022-05-02,09-10,B,-1,0,0
183,2022-05-02,10-11,A,-1,0,0
183,2022-05-02,10-11,B,-1,0,0
183,2022-05-02,11-12,A,-1,0,0
183,2022-05-02,11-12,B,-1,0,0
183,2022-05-02,12-13,A,-1,0,0
183,2022-05-02,12-13,B,-1,0,0
183,2022-05-02,13-14,A,-1,0,0
183,2022-05-02,13-14,B,-1,0,0
183,2022-05-02,14-15,A,-1,0,0
183,2022-05-02,14-15,B,-1,0,0
183,2022-05-02,15-16,A,-1,0,0
183,2022-05-02,15-16,B,-1,0,0
183,2022-05-02,16-17,A,-1,0,0
183,2022-05-02,16-17,B,-1,0,0
183,2022-05-02,17-18,A,-1,0,0
183,2022-05-02,17-18,B,-1,0,0
183,2022-05-02,18-19,A,-1,0,0
183,2022-05-02,18-19,B,-1,0,0
183,2022-05-02,19-20,A,-1,0,0
183,2022-05-02,19-20,B,-1,0,0
183,2022-05-02,20-21,A,-1,0,0
183,2022-05-02,20-21,B,-1,0,0
183,2022-05-02,21-22,A,-1,0,0
183,2022-05-02,21-22,B,-1,0,0
184,2022-05-03,09-10,A,2,19,0
184,2022-05-03,09-10,B,2,19,0
184,2022-05-03,10-11,A,3,19,0
184,2022-05-03,10-11,B,3,19,0
184,2022-05-03,11-12,A,4,19,0
184,2022-05-03,11-12,B,4,19,0
184,2022-05-03,12-13,A,4,19,0
184,2022-05-03,12-13,B,3,19,0
184,2022-05-03,13-14,A,4,19,0
184,2022-05-03,13-14,B,4,19,0
184,2022-05-03,14-15,A,4,19,0
184,2022-05-03,14-15,B,3,19,0
184,2022-05-03,15-16,A,3,19,0
184,2022-05-03,15-16,B,2,19,0
184,2022-05-03,16-17,A,3,19,0
184,2022-05-03,16-17,B,2,19,0
184,2022-05-03,17-18,A,3,19,0
184,2022-05-03,17-18,B,2,19,0
184,2022-05-03,18-19,A,4,19,0
184,2022-05-03,18-19,B,3,19,0
184,2022-05-03,19-20,A,4,19,0
184,2022-05-03,19-20,B,4,19,0
184,2022-05-03,20-21,A,4,19,0
184,2022-05-03,20-21,B,2,19,0
184,2022-05-03,21-22,A,3,19,0
184,2022-05-03,21-22,B,1,19,0
185,2022-05-04,09-10,A,3,19,0
185,2022-05-04,09-10,B,2,19,0
185,2022-05-04,10-11,A,4,19,0
185,2022-05-04,10-11,B,3,19,0
185,2022-05-04,11-12,A,4,19,0
185,2022-05-04,11-12,B,3,19,0
185,2022-05-04,12-13,A,4,19,0
185,2022-05-04,12-13,B,4,19,0
185,2022-05-04,13-14,A,4,19,0
185,2022-05-04,13-14,B,4,19,0
185,2022-05-04,14-15,A,4,19,0
185,2022-05-04,14-15,B,3,19,0
185,2022-05-04,15-16,A,3,19,0
185,2022-05-04,15-16,B,2,19,0
185,2022-05-04,16-17,A,3,19,0
185,2022-05-04,16-17,B,2,19,0
185,2022-05-04,17-18,A,3,19,0
185,2022-05-04,17-18,B,3,19,0
185,2022-05-04,18-19,A,4,19,0
185,2022-05-04,18-19,B,3,19,0
185,2022-05-04,19-20,A,4,19,0
185,2022-05-04,19-20,B,4,19,0
185,2022-05-04,20-21,A,4,19,0
185,2022-05-04,20-21,B,3,19,0
185,2022-05-04,21-22,A,4,19,0
185,2022-05-04,21-22,B,3,19,0
186,2022-05-05,09-10,A,3,19,0
186,2022-05-05,09-10,B,2,19,0
186,2022-05-05,10-11,A,4,19,0
186,2022-05-05,10-11,B,4,19,0
186,2022-05-05,11-12,A,4,19,0
186,2022-05-05,11-12,B,4,19,0
186,2022-05-05,12-13,A,4,19,0
186,2022-05-05,12-13,B,4,19,0
186,2022-05-05,13-14,A,4,19,0
186,2022-05-05,13-14,B,4,19,0
186,2022-05-05,14-15,A,4,19,0
186,2022-05-05,14-15,B,4,19,0
186,2022-05-05,15-16,A,3,19,0
186,2022-05-05,15-16,B,2,19,0
186,2022-05-05,16-17,A,2,19,0
186,2022-05-05,16-17,B,2,19,0
186,2022-05-05,17-18,A,3,19,0
186,2022-05-05,17-18,B,2,19,0
186,2022-05-05,18-19,A,4,19,0
186,2022-05-05,18-19,B,3,19,0
186,2022-05-05,19-20,A,4,19,0
186,2022-05-05,19-20,B,4,19,0
186,2022-05-05,20-21,A,4,19,0
186,2022-05-05,20-21,B,3,19,0
186,2022-05-05,21-22,A,3,19,0
186,2022-05-05,21-22,B,3,19,0
187,2022-05-06,09-10,A,3,19,0
187,2022-05-06,09-10,B,2,19,0
187,2022-05-06,10-11,A,4,19,0
187,2022-05-06,10-11,B,3,19,0
187,2022-05-06,11-12,A,4,19,0
187,2022-05-06,11-12,B,4,19,0
187,2022-05-06,12-13,A,4,19,0
187,2022-05-06,12-13,B,4,19,0
187,2022-05-06,13-14,A,4,19,0
187,2022-05-06,13-14,B,4,19,0
187,2022-05-06,14-15,A,4,19,0
187,2022-05-06,14-15,B,3,19,0
187,2022-05-06,15-16,A,3,19,0
187,2022-05-06,15-16,B,3,19,0
187,2022-05-06,16-17,A,3,19,0
187,2022-05-06,16-17,B,3,19,0
187,2022-05-06,17-18,A,3,19,0
187,2022-05-06,17-18,B,3,19,0
187,2022-05-06,18-19,A,4,19,0
187,2022-05-06,18-19,B,3,19,0
187,2022-05-06,19-20,A,4,19,0
187,2022-05-06,19-20,B,4,19,0
187,2022-05-06,20-21,A,4,19,0
187,2022-05-06,20-21,B,4,19,0
187,2022-05-06,21-22,A,4,19,0
187,2022-05-06,21-22,B,4,19,0
188,2022-05-07,09-10,A,2,19,0
188,2022-05-07,09-10,B,2,19,0
188,2022-05-07,10-11,A,4,19,0
188,2022-05-07,10-11,B,4,19,0
188,2022-05-07,11-12,A,4,19,0
188,2022-05-07,11-12,B,4,19,0
188,2022-05-07,12-13,A,4,19,0
188,2022-05-07,12-13,B,4,19,0
188,2022-05-07,13-14,A,4,19,0
188,2022-05-07,13-14,B,4,19,0
188,2022-05-07,14-15,A,4,19,0
188,2022-05-07,14-15,B,4,19,0
188,2022-05-07,15-16,A,3,19,0
188,2022-05-07,15-16,B,2,19,0
188,2022-05-07,16-17,A,4,19,0
188,2022-05-07,16-17,B,3,19,0
188,2022-05-07,17-18,A,4,19,0
188,2022-05-07,17-18,B,3,19,0
188,2022-05-07,18-19,A,4,19,0
188,2022-05-07,18-19,B,3,19,0
188,2022-05-07,19-20,A,4,19,0
188,2022-05-07,19-20,B,4,19,0
188,2022-05-07,20-21,A,4,19,0
188,2022-05-07,20-21,B,4,19,0
188,2022-05-07,21-22,A,4,19,0
188,2022-05-07,21-22,B,4,19,0
189,2022-05-08,09-10,A,-1,0,0
189,2022-05-08,09-10,B,-1,0,0
189,2022-05-08,10-11,A,-1,0,0
189,2022-05-08,10-11,B,-1,0,0
189,2022-05-08,11-12,A,-1,0,0
189,2022-05-08,11-12,B,-1,0,0
189,2022-05-08,12-13,A,-1,0,0
189,2022-05-08,12-13,B,-1,0,0
189,2022-05-08,13-14,A,-1,0,0
189,2022-05-08,13-14,B,-1,0,0
189,2022-05-08,14-15,A,-1,0,0
189,2022-05-08,14-15,B,-1,0,0
189,2022-05-08,15-16,A,-1,0,0
189,2022-05-08,15-16,B,-1,0,0
189,2022-05-08,16-17,A,-1,0,0
189,2022-05-08,16-17,B,-1,0,0
189,2022-05-08,17-18,A,-1,0,0
189,2022-05-08,17-18,B,-1,0,0
189,2022-05-08,18-19,A,-1,0,0
189,2022-05-08,18-19,B,-1,0,0
189,2022-05-08,19-20,A,-1,0,0
189,2022-05-08,19-20,B,-1,0,0
189,2022-05-08,20-21,A,-1,0,0
189,2022-05-08,20-21,B,-1,0,0
189,2022-05-08,21-22,A,-1,0,0
189,2022-05-08,21-22,B,-1,0,0
190,2022-05-09,09-10,A,3,19,0
190,2022-05-09,09-10,B,2,19,0
190,2022-05-09,10-11,A,4,19,0
190,2022-05-09,10-11,B,2,19,0
190,2022-05-09,11-12,A,4,19,0
190,2022-05-09,11-12,B,4,19,0
190,2022-05-09,12-13,A,4,19,0
190,2022-05-09,12-13,B,4,19,0
190,2022-05-09,13-14,A,4,19,0
190,2022-05-09,13-14,B,4,19,0
190,2022-05-09,14-15,A,4,19,0
190,2022-05-09,14-15,B,4,19,0
190,2022-05-09,15-16,A,3,19,0
190,2022-05-09,15-16,B,2,19,0
190,2022-05-09,16-17,A,3,19,0
190,2022-05-09,16-17,B,2,19,0
190,2022-05-09,17-18,A,3,19,0
190,2022-05-09,17-18,B,2,19,0
190,2022-05-09,18-19,A,4,19,0
190,2022-05-09,18-19,B,3,19,0
190,2022-05-09,19-20,A,4,19,0
190,2022-05-09,19-20,B,4,19,0
190,2022-05-09,20-21,A,4,19,0
190,2022-05-09,20-21,B,3,19,0
190,2022-05-09,21-22,A,4,19,0
190,2022-05-09,21-22,B,4,19,0
191,2022-05-10,09-10,A,3,19,0
191,2022-05-10,09-10,B,2,19,0
191,2022-05-10,10-11,A,4,19,0
191,2022-05-10,10-11,B,3,19,0
191,2022-05-10,11-12,A,4,19,0
191,2022-05-10,11-12,B,4,19,0
191,2022-05-10,12-13,A,4,19,0
191,2022-05-10,12-13,B,4,19,0
191,2022-05-10,13-14,A,4,19,0
191,2022-05-10,13-14,B,4,19,0
191,2022-05-10,14-15,A,4,19,0
191,2022-05-10,14-15,B,4,19,0
191,2022-05-10,15-16,A,2,19,0
191,2022-05-10,15-16,B,2,19,0
191,2022-05-10,16-17,A,2,19,0
191,2022-05-10,16-17,B,2,19,0
191,2022-05-10,17-18,A,3,19,0
191,2022-05-10,17-18,B,2,19,0
191,2022-05-10,18-19,A,4,19,0
191,2022-05-10,18-19,B,3,19,0
191,2022-05-10,19-20,A,4,19,0
191,2022-05-10,19-20,B,3,19,0
191,2022-05-10,20-21,A,4,19,0
191,2022-05-10,20-21,B,3,19,0
191,2022-05-10,21-22,A,4,19,0
191,2022-05-10,21-22,B,3,19,0
192,2022-05-11,09-10,A,3,19,0
192,2022-05-11,09-10,B,2,19,0
192,2022-05-11,10-11,A,4,19,0
192,2022-05-11,10-11,B,3,19,0
192,2022-05-11,11-12,A,4,19,0
192,2022-05-11,11-12,B,4,19,0
192,2022-05-11,12-13,A,4,19,0
192,2022-05-11,12-13,B,4,19,0
192,2022-05-11,13-14,A,4,19,0
192,2022-05-11,13-14,B,4,19,0
192,2022-05-11,14-15,A,4,19,0
192,2022-05-11,14-15,B,4,19,0
192,2022-05-11,15-16,A,3,19,0
192,2022-05-11,15-16,B,2,19,0
192,2022-05-11,16-17,A,2,19,0
192,2022-05-11,16-17,B,1,19,0
192,2022-05-11,17-18,A,3,19,0
192,2022-05-11,17-18,B,2,19,0
192,2022-05-11,18-19,A,4,19,0
192,2022-05-11,18-19,B,4,19,0
192,2022-05-11,19-20,A,4,19,0
192,2022-05-11,19-20,B,3,19,0
192,2022-05-11,20-21,A,4,19,0
192,2022-05-11,20-21,B,3,19,0
192,2022-05-11,21-22,A,3,19,0
192,2022-05-11,21-22,B,3,19,0
193,2022-05-12,09-10,A,3,19,0
193,2022-05-12,09-10,B,2,19,0
193,2022-05-12,10-11,A,4,19,0
193,2022-05-12,10-11,B,3,19,0
193,2022-05-12,11-12,A,4,19,0
193,2022-05-12,11-12,B,3,19,0
193,2022-05-12,12-13,A,4,19,0
193,2022-05-12,12-13,B,4,19,0
193,2022-05-12,13-14,A,4,19,0
193,2022-05-12,13-14,B,4,19,0
193,2022-05-12,14-15,A,4,19,0
193,2022-05-12,14-15,B,4,19,0
193,2022-05-12,15-16,A,2,19,0
193,2022-05-12,15-16,B,2,19,0
193,2022-05-12,16-17,A,2,19,0
193,2022-05-12,16-17,B,2,19,0
193,2022-05-12,17-18,A,3,19,0
193,2022-05-12,17-18,B,2,19,0
193,2022-05-12,18-19,A,4,19,0
193,2022-05-12,18-19,B,3,19,0
193,2022-05-12,19-20,A,4,19,0
193,2022-05-12,19-20,B,4,19,0
193,2022-05-12,20-21,A,4,19,0
193,2022-05-12,20-21,B,2,19,0
193,2022-05-12,21-22,A,3,19,0
193,2022-05-12,21-22,B,2,19,0
194,2022-05-13,09-10,A,4,19,0
194,2022-05-13,09-10,B,3,19,0
194,2022-05-13,10-11,A,4,19,0
194,2022-05-13,10-11,B,4,19,0
194,2022-05-13,11-12,A,4,19,0
194,2022-05-13,11-12,B,4,19,0
194,2022-05-13,12-13,A,4,19,0
194,2022-05-13,12-13,B,4,19,0
194,2022-05-13,13-14,A,4,19,0
194,2022-05-13,13-14,B,4,19,0
194,2022-05-13,14-15,A,4,19,0
194,2022-05-13,14-15,B,4,19,0
194,2022-05-13,15-16,A,3,19,0
194,2022-05-13,15-16,B,2,19,0
194,2022-05-13,16-17,A,3,19,0
194,2022-05-13,16-17,B,2,19,0
194,2022-05-13,17-18,A,4,19,0
194,2022-05-13,17-18,B,3,19,0
194,2022-05-13,18-19,A,4,19,0
194,2022-05-13,18-19,B,4,19,0
194,2022-05-13,19-20,A,4,19,0
194,2022-05-13,19-20,B,4,19,0
194,2022-05-13,20-21,A,4,19,0
194,2022-05-13,20-21,B,4,19,0
194,2022-05-13,21-22,A,4,19,0
194,2022-05-13,21-22,B,2,19,0
195,2022-05-14,09-10,A,4,19,0
195,2022-05-14,09-10,B,2,19,0
195,2022-05-14,10-11,A,4,19,0
195,2022-05-14,10-11,B,4,19,0
195,2022-05-14,11-12,A,4,19,0
195,2022-05-14,11-12,B,4,19,0
195,2022-05-14,12-13,A,4,19,0
195,2022-05-14,12-13,B,4,19,0
195,2022-05-14,13-14,A,4,19,0
195,2022-05-14,13-14,B,4,19,0
195,2022-05-14,14-15,A,4,19,0
195,2022-05-14,14-15,B,4,19,0
195,2022-05-14,15-16,A,3,19,0
195,2022-05-14,15-16,B,2,19,0
195,2022-05-14,16-17,A,2,19,0
195,2022-05-14,16-17,B,2,19,0
195,2022-05-14,17-18,A,3,19,0
195,2022-05-14,17-18,B,2,19,0
195,2022-05-14,18-19,A,4,19,0
195,2022-05-14,18-19,B,3,19,0
195,2022-05-14,19-20,A,4,19,0
195,2022-05-14,19-20,B,4,19,0
195,2022-05-14,20-21,A,4,19,0
195,2022-05-14,20-21,B,4,19,0
195,2022-05-14,21-22,A,4,19,0
195,2022-05-14,21-22,B,4,19,0
196,2022-05-15,09-10,A,-1,0,0
196,2022-05-15,09-10,B,-1,0,0
196,2022-05-15,10-11,A,-1,0,0
196,2022-05-15,10-11,B,-1,0,0
196,2022-05-15,11-12,A,-1,0,0
196,2022-05-15,11-12,B,-1,0,0
196,2022-05-15,12-13,A,-1,0,0
196,2022-05-15,12-13,B,-1,0,0
196,2022-05-15,13-14,A,-1,0,0
196,2022-05-15,13-14,B,-1,0,0
196,2022-05-15,14-15,A,-1,0,0
196,2022-05-15,14-15,B,-1,0,0
196,2022-05-15,15-16,A,-1,0,0
196,2022-05-15,15-16,B,-1,0,0
196,2022-05-15,16-17,A,-1,0,0
196,2022-05-15,16-17,B,-1,0,0
196,2022-05-15,17-18,A,-1,0,0
196,2022-05-15,17-18,B,-1,0,0
196,2022-05-15,18-19,A,-1,0,0
196,2022-05-15,18-19,B,-1,0,0
196,2022-05-15,19-20,A,-1,0,0
196,2022-05-15,19-20,B,-1,0,0
196,2022-05-15,20-21,A,-1,0,0
196,2022-05-15,20-21,B,-1,0,0
196,2022-05-15,21-22,A,-1,0,0
196,2022-05-15,21-22,B,-1,0,0
197,2022-05-16,09-10,A,3,19,0
197,2022-05-16,09-10,B,2,19,0
197,2022-05-16,10-11,A,3,19,0
197,2022-05-16,10-11,B,3,19,0
197,2022-05-16,11-12,A,4,19,0
197,2022-05-16,11-12,B,4,19,0
197,2022-05-16,12-13,A,4,19,0
197,2022-05-16,12-13,B,4,19,0
197,2022-05-16,13-14,A,4,19,0
197,2022-05-16,13-14,B,4,19,0
197,2022-05-16,14-15,A,4,19,0
197,2022-05-16,14-15,B,4,19,0
197,2022-05-16,15-16,A,3,19,0
197,2022-05-16,15-16,B,1,19,0
197,2022-05-16,16-17,A,2,19,0
197,2022-05-16,16-17,B,2,19,0
197,2022-05-16,17-18,A,3,19,0
197,2022-05-16,17-18,B,2,19,0
197,2022-05-16,18-19,A,4,19,0
197,2022-05-16,18-19,B,3,19,0
197,2022-05-16,19-20,A,4,19,0
197,2022-05-16,19-20,B,4,19,0
197,2022-05-16,20-21,A,4,19,0
197,2022-05-16,20-21,B,4,19,0
197,2022-05-16,21-22,A,4,19,0
197,2022-05-16,21-22,B,4,19,0
198,2022-05-17,09-10,A,3,19,0
198,2022-05-17,09-10,B,2,19,0
198,2022-05-17,10-11,A,4,19,0
198,2022-05-17,10-11,B,3,19,0
198,2022-05-17,11-12,A,4,19,0
198,2022-05-17,11-12,B,4,19,0
198,2022-05-17,12-13,A,4,19,0
198,2022-05-17,12-13,B,4,19,0
198,2022-05-17,13-14,A,4,19,0
198,2022-05-17,13-14,B,4,19,0
198,2022-05-17,14-15,A,4,19,0
198,2022-05-17,14-15,B,4,19,0
198,2022-05-17,15-16,A,2,19,0
198,2022-05-17,15-16,B,1,19,0
198,2022-05-17,16-17,A,2,19,0
198,2022-05-17,16-17,B,2,19,0
198,2022-05-17,17-18,A,3,19,0
198,2022-05-17,17-18,B,2,19,0
198,2022-05-17,18-19,A,3,19,0
198,2022-05-17,18-19,B,3,19,0
198,2022-05-17,19-20,A,4,19,0
198,2022-05-17,19-20,B,3,19,0
198,2022-05-17,20-21,A,4,19,0
198,2022-05-17,20-21,B,3,19,0
198,2022-05-17,21-22,A,4,19,0
198,2022-05-17,21-22,B,2,19,0
199,2022-05-18,09-10,A,4,19,0
199,2022-05-18,09-10,B,3,19,0
199,2022-05-18,10-11,A,4,19,0
199,2022-05-18,10-11,B,4,19,0
199,2022-05-18,11-12,A,4,19,0
199,2022-05-18,11-12,B,4,19,0
199,2022-05-18,12-13,A,4,19,0
199,2022-05-18,12-13,B,4,19,0
199,2022-05-18,13-14,A,4,19,0
199,2022-05-18,13-14,B,4,19,0
199,2022-05-18,14-15,A,4,19,0
199,2022-05-18,14-15,B,4,19,0
199,2022-05-18,15-16,A,3,19,0
199,2022-05-18,15-16,B,2,19,0
199,2022-05-18,16-17,A,2,19,0
199,2022-05-18,16-17,B,2,19,0
199,2022-05-18,17-18,A,3,19,0
199,2022-05-18,17-18,B,2,19,0
199,2022-05-18,18-19,A,4,19,0
199,2022-05-18,18-19,B,3,19,0
199,2022-05-18,19-20,A,4,19,0
199,2022-05-18,19-20,B,4,19,0
199,2022-05-18,20-21,A,4,19,0
199,2022-05-18,20-21,B,3,19,0
199,2022-05-18,21-22,A,4,19,0
199,2022-05-18,21-22,B,3,19,0
200,2022-05-19,09-10,A,3,19,0
200,2022-05-19,09-10,B,2,19,0
200,2022-05-19,10-11,A,4,19,0
200,2022-05-19,10-11,B,4,19,0
200,2022-05-19,11-12,A,4,19,0
200,2022-05-19,11-12,B,4,19,0
200,2022-05-19,12-13,A,4,19,0
200,2022-05-19,12-13,B,4,19,0
200,2022-05-19,13-14,A,4,19,0
200,2022-05-19,13-14,B,4,19,0
200,2022-05-19,14-15,A,4,19,0
200,2022-05-19,14-15,B,4,19,0
200,2022-05-19,15-16,A,2,19,0
200,2022-05-19,15-16,B,2,19,0
200,2022-05-19,16-17,A,2,19,0
200,2022-05-19,16-17,B,2,19,0
200,2022-05-19,17-18,A,3,19,0
200,2022-05-19,17-18,B,2,19,0
200,2022-05-19,18-19,A,4,19,0
200,2022-05-19,18-19,B,3,19,0
200,2022-05-19,19-20,A,4,19,0
200,2022-05-19,19-20,B,3,19,0
200,2022-05-19,20-21,A,4,19,0
200,2022-05-19,20-21,B,3,19,0
200,2022-05-19,21-22,A,3,19,0
200,2022-05-19,21-22,B,3,19,0
201,2022-05-20,09-10,A,4,19,0
201,2022-05-20,09-10,B,2,19,0
201,2022-05-20,10-11,A,4,19,0
201,2022-05-20,10-11,B,4,19,0
201,2022-05-20,11-12,A,4,19,0
201,2022-05-20,11-12,B,4,19,0
201,2022-05-20,12-13,A,4,19,0
201,2022-05-20,12-13,B,4,19,0
201,2022-05-20,13-14,A,4,19,0
201,2022-05-20,13-14,B,4,19,0
201,2022-05-20,14-15,A,4,19,0
201,2022-05-20,14-15,B,4,19,0
201,2022-05-20,15-16,A,3,19,0
201,2022-05-20,15-16,B,2,19,0
201,2022-05-20,16-17,A,3,19,0
201,2022-05-20,16-17,B,3,19,0
201,2022-05-20,17-18,A,4,19,0
201,2022-05-20,17-18,B,4,19,0
201,2022-05-20,18-19,A,4,19,0
201,2022-05-20,18-19,B,3,19,0
201,2022-05-20,19-20,A,4,19,0
201,2022-05-20,19-20,B,3,19,0
201,2022-05-20,20-21,A,4,19,0
201,2022-05-20,20-21,B,4,19,0
201,2022-05-20,21-22,A,4,19,0
201,2022-05-20,21-22,B,4,19,0
202,2022-05-21,09-10,A,3,19,0
202,2022-05-21,09-10,B,2,19,0
202,2022-05-21,10-11,A,4,19,0
202,2022-05-21,10-11,B,4,19,0
202,2022-05-21,11-12,A,4,19,0
202,2022-05-21,11-12,B,4,19,0
202,2022-05-21,12-13,A,4,19,0
202,2022-05-21,12-13,B,4,19,0
202,2022-05-21,13-14,A,4,19,0
202,2022-05-21,13-14,B,4,19,0
202,2022-05-21,14-15,A,4,19,0
202,2022-05-21,14-15,B,4,19,0
202,2022-05-21,15-16,A,3,19,0
202,2022-05-21,15-16,B,2,19,0
202,2022-05-21,16-17,A,3,19,0
202,2022-05-21,16-17,B,3,19,0
202,2022-05-21,17-18,A,3,19,0
202,2022-05-21,17-18,B,2,19,0
202,2022-05-21,18-19,A,4,19,0
202,2022-05-21,18-19,B,3,19,0
202,2022-05-21,19-20,A,4,19,0
202,2022-05-21,19-20,B,3,19,0
202,2022-05-21,20-21,A,4,19,0
202,2022-05-21,20-21,B,3,19,0
202,2022-05-21,21-22,A,4,19,0
202,2022-05-21,21-22,B,4,19,0
203,2022-05-22,09-10,A,-1,0,0
203,2022-05-22,09-10,B,-1,0,0
203,2022-05-22,10-11,A,-1,0,0
203,2022-05-22,10-11,B,-1,0,0
203,2022-05-22,11-12,A,-1,0,0
203,2022-05-22,11-12,B,-1,0,0
203,2022-05-22,12-13,A,-1,0,0
203,2022-05-22,12-13,B,-1,0,0
203,2022-05-22,13-14,A,-1,0,0
203,2022-05-22,13-14,B,-1,0,0
203,2022-05-22,14-15,A,-1,0,0
203,2022-05-22,14-15,B,-1,0,0
203,2022-05-22,15-16,A,-1,0,0
203,2022-05-22,15-16,B,-1,0,0
203,2022-05-22,16-17,A,-1,0,0
203,2022-05-22,16-17,B,-1,0,0
203,2022-05-22,17-18,A,-1,0,0
203,2022-05-22,17-18,B,-1,0,0
203,2022-05-22,18-19,A,-1,0,0
203,2022-05-22,18-19,B,-1,0,0
203,2022-05-22,19-20,A,-1,0,0
203,2022-05-22,19-20,B,-1,0,0
203,2022-05-22,20-21,A,-1,0,0
203,2022-05-22,20-21,B,-1,0,0
203,2022-05-22,21-22,A,-1,0,0
203,2022-05-22,21-22,B,-1,0,0
204,2022-05-23,09-10,A,3,19,0
204,2022-05-23,09-10,B,2,19,0
204,2022-05-23,10-11,A,4,19,0
204,2022-05-23,10-11,B,3,19,0
204,2022-05-23,11-12,A,4,19,0
204,2022-05-23,11-12,B,3,19,0
204,2022-05-23,12-13,A,4,19,0
204,2022-05-23,12-13,B,4,19,0
204,2022-05-23,13-14,A,4,19,0
204,2022-05-23,13-14,B,4,19,0
204,2022-05-23,14-15,A,4,19,0
204,2022-05-23,14-15,B,4,19,0
204,2022-05-23,15-16,A,2,19,0
204,2022-05-23,15-16,B,2,19,0
204,2022-05-23,16-17,A,2,19,0
204,2022-05-23,16-17,B,2,19,0
204,2022-05-23,17-18,A,3,19,0
204,2022-05-23,17-18,B,2,19,0
204,2022-05-23,18-19,A,4,19,0
204,2022-05-23,18-19,B,3,19,0
204,2022-05-23,19-20,A,4,19,0
204,2022-05-23,19-20,B,4,19,0
204,2022-05-23,20-21,A,4,19,0
204,2022-05-23,20-21,B,4,19,0
204,2022-05-23,21-22,A,3,19,0
204,2022-05-23,21-22,B,3,19,0
205,2022-05-24,09-10,A,3,19,0
205,2022-05-24,09-10,B,2,19,0
205,2022-05-24,10-11,A,4,19,0
205,2022-05-24,10-11,B,3,19,0
205,2022-05-24,11-12,A,4,19,0
205,2022-05-24,11-12,B,4,19,0
205,2022-05-24,12-13,A,4,19,0
205,2022-05-24,12-13,B,4,19,0
205,2022-05-24,13-14,A,4,19,0
205,2022-05-24,13-14,B,4,19,0
205,2022-05-24,14-15,A,4,19,0
205,2022-05-24,14-15,B,4,19,0
205,2022-05-24,15-16,A,3,19,0
205,2022-05-24,15-16,B,2,19,0
205,2022-05-24,16-17,A,2,19,0
205,2022-05-24,16-17,B,1,19,0
205,2022-05-24,17-18,A,2,19,0
205,2022-05-24,17-18,B,2,19,0
205,2022-05-24,18-19,A,3,19,0
205,2022-05-24,18-19,B,3,19,0
205,2022-05-24,19-20,A,4,19,0
205,2022-05-24,19-20,B,4,19,0
205,2022-05-24,20-21,A,4,19,0
205,2022-05-24,20-21,B,4,19,0
205,2022-05-24,21-22,A,4,19,0
205,2022-05-24,21-22,B,2,19,0
206,2022-05-25,09-10,A,3,19,0
206,2022-05-25,09-10,B,2,19,0
206,2022-05-25,10-11,A,4,19,0
206,2022-05-25,10-11,B,3,19,0
206,2022-05-25,11-12,A,4,19,0
206,2022-05-25,11-12,B,4,19,0
206,2022-05-25,12-13,A,4,19,0
206,2022-05-25,12-13,B,4,19,0
206,2022-05-25,13-14,A,4,19,0
206,2022-05-25,13-14,B,4,19,0
206,2022-05-25,14-15,A,4,19,0
206,2022-05-25,14-15,B,4,19,0
206,2022-05-25,15-16,A,3,19,0
206,2022-05-25,15-16,B,2,19,0
206,2022-05-25,16-17,A,2,19,0
206,2022-05-25,16-17,B,1,19,0
206,2022-05-25,17-18,A,2,19,0
206,2022-05-25,17-18,B,2,19,0
206,2022-05-25,18-19,A,3,19,0
206,2022-05-25,18-19,B,3,19,0
206,2022-05-25,19-20,A,4,19,0
206,2022-05-25,19-20,B,3,19,0
206,2022-05-25,20-21,A,4,19,0
206,2022-05-25,20-21,B,4,19,0
206,2022-05-25,21-22,A,3,19,0
206,2022-05-25,21-22,B,2,19,0
207,2022-05-26,09-10,A,3,19,0
207,2022-05-26,09-10,B,2,19,0
207,2022-05-26,10-11,A,4,19,0
207,2022-05-26,10-11,B,3,19,0
207,2022-05-26,11-12,A,4,19,0
207,2022-05-26,11-12,B,4,19,0
207,2022-05-26,12-13,A,4,19,0
207,2022-05-26,12-13,B,4,19,0
207,2022-05-26,13-14,A,4,19,0
207,2022-05-26,13-14,B,4,19,0
207,2022-05-26,14-15,A,4,19,0
207,2022-05-26,14-15,B,4,19,0
207,2022-05-26,15-16,A,3,19,0
207,2022-05-26,15-16,B,2,19,0
207,2022-05-26,16-17,A,2,19,0
207,2022-05-26,16-17,B,2,19,0
207,2022-05-26,17-18,A,3,19,0
207,2022-05-26,17-18,B,2,19,0
207,2022-05-26,18-19,A,4,19,0
207,2022-05-26,18-19,B,3,19,0
207,2022-05-26,19-20,A,4,19,0
207,2022-05-26,19-20,B,4,19,0
207,2022-05-26,20-21,A,4,19,0
207,2022-05-26,20-21,B,3,19,0
207,2022-05-26,21-22,A,3,19,0
207,2022-05-26,21-22,B,2,19,0
208,2022-05-27,09-10,A,3,19,0
208,2022-05-27,09-10,B,2,19,0
208,2022-05-27,10-11,A,4,19,0
208,2022-05-27,10-11,B,4,19,0
208,2022-05-27,11-12,A,4,19,0
208,2022-05-27,11-12,B,4,19,0
208,2022-05-27,12-13,A,4,19,0
208,2022-05-27,12-13,B,4,19,0
208,2022-05-27,13-14,A,4,19,0
208,2022-05-27,13-14,B,4,19,0
208,2022-05-27,14-15,A,4,19,0
208,2022-05-27,14-15,B,4,19,0
208,2022-05-27,15-16,A,3,19,0
208,2022-05-27,15-16,B,2,19,0
208,2022-05-27,16-17,A,3,19,0
208,2022-05-27,16-17,B,2,19,0
208,2022-05-27,17-18,A,3,19,0
208,2022-05-27,17-18,B,3,19,0
208,2022-05-27,18-19,A,4,19,0
208,2022-05-27,18-19,B,4,19,0
208,2022-05-27,19-20,A,4,19,0
208,2022-05-27,19-20,B,4,19,0
208,2022-05-27,20-21,A,4,19,0
208,2022-05-27,20-21,B,4,19,0
208,2022-05-27,21-22,A,3,19,0
208,2022-05-27,21-22,B,3,19,0
209,2022-05-28,09-10,A,3,19,0
209,2022-05-28,09-10,B,3,19,0
209,2022-05-28,10-11,A,4,19,0
209,2022-05-28,10-11,B,4,19,0
209,2022-05-28,11-12,A,4,19,0
209,2022-05-28,11-12,B,4,19,0
209,2022-05-28,12-13,A,4,19,0
209,2022-05-28,12-13,B,4,19,0
209,2022-05-28,13-14,A,4,19,0
209,2022-05-28,13-14,B,4,19,0
209,2022-05-28,14-15,A,4,19,0
209,2022-05-28,14-15,B,4,19,0
209,2022-05-28,15-16,A,3,19,0
209,2022-05-28,15-16,B,2,19,0
209,2022-05-28,16-17,A,3,19,0
209,2022-05-28,16-17,B,2,19,0
209,2022-05-28,17-18,A,3,19,0
209,2022-05-28,17-18,B,2,19,0
209,2022-05-28,18-19,A,4,19,0
209,2022-05-28,18-19,B,3,19,0
209,2022-05-28,19-20,A,4,19,0
209,2022-05-28,19-20,B,4,19,0
209,2022-05-28,20-21,A,4,19,0
209,2022-05-28,20-21,B,4,19,0
209,2022-05-28,21-22,A,4,19,0
209,2022-05-28,21-22,B,3,19,0
210,2022-05-29,09-10,A,-1,0,0
210,2022-05-29,09-10,B,-1,0,0
210,2022-05-29,10-11,A,-1,0,0
210,2022-05-29,10-11,B,-1,0,0
210,2022-05-29,11-12,A,-1,0,0
210,2022-05-29,11-12,B,-1,0,0
210,2022-05-29,12-13,A,-1,0,0
210,2022-05-29,12-13,B,-1,0,0
210,2022-05-29,13-14,A,-1,0,0
210,2022-05-29,13-14,B,-1,0,0
210,2022-05-29,14-15,A,-1,0,0
210,2022-05-29,14-15,B,-1,0,0
210,2022-05-29,15-16,A,-1,0,0
210,2022-05-29,15-16,B,-1,0,0
210,2022-05-29,16-17,A,-1,0,0
210,2022-05-29,16-17,B,-1,0,0
210,2022-05-29,17-18,A,-1,0,0
210,2022-05-29,17-18,B,-1,0,0
210,2022-05-29,18-19,A,-1,0,0
210,2022-05-29,18-19,B,-1,0,0
210,2022-05-29,19-20,A,-1,0,0
210,2022-05-29,19-20,B,-1,0,0
210,2022-05-29,20-21,A,-1,0,0
210,2022-05-29,20-21,B,-1,0,0
210,2022-05-29,21-22,A,-1,0,0
210,2022-05-29,21-22,B,-1,0,0
211,2022-05-30,09-10,A,3,19,0
211,2022-05-30,09-10,B,2,19,0
211,2022-05-30,10-11,A,4,19,0
211,2022-05-30,10-11,B,3,19,0
211,2022-05-30,11-12,A,4,19,0
211,2022-05-30,11-12,B,3,19,0
211,2022-05-30,12-13,A,4,19,0
211,2022-05-30,12-13,B,4,19,0
211,2022-05-30,13-14,A,4,19,0
211,2022-05-30,13-14,B,4,19,0
211,2022-05-30,14-15,A,4,19,0
211,2022-05-30,14-15,B,4,19,0
211,2022-05-30,15-16,A,2,19,0
211,2022-05-30,15-16,B,2,19,0
211,2022-05-30,16-17,A,2,19,0
211,2022-05-30,16-17,B,2,19,0
211,2022-05-30,17-18,A,3,19,0
211,2022-05-30,17-18,B,2,19,0
211,2022-05-30,18-19,A,4,19,0
211,2022-05-30,18-19,B,3,19,0
211,2022-05-30,19-20,A,4,19,0
211,2022-05-30,19-20,B,4,19,0
211,2022-05-30,20-21,A,4,19,0
211,2022-05-30,20-21,B,4,19,0
211,2022-05-30,21-22,A,3,19,0
211,2022-05-30,21-22,B,3,19,0
212,2022-05-31,09-10,A,3,19,0
212,2022-05-31,09-10,B,2,19,0
212,2022-05-31,10-11,A,4,19,0
212,2022-05-31,10-11,B,3,19,0
212,2022-05-31,11-12,A,4,19,0
212,2022-05-31,11-12,B,4,19,0
212,2022-05-31,12-13,A,4,19,0
212,2022-05-31,12-13,B,4,19,0
212,2022-05-31,13-14,A,4,19,0
212,2022-05-31,13-14,B,4,19,0
212,2022-05-31,14-15,A,4,19,0
212,2022-05-31,14-15,B,4,19,0
212,2022-05-31,15-16,A,3,19,0
212,2022-05-31,15-16,B,2,19,0
212,2022-05-31,16-17,A,2,19,0
212,2022-05-31,16-17,B,1,19,0
212,2022-05-31,17-18,A,2,19,0
212,2022-05-31,17-18,B,2,19,0
212,2022-05-31,18-19,A,3,19,0
212,2022-05-31,18-19,B,3,19,0
212,2022-05-31,19-20,A,4,19,0
212,2022-05-31,19-20,B,4,19,0
212,2022-05-31,20-21,A,4,19,0
212,2022-05-31,20-21,B,4,19,0
212,2022-05-31,21-22,A,4,19,0
212,2022-05-31,21-22,B,2,19,0
213,2022-06-01,09-10,A,2,19,0
213,2022-06-01,09-10,B,2,19,0
213,2022-06-01,10-11,A,4,19,0
213,2022-06-01,10-11,B,3,19,0
213,2022-06-01,11-12,A,4,19,0
213,2022-06-01,11-12,B,3,19,0
213,2022-06-01,12-13,A,4,19,0
213,2022-06-01,12-13,B,4,19,0
213,2022-06-01,13-14,A,4,19,0
213,2022-06-01,13-14,B,4,19,0
213,2022-06-01,14-15,A,4,19,0
213,2022-06-01,14-15,B,3,19,0
213,2022-06-01,15-16,A,2,19,0
213,2022-06-01,15-16,B,2,19,0
213,2022-06-01,16-17,A,2,19,0
213,2022-06-01,16-17,B,1,19,0
213,2022-06-01,17-18,A,3,19,0
213,2022-06-01,17-18,B,2,19,0
213,2022-06-01,18-19,A,4,19,0
213,2022-06-01,18-19,B,3,19,0
213,2022-06-01,19-20,A,4,19,0
213,2022-06-01,19-20,B,4,19,0
213,2022-06-01,20-21,A,4,19,0
213,2022-06-01,20-21,B,3,19,0
213,2022-06-01,21-22,A,3,19,0
213,2022-06-01,21-22,B,2,19,0
214,2022-06-02,09-10,A,3,19,0
214,2022-06-02,09-10,B,2,19,0
214,2022-06-02,10-11,A,4,19,0
214,2022-06-02,10-11,B,3,19,0
214,2022-06-02,11-12,A,4,19,0
214,2022-06-02,11-12,B,4,19,0
214,2022-06-02,12-13,A,4,19,0
214,2022-06-02,12-13,B,4,19,0
214,2022-06-02,13-14,A,4,19,0
214,2022-06-02,13-14,B,4,19,0
214,2022-06-02,14-15,A,4,19,0
214,2022-06-02,14-15,B,4,19,0
214,2022-06-02,15-16,A,2,19,0
214,2022-06-02,15-16,B,2,19,0
214,2022-06-02,16-17,A,2,19,0
214,2022-06-02,16-17,B,2,19,0
214,2022-06-02,17-18,A,3,19,0
214,2022-06-02,17-18,B,2,19,0
214,2022-06-02,18-19,A,4,19,0
214,2022-06-02,18-19,B,3,19,0
214,2022-06-02,19-20,A,4,19,0
214,2022-06-02,19-20,B,3,19,0
214,2022-06-02,20-21,A,4,19,0
214,2022-06-02,20-21,B,4,19,0
214,2022-06-02,21-22,A,3,19,0
214,2022-06-02,21-22,B,1,19,0
215,2022-06-03,09-10,A,4,19,0
215,2022-06-03,09-10,B,2,19,0
215,2022-06-03,10-11,A,4,19,0
215,2022-06-03,10-11,B,4,19,0
215,2022-06-03,11-12,A,4,19,0
215,2022-06-03,11-12,B,4,19,0
215,2022-06-03,12-13,A,4,19,0
215,2022-06-03,12-13,B,4,19,0
215,2022-06-03,13-14,A,4,19,0
215,2022-06-03,13-14,B,4,19,0
215,2022-06-03,14-15,A,4,19,0
215,2022-06-03,14-15,B,4,19,0
215,2022-06-03,15-16,A,3,19,0
215,2022-06-03,15-16,B,2,19,0
215,2022-06-03,16-17,A,3,19,0
215,2022-06-03,16-17,B,2,19,0
215,2022-06-03,17-18,A,4,19,0
215,2022-06-03,17-18,B,3,19,0
215,2022-06-03,18-19,A,4,19,0
215,2022-06-03,18-19,B,3,19,0
215,2022-06-03,19-20,A,4,19,0
215,2022-06-03,19-20,B,4,19,0
215,2022-06-03,20-21,A,4,19,0
215,2022-06-03,20-21,B,4,19,0
215,2022-06-03,21-22,A,4,19,0
215,2022-06-03,21-22,B,3,19,0
216,2022-06-04,09-10,A,4,19,0
216,2022-06-04,09-10,B,3,19,0
216,2022-06-04,10-11,A,4,19,0
216,2022-06-04,10-11,B,4,19,0
216,2022-06-04,11-12,A,4,19,0
216,2022-06-04,11-12,B,4,19,0
216,2022-06-04,12-13,A,4,19,0
216,2022-06-04,12-13,B,4,19,0
216,2022-06-04,13-14,A,4,19,0
216,2022-06-04,13-14,B,4,19,0
216,2022-06-04,14-15,A,4,19,0
216,2022-06-04,14-15,B,4,19,0
216,2022-06-04,15-16,A,3,19,0
216,2022-06-04,15-16,B,2,19,0
216,2022-06-04,16-17,A,3,19,0
216,2022-06-04,16-17,B,2,19,0
216,2022-06-04,17-18,A,3,19,0
216,2022-06-04,17-18,B,2,19,0
216,2022-06-04,18-19,A,4,19,0
216,2022-06-04,18-19,B,3,19,0
216,2022-06-04,19-20,A,4,19,0
216,2022-06-04,19-20,B,4,19,0
216,2022-06-04,20-21,A,4,19,0
216,2022-06-04,20-21,B,4,19,0
216,2022-06-04,21-22,A,4,19,0
216,2022-06-04,21-22,B,3,19,0
217,2022-06-05,09-10,A,-1,0,0
217,2022-06-05,09-10,B,-1,0,0
217,2022-06-05,10-11,A,-1,0,0
217,2022-06-05,10-11,B,-1,0,0
217,2022-06-05,11-12,A,-1,0,0
217,2022-06-05,11-12,B,-1,0,0
217,2022-06-05,12-13,A,-1,0,0
217,2022-06-05,12-13,B,-1,0,0
217,2022-06-05,13-14,A,-1,0,0
217,2022-06-05,13-14,B,-1,0,0
217,2022-06-05,14-15,A,-1,0,0
217,2022-06-05,14-15,B,-1,0,0
217,2022-06-05,15-16,A,-1,0,0
217,2022-06-05,15-16,B,-1,0,0
217,2022-06-05,16-17,A,-1,0,0
217,2022-06-05,16-17,B,-1,0,0
217,2022-06-05,17-18,A,-1,0,0
217,2022-06-05,17-18,B,-1,0,0
217,2022-06-05,18-19,A,-1,0,0
217,2022-06-05,18-19,B,-1,0,0
217,2022-06-05,19-20,A,-1,0,0
217,2022-06-05,19-20,B,-1,0,0
217,2022-06-05,20-21,A,-1,0,0
217,2022-06-05,20-21,B,-1,0,0
217,2022-06-05,21-22,A,-1,0,0
217,2022-06-05,21-22,B,-1,0,0
218,2022-06-06,09-10,A,3,19,0
218,2022-06-06,09-10,B,2,19,0
218,2022-06-06,10-11,A,4,19,0
218,2022-06-06,10-11,B,3,19,0
218,2022-06-06,11-12,A,4,19,0
218,2022-06-06,11-12,B,3,19,0
218,2022-06-06,12-13,A,4,19,0
218,2022-06-06,12-13,B,4,19,0
218,2022-06-06,13-14,A,4,19,0
218,2022-06-06,13-14,B,4,19,0
218,2022-06-06,14-15,A,4,19,0
218,2022-06-06,14-15,B,4,19,0
218,2022-06-06,15-16,A,3,19,0
218,2022-06-06,15-16,B,2,19,0
218,2022-06-06,16-17,A,2,19,0
218,2022-06-06,16-17,B,2,19,0
218,2022-06-06,17-18,A,3,19,0
218,2022-06-06,17-18,B,2,19,0
218,2022-06-06,18-19,A,4,19,0
218,2022-06-06,18-19,B,3,19,0
218,2022-06-06,19-20,A,4,19,0
218,2022-06-06,19-20,B,3,19,0
218,2022-06-06,20-21,A,4,19,0
218,2022-06-06,20-21,B,4,19,0
218,2022-06-06,21-22,A,3,19,0
218,2022-06-06,21-22,B,4,19,0
219,2022-06-07,09-10,A,3,19,0
219,2022-06-07,09-10,B,2,19,0
219,2022-06-07,10-11,A,4,19,0
219,2022-06-07,10-11,B,3,19,0
219,2022-06-07,11-12,A,4,19,0
219,2022-06-07,11-12,B,3,19,0
219,2022-06-07,12-13,A,4,19,0
219,2022-06-07,12-13,B,4,19,0
219,2022-06-07,13-14,A,4,19,0
219,2022-06-07,13-14,B,4,19,0
219,2022-06-07,14-15,A,4,19,0
219,2022-06-07,14-15,B,4,19,0
219,2022-06-07,15-16,A,2,19,0
219,2022-06-07,15-16,B,1,19,0
219,2022-06-07,16-17,A,2,19,0
219,2022-06-07,16-17,B,2,19,0
219,2022-06-07,17-18,A,3,19,0
219,2022-06-07,17-18,B,2,19,0
219,2022-06-07,18-19,A,3,19,0
219,2022-06-07,18-19,B,3,19,0
219,2022-06-07,19-20,A,4,19,0
219,2022-06-07,19-20,B,3,19,0
219,2022-06-07,20-21,A,4,19,0
219,2022-06-07,20-21,B,3,19,0
219,2022-06-07,21-22,A,2,19,0
219,2022-06-07,21-22,B,2,19,0
220,2022-06-08,09-10,A,3,19,0
220,2022-06-08,09-10,B,2,19,0
220,2022-06-08,10-11,A,4,19,0
220,2022-06-08,10-11,B,3,19,0
220,2022-06-08,11-12,A,4,19,0
220,2022-06-08,11-12,B,3,19,0
220,2022-06-08,12-13,A,4,19,0
220,2022-06-08,12-13,B,4,19,0
220,2022-06-08,13-14,A,4,19,0
220,2022-06-08,13-14,B,4,19,0
220,2022-06-08,14-15,A,4,19,0
220,2022-06-08,14-15,B,3,19,0
220,2022-06-08,15-16,A,2,19,0
220,2022-06-08,15-16,B,2,19,0
220,2022-06-08,16-17,A,2,19,0
220,2022-06-08,16-17,B,2,19,0
220,2022-06-08,17-18,A,2,19,0
220,2022-06-08,17-18,B,2,19,0
220,2022-06-08,18-19,A,3,19,0
220,2022-06-08,18-19,B,3,19,0
220,2022-06-08,19-20,A,4,19,0
220,2022-06-08,19-20,B,4,19,0
220,2022-06-08,20-21,A,4,19,0
220,2022-06-08,20-21,B,3,19,0
220,2022-06-08,21-22,A,3,19,0
220,2022-06-08,21-22,B,2,19,0
221,2022-06-09,09-10,A,3,19,0
221,2022-06-09,09-10,B,2,19,0
221,2022-06-09,10-11,A,4,19,0
221,2022-06-09,10-11,B,3,19,0
221,2022-06-09,11-12,A,4,19,0
221,2022-06-09,11-12,B,3,19,0
221,2022-06-09,12-13,A,4,19,0
221,2022-06-09,12-13,B,4,19,0
221,2022-06-09,13-14,A,4,19,0
221,2022-06-09,13-14,B,4,19,0
221,2022-06-09,14-15,A,4,19,0
221,2022-06-09,14-15,B,4,19,0
221,2022-06-09,15-16,A,2,19,0
221,2022-06-09,15-16,B,2,19,0
221,2022-06-09,16-17,A,2,19,0
221,2022-06-09,16-17,B,1,19,0
221,2022-06-09,17-18,A,2,19,0
221,2022-06-09,17-18,B,2,19,0
221,2022-06-09,18-19,A,3,19,0
221,2022-06-09,18-19,B,3,19,0
221,2022-06-09,19-20,A,4,19,0
221,2022-06-09,19-20,B,3,19,0
221,2022-06-09,20-21,A,4,19,0
221,2022-06-09,20-21,B,3,19,0
221,2022-06-09,21-22,A,3,19,0
221,2022-06-09,21-22,B,2,19,0
222,2022-06-10,09-10,A,3,19,0
222,2022-06-10,09-10,B,2,19,0
222,2022-06-10,10-11,A,4,19,0
222,2022-06-10,10-11,B,4,19,0
222,2022-06-10,11-12,A,4,19,0
222,2022-06-10,11-12,B,4,19,0
222,2022-06-10,12-13,A,4,19,0
222,2022-06-10,12-13,B,4,19,0
222,2022-06-10,13-14,A,4,19,0
222,2022-06-10,13-14,B,4,19,0
222,2022-06-10,14-15,A,4,19,0
222,2022-06-10,14-15,B,3,19,0
222,2022-06-10,15-16,A,3,19,0
222,2022-06-10,15-16,B,2,19,0
222,2022-06-10,16-17,A,3,19,0
222,2022-06-10,16-17,B,2,19,0
222,2022-06-10,17-18,A,3,19,0
222,2022-06-10,17-18,B,3,19,0
222,2022-06-10,18-19,A,4,19,0
222,2022-06-10,18-19,B,4,19,0
222,2022-06-10,19-20,A,4,19,0
222,2022-06-10,19-20,B,4,19,0
222,2022-06-10,20-21,A,4,19,0
222,2022-06-10,20-21,B,4,19,0
222,2022-06-10,21-22,A,4,19,0
222,2022-06-10,21-22,B,4,19,0
223,2022-06-11,09-10,A,4,19,0
223,2022-06-11,09-10,B,2,19,0
223,2022-06-11,10-11,A,4,19,0
223,2022-06-11,10-11,B,4,19,0
223,2022-06-11,11-12,A,4,19,0
223,2022-06-11,11-12,B,4,19,0
223,2022-06-11,12-13,A,4,19,0
223,2022-06-11,12-13,B,4,19,0
223,2022-06-11,13-14,A,4,19,0
223,2022-06-11,13-14,B,4,19,0
223,2022-06-11,14-15,A,4,19,0
223,2022-06-11,14-15,B,4,19,0
223,2022-06-11,15-16,A,3,19,0
223,2022-06-11,15-16,B,3,19,0
223,2022-06-11,16-17,A,3,19,0
223,2022-06-11,16-17,B,2,19,0
223,2022-06-11,17-18,A,3,19,0
223,2022-06-11,17-18,B,2,19,0
223,2022-06-11,18-19,A,4,19,0
223,2022-06-11,18-19,B,3,19,0
223,2022-06-11,19-20,A,4,19,0
223,2022-06-11,19-20,B,4,19,0
223,2022-06-11,20-21,A,4,19,0
223,2022-06-11,20-21,B,4,19,0
223,2022-06-11,21-22,A,4,19,0
223,2022-06-11,21-22,B,4,19,0
224,2022-06-12,09-10,A,-1,0,0
224,2022-06-12,09-10,B,-1,0,0
224,2022-06-12,10-11,A,-1,0,0
224,2022-06-12,10-11,B,-1,0,0
224,2022-06-12,11-12,A,-1,0,0
224,2022-06-12,11-12,B,-1,0,0
224,2022-06-12,12-13,A,-1,0,0
224,2022-06-12,12-13,B,-1,0,0
224,2022-06-12,13-14,A,-1,0,0
224,2022-06-12,13-14,B,-1,0,0
224,2022-06-12,14-15,A,-1,0,0
224,2022-06-12,14-15,B,-1,0,0
224,2022-06-12,15-16,A,-1,0,0
224,2022-06-12,15-16,B,-1,0,0
224,2022-06-12,16-17,A,-1,0,0
224,2022-06-12,16-17,B,-1,0,0
224,2022-06-12,17-18,A,-1,0,0
224,2022-06-12,17-18,B,-1,0,0
224,2022-06-12,18-19,A,-1,0,0
224,2022-06-12,18-19,B,-1,0,0
224,2022-06-12,19-20,A,-1,0,0
224,2022-06-12,19-20,B,-1,0,0
224,2022-06-12,20-21,A,-1,0,0
224,2022-06-12,20-21,B,-1,0,0
224,2022-06-12,21-22,A,-1,0,0
224,2022-06-12,21-22,B,-1,0,0
225,2022-06-13,09-10,A,3,19,0
225,2022-06-13,09-10,B,2,19,0
225,2022-06-13,10-11,A,4,19,0
225,2022-06-13,10-11,B,2,19,0
225,2022-06-13,11-12,A,4,19,0
225,2022-06-13,11-12,B,4,19,0
225,2022-06-13,12-13,A,4,19,0
225,2022-06-13,12-13,B,4,19,0
225,2022-06-13,13-14,A,4,19,0
225,2022-06-13,13-14,B,4,19,0
225,2022-06-13,14-15,A,4,19,0
225,2022-06-13,14-15,B,4,19,0
225,2022-06-13,15-16,A,3,19,0
225,2022-06-13,15-16,B,2,19,0
225,2022-06-13,16-17,A,2,19,0
225,2022-06-13,16-17,B,2,19,0
225,2022-06-13,17-18,A,3,19,0
225,2022-06-13,17-18,B,2,19,0
225,2022-06-13,18-19,A,4,19,0
225,2022-06-13,18-19,B,3,19,0
225,2022-06-13,19-20,A,4,19,0
225,2022-06-13,19-20,B,4,19,0
225,2022-06-13,20-21,A,4,19,0
225,2022-06-13,20-21,B,4,19,0
225,2022-06-13,21-22,A,4,19,0
225,2022-06-13,21-22,B,3,19,0
226,2022-06-14,09-10,A,3,19,0
226,2022-06-14,09-10,B,2,19,0
226,2022-06-14,10-11,A,4,19,0
226,2022-06-14,10-11,B,3,19,0
226,2022-06-14,11-12,A,4,19,0
226,2022-06-14,11-12,B,3,19,0
226,2022-06-14,12-13,A,4,19,0
226,2022-06-14,12-13,B,4,19,0
226,2022-06-14,13-14,A,4,19,0
226,2022-06-14,13-14,B,4,19,0
226,2022-06-14,14-15,A,4,19,0
226,2022-06-14,14-15,B,4,19,0
226,2022-06-14,15-16,A,3,19,0
226,2022-06-14,15-16,B,2,19,0
226,2022-06-14,16-17,A,2,19,0
226,2022-06-14,16-17,B,2,19,0
226,2022-06-14,17-18,A,2,19,0
226,2022-06-14,17-18,B,2,19,0
226,2022-06-14,18-19,A,4,19,0
226,2022-06-14,18-19,B,3,19,0
226,2022-06-14,19-20,A,4,19,0
226,2022-06-14,19-20,B,3,19,0
226,2022-06-14,20-21,A,4,19,0
226,2022-06-14,20-21,B,3,19,0
226,2022-06-14,21-22,A,3,19,0
226,2022-06-14,21-22,B,3,19,0
227,2022-06-15,09-10,A,3,19,0
227,2022-06-15,09-10,B,2,19,0
227,2022-06-15,10-11,A,3,19,0
227,2022-06-15,10-11,B,3,19,0
227,2022-06-15,11-12,A,4,19,0
227,2022-06-15,11-12,B,3,19,0
227,2022-06-15,12-13,A,4,19,0
227,2022-06-15,12-13,B,4,19,0
227,2022-06-15,13-14,A,4,19,0
227,2022-06-15,13-14,B,4,19,0
227,2022-06-15,14-15,A,4,19,0
227,2022-06-15,14-15,B,4,19,0
227,2022-06-15,15-16,A,3,19,0
227,2022-06-15,15-16,B,2,19,0
227,2022-06-15,16-17,A,2,19,0
227,2022-06-15,16-17,B,1,19,0
227,2022-06-15,17-18,A,3,19,0
227,2022-06-15,17-18,B,2,19,0
227,2022-06-15,18-19,A,3,19,0
227,2022-06-15,18-19,B,3,19,0
227,2022-06-15,19-20,A,4,19,0
227,2022-06-15,19-20,B,4,19,0
227,2022-06-15,20-21,A,4,19,0
227,2022-06-15,20-21,B,4,19,0
227,2022-06-15,21-22,A,2,19,0
227,2022-06-15,21-22,B,2,19,0
228,2022-06-16,09-10,A,3,19,0
228,2022-06-16,09-10,B,2,19,0
228,2022-06-16,10-11,A,4,19,0
228,2022-06-16,10-11,B,3,19,0
228,2022-06-16,11-12,A,4,19,0
228,2022-06-16,11-12,B,3,19,0
228,2022-06-16,12-13,A,4,19,0
228,2022-06-16,12-13,B,4,19,0
228,2022-06-16,13-14,A,4,19,0
228,2022-06-16,13-14,B,4,19,0
228,2022-06-16,14-15,A,4,19,0
228,2022-06-16,14-15,B,4,19,0
228,2022-06-16,15-16,A,3,19,0
228,2022-06-16,15-16,B,2,19,0
228,2022-06-16,16-17,A,2,19,0
228,2022-06-16,16-17,B,2,19,0
228,2022-06-16,17-18,A,3,19,0
228,2022-06-16,17-18,B,2,19,0
228,2022-06-16,18-19,A,4,19,0
228,2022-06-16,18-19,B,2,19,0
228,2022-06-16,19-20,A,4,19,0
228,2022-06-16,19-20,B,4,19,0
228,2022-06-16,20-21,A,4,19,0
228,2022-06-16,20-21,B,3,19,0
228,2022-06-16,21-22,A,3,19,0
228,2022-06-16,21-22,B,2,19,0
229,2022-06-17,09-10,A,3,19,0
229,2022-06-17,09-10,B,2,19,0
229,2022-06-17,10-11,A,4,19,0
229,2022-06-17,10-11,B,4,19,0
229,2022-06-17,11-12,A,4,19,0
229,2022-06-17,11-12,B,4,19,0
229,2022-06-17,12-13,A,4,19,0
229,2022-06-17,12-13,B,4,19,0
229,2022-06-17,13-14,A,4,19,0
229,2022-06-17,13-14,B,4,19,0
229,2022-06-17,14-15,A,4,19,0
229,2022-06-17,14-15,B,4,19,0
229,2022-06-17,15-16,A,3,19,0
229,2022-06-17,15-16,B,2,19,0
229,2022-06-17,16-17,A,2,19,0
229,2022-06-17,16-17,B,3,19,0
229,2022-06-17,17-18,A,3,19,0
229,2022-06-17,17-18,B,3,19,0
229,2022-06-17,18-19,A,4,19,0
229,2022-06-17,18-19,B,4,19,0
229,2022-06-17,19-20,A,4,19,0
229,2022-06-17,19-20,B,4,19,0
229,2022-06-17,20-21,A,4,19,0
229,2022-06-17,20-21,B,4,19,0
229,2022-06-17,21-22,A,4,19,0
229,2022-06-17,21-22,B,3,19,0
230,2022-06-18,09-10,A,4,19,0
230,2022-06-18,09-10,B,3,19,0
230,2022-06-18,10-11,A,4,19,0
230,2022-06-18,10-11,B,4,19,0
230,2022-06-18,11-12,A,4,19,0
230,2022-06-18,11-12,B,4,19,0
230,2022-06-18,12-13,A,4,19,0
230,2022-06-18,12-13,B,4,19,0
230,2022-06-18,13-14,A,4,19,0
230,2022-06-18,13-14,B,4,19,0
230,2022-06-18,14-15,A,4,19,0
230,2022-06-18,14-15,B,4,19,0
230,2022-06-18,15-16,A,4,19,0
230,2022-06-18,15-16,B,2,19,0
230,2022-06-18,16-17,A,2,19,0
230,2022-06-18,16-17,B,2,19,0
230,2022-06-18,17-18,A,3,19,0
230,2022-06-18,17-18,B,2,19,0
230,2022-06-18,18-19,A,3,19,0
230,2022-06-18,18-19,B,3,19,0
230,2022-06-18,19-20,A,4,19,0
230,2022-06-18,19-20,B,4,19,0
230,2022-06-18,20-21,A,4,19,0
230,2022-06-18,20-21,B,4,19,0
230,2022-06-18,21-22,A,4,19,0
230,2022-06-18,21-22,B,4,19,0
231,2022-06-19,09-10,A,-1,0,0
231,2022-06-19,09-10,B,-1,0,0
231,2022-06-19,10-11,A,-1,0,0
231,2022-06-19,10-11,B,-1,0,0
231,2022-06-19,11-12,A,-1,0,0
231,2022-06-19,11-12,B,-1,0,0
231,2022-06-19,12-13,A,-1,0,0
231,2022-06-19,12-13,B,-1,0,0
231,2022-06-19,13-14,A,-1,0,0
231,2022-06-19,13-14,B,-1,0,0
231,2022-06-19,14-15,A,-1,0,0
231,2022-06-19,14-15,B,-1,0,0
231,2022-06-19,15-16,A,-1,0,0
231,2022-06-19,15-16,B,-1,0,0
231,2022-06-19,16-17,A,-1,0,0
231,2022-06-19,16-17,B,-1,0,0
231,2022-06-19,17-18,A,-1,0,0
231,2022-06-19,17-18,B,-1,0,0
231,2022-06-19,18-19,A,-1,0,0
231,2022-06-19,18-19,B,-1,0,0
231,2022-06-19,19-20,A,-1,0,0
231,2022-06-19,19-20,B,-1,0,0
231,2022-06-19,20-21,A,-1,0,0
231,2022-06-19,20-21,B,-1,0,0
231,2022-06-19,21-22,A,-1,0,0
231,2022-06-19,21-22,B,-1,0,0
232,2022-06-20,09-10,A,3,19,0
232,2022-06-20,09-10,B,2,19,0
232,2022-06-20,10-11,A,4,19,0
232,2022-06-20,10-11,B,2,19,0
232,2022-06-20,11-12,A,4,19,0
232,2022-06-20,11-12,B,3,19,0
232,2022-06-20,12-13,A,4,19,0
232,2022-06-20,12-13,B,4,19,0
232,2022-06-20,13-14,A,4,19,0
232,2022-06-20,13-14,B,4,19,0
232,2022-06-20,14-15,A,4,19,0
232,2022-06-20,14-15,B,4,19,0
232,2022-06-20,15-16,A,3,19,0
232,2022-06-20,15-16,B,2,19,0
232,2022-06-20,16-17,A,2,19,0
232,2022-06-20,16-17,B,2,19,0
232,2022-06-20,17-18,A,3,19,0
232,2022-06-20,17-18,B,2,19,0
232,2022-06-20,18-19,A,4,19,0
232,2022-06-20,18-19,B,3,19,0
232,2022-06-20,19-20,A,4,19,0
232,2022-06-20,19-20,B,4,19,0
232,2022-06-20,20-21,A,4,19,0
232,2022-06-20,20-21,B,4,19,0
232,2022-06-20,21-22,A,3,19,0
232,2022-06-20,21-22,B,3,19,0
233,2022-06-21,09-10,A,3,19,0
233,2022-06-21,09-10,B,2,19,0
233,2022-06-21,10-11,A,4,19,0
233,2022-06-21,10-11,B,3,19,0
233,2022-06-21,11-12,A,4,19,0
233,2022-06-21,11-12,B,4,19,0
233,2022-06-21,12-13,A,4,19,0
233,2022-06-21,12-13,B,4,19,0
233,2022-06-21,13-14,A,4,19,0
233,2022-06-21,13-14,B,4,19,0
233,2022-06-21,14-15,A,4,19,0
233,2022-06-21,14-15,B,3,19,0
233,2022-06-21,15-16,A,3,19,0
233,2022-06-21,15-16,B,2,19,0
233,2022-06-21,16-17,A,2,19,0
233,2022-06-21,16-17,B,2,19,0
233,2022-06-21,17-18,A,2,19,0
233,2022-06-21,17-18,B,2,19,0
233,2022-06-21,18-19,A,3,19,0
233,2022-06-21,18-19,B,3,19,0
233,2022-06-21,19-20,A,4,19,0
233,2022-06-21,19-20,B,3,19,0
233,2022-06-21,20-21,A,4,19,0
233,2022-06-21,20-21,B,4,19,0
233,2022-06-21,21-22,A,3,19,0
233,2022-06-21,21-22,B,3,19,0
234,2022-06-22,09-10,A,3,19,0
234,2022-06-22,09-10,B,2,19,0
234,2022-06-22,10-11,A,4,19,0
234,2022-06-22,10-11,B,3,19,0
234,2022-06-22,11-12,A,4,19,0
234,2022-06-22,11-12,B,4,19,0
234,2022-06-22,12-13,A,4,19,0
234,2022-06-22,12-13,B,4,19,0
234,2022-06-22,13-14,A,4,19,0
234,2022-06-22,13-14,B,4,19,0
234,2022-06-22,14-15,A,4,19,0
234,2022-06-22,14-15,B,4,19,0
234,2022-06-22,15-16,A,3,19,0
234,2022-06-22,15-16,B,2,19,0
234,2022-06-22,16-17,A,2,19,0
234,2022-06-22,16-17,B,2,19,0
234,2022-06-22,17-18,A,3,19,0
234,2022-06-22,17-18,B,2,19,0
234,2022-06-22,18-19,A,3,19,0
234,2022-06-22,18-19,B,2,19,0
234,2022-06-22,19-20,A,4,19,0
234,2022-06-22,19-20,B,3,19,0
234,2022-06-22,20-21,A,4,19,0
234,2022-06-22,20-21,B,3,19,0
234,2022-06-22,21-22,A,3,19,0
234,2022-06-22,21-22,B,2,19,0
235,2022-06-23,09-10,A,3,19,0
235,2022-06-23,09-10,B,2,19,0
235,2022-06-23,10-11,A,4,19,0
235,2022-06-23,10-11,B,3,19,0
235,2022-06-23,11-12,A,4,19,0
235,2022-06-23,11-12,B,4,19,0
235,2022-06-23,12-13,A,4,19,0
235,2022-06-23,12-13,B,4,19,0
235,2022-06-23,13-14,A,4,19,0
235,2022-06-23,13-14,B,4,19,0
235,2022-06-23,14-15,A,4,19,0
235,2022-06-23,14-15,B,4,19,0
235,2022-06-23,15-16,A,3,19,0
235,2022-06-23,15-16,B,2,19,0
235,2022-06-23,16-17,A,2,19,0
235,2022-06-23,16-17,B,1,19,0
235,2022-06-23,17-18,A,3,19,0
235,2022-06-23,17-18,B,3,19,0
235,2022-06-23,18-19,A,4,19,0
235,2022-06-23,18-19,B,3,19,0
235,2022-06-23,19-20,A,4,19,0
235,2022-06-23,19-20,B,3,19,0
235,2022-06-23,20-21,A,4,19,0
235,2022-06-23,20-21,B,4,19,0
235,2022-06-23,21-22,A,4,19,0
235,2022-06-23,21-22,B,3,19,0
236,2022-06-24,09-10,A,4,19,0
236,2022-06-24,09-10,B,2,19,0
236,2022-06-24,10-11,A,4,19,0
236,2022-06-24,10-11,B,3,19,0
236,2022-06-24,11-12,A,4,19,0
236,2022-06-24,11-12,B,4,19,0
236,2022-06-24,12-13,A,4,19,0
236,2022-06-24,12-13,B,4,19,0
236,2022-06-24,13-14,A,4,19,0
236,2022-06-24,13-14,B,4,19,0
236,2022-06-24,14-15,A,4,19,0
236,2022-06-24,14-15,B,4,19,0
236,2022-06-24,15-16,A,4,19,0
236,2022-06-24,15-16,B,2,19,0
236,2022-06-24,16-17,A,3,19,0
236,2022-06-24,16-17,B,2,19,0
236,2022-06-24,17-18,A,3,19,0
236,2022-06-24,17-18,B,3,19,0
236,2022-06-24,18-19,A,4,19,0
236,2022-06-24,18-19,B,3,19,0
236,2022-06-24,19-20,A,4,19,0
236,2022-06-24,19-20,B,4,19,0
236,2022-06-24,20-21,A,4,19,0
236,2022-06-24,20-21,B,4,19,0
236,2022-06-24,21-22,A,4,19,0
236,2022-06-24,21-22,B,4,19,0
237,2022-06-25,09-10,A,4,19,0
237,2022-06-25,09-10,B,2,19,0
237,2022-06-25,10-11,A,4,19,0
237,2022-06-25,10-11,B,4,19,0
237,2022-06-25,11-12,A,4,19,0
237,2022-06-25,11-12,B,4,19,0
237,2022-06-25,12-13,A,4,19,0
237,2022-06-25,12-13,B,4,19,0
237,2022-06-25,13-14,A,4,19,0
237,2022-06-25,13-14,B,4,19,0
237,2022-06-25,14-15,A,4,19,0
237,2022-06-25,14-15,B,4,19,0
237,2022-06-25,15-16,A,4,19,0
237,2022-06-25,15-16,B,3,19,0
237,2022-06-25,16-17,A,3,19,0
237,2022-06-25,16-17,B,2,19,0
237,2022-06-25,17-18,A,3,19,0
237,2022-06-25,17-18,B,2,19,0
237,2022-06-25,18-19,A,4,19,0
237,2022-06-25,18-19,B,3,19,0
237,2022-06-25,19-20,A,4,19,0
237,2022-06-25,19-20,B,4,19,0
237,2022-06-25,20-21,A,4,19,0
237,2022-06-25,20-21,B,4,19,0
237,2022-06-25,21-22,A,4,19,0
237,2022-06-25,21-22,B,4,19,0
238,2022-06-26,09-10,A,-1,0,0
238,2022-06-26,09-10,B,-1,0,0
238,2022-06-26,10-11,A,-1,0,0
238,2022-06-26,10-11,B,-1,0,0
238,2022-06-26,11-12,A,-1,0,0
238,2022-06-26,11-12,B,-1,0,0
238,2022-06-26,12-13,A,-1,0,0
238,2022-06-26,12-13,B,-1,0,0
238,2022-06-26,13-14,A,-1,0,0
238,2022-06-26,13-14,B,-1,0,0
238,2022-06-26,14-15,A,-1,0,0
238,2022-06-26,14-15,B,-1,0,0
238,2022-06-26,15-16,A,-1,0,0
238,2022-06-26,15-16,B,-1,0,0
238,2022-06-26,16-17,A,-1,0,0
238,2022-06-26,16-17,B,-1,0,0
238,2022-06-26,17-18,A,-1,0,0
238,2022-06-26,17-18,B,-1,0,0
238,2022-06-26,18-19,A,-1,0,0
238,2022-06-26,18-19,B,-1,0,0
238,2022-06-26,19-20,A,-1,0,0
238,2022-06-26,19-20,B,-1,0,0
238,2022-06-26,20-21,A,-1,0,0
238,2022-06-26,20-21,B,-1,0,0
238,2022-06-26,21-22,A,-1,0,0
238,2022-06-26,21-22,B,-1,0,0
239,2022-06-27,09-10,A,2,19,0
239,2022-06-27,09-10,B,2,19,0
239,2022-06-27,10-11,A,3,19,0
239,2022-06-27,10-11,B,2,19,0
239,2022-06-27,11-12,A,4,19,0
239,2022-06-27,11-12,B,3,19,0
239,2022-06-27,12-13,A,4,19,0
239,2022-06-27,12-13,B,4,19,0
239,2022-06-27,13-14,A,4,19,0
239,2022-06-27,13-14,B,4,19,0
239,2022-06-27,14-15,A,4,19,0
239,2022-06-27,14-15,B,3,19,0
239,2022-06-27,15-16,A,3,19,0
239,2022-06-27,15-16,B,2,19,0
239,2022-06-27,16-17,A,2,19,0
239,2022-06-27,16-17,B,2,19,0
239,2022-06-27,17-18,A,3,19,0
239,2022-06-27,17-18,B,3,19,0
239,2022-06-27,18-19,A,4,19,0
239,2022-06-27,18-19,B,3,19,0
239,2022-06-27,19-20,A,4,19,0
239,2022-06-27,19-20,B,4,19,0
239,2022-06-27,20-21,A,4,19,0
239,2022-06-27,20-21,B,4,19,0
239,2022-06-27,21-22,A,4,19,0
239,2022-06-27,21-22,B,3,19,0
240,2022-06-28,09-10,A,3,19,0
240,2022-06-28,09-10,B,2,19,0
240,2022-06-28,10-11,A,4,19,0
240,2022-06-28,10-11,B,3,19,0
240,2022-06-28,11-12,A,4,19,0
240,2022-06-28,11-12,B,4,19,0
240,2022-06-28,12-13,A,4,19,0
240,2022-06-28,12-13,B,4,19,0
240,2022-06-28,13-14,A,4,19,0
240,2022-06-28,13-14,B,4,19,0
240,2022-06-28,14-15,A,4,19,0
240,2022-06-28,14-15,B,4,19,0
240,2022-06-28,15-16,A,3,19,0
240,2022-06-28,15-16,B,2,19,0
240,2022-06-28,16-17,A,2,19,0
240,2022-06-28,16-17,B,1,19,0
240,2022-06-28,17-18,A,3,19,0
240,2022-06-28,17-18,B,2,19,0
240,2022-06-28,18-19,A,4,19,0
240,2022-06-28,18-19,B,3,19,0
240,2022-06-28,19-20,A,4,19,0
240,2022-06-28,19-20,B,4,19,0
240,2022-06-28,20-21,A,4,19,0
240,2022-06-28,20-21,B,4,19,0
240,2022-06-28,21-22,A,4,19,0
240,2022-06-28,21-22,B,3,19,0
241,2022-06-29,09-10,A,-1,0,0
241,2022-06-29,09-10,B,-1,0,0
241,2022-06-29,10-11,A,-1,0,0
241,2022-06-29,10-11,B,-1,0,0
241,2022-06-29,11-12,A,-1,0,0
241,2022-06-29,11-12,B,-1,0,0
241,2022-06-29,12-13,A,-1,0,0
241,2022-06-29,12-13,B,-1,0,0
241,2022-06-29,13-14,A,-1,0,0
241,2022-06-29,13-14,B,-1,0,0
241,2022-06-29,14-15,A,-1,0,0
241,2022-06-29,14-15,B,-1,0,0
241,2022-06-29,15-16,A,-1,0,0
241,2022-06-29,15-16,B,-1,0,0
241,2022-06-29,16-17,A,-1,0,0
241,2022-06-29,16-17,B,-1,0,0
241,2022-06-29,17-18,A,-1,0,0
241,2022-06-29,17-18,B,-1,0,0
241,2022-06-29,18-19,A,-1,0,0
241,2022-06-29,18-19,B,-1,0,0
241,2022-06-29,19-20,A,-1,0,0
241,2022-06-29,19-20,B,-1,0,0
241,2022-06-29,20-21,A,-1,0,0
241,2022-06-29,20-21,B,-1,0,0
241,2022-06-29,21-22,A,-1,0,0
241,2022-06-29,21-22,B,-1,0,0
242,2022-06-30,09-10,A,3,19,0
242,2022-06-30,09-10,B,2,19,0
242,2022-06-30,10-11,A,4,19,0
242,2022-06-30,10-11,B,3,19,0
242,2022-06-30,11-12,A,4,19,0
242,2022-06-30,11-12,B,4,19,0
242,2022-06-30,12-13,A,4,19,0
242,2022-06-30,12-13,B,4,19,0
242,2022-06-30,13-14,A,4,19,0
242,2022-06-30,13-14,B,4,19,0
242,2022-06-30,14-15,A,4,19,0
242,2022-06-30,14-15,B,4,19,0
242,2022-06-30,15-16,A,3,19,0
242,2022-06-30,15-16,B,2,19,0
242,2022-06-30,16-17,A,2,19,0
242,2022-06-30,16-17,B,1,19,0
242,2022-06-30,17-18,A,3,19,0
242,2022-06-30,17-18,B,3,19,0
242,2022-06-30,18-19,A,4,19,0
242,2022-06-30,18-19,B,3,19,0
242,2022-06-30,19-20,A,4,19,0
242,2022-06-30,19-20,B,3,19,0
242,2022-06-30,20-21,A,4,19,0
242,2022-06-30,20-21,B,4,19,0
242,2022-06-30,21-22,A,4,19,0
242,2022-06-30,21-22,B,3,19,0
243,2022-07-01,09-10,A,3,19,0
243,2022-07-01,09-10,B,2,19,0
243,2022-07-01,10-11,A,4,19,0
243,2022-07-01,10-11,B,4,19,0
243,2022-07-01,11-12,A,4,19,0
243,2022-07-01,11-12,B,4,19,0
243,2022-07-01,12-13,A,4,19,0
243,2022-07-01,12-13,B,4,19,0
243,2022-07-01,13-14,A,4,19,0
243,2022-07-01,13-14,B,4,19,0
243,2022-07-01,14-15,A,4,19,0
243,2022-07-01,14-15,B,4,19,0
243,2022-07-01,15-16,A,3,19,0
243,2022-07-01,15-16,B,3,19,0
243,2022-07-01,16-17,A,2,19,0
243,2022-07-01,16-17,B,2,19,0
243,2022-07-01,17-18,A,3,19,0
243,2022-07-01,17-18,B,3,19,0
243,2022-07-01,18-19,A,4,19,0
243,2022-07-01,18-19,B,3,19,0
243,2022-07-01,19-20,A,4,19,0
243,2022-07-01,19-20,B,4,19,0
243,2022-07-01,20-21,A,4,19,0
243,2022-07-01,20-21,B,4,19,0
243,2022-07-01,21-22,A,4,19,0
243,2022-07-01,21-22,B,4,19,0
244,2022-07-02,09-10,A,4,19,0
244,2022-07-02,09-10,B,3,19,0
244,2022-07-02,10-11,A,4,19,0
244,2022-07-02,10-11,B,4,19,0
244,2022-07-02,11-12,A,4,19,0
244,2022-07-02,11-12,B,4,19,0
244,2022-07-02,12-13,A,4,19,0
244,2022-07-02,12-13,B,4,19,0
244,2022-07-02,13-14,A,4,19,0
244,2022-07-02,13-14,B,4,19,0
244,2022-07-02,14-15,A,4,19,0
244,2022-07-02,14-15,B,4,19,0
244,2022-07-02,15-16,A,4,19,0
244,2022-07-02,15-16,B,2,19,0
244,2022-07-02,16-17,A,3,19,0
244,2022-07-02,16-17,B,2,19,0
244,2022-07-02,17-18,A,3,19,0
244,2022-07-02,17-18,B,2,19,0
244,2022-07-02,18-19,A,3,19,0
244,2022-07-02,18-19,B,3,19,0
244,2022-07-02,19-20,A,4,19,0
244,2022-07-02,19-20,B,4,19,0
244,2022-07-02,20-21,A,4,19,0
244,2022-07-02,20-21,B,4,19,0
244,2022-07-02,21-22,A,4,19,0
244,2022-07-02,21-22,B,4,19,0
245,2022-07-03,09-10,A,-1,0,0
245,2022-07-03,09-10,B,-1,0,0
245,2022-07-03,10-11,A,-1,0,0
245,2022-07-03,10-11,B,-1,0,0
245,2022-07-03,11-12,A,-1,0,0
245,2022-07-03,11-12,B,-1,0,0
245,2022-07-03,12-13,A,-1,0,0
245,2022-07-03,12-13,B,-1,0,0
245,2022-07-03,13-14,A,-1,0,0
245,2022-07-03,13-14,B,-1,0,0
245,2022-07-03,14-15,A,-1,0,0
245,2022-07-03,14-15,B,-1,0,0
245,2022-07-03,15-16,A,-1,0,0
245,2022-07-03,15-16,B,-1,0,0
245,2022-07-03,16-17,A,-1,0,0
245,2022-07-03,16-17,B,-1,0,0
245,2022-07-03,17-18,A,-1,0,0
245,2022-07-03,17-18,B,-1,0,0
245,2022-07-03,18-19,A,-1,0,0
245,2022-07-03,18-19,B,-1,0,0
245,2022-07-03,19-20,A,-1,0,0
245,2022-07-03,19-20,B,-1,0,0
245,2022-07-03,20-21,A,-1,0,0
245,2022-07-03,20-21,B,-1,0,0
245,2022-07-03,21-22,A,-1,0,0
245,2022-07-03,21-22,B,-1,0,0
246,2022-07-04,09-10,A,3,19,0
246,2022-07-04,09-10,B,2,19,0
246,2022-07-04,10-11,A,4,19,0
246,2022-07-04,10-11,B,4,19,0
246,2022-07-04,11-12,A,4,19,0
246,2022-07-04,11-12,B,4,19,0
246,2022-07-04,12-13,A,4,19,0
246,2022-07-04,12-13,B,4,19,0
246,2022-07-04,13-14,A,4,19,0
246,2022-07-04,13-14,B,4,19,0
246,2022-07-04,14-15,A,4,19,0
246,2022-07-04,14-15,B,4,19,0
246,2022-07-04,15-16,A,3,19,0
246,2022-07-04,15-16,B,2,19,0
246,2022-07-04,16-17,A,2,19,0
246,2022-07-04,16-17,B,2,19,0
246,2022-07-04,17-18,A,3,19,0
246,2022-07-04,17-18,B,2,19,0
246,2022-07-04,18-19,A,4,19,0
246,2022-07-04,18-19,B,3,19,0
246,2022-07-04,19-20,A,4,19,0
246,2022-07-04,19-20,B,4,19,0
246,2022-07-04,20-21,A,4,19,0
246,2022-07-04,20-21,B,4,19,0
246,2022-07-04,21-22,A,4,19,0
246,2022-07-04,21-22,B,4,19,0
247,2022-07-05,09-10,A,3,19,0
247,2022-07-05,09-10,B,2,19,0
247,2022-07-05,10-11,A,4,19,0
247,2022-07-05,10-11,B,3,19,0
247,2022-07-05,11-12,A,4,19,0
247,2022-07-05,11-12,B,4,19,0
247,2022-07-05,12-13,A,4,19,0
247,2022-07-05,12-13,B,4,19,0
247,2022-07-05,13-14,A,4,19,0
247,2022-07-05,13-14,B,4,19,0
247,2022-07-05,14-15,A,4,19,0
247,2022-07-05,14-15,B,4,19,0
247,2022-07-05,15-16,A,3,19,0
247,2022-07-05,15-16,B,2,19,0
247,2022-07-05,16-17,A,2,19,0
247,2022-07-05,16-17,B,2,19,0
247,2022-07-05,17-18,A,2,19,0
247,2022-07-05,17-18,B,2,19,0
247,2022-07-05,18-19,A,3,19,0
247,2022-07-05,18-19,B,3,19,0
247,2022-07-05,19-20,A,4,19,0
247,2022-07-05,19-20,B,4,19,0
247,2022-07-05,20-21,A,4,19,0
247,2022-07-05,20-21,B,4,19,0
247,2022-07-05,21-22,A,4,19,0
247,2022-07-05,21-22,B,3,19,0
248,2022-07-06,09-10,A,3,19,0
248,2022-07-06,09-10,B,2,19,0
248,2022-07-06,10-11,A,4,19,0
248,2022-07-06,10-11,B,2,19,0
248,2022-07-06,11-12,A,4,19,0
248,2022-07-06,11-12,B,4,19,0
248,2022-07-06,12-13,A,4,19,0
248,2022-07-06,12-13,B,4,19,0
248,2022-07-06,13-14,A,4,19,0
248,2022-07-06,13-14,B,4,19,0
248,2022-07-06,14-15,A,4,19,0
248,2022-07-06,14-15,B,4,19,0
248,2022-07-06,15-16,A,3,19,0
248,2022-07-06,15-16,B,2,19,0
248,2022-07-06,16-17,A,2,19,0
248,2022-07-06,16-17,B,2,19,0
248,2022-07-06,17-18,A,3,19,0
248,2022-07-06,17-18,B,2,19,0
248,2022-07-06,18-19,A,3,19,0
248,2022-07-06,18-19,B,3,19,0
248,2022-07-06,19-20,A,4,19,0
248,2022-07-06,19-20,B,4,19,0
248,2022-07-06,20-21,A,4,19,0
248,2022-07-06,20-21,B,3,19,0
248,2022-07-06,21-22,A,4,19,0
248,2022-07-06,21-22,B,3,19,0
249,2022-07-07,09-10,A,3,19,0
249,2022-07-07,09-10,B,2,19,0
249,2022-07-07,10-11,A,4,19,0
249,2022-07-07,10-11,B,3,19,0
249,2022-07-07,11-12,A,4,19,0
249,2022-07-07,11-12,B,4,19,0
249,2022-07-07,12-13,A,4,19,0
249,2022-07-07,12-13,B,4,19,0
249,2022-07-07,13-14,A,4,19,0
249,2022-07-07,13-14,B,4,19,0
249,2022-07-07,14-15,A,4,19,0
249,2022-07-07,14-15,B,4,19,0
249,2022-07-07,15-16,A,3,19,0
249,2022-07-07,15-16,B,2,19,0
249,2022-07-07,16-17,A,2,19,0
249,2022-07-07,16-17,B,2,19,0
249,2022-07-07,17-18,A,3,19,0
249,2022-07-07,17-18,B,2,19,0
249,2022-07-07,18-19,A,4,19,0
249,2022-07-07,18-19,B,3,19,0
249,2022-07-07,19-20,A,4,19,0
249,2022-07-07,19-20,B,3,19,0
249,2022-07-07,20-21,A,4,19,0
249,2022-07-07,20-21,B,3,19,0
249,2022-07-07,21-22,A,4,19,0
249,2022-07-07,21-22,B,3,19,0
250,2022-07-08,09-10,A,-1,0,0
250,2022-07-08,09-10,B,-1,0,0
250,2022-07-08,10-11,A,-1,0,0
250,2022-07-08,10-11,B,-1,0,0
250,2022-07-08,11-12,A,-1,0,0
250,2022-07-08,11-12,B,-1,0,0
250,2022-07-08,12-13,A,-1,0,0
250,2022-07-08,12-13,B,-1,0,0
250,2022-07-08,13-14,A,-1,0,0
250,2022-07-08,13-14,B,-1,0,0
250,2022-07-08,14-15,A,-1,0,0
250,2022-07-08,14-15,B,-1,0,0
250,2022-07-08,15-16,A,-1,0,0
250,2022-07-08,15-16,B,-1,0,0
250,2022-07-08,16-17,A,-1,0,0
250,2022-07-08,16-17,B,-1,0,0
250,2022-07-08,17-18,A,-1,0,0
250,2022-07-08,17-18,B,-1,0,0
250,2022-07-08,18-19,A,-1,0,0
250,2022-07-08,18-19,B,-1,0,0
250,2022-07-08,19-20,A,-1,0,0
250,2022-07-08,19-20,B,-1,0,0
250,2022-07-08,20-21,A,-1,0,0
250,2022-07-08,20-21,B,-1,0,0
250,2022-07-08,21-22,A,-1,0,0
250,2022-07-08,21-22,B,-1,0,0
251,2022-07-09,09-10,A,4,19,0
251,2022-07-09,09-10,B,3,19,0
251,2022-07-09,10-11,A,4,19,0
251,2022-07-09,10-11,B,4,19,0
251,2022-07-09,11-12,A,4,19,0
251,2022-07-09,11-12,B,4,19,0
251,2022-07-09,12-13,A,4,19,0
251,2022-07-09,12-13,B,4,19,0
251,2022-07-09,13-14,A,4,19,0
251,2022-07-09,13-14,B,4,19,0
251,2022-07-09,14-15,A,4,19,0
251,2022-07-09,14-15,B,4,19,0
251,2022-07-09,15-16,A,4,19,0
251,2022-07-09,15-16,B,2,19,0
251,2022-07-09,16-17,A,3,19,0
251,2022-07-09,16-17,B,2,19,0
251,2022-07-09,17-18,A,3,19,0
251,2022-07-09,17-18,B,2,19,0
251,2022-07-09,18-19,A,4,19,0
251,2022-07-09,18-19,B,3,19,0
251,2022-07-09,19-20,A,4,19,0
251,2022-07-09,19-20,B,3,19,0
251,2022-07-09,20-21,A,4,19,0
251,2022-07-09,20-21,B,4,19,0
251,2022-07-09,21-22,A,4,19,0
251,2022-07-09,21-22,B,4,19,0
252,2022-07-10,09-10,A,-1,0,0
252,2022-07-10,09-10,B,-1,0,0
252,2022-07-10,10-11,A,-1,0,0
252,2022-07-10,10-11,B,-1,0,0
252,2022-07-10,11-12,A,-1,0,0
252,2022-07-10,11-12,B,-1,0,0
252,2022-07-10,12-13,A,-1,0,0
252,2022-07-10,12-13,B,-1,0,0
252,2022-07-10,13-14,A,-1,0,0
252,2022-07-10,13-14,B,-1,0,0
252,2022-07-10,14-15,A,-1,0,0
252,2022-07-10,14-15,B,-1,0,0
252,2022-07-10,15-16,A,-1,0,0
252,2022-07-10,15-16,B,-1,0,0
252,2022-07-10,16-17,A,-1,0,0
252,2022-07-10,16-17,B,-1,0,0
252,2022-07-10,17-18,A,-1,0,0
252,2022-07-10,17-18,B,-1,0,0
252,2022-07-10,18-19,A,-1,0,0
252,2022-07-10,18-19,B,-1,0,0
252,2022-07-10,19-20,A,-1,0,0
252,2022-07-10,19-20,B,-1,0,0
252,2022-07-10,20-21,A,-1,0,0
252,2022-07-10,20-21,B,-1,0,0
252,2022-07-10,21-22,A,-1,0,0
252,2022-07-10,21-22,B,-1,0,0
253,2022-07-11,09-10,A,3,19,0
253,2022-07-11,09-10,B,2,19,0
253,2022-07-11,10-11,A,4,19,0
253,2022-07-11,10-11,B,3,19,0
253,2022-07-11,11-12,A,4,19,0
253,2022-07-11,11-12,B,4,19,0
253,2022-07-11,12-13,A,4,19,0
253,2022-07-11,12-13,B,4,19,0
253,2022-07-11,13-14,A,4,19,0
253,2022-07-11,13-14,B,4,19,0
253,2022-07-11,14-15,A,4,19,0
253,2022-07-11,14-15,B,4,19,0
253,2022-07-11,15-16,A,3,19,0
253,2022-07-11,15-16,B,2,19,0
253,2022-07-11,16-17,A,2,19,0
253,2022-07-11,16-17,B,2,19,0
253,2022-07-11,17-18,A,2,19,0
253,2022-07-11,17-18,B,2,19,0
253,2022-07-11,18-19,A,4,19,0
253,2022-07-11,18-19,B,4,19,0
253,2022-07-11,19-20,A,4,19,0
253,2022-07-11,19-20,B,4,19,0
253,2022-07-11,20-21,A,4,19,0
253,2022-07-11,20-21,B,4,19,0
253,2022-07-11,21-22,A,4,19,0
253,2022-07-11,21-22,B,4,19,0
254,2022-07-12,09-10,A,3,19,0
254,2022-07-12,09-10,B,2,19,0
254,2022-07-12,10-11,A,4,19,0
254,2022-07-12,10-11,B,3,19,0
254,2022-07-12,11-12,A,4,19,0
254,2022-07-12,11-12,B,4,19,0
254,2022-07-12,12-13,A,4,19,0
254,2022-07-12,12-13,B,4,19,0
254,2022-07-12,13-14,A,4,19,0
254,2022-07-12,13-14,B,4,19,0
254,2022-07-12,14-15,A,4,19,0
254,2022-07-12,14-15,B,4,19,0
254,2022-07-12,15-16,A,3,19,0
254,2022-07-12,15-16,B,2,19,0
254,2022-07-12,16-17,A,2,19,0
254,2022-07-12,16-17,B,2,19,0
254,2022-07-12,17-18,A,2,19,0
254,2022-07-12,17-18,B,2,19,0
254,2022-07-12,18-19,A,3,19,0
254,2022-07-12,18-19,B,3,19,0
254,2022-07-12,19-20,A,4,19,0
254,2022-07-12,19-20,B,4,19,0
254,2022-07-12,20-21,A,4,19,0
254,2022-07-12,20-21,B,4,19,0
254,2022-07-12,21-22,A,4,19,0
254,2022-07-12,21-22,B,4,19,0
255,2022-07-13,09-10,A,3,19,0
255,2022-07-13,09-10,B,2,19,0
255,2022-07-13,10-11,A,4,19,0
255,2022-07-13,10-11,B,3,19,0
255,2022-07-13,11-12,A,4,19,0
255,2022-07-13,11-12,B,3,19,0
255,2022-07-13,12-13,A,4,19,0
255,2022-07-13,12-13,B,4,19,0
255,2022-07-13,13-14,A,4,19,0
255,2022-07-13,13-14,B,4,19,0
255,2022-07-13,14-15,A,4,19,0
255,2022-07-13,14-15,B,4,19,0
255,2022-07-13,15-16,A,3,19,0
255,2022-07-13,15-16,B,2,19,0
255,2022-07-13,16-17,A,2,19,0
255,2022-07-13,16-17,B,2,19,0
255,2022-07-13,17-18,A,2,19,0
255,2022-07-13,17-18,B,2,19,0
255,2022-07-13,18-19,A,3,19,0
255,2022-07-13,18-19,B,3,19,0
255,2022-07-13,19-20,A,4,19,0
255,2022-07-13,19-20,B,4,19,0
255,2022-07-13,20-21,A,4,19,0
255,2022-07-13,20-21,B,4,19,0
255,2022-07-13,21-22,A,3,19,0
255,2022-07-13,21-22,B,2,19,0
256,2022-07-14,09-10,A,3,19,0
256,2022-07-14,09-10,B,2,19,0
256,2022-07-14,10-11,A,3,19,0
256,2022-07-14,10-11,B,3,19,0
256,2022-07-14,11-12,A,4,19,0
256,2022-07-14,11-12,B,4,19,0
256,2022-07-14,12-13,A,4,19,0
256,2022-07-14,12-13,B,4,19,0
256,2022-07-14,13-14,A,4,19,0
256,2022-07-14,13-14,B,4,19,0
256,2022-07-14,14-15,A,4,19,0
256,2022-07-14,14-15,B,4,19,0
256,2022-07-14,15-16,A,2,19,0
256,2022-07-14,15-16,B,2,19,0
256,2022-07-14,16-17,A,2,19,0
256,2022-07-14,16-17,B,2,19,0
256,2022-07-14,17-18,A,2,19,0
256,2022-07-14,17-18,B,2,19,0
256,2022-07-14,18-19,A,3,19,0
256,2022-07-14,18-19,B,3,19,0
256,2022-07-14,19-20,A,4,19,0
256,2022-07-14,19-20,B,3,19,0
256,2022-07-14,20-21,A,4,19,0
256,2022-07-14,20-21,B,3,19,0
256,2022-07-14,21-22,A,4,19,0
256,2022-07-14,21-22,B,3,19,0
257,2022-07-15,09-10,A,4,19,0
257,2022-07-15,09-10,B,2,19,0
257,2022-07-15,10-11,A,4,19,0
257,2022-07-15,10-11,B,4,19,0
257,2022-07-15,11-12,A,4,19,0
257,2022-07-15,11-12,B,4,19,0
257,2022-07-15,12-13,A,4,19,0
257,2022-07-15,12-13,B,4,19,0
257,2022-07-15,13-14,A,4,19,0
257,2022-07-15,13-14,B,4,19,0
257,2022-07-15,14-15,A,4,19,0
257,2022-07-15,14-15,B,4,19,0
257,2022-07-15,15-16,A,3,19,0
257,2022-07-15,15-16,B,3,19,0
257,2022-07-15,16-17,A,3,19,0
257,2022-07-15,16-17,B,2,19,0
257,2022-07-15,17-18,A,3,19,0
257,2022-07-15,17-18,B,3,19,0
257,2022-07-15,18-19,A,4,19,0
257,2022-07-15,18-19,B,4,19,0
257,2022-07-15,19-20,A,4,19,0
257,2022-07-15,19-20,B,4,19,0
257,2022-07-15,20-21,A,4,19,0
257,2022-07-15,20-21,B,4,19,0
257,2022-07-15,21-22,A,4,19,0
257,2022-07-15,21-22,B,4,19,0
258,2022-07-16,09-10,A,4,19,0
258,2022-07-16,09-10,B,3,19,0
258,2022-07-16,10-11,A,4,19,0
258,2022-07-16,10-11,B,4,19,0
258,2022-07-16,11-12,A,4,19,0
258,2022-07-16,11-12,B,4,19,0
258,2022-07-16,12-13,A,4,19,0
258,2022-07-16,12-13,B,4,19,0
258,2022-07-16,13-14,A,4,19,0
258,2022-07-16,13-14,B,4,19,0
258,2022-07-16,14-15,A,4,19,0
258,2022-07-16,14-15,B,4,19,0
258,2022-07-16,15-16,A,4,19,0
258,2022-07-16,15-16,B,3,19,0
258,2022-07-16,16-17,A,3,19,0
258,2022-07-16,16-17,B,2,19,0
258,2022-07-16,17-18,A,3,19,0
258,2022-07-16,17-18,B,2,19,0
258,2022-07-16,18-19,A,3,19,0
258,2022-07-16,18-19,B,3,19,0
258,2022-07-16,19-20,A,4,19,0
258,2022-07-16,19-20,B,4,19,0
258,2022-07-16,20-21,A,4,19,0
258,2022-07-16,20-21,B,4,19,0
258,2022-07-16,21-22,A,4,19,0
258,2022-07-16,21-22,B,3,19,0
259,2022-07-17,09-10,A,-1,0,0
259,2022-07-17,09-10,B,-1,0,0
259,2022-07-17,10-11,A,-1,0,0
259,2022-07-17,10-11,B,-1,0,0
259,2022-07-17,11-12,A,-1,0,0
259,2022-07-17,11-12,B,-1,0,0
259,2022-07-17,12-13,A,-1,0,0
259,2022-07-17,12-13,B,-1,0,0
259,2022-07-17,13-14,A,-1,0,0
259,2022-07-17,13-14,B,-1,0,0
259,2022-07-17,14-15,A,-1,0,0
259,2022-07-17,14-15,B,-1,0,0
259,2022-07-17,15-16,A,-1,0,0
259,2022-07-17,15-16,B,-1,0,0
259,2022-07-17,16-17,A,-1,0,0
259,2022-07-17,16-17,B,-1,0,0
259,2022-07-17,17-18,A,-1,0,0
259,2022-07-17,17-18,B,-1,0,0
259,2022-07-17,18-19,A,-1,0,0
259,2022-07-17,18-19,B,-1,0,0
259,2022-07-17,19-20,A,-1,0,0
259,2022-07-17,19-20,B,-1,0,0
259,2022-07-17,20-21,A,-1,0,0
259,2022-07-17,20-21,B,-1,0,0
259,2022-07-17,21-22,A,-1,0,0
259,2022-07-17,21-22,B,-1,0,0
260,2022-07-18,09-10,A,3,19,0
260,2022-07-18,09-10,B,2,19,0
260,2022-07-18,10-11,A,4,19,0
260,2022-07-18,10-11,B,3,19,0
260,2022-07-18,11-12,A,4,19,0
260,2022-07-18,11-12,B,4,19,0
260,2022-07-18,12-13,A,4,19,0
260,2022-07-18,12-13,B,4,19,0
260,2022-07-18,13-14,A,4,19,0
260,2022-07-18,13-14,B,4,19,0
260,2022-07-18,14-15,A,4,19,0
260,2022-07-18,14-15,B,4,19,0
260,2022-07-18,15-16,A,3,19,0
260,2022-07-18,15-16,B,2,19,0
260,2022-07-18,16-17,A,2,19,0
260,2022-07-18,16-17,B,2,19,0
260,2022-07-18,17-18,A,3,19,0
260,2022-07-18,17-18,B,2,19,0
260,2022-07-18,18-19,A,4,19,0
260,2022-07-18,18-19,B,4,19,0
260,2022-07-18,19-20,A,4,19,0
260,2022-07-18,19-20,B,4,19,0
260,2022-07-18,20-21,A,4,19,0
260,2022-07-18,20-21,B,4,19,0
260,2022-07-18,21-22,A,4,19,0
260,2022-07-18,21-22,B,4,19,0
261,2022-07-19,09-10,A,3,19,0
261,2022-07-19,09-10,B,2,19,0
261,2022-07-19,10-11,A,4,19,0
261,2022-07-19,10-11,B,3,19,0
261,2022-07-19,11-12,A,4,19,0
261,2022-07-19,11-12,B,4,19,0
261,2022-07-19,12-13,A,4,19,0
261,2022-07-19,12-13,B,4,19,0
261,2022-07-19,13-14,A,4,19,0
261,2022-07-19,13-14,B,4,19,0
261,2022-07-19,14-15,A,4,19,0
261,2022-07-19,14-15,B,4,19,0
261,2022-07-19,15-16,A,3,19,0
261,2022-07-19,15-16,B,2,19,0
261,2022-07-19,16-17,A,2,19,0
261,2022-07-19,16-17,B,1,19,0
261,2022-07-19,17-18,A,2,19,0
261,2022-07-19,17-18,B,2,19,0
261,2022-07-19,18-19,A,3,19,0
261,2022-07-19,18-19,B,3,19,0
261,2022-07-19,19-20,A,4,19,0
261,2022-07-19,19-20,B,4,19,0
261,2022-07-19,20-21,A,4,19,0
261,2022-07-19,20-21,B,4,19,0
261,2022-07-19,21-22,A,3,19,0
261,2022-07-19,21-22,B,3,19,0
262,2022-07-20,09-10,A,3,19,0
262,2022-07-20,09-10,B,2,19,0
262,2022-07-20,10-11,A,3,19,0
262,2022-07-20,10-11,B,3,19,0
262,2022-07-20,11-12,A,4,19,0
262,2022-07-20,11-12,B,4,19,0
262,2022-07-20,12-13,A,4,19,0
262,2022-07-20,12-13,B,4,19,0
262,2022-07-20,13-14,A,4,19,0
262,2022-07-20,13-14,B,4,19,0
262,2022-07-20,14-15,A,4,19,0
262,2022-07-20,14-15,B,4,19,0
262,2022-07-20,15-16,A,3,19,0
262,2022-07-20,15-16,B,2,19,0
262,2022-07-20,16-17,A,2,19,0
262,2022-07-20,16-17,B,2,19,0
262,2022-07-20,17-18,A,3,19,0
262,2022-07-20,17-18,B,2,19,0
262,2022-07-20,18-19,A,3,19,0
262,2022-07-20,18-19,B,3,19,0
262,2022-07-20,19-20,A,4,19,0
262,2022-07-20,19-20,B,4,19,0
262,2022-07-20,20-21,A,4,19,0
262,2022-07-20,20-21,B,3,19,0
262,2022-07-20,21-22,A,3,19,0
262,2022-07-20,21-22,B,2,19,0
263,2022-07-21,09-10,A,2,19,0
263,2022-07-21,09-10,B,2,19,0
263,2022-07-21,10-11,A,4,19,0
263,2022-07-21,10-11,B,3,19,0
263,2022-07-21,11-12,A,4,19,0
263,2022-07-21,11-12,B,4,19,0
263,2022-07-21,12-13,A,4,19,0
263,2022-07-21,12-13,B,4,19,0
263,2022-07-21,13-14,A,4,19,0
263,2022-07-21,13-14,B,4,19,0
263,2022-07-21,14-15,A,4,19,0
263,2022-07-21,14-15,B,4,19,0
263,2022-07-21,15-16,A,3,19,0
263,2022-07-21,15-16,B,2,19,0
263,2022-07-21,16-17,A,2,19,0
263,2022-07-21,16-17,B,1,19,0
263,2022-07-21,17-18,A,3,19,0
263,2022-07-21,17-18,B,2,19,0
263,2022-07-21,18-19,A,3,19,0
263,2022-07-21,18-19,B,3,19,0
263,2022-07-21,19-20,A,4,19,0
263,2022-07-21,19-20,B,4,19,0
263,2022-07-21,20-21,A,4,19,0
263,2022-07-21,20-21,B,4,19,0
263,2022-07-21,21-22,A,4,19,0
263,2022-07-21,21-22,B,3,19,0
264,2022-07-22,09-10,A,3,19,0
264,2022-07-22,09-10,B,2,19,0
264,2022-07-22,10-11,A,4,19,0
264,2022-07-22,10-11,B,4,19,0
264,2022-07-22,11-12,A,4,19,0
264,2022-07-22,11-12,B,4,19,0
264,2022-07-22,12-13,A,4,19,0
264,2022-07-22,12-13,B,4,19,0
264,2022-07-22,13-14,A,4,19,0
264,2022-07-22,13-14,B,4,19,0
264,2022-07-22,14-15,A,4,19,0
264,2022-07-22,14-15,B,4,19,0
264,2022-07-22,15-16,A,3,19,0
264,2022-07-22,15-16,B,3,19,0
264,2022-07-22,16-17,A,2,19,0
264,2022-07-22,16-17,B,2,19,0
264,2022-07-22,17-18,A,3,19,0
264,2022-07-22,17-18,B,2,19,0
264,2022-07-22,18-19,A,4,19,0
264,2022-07-22,18-19,B,3,19,0
264,2022-07-22,19-20,A,4,19,0
264,2022-07-22,19-20,B,4,19,0
264,2022-07-22,20-21,A,4,19,0
264,2022-07-22,20-21,B,4,19,0
264,2022-07-22,21-22,A,3,19,0
264,2022-07-22,21-22,B,3,19,0
265,2022-07-23,09-10,A,4,19,0
265,2022-07-23,09-10,B,3,19,0
265,2022-07-23,10-11,A,4,19,0
265,2022-07-23,10-11,B,4,19,0
265,2022-07-23,11-12,A,4,19,0
265,2022-07-23,11-12,B,4,19,0
265,2022-07-23,12-13,A,4,19,0
265,2022-07-23,12-13,B,4,19,0
265,2022-07-23,13-14,A,4,19,0
265,2022-07-23,13-14,B,4,19,0
265,2022-07-23,14-15,A,4,19,0
265,2022-07-23,14-15,B,4,19,0
265,2022-07-23,15-16,A,4,19,0
265,2022-07-23,15-16,B,2,19,0
265,2022-07-23,16-17,A,2,19,0
265,2022-07-23,16-17,B,2,19,0
265,2022-07-23,17-18,A,3,19,0
265,2022-07-23,17-18,B,2,19,0
265,2022-07-23,18-19,A,4,19,0
265,2022-07-23,18-19,B,3,19,0
265,2022-07-23,19-20,A,4,19,0
265,2022-07-23,19-20,B,4,19,0
265,2022-07-23,20-21,A,4,19,0
265,2022-07-23,20-21,B,4,19,0
265,2022-07-23,21-22,A,4,19,0
265,2022-07-23,21-22,B,4,19,0
266,2022-07-24,09-10,A,-1,0,0
266,2022-07-24,09-10,B,-1,0,0
266,2022-07-24,10-11,A,-1,0,0
266,2022-07-24,10-11,B,-1,0,0
266,2022-07-24,11-12,A,-1,0,0
266,2022-07-24,11-12,B,-1,0,0
266,2022-07-24,12-13,A,-1,0,0
266,2022-07-24,12-13,B,-1,0,0
266,2022-07-24,13-14,A,-1,0,0
266,2022-07-24,13-14,B,-1,0,0
266,2022-07-24,14-15,A,-1,0,0
266,2022-07-24,14-15,B,-1,0,0
266,2022-07-24,15-16,A,-1,0,0
266,2022-07-24,15-16,B,-1,0,0
266,2022-07-24,16-17,A,-1,0,0
266,2022-07-24,16-17,B,-1,0,0
266,2022-07-24,17-18,A,-1,0,0
266,2022-07-24,17-18,B,-1,0,0
266,2022-07-24,18-19,A,-1,0,0
266,2022-07-24,18-19,B,-1,0,0
266,2022-07-24,19-20,A,-1,0,0
266,2022-07-24,19-20,B,-1,0,0
266,2022-07-24,20-21,A,-1,0,0
266,2022-07-24,20-21,B,-1,0,0
266,2022-07-24,21-22,A,-1,0,0
266,2022-07-24,21-22,B,-1,0,0
267,2022-07-25,09-10,A,3,20,0
267,2022-07-25,09-10,B,2,20,0
267,2022-07-25,10-11,A,4,20,0
267,2022-07-25,10-11,B,3,20,0
267,2022-07-25,11-12,A,4,20,0
267,2022-07-25,11-12,B,4,20,0
267,2022-07-25,12-13,A,4,20,0
267,2022-07-25,12-13,B,4,20,0
267,2022-07-25,13-14,A,4,20,0
267,2022-07-25,13-14,B,4,20,0
267,2022-07-25,14-15,A,4,20,0
267,2022-07-25,14-15,B,4,20,0
267,2022-07-25,15-16,A,3,20,0
267,2022-07-25,15-16,B,2,20,0
267,2022-07-25,16-17,A,2,20,0
267,2022-07-25,16-17,B,2,20,0
267,2022-07-25,17-18,A,2,20,0
267,2022-07-25,17-18,B,2,20,0
267,2022-07-25,18-19,A,3,20,0
267,2022-07-25,18-19,B,3,20,0
267,2022-07-25,19-20,A,4,20,0
267,2022-07-25,19-20,B,4,20,0
267,2022-07-25,20-21,A,4,20,0
267,2022-07-25,20-21,B,4,20,0
267,2022-07-25,21-22,A,4,20,0
267,2022-07-25,21-22,B,4,20,0
268,2022-07-26,09-10,A,3,20,0
268,2022-07-26,09-10,B,2,20,0
268,2022-07-26,10-11,A,4,20,0
268,2022-07-26,10-11,B,3,20,0
268,2022-07-26,11-12,A,4,20,0
268,2022-07-26,11-12,B,4,20,0
268,2022-07-26,12-13,A,4,20,0
268,2022-07-26,12-13,B,4,20,0
268,2022-07-26,13-14,A,4,20,0
268,2022-07-26,13-14,B,4,20,0
268,2022-07-26,14-15,A,4,20,0
268,2022-07-26,14-15,B,4,20,0
268,2022-07-26,15-16,A,3,20,0
268,2022-07-26,15-16,B,2,20,0
268,2022-07-26,16-17,A,2,20,0
268,2022-07-26,16-17,B,2,20,0
268,2022-07-26,17-18,A,3,20,0
268,2022-07-26,17-18,B,2,20,0
268,2022-07-26,18-19,A,4,20,0
268,2022-07-26,18-19,B,3,20,0
268,2022-07-26,19-20,A,4,20,0
268,2022-07-26,19-20,B,4,20,0
268,2022-07-26,20-21,A,4,20,0
268,2022-07-26,20-21,B,4,20,0
268,2022-07-26,21-22,A,4,20,0
268,2022-07-26,21-22,B,3,20,0
269,2022-07-27,09-10,A,3,20,0
269,2022-07-27,09-10,B,2,20,0
269,2022-07-27,10-11,A,4,20,0
269,2022-07-27,10-11,B,3,20,0
269,2022-07-27,11-12,A,4,20,0
269,2022-07-27,11-12,B,4,20,0
269,2022-07-27,12-13,A,4,20,0
269,2022-07-27,12-13,B,4,20,0
269,2022-07-27,13-14,A,4,20,0
269,2022-07-27,13-14,B,4,20,0
269,2022-07-27,14-15,A,4,20,0
269,2022-07-27,14-15,B,4,20,0
269,2022-07-27,15-16,A,3,20,0
269,2022-07-27,15-16,B,2,20,0
269,2022-07-27,16-17,A,2,20,0
269,2022-07-27,16-17,B,2,20,0
269,2022-07-27,17-18,A,2,20,0
269,2022-07-27,17-18,B,2,20,0
269,2022-07-27,18-19,A,3,20,0
269,2022-07-27,18-19,B,3,20,0
269,2022-07-27,19-20,A,4,20,0
269,2022-07-27,19-20,B,4,20,0
269,2022-07-27,20-21,A,4,20,0
269,2022-07-27,20-21,B,4,20,0
269,2022-07-27,21-22,A,4,20,0
269,2022-07-27,21-22,B,3,20,0
270,2022-07-28,09-10,A,3,20,0
270,2022-07-28,09-10,B,2,20,0
270,2022-07-28,10-11,A,4,20,0
270,2022-07-28,10-11,B,4,20,0
270,2022-07-28,11-12,A,4,20,0
270,2022-07-28,11-12,B,4,20,0
270,2022-07-28,12-13,A,4,20,0
270,2022-07-28,12-13,B,4,20,0
270,2022-07-28,13-14,A,4,20,0
270,2022-07-28,13-14,B,4,20,0
270,2022-07-28,14-15,A,4,20,0
270,2022-07-28,14-15,B,4,20,0
270,2022-07-28,15-16,A,3,20,0
270,2022-07-28,15-16,B,2,20,0
270,2022-07-28,16-17,A,2,20,0
270,2022-07-28,16-17,B,2,20,0
270,2022-07-28,17-18,A,3,20,0
270,2022-07-28,17-18,B,2,20,0
270,2022-07-28,18-19,A,4,20,0
270,2022-07-28,18-19,B,3,20,0
270,2022-07-28,19-20,A,4,20,0
270,2022-07-28,19-20,B,4,20,0
270,2022-07-28,20-21,A,4,20,0
270,2022-07-28,20-21,B,4,20,0
270,2022-07-28,21-22,A,3,20,0
270,2022-07-28,21-22,B,3,20,0
271,2022-07-29,09-10,A,3,20,0
271,2022-07-29,09-10,B,2,20,0
271,2022-07-29,10-11,A,4,20,0
271,2022-07-29,10-11,B,4,20,0
271,2022-07-29,11-12,A,4,20,0
271,2022-07-29,11-12,B,4,20,0
271,2022-07-29,12-13,A,4,20,0
271,2022-07-29,12-13,B,4,20,0
271,2022-07-29,13-14,A,4,20,0
271,2022-07-29,13-14,B,4,20,0
271,2022-07-29,14-15,A,4,20,0
271,2022-07-29,14-15,B,4,20,0
271,2022-07-29,15-16,A,3,20,0
271,2022-07-29,15-16,B,3,20,0
271,2022-07-29,16-17,A,2,20,0
271,2022-07-29,16-17,B,2,20,0
271,2022-07-29,17-18,A,3,20,0
271,2022-07-29,17-18,B,2,20,0
271,2022-07-29,18-19,A,4,20,0
271,2022-07-29,18-19,B,3,20,0
271,2022-07-29,19-20,A,4,20,0
271,2022-07-29,19-20,B,4,20,0
271,2022-07-29,20-21,A,4,20,0
271,2022-07-29,20-21,B,4,20,0
271,2022-07-29,21-22,A,3,20,0
271,2022-07-29,21-22,B,3,20,0
272,2022-07-30,09-10,A,4,20,0
272,2022-07-30,09-10,B,3,20,0
272,2022-07-30,10-11,A,4,20,0
272,2022-07-30,10-11,B,4,20,0
272,2022-07-30,11-12,A,4,20,0
272,2022-07-30,11-12,B,4,20,0
272,2022-07-30,12-13,A,4,20,0
272,2022-07-30,12-13,B,4,20,0
272,2022-07-30,13-14,A,4,20,0
272,2022-07-30,13-14,B,4,20,0
272,2022-07-30,14-15,A,4,20,0
272,2022-07-30,14-15,B,4,20,0
272,2022-07-30,15-16,A,4,20,0
272,2022-07-30,15-16,B,2,20,0
272,2022-07-30,16-17,A,2,20,0
272,2022-07-30,16-17,B,2,20,0
272,2022-07-30,17-18,A,3,20,0
272,2022-07-30,17-18,B,2,20,0
272,2022-07-30,18-19,A,4,20,0
272,2022-07-30,18-19,B,3,20,0
272,2022-07-30,19-20,A,4,20,0
272,2022-07-30,19-20,B,4,20,0
272,2022-07-30,20-21,A,4,20,0
272,2022-07-30,20-21,B,4,20,0
272,2022-07-30,21-22,A,4,20,0
272,2022-07-30,21-22,B,4,20,0
273,2022-07-31,09-10,A,-1,0,0
273,2022-07-31,09-10,B,-1,0,0
273,2022-07-31,10-11,A,-1,0,0
273,2022-07-31,10-11,B,-1,0,0
273,2022-07-31,11-12,A,-1,0,0
273,2022-07-31,11-12,B,-1,0,0
273,2022-07-31,12-13,A,-1,0,0
273,2022-07-31,12-13,B,-1,0,0
273,2022-07-31,13-14,A,-1,0,0
273,2022-07-31,13-14,B,-1,0,0
273,2022-07-31,14-15,A,-1,0,0
273,2022-07-31,14-15,B,-1,0,0
273,2022-07-31,15-16,A,-1,0,0
273,2022-07-31,15-16,B,-1,0,0
273,2022-07-31,16-17,A,-1,0,0
273,2022-07-31,16-17,B,-1,0,0
273,2022-07-31,17-18,A,-1,0,0
273,2022-07-31,17-18,B,-1,0,0
273,2022-07-31,18-19,A,-1,0,0
273,2022-07-31,18-19,B,-1,0,0
273,2022-07-31,19-20,A,-1,0,0
273,2022-07-31,19-20,B,-1,0,0
273,2022-07-31,20-21,A,-1,0,0
273,2022-07-31,20-21,B,-1,0,0
273,2022-07-31,21-22,A,-1,0,0
273,2022-07-31,21-22,B,-1,0,0
274,2022-08-01,09-10,A,3,20,0
274,2022-08-01,09-10,B,2,20,0
274,2022-08-01,10-11,A,4,20,0
274,2022-08-01,10-11,B,4,20,0
274,2022-08-01,11-12,A,4,20,0
274,2022-08-01,11-12,B,4,20,0
274,2022-08-01,12-13,A,4,20,0
274,2022-08-01,12-13,B,4,20,0
274,2022-08-01,13-14,A,4,20,0
274,2022-08-01,13-14,B,4,20,0
274,2022-08-01,14-15,A,4,20,0
274,2022-08-01,14-15,B,4,20,0
274,2022-08-01,15-16,A,3,20,0
274,2022-08-01,15-16,B,3,20,0
274,2022-08-01,16-17,A,2,20,0
274,2022-08-01,16-17,B,2,20,0
274,2022-08-01,17-18,A,3,20,0
274,2022-08-01,17-18,B,2,20,0
274,2022-08-01,18-19,A,4,20,0
274,2022-08-01,18-19,B,3,20,0
274,2022-08-01,19-20,A,4,20,0
274,2022-08-01,19-20,B,4,20,0
274,2022-08-01,20-21,A,4,20,0
274,2022-08-01,20-21,B,4,20,0
274,2022-08-01,21-22,A,4,20,0
274,2022-08-01,21-22,B,4,20,0
275,2022-08-02,09-10,A,3,20,0
275,2022-08-02,09-10,B,2,20,0
275,2022-08-02,10-11,A,4,20,0
275,2022-08-02,10-11,B,4,20,0
275,2022-08-02,11-12,A,4,20,0
275,2022-08-02,11-12,B,4,20,0
275,2022-08-02,12-13,A,4,20,0
275,2022-08-02,12-13,B,4,20,0
275,2022-08-02,13-14,A,4,20,0
275,2022-08-02,13-14,B,4,20,0
275,2022-08-02,14-15,A,4,20,0
275,2022-08-02,14-15,B,4,20,0
275,2022-08-02,15-16,A,3,20,0
275,2022-08-02,15-16,B,2,20,0
275,2022-08-02,16-17,A,3,20,0
275,2022-08-02,16-17,B,2,20,0
275,2022-08-02,17-18,A,2,20,0
275,2022-08-02,17-18,B,2,20,0
275,2022-08-02,18-19,A,3,20,0
275,2022-08-02,18-19,B,3,20,0
275,2022-08-02,19-20,A,4,20,0
275,2022-08-02,19-20,B,4,20,0
275,2022-08-02,20-21,A,4,20,0
275,2022-08-02,20-21,B,4,20,0
275,2022-08-02,21-22,A,3,20,0
275,2022-08-02,21-22,B,4,20,0
276,2022-08-03,09-10,A,3,20,0
276,2022-08-03,09-10,B,2,20,0
276,2022-08-03,10-11,A,4,20,0
276,2022-08-03,10-11,B,3,20,0
276,2022-08-03,11-12,A,4,20,0
276,2022-08-03,11-12,B,4,20,0
276,2022-08-03,12-13,A,4,20,0
276,2022-08-03,12-13,B,4,20,0
276,2022-08-03,13-14,A,4,20,0
276,2022-08-03,13-14,B,4,20,0
276,2022-08-03,14-15,A,4,20,0
276,2022-08-03,14-15,B,4,20,0
276,2022-08-03,15-16,A,3,20,0
276,2022-08-03,15-16,B,2,20,0
276,2022-08-03,16-17,A,2,20,0
276,2022-08-03,16-17,B,2,20,0
276,2022-08-03,17-18,A,3,20,0
276,2022-08-03,17-18,B,3,20,0
276,2022-08-03,18-19,A,4,20,0
276,2022-08-03,18-19,B,3,20,0
276,2022-08-03,19-20,A,4,20,0
276,2022-08-03,19-20,B,4,20,0
276,2022-08-03,20-21,A,4,20,0
276,2022-08-03,20-21,B,4,20,0
276,2022-08-03,21-22,A,4,20,0
276,2022-08-03,21-22,B,3,20,0
277,2022-08-04,09-10,A,3,20,0
277,2022-08-04,09-10,B,2,20,0
277,2022-08-04,10-11,A,4,20,0
277,2022-08-04,10-11,B,3,20,0
277,2022-08-04,11-12,A,4,20,0
277,2022-08-04,11-12,B,4,20,0
277,2022-08-04,12-13,A,4,20,0
277,2022-08-04,12-13,B,4,20,0
277,2022-08-04,13-14,A,4,20,0
277,2022-08-04,13-14,B,4,20,0
277,2022-08-04,14-15,A,4,20,0
277,2022-08-04,14-15,B,4,20,0
277,2022-08-04,15-16,A,3,20,0
277,2022-08-04,15-16,B,3,20,0
277,2022-08-04,16-17,A,2,20,0
277,2022-08-04,16-17,B,2,20,0
277,2022-08-04,17-18,A,2,20,0
277,2022-08-04,17-18,B,2,20,0
277,2022-08-04,18-19,A,4,20,0
277,2022-08-04,18-19,B,3,20,0
277,2022-08-04,19-20,A,4,20,0
277,2022-08-04,19-20,B,4,20,0
277,2022-08-04,20-21,A,4,20,0
277,2022-08-04,20-21,B,4,20,0
277,2022-08-04,21-22,A,3,20,0
277,2022-08-04,21-22,B,4,20,0
278,2022-08-05,09-10,A,4,20,0
278,2022-08-05,09-10,B,3,20,0
278,2022-08-05,10-11,A,4,20,0
278,2022-08-05,10-11,B,4,20,0
278,2022-08-05,11-12,A,4,20,0
278,2022-08-05,11-12,B,4,20,0
278,2022-08-05,12-13,A,4,20,0
278,2022-08-05,12-13,B,4,20,0
278,2022-08-05,13-14,A,4,20,0
278,2022-08-05,13-14,B,4,20,0
278,2022-08-05,14-15,A,4,20,0
278,2022-08-05,14-15,B,4,20,0
278,2022-08-05,15-16,A,3,20,0
278,2022-08-05,15-16,B,3,20,0
278,2022-08-05,16-17,A,3,20,0
278,2022-08-05,16-17,B,2,20,0
278,2022-08-05,17-18,A,3,20,0
278,2022-08-05,17-18,B,3,20,0
278,2022-08-05,18-19,A,4,20,0
278,2022-08-05,18-19,B,4,20,0
278,2022-08-05,19-20,A,4,20,0
278,2022-08-05,19-20,B,4,20,0
278,2022-08-05,20-21,A,4,20,0
278,2022-08-05,20-21,B,4,20,0
278,2022-08-05,21-22,A,4,20,0
278,2022-08-05,21-22,B,4,20,0
279,2022-08-06,09-10,A,4,20,0
279,2022-08-06,09-10,B,3,20,0
279,2022-08-06,10-11,A,4,20,0
279,2022-08-06,10-11,B,4,20,0
279,2022-08-06,11-12,A,4,20,0
279,2022-08-06,11-12,B,4,20,0
279,2022-08-06,12-13,A,4,20,0
279,2022-08-06,12-13,B,4,20,0
279,2022-08-06,13-14,A,4,20,0
279,2022-08-06,13-14,B,4,20,0
279,2022-08-06,14-15,A,4,20,0
279,2022-08-06,14-15,B,4,20,0
279,2022-08-06,15-16,A,3,20,0
279,2022-08-06,15-16,B,3,20,0
279,2022-08-06,16-17,A,2,20,0
279,2022-08-06,16-17,B,2,20,0
279,2022-08-06,17-18,A,3,20,0
279,2022-08-06,17-18,B,3,20,0
279,2022-08-06,18-19,A,3,20,0
279,2022-08-06,18-19,B,3,20,0
279,2022-08-06,19-20,A,4,20,0
279,2022-08-06,19-20,B,4,20,0
279,2022-08-06,20-21,A,4,20,0
279,2022-08-06,20-21,B,4,20,0
279,2022-08-06,21-22,A,4,20,0
279,2022-08-06,21-22,B,4,20,0
280,2022-08-07,09-10,A,-1,0,0
280,2022-08-07,09-10,B,-1,0,0
280,2022-08-07,10-11,A,-1,0,0
280,2022-08-07,10-11,B,-1,0,0
280,2022-08-07,11-12,A,-1,0,0
280,2022-08-07,11-12,B,-1,0,0
280,2022-08-07,12-13,A,-1,0,0
280,2022-08-07,12-13,B,-1,0,0
280,2022-08-07,13-14,A,-1,0,0
280,2022-08-07,13-14,B,-1,0,0
280,2022-08-07,14-15,A,-1,0,0
280,2022-08-07,14-15,B,-1,0,0
280,2022-08-07,15-16,A,-1,0,0
280,2022-08-07,15-16,B,-1,0,0
280,2022-08-07,16-17,A,-1,0,0
280,2022-08-07,16-17,B,-1,0,0
280,2022-08-07,17-18,A,-1,0,0
280,2022-08-07,17-18,B,-1,0,0
280,2022-08-07,18-19,A,-1,0,0
280,2022-08-07,18-19,B,-1,0,0
280,2022-08-07,19-20,A,-1,0,0
280,2022-08-07,19-20,B,-1,0,0
280,2022-08-07,20-21,A,-1,0,0
280,2022-08-07,20-21,B,-1,0,0
280,2022-08-07,21-22,A,-1,0,0
280,2022-08-07,21-22,B,-1,0,0
281,2022-08-08,09-10,A,3,20,0
281,2022-08-08,09-10,B,3,20,0
281,2022-08-08,10-11,A,4,20,0
281,2022-08-08,10-11,B,4,20,0
281,2022-08-08,11-12,A,4,20,0
281,2022-08-08,11-12,B,4,20,0
281,2022-08-08,12-13,A,4,20,0
281,2022-08-08,12-13,B,4,20,0
281,2022-08-08,13-14,A,4,20,0
281,2022-08-08,13-14,B,4,20,0
281,2022-08-08,14-15,A,4,20,0
281,2022-08-08,14-15,B,4,20,0
281,2022-08-08,15-16,A,4,20,0
281,2022-08-08,15-16,B,3,20,0
281,2022-08-08,16-17,A,3,20,0
281,2022-08-08,16-17,B,2,20,0
281,2022-08-08,17-18,A,3,20,0
281,2022-08-08,17-18,B,2,20,0
281,2022-08-08,18-19,A,4,20,0
281,2022-08-08,18-19,B,4,20,0
281,2022-08-08,19-20,A,4,20,0
281,2022-08-08,19-20,B,4,20,0
281,2022-08-08,20-21,A,4,20,0
281,2022-08-08,20-21,B,4,20,0
281,2022-08-08,21-22,A,4,20,0
281,2022-08-08,21-22,B,4,20,0
282,2022-08-09,09-10,A,3,20,0
282,2022-08-09,09-10,B,3,20,0
282,2022-08-09,10-11,A,4,20,0
282,2022-08-09,10-11,B,4,20,0
282,2022-08-09,11-12,A,4,20,0
282,2022-08-09,11-12,B,4,20,0
282,2022-08-09,12-13,A,4,20,0
282,2022-08-09,12-13,B,4,20,0
282,2022-08-09,13-14,A,4,20,0
282,2022-08-09,13-14,B,4,20,0
282,2022-08-09,14-15,A,4,20,0
282,2022-08-09,14-15,B,4,20,0
282,2022-08-09,15-16,A,3,20,0
282,2022-08-09,15-16,B,3,20,0
282,2022-08-09,16-17,A,2,20,0
282,2022-08-09,16-17,B,2,20,0
282,2022-08-09,17-18,A,3,20,0
282,2022-08-09,17-18,B,2,20,0
282,2022-08-09,18-19,A,4,20,0
282,2022-08-09,18-19,B,4,20,0
282,2022-08-09,19-20,A,4,20,0
282,2022-08-09,19-20,B,4,20,0
282,2022-08-09,20-21,A,4,20,0
282,2022-08-09,20-21,B,4,20,0
282,2022-08-09,21-22,A,4,20,0
282,2022-08-09,21-22,B,4,20,0
283,2022-08-10,09-10,A,3,20,0
283,2022-08-10,09-10,B,2,20,0
283,2022-08-10,10-11,A,4,20,0
283,2022-08-10,10-11,B,4,20,0
283,2022-08-10,11-12,A,4,20,0
283,2022-08-10,11-12,B,4,20,0
283,2022-08-10,12-13,A,4,20,0
283,2022-08-10,12-13,B,4,20,0
283,2022-08-10,13-14,A,4,20,0
283,2022-08-10,13-14,B,4,20,0
283,2022-08-10,14-15,A,4,20,0
283,2022-08-10,14-15,B,4,20,0
283,2022-08-10,15-16,A,3,20,0
283,2022-08-10,15-16,B,2,20,0
283,2022-08-10,16-17,A,2,20,0
283,2022-08-10,16-17,B,2,20,0
283,2022-08-10,17-18,A,3,20,0
283,2022-08-10,17-18,B,2,20,0
283,2022-08-10,18-19,A,4,20,0
283,2022-08-10,18-19,B,4,20,0
283,2022-08-10,19-20,A,4,20,0
283,2022-08-10,19-20,B,4,20,0
283,2022-08-10,20-21,A,4,20,0
283,2022-08-10,20-21,B,4,20,0
283,2022-08-10,21-22,A,4,20,0
283,2022-08-10,21-22,B,3,20,0
284,2022-08-11,09-10,A,3,20,0
284,2022-08-11,09-10,B,2,20,0
284,2022-08-11,10-11,A,4,20,0
284,2022-08-11,10-11,B,4,20,0
284,2022-08-11,11-12,A,4,20,0
284,2022-08-11,11-12,B,4,20,0
284,2022-08-11,12-13,A,4,20,0
284,2022-08-11,12-13,B,4,20,0
284,2022-08-11,13-14,A,4,20,0
284,2022-08-11,13-14,B,4,20,0
284,2022-08-11,14-15,A,4,20,0
284,2022-08-11,14-15,B,4,20,0
284,2022-08-11,15-16,A,3,20,0
284,2022-08-11,15-16,B,2,20,0
284,2022-08-11,16-17,A,2,20,0
284,2022-08-11,16-17,B,2,20,0
284,2022-08-11,17-18,A,3,20,0
284,2022-08-11,17-18,B,3,20,0
284,2022-08-11,18-19,A,4,20,0
284,2022-08-11,18-19,B,3,20,0
284,2022-08-11,19-20,A,4,20,0
284,2022-08-11,19-20,B,3,20,0
284,2022-08-11,20-21,A,4,20,0
284,2022-08-11,20-21,B,4,20,0
284,2022-08-11,21-22,A,4,20,0
284,2022-08-11,21-22,B,4,20,0
285,2022-08-12,09-10,A,3,20,0
285,2022-08-12,09-10,B,3,20,0
285,2022-08-12,10-11,A,4,20,0
285,2022-08-12,10-11,B,4,20,0
285,2022-08-12,11-12,A,4,20,0
285,2022-08-12,11-12,B,4,20,0
285,2022-08-12,12-13,A,4,20,0
285,2022-08-12,12-13,B,4,20,0
285,2022-08-12,13-14,A,4,20,0
285,2022-08-12,13-14,B,4,20,0
285,2022-08-12,14-15,A,4,20,0
285,2022-08-12,14-15,B,4,20,0
285,2022-08-12,15-16,A,3,20,0
285,2022-08-12,15-16,B,3,20,0
285,2022-08-12,16-17,A,2,20,0
285,2022-08-12,16-17,B,2,20,0
285,2022-08-12,17-18,A,4,20,0
285,2022-08-12,17-18,B,3,20,0
285,2022-08-12,18-19,A,4,20,0
285,2022-08-12,18-19,B,4,20,0
285,2022-08-12,19-20,A,4,20,0
285,2022-08-12,19-20,B,4,20,0
285,2022-08-12,20-21,A,4,20,0
285,2022-08-12,20-21,B,4,20,0
285,2022-08-12,21-22,A,4,20,0
285,2022-08-12,21-22,B,4,20,0
286,2022-08-13,09-10,A,4,20,0
286,2022-08-13,09-10,B,3,20,0
286,2022-08-13,10-11,A,4,20,0
286,2022-08-13,10-11,B,4,20,0
286,2022-08-13,11-12,A,4,20,0
286,2022-08-13,11-12,B,4,20,0
286,2022-08-13,12-13,A,4,20,0
286,2022-08-13,12-13,B,4,20,0
286,2022-08-13,13-14,A,4,20,0
286,2022-08-13,13-14,B,4,20,0
286,2022-08-13,14-15,A,4,20,0
286,2022-08-13,14-15,B,4,20,0
286,2022-08-13,15-16,A,4,20,0
286,2022-08-13,15-16,B,3,20,0
286,2022-08-13,16-17,A,3,20,0
286,2022-08-13,16-17,B,3,20,0
286,2022-08-13,17-18,A,3,20,0
286,2022-08-13,17-18,B,3,20,0
286,2022-08-13,18-19,A,4,20,0
286,2022-08-13,18-19,B,4,20,0
286,2022-08-13,19-20,A,4,20,0
286,2022-08-13,19-20,B,4,20,0
286,2022-08-13,20-21,A,4,20,0
286,2022-08-13,20-21,B,4,20,0
286,2022-08-13,21-22,A,4,20,0
286,2022-08-13,21-22,B,4,20,0
287,2022-08-14,09-10,A,-1,0,0
287,2022-08-14,09-10,B,-1,0,0
287,2022-08-14,10-11,A,-1,0,0
287,2022-08-14,10-11,B,-1,0,0
287,2022-08-14,11-12,A,-1,0,0
287,2022-08-14,11-12,B,-1,0,0
287,2022-08-14,12-13,A,-1,0,0
287,2022-08-14,12-13,B,-1,0,0
287,2022-08-14,13-14,A,-1,0,0
287,2022-08-14,13-14,B,-1,0,0
287,2022-08-14,14-15,A,-1,0,0
287,2022-08-14,14-15,B,-1,0,0
287,2022-08-14,15-16,A,-1,0,0
287,2022-08-14,15-16,B,-1,0,0
287,2022-08-14,16-17,A,-1,0,0
287,2022-08-14,16-17,B,-1,0,0
287,2022-08-14,17-18,A,-1,0,0
287,2022-08-14,17-18,B,-1,0,0
287,2022-08-14,18-19,A,-1,0,0
287,2022-08-14,18-19,B,-1,0,0
287,2022-08-14,19-20,A,-1,0,0
287,2022-08-14,19-20,B,-1,0,0
287,2022-08-14,20-21,A,-1,0,0
287,2022-08-14,20-21,B,-1,0,0
287,2022-08-14,21-22,A,-1,0,0
287,2022-08-14,21-22,B,-1,0,0
288,2022-08-15,09-10,A,-1,0,0
288,2022-08-15,09-10,B,-1,0,0
288,2022-08-15,10-11,A,-1,0,0
288,2022-08-15,10-11,B,-1,0,0
288,2022-08-15,11-12,A,-1,0,0
288,2022-08-15,11-12,B,-1,0,0
288,2022-08-15,12-13,A,-1,0,0
288,2022-08-15,12-13,B,-1,0,0
288,2022-08-15,13-14,A,-1,0,0
288,2022-08-15,13-14,B,-1,0,0
288,2022-08-15,14-15,A,-1,0,0
288,2022-08-15,14-15,B,-1,0,0
288,2022-08-15,15-16,A,-1,0,0
288,2022-08-15,15-16,B,-1,0,0
288,2022-08-15,16-17,A,-1,0,0
288,2022-08-15,16-17,B,-1,0,0
288,2022-08-15,17-18,A,-1,0,0
288,2022-08-15,17-18,B,-1,0,0
288,2022-08-15,18-19,A,-1,0,0
288,2022-08-15,18-19,B,-1,0,0
288,2022-08-15,19-20,A,-1,0,0
288,2022-08-15,19-20,B,-1,0,0
288,2022-08-15,20-21,A,-1,0,0
288,2022-08-15,20-21,B,-1,0,0
288,2022-08-15,21-22,A,-1,0,0
288,2022-08-15,21-22,B,-1,0,0
289,2022-08-16,09-10,A,3,20,0
289,2022-08-16,09-10,B,2,20,0
289,2022-08-16,10-11,A,4,20,0
289,2022-08-16,10-11,B,3,20,0
289,2022-08-16,11-12,A,4,20,0
289,2022-08-16,11-12,B,4,20,0
289,2022-08-16,12-13,A,4,20,0
289,2022-08-16,12-13,B,4,20,0
289,2022-08-16,13-14,A,4,20,0
289,2022-08-16,13-14,B,4,20,0
289,2022-08-16,14-15,A,4,20,0
289,2022-08-16,14-15,B,4,20,0
289,2022-08-16,15-16,A,3,20,0
289,2022-08-16,15-16,B,2,20,0
289,2022-08-16,16-17,A,2,20,0
289,2022-08-16,16-17,B,2,20,0
289,2022-08-16,17-18,A,2,20,0
289,2022-08-16,17-18,B,3,20,0
289,2022-08-16,18-19,A,3,20,0
289,2022-08-16,18-19,B,3,20,0
289,2022-08-16,19-20,A,4,20,0
289,2022-08-16,19-20,B,4,20,0
289,2022-08-16,20-21,A,4,20,0
289,2022-08-16,20-21,B,4,20,0
289,2022-08-16,21-22,A,4,20,0
289,2022-08-16,21-22,B,4,20,0
290,2022-08-17,09-10,A,2,20,0
290,2022-08-17,09-10,B,2,20,0
290,2022-08-17,10-11,A,3,20,0
290,2022-08-17,10-11,B,3,20,0
290,2022-08-17,11-12,A,4,20,0
290,2022-08-17,11-12,B,4,20,0
290,2022-08-17,12-13,A,4,20,0
290,2022-08-17,12-13,B,4,20,0
290,2022-08-17,13-14,A,4,20,0
290,2022-08-17,13-14,B,4,20,0
290,2022-08-17,14-15,A,4,20,0
290,2022-08-17,14-15,B,3,20,0
290,2022-08-17,15-16,A,3,20,0
290,2022-08-17,15-16,B,2,20,0
290,2022-08-17,16-17,A,2,20,0
290,2022-08-17,16-17,B,2,20,0
290,2022-08-17,17-18,A,3,20,0
290,2022-08-17,17-18,B,3,20,0
290,2022-08-17,18-19,A,3,20,0
290,2022-08-17,18-19,B,2,20,0
290,2022-08-17,19-20,A,4,20,0
290,2022-08-17,19-20,B,4,20,0
290,2022-08-17,20-21,A,4,20,0
290,2022-08-17,20-21,B,4,20,0
290,2022-08-17,21-22,A,3,20,0
290,2022-08-17,21-22,B,3,20,0
291,2022-08-18,09-10,A,3,20,0
291,2022-08-18,09-10,B,2,20,0
291,2022-08-18,10-11,A,3,20,0
291,2022-08-18,10-11,B,4,20,0
291,2022-08-18,11-12,A,4,20,0
291,2022-08-18,11-12,B,4,20,0
291,2022-08-18,12-13,A,4,20,0
291,2022-08-18,12-13,B,4,20,0
291,2022-08-18,13-14,A,4,20,0
291,2022-08-18,13-14,B,4,20,0
291,2022-08-18,14-15,A,4,20,0
291,2022-08-18,14-15,B,4,20,0
291,2022-08-18,15-16,A,3,20,0
291,2022-08-18,15-16,B,3,20,0
291,2022-08-18,16-17,A,2,20,0
291,2022-08-18,16-17,B,2,20,0
291,2022-08-18,17-18,A,3,20,0
291,2022-08-18,17-18,B,3,20,0
291,2022-08-18,18-19,A,4,20,0
291,2022-08-18,18-19,B,3,20,0
291,2022-08-18,19-20,A,4,20,0
291,2022-08-18,19-20,B,4,20,0
291,2022-08-18,20-21,A,4,20,0
291,2022-08-18,20-21,B,4,20,0
291,2022-08-18,21-22,A,4,20,0
291,2022-08-18,21-22,B,3,20,0
292,2022-08-19,09-10,A,3,20,0
292,2022-08-19,09-10,B,3,20,0
292,2022-08-19,10-11,A,4,20,0
292,2022-08-19,10-11,B,4,20,0
292,2022-08-19,11-12,A,4,20,0
292,2022-08-19,11-12,B,4,20,0
292,2022-08-19,12-13,A,4,20,0
292,2022-08-19,12-13,B,4,20,0
292,2022-08-19,13-14,A,4,20,0
292,2022-08-19,13-14,B,4,20,0
292,2022-08-19,14-15,A,4,20,0
292,2022-08-19,14-15,B,4,20,0
292,2022-08-19,15-16,A,3,20,0
292,2022-08-19,15-16,B,3,20,0
292,2022-08-19,16-17,A,2,20,0
292,2022-08-19,16-17,B,2,20,0
292,2022-08-19,17-18,A,3,20,0
292,2022-08-19,17-18,B,3,20,0
292,2022-08-19,18-19,A,4,20,0
292,2022-08-19,18-19,B,3,20,0
292,2022-08-19,19-20,A,4,20,0
292,2022-08-19,19-20,B,4,20,0
292,2022-08-19,20-21,A,4,20,0
292,2022-08-19,20-21,B,4,20,0
292,2022-08-19,21-22,A,4,20,0
292,2022-08-19,21-22,B,4,20,0
293,2022-08-20,09-10,A,4,20,0
293,2022-08-20,09-10,B,4,20,0
293,2022-08-20,10-11,A,4,20,0
293,2022-08-20,10-11,B,4,20,0
293,2022-08-20,11-12,A,4,20,0
293,2022-08-20,11-12,B,4,20,0
293,2022-08-20,12-13,A,4,20,0
293,2022-08-20,12-13,B,4,20,0
293,2022-08-20,13-14,A,4,20,0
293,2022-08-20,13-14,B,4,20,0
293,2022-08-20,14-15,A,4,20,0
293,2022-08-20,14-15,B,4,20,0
293,2022-08-20,15-16,A,3,20,0
293,2022-08-20,15-16,B,3,20,0
293,2022-08-20,16-17,A,3,20,0
293,2022-08-20,16-17,B,2,20,0
293,2022-08-20,17-18,A,3,20,0
293,2022-08-20,17-18,B,3,20,0
293,2022-08-20,18-19,A,4,20,0
293,2022-08-20,18-19,B,3,20,0
293,2022-08-20,19-20,A,4,20,0
293,2022-08-20,19-20,B,4,20,0
293,2022-08-20,20-21,A,4,20,0
293,2022-08-20,20-21,B,4,20,0
293,2022-08-20,21-22,A,4,20,0
293,2022-08-20,21-22,B,4,20,0
294,2022-08-21,09-10,A,-1,0,0
294,2022-08-21,09-10,B,-1,0,0
294,2022-08-21,10-11,A,-1,0,0
294,2022-08-21,10-11,B,-1,0,0
294,2022-08-21,11-12,A,-1,0,0
294,2022-08-21,11-12,B,-1,0,0
294,2022-08-21,12-13,A,-1,0,0
294,2022-08-21,12-13,B,-1,0,0
294,2022-08-21,13-14,A,-1,0,0
294,2022-08-21,13-14,B,-1,0,0
294,2022-08-21,14-15,A,-1,0,0
294,2022-08-21,14-15,B,-1,0,0
294,2022-08-21,15-16,A,-1,0,0
294,2022-08-21,15-16,B,-1,0,0
294,2022-08-21,16-17,A,-1,0,0
294,2022-08-21,16-17,B,-1,0,0
294,2022-08-21,17-18,A,-1,0,0
294,2022-08-21,17-18,B,-1,0,0
294,2022-08-21,18-19,A,-1,0,0
294,2022-08-21,18-19,B,-1,0,0
294,2022-08-21,19-20,A,-1,0,0
294,2022-08-21,19-20,B,-1,0,0
294,2022-08-21,20-21,A,-1,0,0
294,2022-08-21,20-21,B,-1,0,0
294,2022-08-21,21-22,A,-1,0,0
294,2022-08-21,21-22,B,-1,0,0
295,2022-08-22,09-10,A,3,20,0
295,2022-08-22,09-10,B,2,20,0
295,2022-08-22,10-11,A,4,20,0
295,2022-08-22,10-11,B,3,20,0
295,2022-08-22,11-12,A,4,20,0
295,2022-08-22,11-12,B,4,20,0
295,2022-08-22,12-13,A,4,20,0
295,2022-08-22,12-13,B,4,20,0
295,2022-08-22,13-14,A,4,20,0
295,2022-08-22,13-14,B,4,20,0
295,2022-08-22,14-15,A,4,20,0
295,2022-08-22,14-15,B,4,20,0
295,2022-08-22,15-16,A,3,20,0
295,2022-08-22,15-16,B,2,20,0
295,2022-08-22,16-17,A,2,20,0
295,2022-08-22,16-17,B,2,20,0
295,2022-08-22,17-18,A,3,20,0
295,2022-08-22,17-18,B,2,20,0
295,2022-08-22,18-19,A,4,20,0
295,2022-08-22,18-19,B,3,20,0
295,2022-08-22,19-20,A,4,20,0
295,2022-08-22,19-20,B,4,20,0
295,2022-08-22,20-21,A,4,20,0
295,2022-08-22,20-21,B,4,20,0
295,2022-08-22,21-22,A,4,20,0
295,2022-08-22,21-22,B,4,20,0
296,2022-08-23,09-10,A,3,20,0
296,2022-08-23,09-10,B,2,20,0
296,2022-08-23,10-11,A,4,20,0
296,2022-08-23,10-11,B,3,20,0
296,2022-08-23,11-12,A,4,20,0
296,2022-08-23,11-12,B,4,20,0
296,2022-08-23,12-13,A,4,20,0
296,2022-08-23,12-13,B,4,20,0
296,2022-08-23,13-14,A,4,20,0
296,2022-08-23,13-14,B,4,20,0
296,2022-08-23,14-15,A,4,20,0
296,2022-08-23,14-15,B,4,20,0
296,2022-08-23,15-16,A,3,20,0
296,2022-08-23,15-16,B,2,20,0
296,2022-08-23,16-17,A,2,20,0
296,2022-08-23,16-17,B,2,20,0
296,2022-08-23,17-18,A,2,20,0
296,2022-08-23,17-18,B,2,20,0
296,2022-08-23,18-19,A,4,20,0
296,2022-08-23,18-19,B,3,20,0
296,2022-08-23,19-20,A,4,20,0
296,2022-08-23,19-20,B,4,20,0
296,2022-08-23,20-21,A,4,20,0
296,2022-08-23,20-21,B,4,20,0
296,2022-08-23,21-22,A,3,20,0
296,2022-08-23,21-22,B,3,20,0
297,2022-08-24,09-10,A,3,20,0
297,2022-08-24,09-10,B,2,20,0
297,2022-08-24,10-11,A,4,20,0
297,2022-08-24,10-11,B,3,20,0
297,2022-08-24,11-12,A,4,20,0
297,2022-08-24,11-12,B,4,20,0
297,2022-08-24,12-13,A,4,20,0
297,2022-08-24,12-13,B,4,20,0
297,2022-08-24,13-14,A,4,20,0
297,2022-08-24,13-14,B,4,20,0
297,2022-08-24,14-15,A,4,20,0
297,2022-08-24,14-15,B,4,20,0
297,2022-08-24,15-16,A,3,20,0
297,2022-08-24,15-16,B,2,20,0
297,2022-08-24,16-17,A,2,20,0
297,2022-08-24,16-17,B,1,20,0
297,2022-08-24,17-18,A,2,20,0
297,2022-08-24,17-18,B,2,20,0
297,2022-08-24,18-19,A,3,20,0
297,2022-08-24,18-19,B,2,20,0
297,2022-08-24,19-20,A,4,20,0
297,2022-08-24,19-20,B,4,20,0
297,2022-08-24,20-21,A,4,20,0
297,2022-08-24,20-21,B,4,20,0
297,2022-08-24,21-22,A,4,20,0
297,2022-08-24,21-22,B,2,20,0
298,2022-08-25,09-10,A,3,20,0
298,2022-08-25,09-10,B,2,20,0
298,2022-08-25,10-11,A,4,20,0
298,2022-08-25,10-11,B,3,20,0
298,2022-08-25,11-12,A,4,20,0
298,2022-08-25,11-12,B,4,20,0
298,2022-08-25,12-13,A,4,20,0
298,2022-08-25,12-13,B,4,20,0
298,2022-08-25,13-14,A,4,20,0
298,2022-08-25,13-14,B,4,20,0
298,2022-08-25,14-15,A,4,20,0
298,2022-08-25,14-15,B,4,20,0
298,2022-08-25,15-16,A,3,20,0
298,2022-08-25,15-16,B,2,20,0
298,2022-08-25,16-17,A,2,20,0
298,2022-08-25,16-17,B,2,20,0
298,2022-08-25,17-18,A,2,20,0
298,2022-08-25,17-18,B,2,20,0
298,2022-08-25,18-19,A,3,20,0
298,2022-08-25,18-19,B,3,20,0
298,2022-08-25,19-20,A,4,20,0
298,2022-08-25,19-20,B,3,20,0
298,2022-08-25,20-21,A,4,20,0
298,2022-08-25,20-21,B,4,20,0
298,2022-08-25,21-22,A,4,20,0
298,2022-08-25,21-22,B,3,20,0
299,2022-08-26,09-10,A,3,20,0
299,2022-08-26,09-10,B,2,20,0
299,2022-08-26,10-11,A,4,20,0
299,2022-08-26,10-11,B,4,20,0
299,2022-08-26,11-12,A,4,20,0
299,2022-08-26,11-12,B,4,20,0
299,2022-08-26,12-13,A,4,20,0
299,2022-08-26,12-13,B,4,20,0
299,2022-08-26,13-14,A,4,20,0
299,2022-08-26,13-14,B,4,20,0
299,2022-08-26,14-15,A,4,20,0
299,2022-08-26,14-15,B,4,20,0
299,2022-08-26,15-16,A,3,20,0
299,2022-08-26,15-16,B,2,20,0
299,2022-08-26,16-17,A,2,20,0
299,2022-08-26,16-17,B,2,20,0
299,2022-08-26,17-18,A,3,20,0
299,2022-08-26,17-18,B,2,20,0
299,2022-08-26,18-19,A,4,20,0
299,2022-08-26,18-19,B,3,20,0
299,2022-08-26,19-20,A,4,20,0
299,2022-08-26,19-20,B,4,20,0
299,2022-08-26,20-21,A,4,20,0
299,2022-08-26,20-21,B,4,20,0
299,2022-08-26,21-22,A,4,20,0
299,2022-08-26,21-22,B,4,20,0
300,2022-08-27,09-10,A,4,20,0
300,2022-08-27,09-10,B,2,20,0
300,2022-08-27,10-11,A,4,20,0
300,2022-08-27,10-11,B,4,20,0
300,2022-08-27,11-12,A,4,20,0
300,2022-08-27,11-12,B,4,20,0
300,2022-08-27,12-13,A,4,20,0
300,2022-08-27,12-13,B,4,20,0
300,2022-08-27,13-14,A,4,20,0
300,2022-08-27,13-14,B,4,20,0
300,2022-08-27,14-15,A,4,20,0
300,2022-08-27,14-15,B,4,20,0
300,2022-08-27,15-16,A,4,20,0
300,2022-08-27,15-16,B,2,20,0
300,2022-08-27,16-17,A,3,20,0
300,2022-08-27,16-17,B,2,20,0
300,2022-08-27,17-18,A,2,20,0
300,2022-08-27,17-18,B,2,20,0
300,2022-08-27,18-19,A,4,20,0
300,2022-08-27,18-19,B,3,20,0
300,2022-08-27,19-20,A,4,20,0
300,2022-08-27,19-20,B,4,20,0
300,2022-08-27,20-21,A,4,20,0
300,2022-08-27,20-21,B,4,20,0
300,2022-08-27,21-22,A,4,20,0
300,2022-08-27,21-22,B,3,20,0
301,2022-08-28,09-10,A,-1,0,0
301,2022-08-28,09-10,B,-1,0,0
301,2022-08-28,10-11,A,-1,0,0
301,2022-08-28,10-11,B,-1,0,0
301,2022-08-28,11-12,A,-1,0,0
301,2022-08-28,11-12,B,-1,0,0
301,2022-08-28,12-13,A,-1,0,0
301,2022-08-28,12-13,B,-1,0,0
301,2022-08-28,13-14,A,-1,0,0
301,2022-08-28,13-14,B,-1,0,0
301,2022-08-28,14-15,A,-1,0,0
301,2022-08-28,14-15,B,-1,0,0
301,2022-08-28,15-16,A,-1,0,0
301,2022-08-28,15-16,B,-1,0,0
301,2022-08-28,16-17,A,-1,0,0
301,2022-08-28,16-17,B,-1,0,0
301,2022-08-28,17-18,A,-1,0,0
301,2022-08-28,17-18,B,-1,0,0
301,2022-08-28,18-19,A,-1,0,0
301,2022-08-28,18-19,B,-1,0,0
301,2022-08-28,19-20,A,-1,0,0
301,2022-08-28,19-20,B,-1,0,0
301,2022-08-28,20-21,A,-1,0,0
301,2022-08-28,20-21,B,-1,0,0
301,2022-08-28,21-22,A,-1,0,0
301,2022-08-28,21-22,B,-1,0,0
302,2022-08-29,09-10,A,3,20,0
302,2022-08-29,09-10,B,2,20,0
302,2022-08-29,10-11,A,4,20,0
302,2022-08-29,10-11,B,3,20,0
302,2022-08-29,11-12,A,4,20,0
302,2022-08-29,11-12,B,4,20,0
302,2022-08-29,12-13,A,4,20,0
302,2022-08-29,12-13,B,4,20,0
302,2022-08-29,13-14,A,4,20,0
302,2022-08-29,13-14,B,4,20,0
302,2022-08-29,14-15,A,4,20,0
302,2022-08-29,14-15,B,4,20,0
302,2022-08-29,15-16,A,3,20,0
302,2022-08-29,15-16,B,2,20,0
302,2022-08-29,16-17,A,2,20,0
302,2022-08-29,16-17,B,2,20,0
302,2022-08-29,17-18,A,3,20,0
302,2022-08-29,17-18,B,2,20,0
302,2022-08-29,18-19,A,4,20,0
302,2022-08-29,18-19,B,3,20,0
302,2022-08-29,19-20,A,4,20,0
302,2022-08-29,19-20,B,4,20,0
302,2022-08-29,20-21,A,4,20,0
302,2022-08-29,20-21,B,4,20,0
302,2022-08-29,21-22,A,4,20,0
302,2022-08-29,21-22,B,4,20,0
303,2022-08-30,09-10,A,3,20,0
303,2022-08-30,09-10,B,2,20,0
303,2022-08-30,10-11,A,4,20,0
303,2022-08-30,10-11,B,3,20,0
303,2022-08-30,11-12,A,4,20,0
303,2022-08-30,11-12,B,4,20,0
303,2022-08-30,12-13,A,4,20,0
303,2022-08-30,12-13,B,4,20,0
303,2022-08-30,13-14,A,4,20,0
303,2022-08-30,13-14,B,4,20,0
303,2022-08-30,14-15,A,4,20,0
303,2022-08-30,14-15,B,4,20,0
303,2022-08-30,15-16,A,3,20,0
303,2022-08-30,15-16,B,2,20,0
303,2022-08-30,16-17,A,2,20,0
303,2022-08-30,16-17,B,2,20,0
303,2022-08-30,17-18,A,2,20,0
303,2022-08-30,17-18,B,2,20,0
303,2022-08-30,18-19,A,4,20,0
303,2022-08-30,18-19,B,3,20,0
303,2022-08-30,19-20,A,4,20,0
303,2022-08-30,19-20,B,4,20,0
303,2022-08-30,20-21,A,4,20,0
303,2022-08-30,20-21,B,4,20,0
303,2022-08-30,21-22,A,3,20,0
303,2022-08-30,21-22,B,3,20,0
304,2022-08-31,09-10,A,3,20,0
304,2022-08-31,09-10,B,2,20,0
304,2022-08-31,10-11,A,4,20,0
304,2022-08-31,10-11,B,3,20,0
304,2022-08-31,11-12,A,4,20,0
304,2022-08-31,11-12,B,4,20,0
304,2022-08-31,12-13,A,4,20,0
304,2022-08-31,12-13,B,4,20,0
304,2022-08-31,13-14,A,4,20,0
304,2022-08-31,13-14,B,4,20,0
304,2022-08-31,14-15,A,4,20,0
304,2022-08-31,14-15,B,4,20,0
304,2022-08-31,15-16,A,3,20,0
304,2022-08-31,15-16,B,2,20,0
304,2022-08-31,16-17,A,2,20,0
304,2022-08-31,16-17,B,1,20,0
304,2022-08-31,17-18,A,2,20,0
304,2022-08-31,17-18,B,2,20,0
304,2022-08-31,18-19,A,3,20,0
304,2022-08-31,18-19,B,2,20,0
304,2022-08-31,19-20,A,4,20,0
304,2022-08-31,19-20,B,4,20,0
304,2022-08-31,20-21,A,4,20,0
304,2022-08-31,20-21,B,4,20,0
304,2022-08-31,21-22,A,4,20,0
304,2022-08-31,21-22,B,2,20,0
305,2022-09-01,09-10,A,2,20,0
305,2022-09-01,09-10,B,2,20,0
305,2022-09-01,10-11,A,4,20,0
305,2022-09-01,10-11,B,3,20,0
305,2022-09-01,11-12,A,4,20,0
305,2022-09-01,11-12,B,4,20,0
305,2022-09-01,12-13,A,4,20,0
305,2022-09-01,12-13,B,4,20,0
305,2022-09-01,13-14,A,4,20,0
305,2022-09-01,13-14,B,4,20,0
305,2022-09-01,14-15,A,4,20,0
305,2022-09-01,14-15,B,4,20,0
305,2022-09-01,15-16,A,3,20,0
305,2022-09-01,15-16,B,2,20,0
305,2022-09-01,16-17,A,2,20,0
305,2022-09-01,16-17,B,2,20,0
305,2022-09-01,17-18,A,2,20,0
305,2022-09-01,17-18,B,2,20,0
305,2022-09-01,18-19,A,3,20,0
305,2022-09-01,18-19,B,4,20,0
305,2022-09-01,19-20,A,4,20,0
305,2022-09-01,19-20,B,4,20,0
305,2022-09-01,20-21,A,4,20,0
305,2022-09-01,20-21,B,4,20,0
305,2022-09-01,21-22,A,3,20,0
305,2022-09-01,21-22,B,3,20,0
306,2022-09-02,09-10,A,4,20,0
306,2022-09-02,09-10,B,3,20,0
306,2022-09-02,10-11,A,4,20,0
306,2022-09-02,10-11,B,4,20,0
306,2022-09-02,11-12,A,4,20,0
306,2022-09-02,11-12,B,4,20,0
306,2022-09-02,12-13,A,4,20,0
306,2022-09-02,12-13,B,4,20,0
306,2022-09-02,13-14,A,4,20,0
306,2022-09-02,13-14,B,4,20,0
306,2022-09-02,14-15,A,4,20,0
306,2022-09-02,14-15,B,4,20,0
306,2022-09-02,15-16,A,3,20,0
306,2022-09-02,15-16,B,3,20,0
306,2022-09-02,16-17,A,3,20,0
306,2022-09-02,16-17,B,3,20,0
306,2022-09-02,17-18,A,4,20,0
306,2022-09-02,17-18,B,4,20,0
306,2022-09-02,18-19,A,4,20,0
306,2022-09-02,18-19,B,4,20,0
306,2022-09-02,19-20,A,4,20,0
306,2022-09-02,19-20,B,4,20,0
306,2022-09-02,20-21,A,4,20,0
306,2022-09-02,20-21,B,4,20,0
306,2022-09-02,21-22,A,4,20,0
306,2022-09-02,21-22,B,4,20,0
307,2022-09-03,09-10,A,4,20,0
307,2022-09-03,09-10,B,3,20,0
307,2022-09-03,10-11,A,4,20,0
307,2022-09-03,10-11,B,4,20,0
307,2022-09-03,11-12,A,4,20,0
307,2022-09-03,11-12,B,4,20,0
307,2022-09-03,12-13,A,4,20,0
307,2022-09-03,12-13,B,4,20,0
307,2022-09-03,13-14,A,4,20,0
307,2022-09-03,13-14,B,4,20,0
307,2022-09-03,14-15,A,4,20,0
307,2022-09-03,14-15,B,4,20,0
307,2022-09-03,15-16,A,4,20,0
307,2022-09-03,15-16,B,3,20,0
307,2022-09-03,16-17,A,3,20,0
307,2022-09-03,16-17,B,2,20,0
307,2022-09-03,17-18,A,3,20,0
307,2022-09-03,17-18,B,2,20,0
307,2022-09-03,18-19,A,4,20,0
307,2022-09-03,18-19,B,4,20,0
307,2022-09-03,19-20,A,4,20,0
307,2022-09-03,19-20,B,4,20,0
307,2022-09-03,20-21,A,4,20,0
307,2022-09-03,20-21,B,4,20,0
307,2022-09-03,21-22,A,4,20,0
307,2022-09-03,21-22,B,4,20,0
308,2022-09-04,09-10,A,-1,0,0
308,2022-09-04,09-10,B,-1,0,0
308,2022-09-04,10-11,A,-1,0,0
308,2022-09-04,10-11,B,-1,0,0
308,2022-09-04,11-12,A,-1,0,0
308,2022-09-04,11-12,B,-1,0,0
308,2022-09-04,12-13,A,-1,0,0
308,2022-09-04,12-13,B,-1,0,0
308,2022-09-04,13-14,A,-1,0,0
308,2022-09-04,13-14,B,-1,0,0
308,2022-09-04,14-15,A,-1,0,0
308,2022-09-04,14-15,B,-1,0,0
308,2022-09-04,15-16,A,-1,0,0
308,2022-09-04,15-16,B,-1,0,0
308,2022-09-04,16-17,A,-1,0,0
308,2022-09-04,16-17,B,-1,0,0
308,2022-09-04,17-18,A,-1,0,0
308,2022-09-04,17-18,B,-1,0,0
308,2022-09-04,18-19,A,-1,0,0
308,2022-09-04,18-19,B,-1,0,0
308,2022-09-04,19-20,A,-1,0,0
308,2022-09-04,19-20,B,-1,0,0
308,2022-09-04,20-21,A,-1,0,0
308,2022-09-04,20-21,B,-1,0,0
308,2022-09-04,21-22,A,-1,0,0
308,2022-09-04,21-22,B,-1,0,0
309,2022-09-05,09-10,A,2,20,0
309,2022-09-05,09-10,B,2,20,0
309,2022-09-05,10-11,A,4,20,0
309,2022-09-05,10-11,B,2,20,0
309,2022-09-05,11-12,A,4,20,0
309,2022-09-05,11-12,B,4,20,0
309,2022-09-05,12-13,A,4,20,0
309,2022-09-05,12-13,B,4,20,0
309,2022-09-05,13-14,A,4,20,0
309,2022-09-05,13-14,B,4,20,0
309,2022-09-05,14-15,A,4,20,0
309,2022-09-05,14-15,B,4,20,0
309,2022-09-05,15-16,A,4,20,0
309,2022-09-05,15-16,B,2,20,0
309,2022-09-05,16-17,A,2,20,0
309,2022-09-05,16-17,B,2,20,0
309,2022-09-05,17-18,A,3,20,0
309,2022-09-05,17-18,B,2,20,0
309,2022-09-05,18-19,A,3,20,0
309,2022-09-05,18-19,B,4,20,0
309,2022-09-05,19-20,A,4,20,0
309,2022-09-05,19-20,B,4,20,0
309,2022-09-05,20-21,A,4,20,0
309,2022-09-05,20-21,B,4,20,0
309,2022-09-05,21-22,A,4,20,0
309,2022-09-05,21-22,B,4,20,0
310,2022-09-06,09-10,A,3,20,0
310,2022-09-06,09-10,B,2,20,0
310,2022-09-06,10-11,A,4,20,0
310,2022-09-06,10-11,B,3,20,0
310,2022-09-06,11-12,A,4,20,0
310,2022-09-06,11-12,B,4,20,0
310,2022-09-06,12-13,A,4,20,0
310,2022-09-06,12-13,B,4,20,0
310,2022-09-06,13-14,A,4,20,0
310,2022-09-06,13-14,B,4,20,0
310,2022-09-06,14-15,A,4,20,0
310,2022-09-06,14-15,B,4,20,0
310,2022-09-06,15-16,A,3,20,0
310,2022-09-06,15-16,B,2,20,0
310,2022-09-06,16-17,A,2,20,0
310,2022-09-06,16-17,B,2,20,0
310,2022-09-06,17-18,A,3,20,0
310,2022-09-06,17-18,B,2,20,0
310,2022-09-06,18-19,A,3,20,0
310,2022-09-06,18-19,B,3,20,0
310,2022-09-06,19-20,A,4,20,0
310,2022-09-06,19-20,B,4,20,0
310,2022-09-06,20-21,A,4,20,0
310,2022-09-06,20-21,B,4,20,0
310,2022-09-06,21-22,A,4,20,0
310,2022-09-06,21-22,B,3,20,0
311,2022-09-07,09-10,A,2,20,0
311,2022-09-07,09-10,B,2,20,0
311,2022-09-07,10-11,A,4,20,0
311,2022-09-07,10-11,B,3,20,0
311,2022-09-07,11-12,A,4,20,0
311,2022-09-07,11-12,B,4,20,0
311,2022-09-07,12-13,A,4,20,0
311,2022-09-07,12-13,B,4,20,0
311,2022-09-07,13-14,A,4,20,0
311,2022-09-07,13-14,B,4,20,0
311,2022-09-07,14-15,A,4,20,0
311,2022-09-07,14-15,B,3,20,0
311,2022-09-07,15-16,A,3,20,0
311,2022-09-07,15-16,B,2,20,0
311,2022-09-07,16-17,A,2,20,0
311,2022-09-07,16-17,B,1,20,0
311,2022-09-07,17-18,A,2,20,0
311,2022-09-07,17-18,B,2,20,0
311,2022-09-07,18-19,A,3,20,0
311,2022-09-07,18-19,B,2,20,0
311,2022-09-07,19-20,A,4,20,0
311,2022-09-07,19-20,B,3,20,0
311,2022-09-07,20-21,A,4,20,0
311,2022-09-07,20-21,B,3,20,0
311,2022-09-07,21-22,A,3,20,0
311,2022-09-07,21-22,B,2,20,0
312,2022-09-08,09-10,A,-1,0,0
312,2022-09-08,09-10,B,-1,0,0
312,2022-09-08,10-11,A,-1,0,0
312,2022-09-08,10-11,B,-1,0,0
312,2022-09-08,11-12,A,-1,0,0
312,2022-09-08,11-12,B,-1,0,0
312,2022-09-08,12-13,A,-1,0,0
312,2022-09-08,12-13,B,-1,0,0
312,2022-09-08,13-14,A,-1,0,0
312,2022-09-08,13-14,B,-1,0,0
312,2022-09-08,14-15,A,-1,0,0
312,2022-09-08,14-15,B,-1,0,0
312,2022-09-08,15-16,A,-1,0,0
312,2022-09-08,15-16,B,-1,0,0
312,2022-09-08,16-17,A,-1,0,0
312,2022-09-08,16-17,B,-1,0,0
312,2022-09-08,17-18,A,-1,0,0
312,2022-09-08,17-18,B,-1,0,0
312,2022-09-08,18-19,A,-1,0,0
312,2022-09-08,18-19,B,-1,0,0
312,2022-09-08,19-20,A,-1,0,0
312,2022-09-08,19-20,B,-1,0,0
312,2022-09-08,20-21,A,-1,0,0
312,2022-09-08,20-21,B,-1,0,0
312,2022-09-08,21-22,A,-1,0,0
312,2022-09-08,21-22,B,-1,0,0
313,2022-09-09,09-10,A,4,20,0
313,2022-09-09,09-10,B,3,20,0
313,2022-09-09,10-11,A,4,20,0
313,2022-09-09,10-11,B,4,20,0
313,2022-09-09,11-12,A,4,20,0
313,2022-09-09,11-12,B,4,20,0
313,2022-09-09,12-13,A,4,20,0
313,2022-09-09,12-13,B,4,20,0
313,2022-09-09,13-14,A,4,20,0
313,2022-09-09,13-14,B,4,20,0
313,2022-09-09,14-15,A,4,20,0
313,2022-09-09,14-15,B,4,20,0
313,2022-09-09,15-16,A,3,20,0
313,2022-09-09,15-16,B,2,20,0
313,2022-09-09,16-17,A,2,20,0
313,2022-09-09,16-17,B,3,20,0
313,2022-09-09,17-18,A,3,20,0
313,2022-09-09,17-18,B,3,20,0
313,2022-09-09,18-19,A,4,20,0
313,2022-09-09,18-19,B,4,20,0
313,2022-09-09,19-20,A,4,20,0
313,2022-09-09,19-20,B,4,20,0
313,2022-09-09,20-21,A,4,20,0
313,2022-09-09,20-21,B,4,20,0
313,2022-09-09,21-22,A,4,20,0
313,2022-09-09,21-22,B,3,20,0
314,2022-09-10,09-10,A,4,20,0
314,2022-09-10,09-10,B,2,20,0
314,2022-09-10,10-11,A,4,20,0
314,2022-09-10,10-11,B,4,20,0
314,2022-09-10,11-12,A,4,20,0
314,2022-09-10,11-12,B,4,20,0
314,2022-09-10,12-13,A,4,20,0
314,2022-09-10,12-13,B,4,20,0
314,2022-09-10,13-14,A,4,20,0
314,2022-09-10,13-14,B,4,20,0
314,2022-09-10,14-15,A,4,20,0
314,2022-09-10,14-15,B,4,20,0
314,2022-09-10,15-16,A,3,20,0
314,2022-09-10,15-16,B,3,20,0
314,2022-09-10,16-17,A,3,20,0
314,2022-09-10,16-17,B,2,20,0
314,2022-09-10,17-18,A,3,20,0
314,2022-09-10,17-18,B,2,20,0
314,2022-09-10,18-19,A,3,20,0
314,2022-09-10,18-19,B,3,20,0
314,2022-09-10,19-20,A,4,20,0
314,2022-09-10,19-20,B,3,20,0
314,2022-09-10,20-21,A,4,20,0
314,2022-09-10,20-21,B,4,20,0
314,2022-09-10,21-22,A,4,20,0
314,2022-09-10,21-22,B,4,20,0
315,2022-09-11,09-10,A,-1,0,0
315,2022-09-11,09-10,B,-1,0,0
315,2022-09-11,10-11,A,-1,0,0
315,2022-09-11,10-11,B,-1,0,0
315,2022-09-11,11-12,A,-1,0,0
315,2022-09-11,11-12,B,-1,0,0
315,2022-09-11,12-13,A,-1,0,0
315,2022-09-11,12-13,B,-1,0,0
315,2022-09-11,13-14,A,-1,0,0
315,2022-09-11,13-14,B,-1,0,0
315,2022-09-11,14-15,A,-1,0,0
315,2022-09-11,14-15,B,-1,0,0
315,2022-09-11,15-16,A,-1,0,0
315,2022-09-11,15-16,B,-1,0,0
315,2022-09-11,16-17,A,-1,0,0
315,2022-09-11,16-17,B,-1,0,0
315,2022-09-11,17-18,A,-1,0,0
315,2022-09-11,17-18,B,-1,0,0
315,2022-09-11,18-19,A,-1,0,0
315,2022-09-11,18-19,B,-1,0,0
315,2022-09-11,19-20,A,-1,0,0
315,2022-09-11,19-20,B,-1,0,0
315,2022-09-11,20-21,A,-1,0,0
315,2022-09-11,20-21,B,-1,0,0
315,2022-09-11,21-22,A,-1,0,0
315,2022-09-11,21-22,B,-1,0,0
316,2022-09-12,09-10,A,3,20,0
316,2022-09-12,09-10,B,2,20,0
316,2022-09-12,10-11,A,3,20,0
316,2022-09-12,10-11,B,2,20,0
316,2022-09-12,11-12,A,4,20,0
316,2022-09-12,11-12,B,3,20,0
316,2022-09-12,12-13,A,4,20,0
316,2022-09-12,12-13,B,4,20,0
316,2022-09-12,13-14,A,4,20,0
316,2022-09-12,13-14,B,4,20,0
316,2022-09-12,14-15,A,4,20,0
316,2022-09-12,14-15,B,4,20,0
316,2022-09-12,15-16,A,3,20,0
316,2022-09-12,15-16,B,2,20,0
316,2022-09-12,16-17,A,2,20,0
316,2022-09-12,16-17,B,2,20,0
316,2022-09-12,17-18,A,3,20,0
316,2022-09-12,17-18,B,3,20,0
316,2022-09-12,18-19,A,4,20,0
316,2022-09-12,18-19,B,4,20,0
316,2022-09-12,19-20,A,4,20,0
316,2022-09-12,19-20,B,4,20,0
316,2022-09-12,20-21,A,4,20,0
316,2022-09-12,20-21,B,4,20,0
316,2022-09-12,21-22,A,3,20,0
316,2022-09-12,21-22,B,3,20,0
317,2022-09-13,09-10,A,3,20,0
317,2022-09-13,09-10,B,2,20,0
317,2022-09-13,10-11,A,4,20,0
317,2022-09-13,10-11,B,3,20,0
317,2022-09-13,11-12,A,4,20,0
317,2022-09-13,11-12,B,3,20,0
317,2022-09-13,12-13,A,4,20,0
317,2022-09-13,12-13,B,4,20,0
317,2022-09-13,13-14,A,4,20,0
317,2022-09-13,13-14,B,4,20,0
317,2022-09-13,14-15,A,4,20,0
317,2022-09-13,14-15,B,4,20,0
317,2022-09-13,15-16,A,3,20,0
317,2022-09-13,15-16,B,2,20,0
317,2022-09-13,16-17,A,2,20,0
317,2022-09-13,16-17,B,2,20,0
317,2022-09-13,17-18,A,3,20,0
317,2022-09-13,17-18,B,2,20,0
317,2022-09-13,18-19,A,4,20,0
317,2022-09-13,18-19,B,3,20,0
317,2022-09-13,19-20,A,4,20,0
317,2022-09-13,19-20,B,4,20,0
317,2022-09-13,20-21,A,4,20,0
317,2022-09-13,20-21,B,4,20,0
317,2022-09-13,21-22,A,4,20,0
317,2022-09-13,21-22,B,3,20,0
318,2022-09-14,09-10,A,2,20,0
318,2022-09-14,09-10,B,2,20,0
318,2022-09-14,10-11,A,3,20,0
318,2022-09-14,10-11,B,3,20,0
318,2022-09-14,11-12,A,4,20,0
318,2022-09-14,11-12,B,3,20,0
318,2022-09-14,12-13,A,4,20,0
318,2022-09-14,12-13,B,4,20,0
318,2022-09-14,13-14,A,4,20,0
318,2022-09-14,13-14,B,4,20,0
318,2022-09-14,14-15,A,4,20,0
318,2022-09-14,14-15,B,4,20,0
318,2022-09-14,15-16,A,3,20,0
318,2022-09-14,15-16,B,1,20,0
318,2022-09-14,16-17,A,2,20,0
318,2022-09-14,16-17,B,2,20,0
318,2022-09-14,17-18,A,2,20,0
318,2022-09-14,17-18,B,2,20,0
318,2022-09-14,18-19,A,4,20,0
318,2022-09-14,18-19,B,2,20,0
318,2022-09-14,19-20,A,4,20,0
318,2022-09-14,19-20,B,4,20,0
318,2022-09-14,20-21,A,4,20,0
318,2022-09-14,20-21,B,4,20,0
318,2022-09-14,21-22,A,4,20,0
318,2022-09-14,21-22,B,4,20,0
319,2022-09-15,09-10,A,3,20,0
319,2022-09-15,09-10,B,2,20,0
319,2022-09-15,10-11,A,3,20,0
319,2022-09-15,10-11,B,3,20,0
319,2022-09-15,11-12,A,4,20,0
319,2022-09-15,11-12,B,3,20,0
319,2022-09-15,12-13,A,4,20,0
319,2022-09-15,12-13,B,4,20,0
319,2022-09-15,13-14,A,4,20,0
319,2022-09-15,13-14,B,4,20,0
319,2022-09-15,14-15,A,4,20,0
319,2022-09-15,14-15,B,4,20,0
319,2022-09-15,15-16,A,2,20,0
319,2022-09-15,15-16,B,2,20,0
319,2022-09-15,16-17,A,2,20,0
319,2022-09-15,16-17,B,2,20,0
319,2022-09-15,17-18,A,3,20,0
319,2022-09-15,17-18,B,2,20,0
319,2022-09-15,18-19,A,3,20,0
319,2022-09-15,18-19,B,3,20,0
319,2022-09-15,19-20,A,4,20,0
319,2022-09-15,19-20,B,4,20,0
319,2022-09-15,20-21,A,4,20,0
319,2022-09-15,20-21,B,4,20,0
319,2022-09-15,21-22,A,3,20,0
319,2022-09-15,21-22,B,2,20,0
320,2022-09-16,09-10,A,3,20,0
320,2022-09-16,09-10,B,2,20,0
320,2022-09-16,10-11,A,4,20,0
320,2022-09-16,10-11,B,3,20,0
320,2022-09-16,11-12,A,4,20,0
320,2022-09-16,11-12,B,4,20,0
320,2022-09-16,12-13,A,4,20,0
320,2022-09-16,12-13,B,4,20,0
320,2022-09-16,13-14,A,4,20,0
320,2022-09-16,13-14,B,4,20,0
320,2022-09-16,14-15,A,4,20,0
320,2022-09-16,14-15,B,4,20,0
320,2022-09-16,15-16,A,3,20,0
320,2022-09-16,15-16,B,3,20,0
320,2022-09-16,16-17,A,3,20,0
320,2022-09-16,16-17,B,2,20,0
320,2022-09-16,17-18,A,2,20,0
320,2022-09-16,17-18,B,3,20,0
320,2022-09-16,18-19,A,4,20,0
320,2022-09-16,18-19,B,3,20,0
320,2022-09-16,19-20,A,4,20,0
320,2022-09-16,19-20,B,4,20,0
320,2022-09-16,20-21,A,4,20,0
320,2022-09-16,20-21,B,4,20,0
320,2022-09-16,21-22,A,2,20,0
320,2022-09-16,21-22,B,2,20,0
321,2022-09-17,09-10,A,3,20,0
321,2022-09-17,09-10,B,2,20,0
321,2022-09-17,10-11,A,4,20,0
321,2022-09-17,10-11,B,4,20,0
321,2022-09-17,11-12,A,4,20,0
321,2022-09-17,11-12,B,4,20,0
321,2022-09-17,12-13,A,4,20,0
321,2022-09-17,12-13,B,4,20,0
321,2022-09-17,13-14,A,4,20,0
321,2022-09-17,13-14,B,4,20,0
321,2022-09-17,14-15,A,4,20,0
321,2022-09-17,14-15,B,4,20,0
321,2022-09-17,15-16,A,3,20,0
321,2022-09-17,15-16,B,2,20,0
321,2022-09-17,16-17,A,2,20,0
321,2022-09-17,16-17,B,2,20,0
321,2022-09-17,17-18,A,2,20,0
321,2022-09-17,17-18,B,2,20,0
321,2022-09-17,18-19,A,3,20,0
321,2022-09-17,18-19,B,2,20,0
321,2022-09-17,19-20,A,3,20,0
321,2022-09-17,19-20,B,4,20,0
321,2022-09-17,20-21,A,4,20,0
321,2022-09-17,20-21,B,4,20,0
321,2022-09-17,21-22,A,3,20,0
321,2022-09-17,21-22,B,4,20,0
322,2022-09-18,09-10,A,-1,0,0
322,2022-09-18,09-10,B,-1,0,0
322,2022-09-18,10-11,A,-1,0,0
322,2022-09-18,10-11,B,-1,0,0
322,2022-09-18,11-12,A,-1,0,0
322,2022-09-18,11-12,B,-1,0,0
322,2022-09-18,12-13,A,-1,0,0
322,2022-09-18,12-13,B,-1,0,0
322,2022-09-18,13-14,A,-1,0,0
322,2022-09-18,13-14,B,-1,0,0
322,2022-09-18,14-15,A,-1,0,0
322,2022-09-18,14-15,B,-1,0,0
322,2022-09-18,15-16,A,-1,0,0
322,2022-09-18,15-16,B,-1,0,0
322,2022-09-18,16-17,A,-1,0,0
322,2022-09-18,16-17,B,-1,0,0
322,2022-09-18,17-18,A,-1,0,0
322,2022-09-18,17-18,B,-1,0,0
322,2022-09-18,18-19,A,-1,0,0
322,2022-09-18,18-19,B,-1,0,0
322,2022-09-18,19-20,A,-1,0,0
322,2022-09-18,19-20,B,-1,0,0
322,2022-09-18,20-21,A,-1,0,0
322,2022-09-18,20-21,B,-1,0,0
322,2022-09-18,21-22,A,-1,0,0
322,2022-09-18,21-22,B,-1,0,0
323,2022-09-19,09-10,A,3,20,0
323,2022-09-19,09-10,B,2,20,0
323,2022-09-19,10-11,A,3,20,0
323,2022-09-19,10-11,B,2,20,0
323,2022-09-19,11-12,A,4,20,0
323,2022-09-19,11-12,B,4,20,0
323,2022-09-19,12-13,A,4,20,0
323,2022-09-19,12-13,B,4,20,0
323,2022-09-19,13-14,A,4,20,0
323,2022-09-19,13-14,B,4,20,0
323,2022-09-19,14-15,A,4,20,0
323,2022-09-19,14-15,B,4,20,0
323,2022-09-19,15-16,A,3,20,0
323,2022-09-19,15-16,B,2,20,0
323,2022-09-19,16-17,A,2,20,0
323,2022-09-19,16-17,B,1,20,0
323,2022-09-19,17-18,A,2,20,0
323,2022-09-19,17-18,B,3,20,0
323,2022-09-19,18-19,A,3,20,0
323,2022-09-19,18-19,B,3,20,0
323,2022-09-19,19-20,A,4,20,0
323,2022-09-19,19-20,B,4,20,0
323,2022-09-19,20-21,A,4,20,0
323,2022-09-19,20-21,B,4,20,0
323,2022-09-19,21-22,A,3,20,0
323,2022-09-19,21-22,B,3,20,0
324,2022-09-20,09-10,A,3,20,0
324,2022-09-20,09-10,B,2,20,0
324,2022-09-20,10-11,A,4,20,0
324,2022-09-20,10-11,B,3,20,0
324,2022-09-20,11-12,A,4,20,0
324,2022-09-20,11-12,B,3,20,0
324,2022-09-20,12-13,A,4,20,0
324,2022-09-20,12-13,B,4,20,0
324,2022-09-20,13-14,A,4,20,0
324,2022-09-20,13-14,B,4,20,0
324,2022-09-20,14-15,A,4,20,0
324,2022-09-20,14-15,B,4,20,0
324,2022-09-20,15-16,A,3,20,0
324,2022-09-20,15-16,B,2,20,0
324,2022-09-20,16-17,A,2,20,0
324,2022-09-20,16-17,B,2,20,0
324,2022-09-20,17-18,A,3,20,0
324,2022-09-20,17-18,B,2,20,0
324,2022-09-20,18-19,A,4,20,0
324,2022-09-20,18-19,B,3,20,0
324,2022-09-20,19-20,A,4,20,0
324,2022-09-20,19-20,B,4,20,0
324,2022-09-20,20-21,A,4,20,0
324,2022-09-20,20-21,B,4,20,0
324,2022-09-20,21-22,A,3,20,0
324,2022-09-20,21-22,B,2,20,0
325,2022-09-21,09-10,A,3,20,0
325,2022-09-21,09-10,B,2,20,0
325,2022-09-21,10-11,A,3,20,0
325,2022-09-21,10-11,B,3,20,0
325,2022-09-21,11-12,A,4,20,0
325,2022-09-21,11-12,B,4,20,0
325,2022-09-21,12-13,A,4,20,0
325,2022-09-21,12-13,B,3,20,0
325,2022-09-21,13-14,A,4,20,0
325,2022-09-21,13-14,B,4,20,0
325,2022-09-21,14-15,A,4,20,0
325,2022-09-21,14-15,B,3,20,0
325,2022-09-21,15-16,A,2,20,0
325,2022-09-21,15-16,B,2,20,0
325,2022-09-21,16-17,A,2,20,0
325,2022-09-21,16-17,B,2,20,0
325,2022-09-21,17-18,A,2,20,0
325,2022-09-21,17-18,B,2,20,0
325,2022-09-21,18-19,A,3,20,0
325,2022-09-21,18-19,B,3,20,0
325,2022-09-21,19-20,A,4,20,0
325,2022-09-21,19-20,B,4,20,0
325,2022-09-21,20-21,A,4,20,0
325,2022-09-21,20-21,B,3,20,0
325,2022-09-21,21-22,A,3,20,0
325,2022-09-21,21-22,B,2,20,0
326,2022-09-22,09-10,A,3,20,0
326,2022-09-22,09-10,B,2,20,0
326,2022-09-22,10-11,A,4,20,0
326,2022-09-22,10-11,B,3,20,0
326,2022-09-22,11-12,A,4,20,0
326,2022-09-22,11-12,B,3,20,0
326,2022-09-22,12-13,A,4,20,0
326,2022-09-22,12-13,B,4,20,0
326,2022-09-22,13-14,A,4,20,0
326,2022-09-22,13-14,B,4,20,0
326,2022-09-22,14-15,A,4,20,0
326,2022-09-22,14-15,B,4,20,0
326,2022-09-22,15-16,A,3,20,0
326,2022-09-22,15-16,B,2,20,0
326,2022-09-22,16-17,A,2,20,0
326,2022-09-22,16-17,B,1,20,0
326,2022-09-22,17-18,A,3,20,0
326,2022-09-22,17-18,B,2,20,0
326,2022-09-22,18-19,A,4,20,0
326,2022-09-22,18-19,B,3,20,0
326,2022-09-22,19-20,A,4,20,0
326,2022-09-22,19-20,B,3,20,0
326,2022-09-22,20-21,A,4,20,0
326,2022-09-22,20-21,B,3,20,0
326,2022-09-22,21-22,A,3,20,0
326,2022-09-22,21-22,B,1,20,0
327,2022-09-23,09-10,A,4,20,0
327,2022-09-23,09-10,B,2,20,0
327,2022-09-23,10-11,A,4,20,0
327,2022-09-23,10-11,B,4,20,0
327,2022-09-23,11-12,A,4,20,0
327,2022-09-23,11-12,B,4,20,0
327,2022-09-23,12-13,A,4,20,0
327,2022-09-23,12-13,B,4,20,0
327,2022-09-23,13-14,A,4,20,0
327,2022-09-23,13-14,B,4,20,0
327,2022-09-23,14-15,A,4,20,0
327,2022-09-23,14-15,B,4,20,0
327,2022-09-23,15-16,A,3,20,0
327,2022-09-23,15-16,B,2,20,0
327,2022-09-23,16-17,A,3,20,0
327,2022-09-23,16-17,B,2,20,0
327,2022-09-23,17-18,A,3,20,0
327,2022-09-23,17-18,B,3,20,0
327,2022-09-23,18-19,A,4,20,0
327,2022-09-23,18-19,B,3,20,0
327,2022-09-23,19-20,A,4,20,0
327,2022-09-23,19-20,B,4,20,0
327,2022-09-23,20-21,A,4,20,0
327,2022-09-23,20-21,B,4,20,0
327,2022-09-23,21-22,A,3,20,0
327,2022-09-23,21-22,B,3,20,0
328,2022-09-24,09-10,A,3,20,0
328,2022-09-24,09-10,B,2,20,0
328,2022-09-24,10-11,A,4,20,0
328,2022-09-24,10-11,B,4,20,0
328,2022-09-24,11-12,A,4,20,0
328,2022-09-24,11-12,B,4,20,0
328,2022-09-24,12-13,A,4,20,0
328,2022-09-24,12-13,B,4,20,0
328,2022-09-24,13-14,A,4,20,0
328,2022-09-24,13-14,B,4,20,0
328,2022-09-24,14-15,A,4,20,0
328,2022-09-24,14-15,B,4,20,0
328,2022-09-24,15-16,A,4,20,0
328,2022-09-24,15-16,B,2,20,0
328,2022-09-24,16-17,A,3,20,0
328,2022-09-24,16-17,B,2,20,0
328,2022-09-24,17-18,A,3,20,0
328,2022-09-24,17-18,B,2,20,0
328,2022-09-24,18-19,A,4,20,0
328,2022-09-24,18-19,B,3,20,0
328,2022-09-24,19-20,A,4,20,0
328,2022-09-24,19-20,B,4,20,0
328,2022-09-24,20-21,A,4,20,0
328,2022-09-24,20-21,B,4,20,0
328,2022-09-24,21-22,A,4,20,0
328,2022-09-24,21-22,B,3,20,0
329,2022-09-25,09-10,A,-1,0,0
329,2022-09-25,09-10,B,-1,0,0
329,2022-09-25,10-11,A,-1,0,0
329,2022-09-25,10-11,B,-1,0,0
329,2022-09-25,11-12,A,-1,0,0
329,2022-09-25,11-12,B,-1,0,0
329,2022-09-25,12-13,A,-1,0,0
329,2022-09-25,12-13,B,-1,0,0
329,2022-09-25,13-14,A,-1,0,0
329,2022-09-25,13-14,B,-1,0,0
329,2022-09-25,14-15,A,-1,0,0
329,2022-09-25,14-15,B,-1,0,0
329,2022-09-25,15-16,A,-1,0,0
329,2022-09-25,15-16,B,-1,0,0
329,2022-09-25,16-17,A,-1,0,0
329,2022-09-25,16-17,B,-1,0,0
329,2022-09-25,17-18,A,-1,0,0
329,2022-09-25,17-18,B,-1,0,0
329,2022-09-25,18-19,A,-1,0,0
329,2022-09-25,18-19,B,-1,0,0
329,2022-09-25,19-20,A,-1,0,0
329,2022-09-25,19-20,B,-1,0,0
329,2022-09-25,20-21,A,-1,0,0
329,2022-09-25,20-21,B,-1,0,0
329,2022-09-25,21-22,A,-1,0,0
329,2022-09-25,21-22,B,-1,0,0
330,2022-09-26,09-10,A,3,20,0
330,2022-09-26,09-10,B,2,20,0
330,2022-09-26,10-11,A,4,20,0
330,2022-09-26,10-11,B,2,20,0
330,2022-09-26,11-12,A,4,20,0
330,2022-09-26,11-12,B,4,20,0
330,2022-09-26,12-13,A,4,20,0
330,2022-09-26,12-13,B,4,20,0
330,2022-09-26,13-14,A,4,20,0
330,2022-09-26,13-14,B,4,20,0
330,2022-09-26,14-15,A,4,20,0
330,2022-09-26,14-15,B,4,20,0
330,2022-09-26,15-16,A,3,20,0
330,2022-09-26,15-16,B,2,20,0
330,2022-09-26,16-17,A,3,20,0
330,2022-09-26,16-17,B,1,20,0
330,2022-09-26,17-18,A,3,20,0
330,2022-09-26,17-18,B,2,20,0
330,2022-09-26,18-19,A,4,20,0
330,2022-09-26,18-19,B,3,20,0
330,2022-09-26,19-20,A,4,20,0
330,2022-09-26,19-20,B,4,20,0
330,2022-09-26,20-21,A,4,20,0
330,2022-09-26,20-21,B,4,20,0
330,2022-09-26,21-22,A,3,20,0
330,2022-09-26,21-22,B,2,20,0
331,2022-09-27,09-10,A,3,20,0
331,2022-09-27,09-10,B,2,20,0
331,2022-09-27,10-11,A,3,20,0
331,2022-09-27,10-11,B,3,20,0
331,2022-09-27,11-12,A,4,20,0
331,2022-09-27,11-12,B,3,20,0
331,2022-09-27,12-13,A,4,20,0
331,2022-09-27,12-13,B,4,20,0
331,2022-09-27,13-14,A,4,20,0
331,2022-09-27,13-14,B,4,20,0
331,2022-09-27,14-15,A,3,20,0
331,2022-09-27,14-15,B,3,20,0
331,2022-09-27,15-16,A,2,20,0
331,2022-09-27,15-16,B,2,20,0
331,2022-09-27,16-17,A,2,20,0
331,2022-09-27,16-17,B,2,20,0
331,2022-09-27,17-18,A,2,20,0
331,2022-09-27,17-18,B,2,20,0
331,2022-09-27,18-19,A,3,20,0
331,2022-09-27,18-19,B,3,20,0
331,2022-09-27,19-20,A,4,20,0
331,2022-09-27,19-20,B,4,20,0
331,2022-09-27,20-21,A,4,20,0
331,2022-09-27,20-21,B,3,20,0
331,2022-09-27,21-22,A,2,20,0
331,2022-09-27,21-22,B,2,20,0
332,2022-09-28,09-10,A,2,20,0
332,2022-09-28,09-10,B,2,20,0
332,2022-09-28,10-11,A,3,20,0
332,2022-09-28,10-11,B,3,20,0
332,2022-09-28,11-12,A,4,20,0
332,2022-09-28,11-12,B,3,20,0
332,2022-09-28,12-13,A,4,20,0
332,2022-09-28,12-13,B,4,20,0
332,2022-09-28,13-14,A,4,20,0
332,2022-09-28,13-14,B,4,20,0
332,2022-09-28,14-15,A,4,20,0
332,2022-09-28,14-15,B,4,20,0
332,2022-09-28,15-16,A,2,20,0
332,2022-09-28,15-16,B,2,20,0
332,2022-09-28,16-17,A,2,20,0
332,2022-09-28,16-17,B,2,20,0
332,2022-09-28,17-18,A,2,20,0
332,2022-09-28,17-18,B,2,20,0
332,2022-09-28,18-19,A,3,20,0
332,2022-09-28,18-19,B,3,20,0
332,2022-09-28,19-20,A,4,20,0
332,2022-09-28,19-20,B,4,20,0
332,2022-09-28,20-21,A,4,20,0
332,2022-09-28,20-21,B,3,20,0
332,2022-09-28,21-22,A,3,20,0
332,2022-09-28,21-22,B,2,20,0
333,2022-09-29,09-10,A,3,20,0
333,2022-09-29,09-10,B,2,20,0
333,2022-09-29,10-11,A,4,20,0
333,2022-09-29,10-11,B,3,20,0
333,2022-09-29,11-12,A,4,20,0
333,2022-09-29,11-12,B,3,20,0
333,2022-09-29,12-13,A,4,20,0
333,2022-09-29,12-13,B,4,20,0
333,2022-09-29,13-14,A,4,20,0
333,2022-09-29,13-14,B,4,20,0
333,2022-09-29,14-15,A,4,20,0
333,2022-09-29,14-15,B,4,20,0
333,2022-09-29,15-16,A,3,20,0
333,2022-09-29,15-16,B,2,20,0
333,2022-09-29,16-17,A,2,20,0
333,2022-09-29,16-17,B,1,20,0
333,2022-09-29,17-18,A,3,20,0
333,2022-09-29,17-18,B,2,20,0
333,2022-09-29,18-19,A,4,20,0
333,2022-09-29,18-19,B,3,20,0
333,2022-09-29,19-20,A,4,20,0
333,2022-09-29,19-20,B,3,20,0
333,2022-09-29,20-21,A,4,20,0
333,2022-09-29,20-21,B,3,20,0
333,2022-09-29,21-22,A,3,20,0
333,2022-09-29,21-22,B,1,20,0
334,2022-09-30,09-10,A,4,20,0
334,2022-09-30,09-10,B,2,20,0
334,2022-09-30,10-11,A,4,20,0
334,2022-09-30,10-11,B,4,20,0
334,2022-09-30,11-12,A,4,20,0
334,2022-09-30,11-12,B,4,20,0
334,2022-09-30,12-13,A,4,20,0
334,2022-09-30,12-13,B,4,20,0
334,2022-09-30,13-14,A,4,20,0
334,2022-09-30,13-14,B,4,20,0
334,2022-09-30,14-15,A,4,20,0
334,2022-09-30,14-15,B,4,20,0
334,2022-09-30,15-16,A,3,20,0
334,2022-09-30,15-16,B,2,20,0
334,2022-09-30,16-17,A,3,20,0
334,2022-09-30,16-17,B,2,20,0
334,2022-09-30,17-18,A,3,20,0
334,2022-09-30,17-18,B,3,20,0
334,2022-09-30,18-19,A,4,20,0
334,2022-09-30,18-19,B,3,20,0
334,2022-09-30,19-20,A,4,20,0
334,2022-09-30,19-20,B,4,20,0
334,2022-09-30,20-21,A,4,20,0
334,2022-09-30,20-21,B,4,20,0
334,2022-09-30,21-22,A,3,20,0
334,2022-09-30,21-22,B,3,20,0
335,2022-10-01,09-10,A,3,20,0
335,2022-10-01,09-10,B,3,20,0
335,2022-10-01,10-11,A,4,20,0
335,2022-10-01,10-11,B,4,20,0
335,2022-10-01,11-12,A,4,20,0
335,2022-10-01,11-12,B,4,20,0
335,2022-10-01,12-13,A,4,20,0
335,2022-10-01,12-13,B,4,20,0
335,2022-10-01,13-14,A,4,20,0
335,2022-10-01,13-14,B,4,20,0
335,2022-10-01,14-15,A,4,20,0
335,2022-10-01,14-15,B,4,20,0
335,2022-10-01,15-16,A,4,20,0
335,2022-10-01,15-16,B,2,20,0
335,2022-10-01,16-17,A,3,20,0
335,2022-10-01,16-17,B,2,20,0
335,2022-10-01,17-18,A,3,20,0
335,2022-10-01,17-18,B,2,20,0
335,2022-10-01,18-19,A,4,20,0
335,2022-10-01,18-19,B,3,20,0
335,2022-10-01,19-20,A,4,20,0
335,2022-10-01,19-20,B,4,20,0
335,2022-10-01,20-21,A,4,20,0
335,2022-10-01,20-21,B,4,20,0
335,2022-10-01,21-22,A,4,20,0
335,2022-10-01,21-22,B,3,20,0
336,2022-10-02,09-10,A,-1,0,0
336,2022-10-02,09-10,B,-1,0,0
336,2022-10-02,10-11,A,-1,0,0
336,2022-10-02,10-11,B,-1,0,0
336,2022-10-02,11-12,A,-1,0,0
336,2022-10-02,11-12,B,-1,0,0
336,2022-10-02,12-13,A,-1,0,0
336,2022-10-02,12-13,B,-1,0,0
336,2022-10-02,13-14,A,-1,0,0
336,2022-10-02,13-14,B,-1,0,0
336,2022-10-02,14-15,A,-1,0,0
336,2022-10-02,14-15,B,-1,0,0
336,2022-10-02,15-16,A,-1,0,0
336,2022-10-02,15-16,B,-1,0,0
336,2022-10-02,16-17,A,-1,0,0
336,2022-10-02,16-17,B,-1,0,0
336,2022-10-02,17-18,A,-1,0,0
336,2022-10-02,17-18,B,-1,0,0
336,2022-10-02,18-19,A,-1,0,0
336,2022-10-02,18-19,B,-1,0,0
336,2022-10-02,19-20,A,-1,0,0
336,2022-10-02,19-20,B,-1,0,0
336,2022-10-02,20-21,A,-1,0,0
336,2022-10-02,20-21,B,-1,0,0
336,2022-10-02,21-22,A,-1,0,0
336,2022-10-02,21-22,B,-1,0,0
337,2022-10-03,09-10,A,3,20,0
337,2022-10-03,09-10,B,2,20,0
337,2022-10-03,10-11,A,4,20,0
337,2022-10-03,10-11,B,2,20,0
337,2022-10-03,11-12,A,4,20,0
337,2022-10-03,11-12,B,3,20,0
337,2022-10-03,12-13,A,4,20,0
337,2022-10-03,12-13,B,4,20,0
337,2022-10-03,13-14,A,4,20,0
337,2022-10-03,13-14,B,4,20,0
337,2022-10-03,14-15,A,4,20,0
337,2022-10-03,14-15,B,4,20,0
337,2022-10-03,15-16,A,3,20,0
337,2022-10-03,15-16,B,2,20,0
337,2022-10-03,16-17,A,2,20,0
337,2022-10-03,16-17,B,1,20,0
337,2022-10-03,17-18,A,3,20,0
337,2022-10-03,17-18,B,2,20,0
337,2022-10-03,18-19,A,4,20,0
337,2022-10-03,18-19,B,3,20,0
337,2022-10-03,19-20,A,4,20,0
337,2022-10-03,19-20,B,4,20,0
337,2022-10-03,20-21,A,4,20,0
337,2022-10-03,20-21,B,4,20,0
337,2022-10-03,21-22,A,3,20,0
337,2022-10-03,21-22,B,2,20,0
338,2022-10-04,09-10,A,3,20,0
338,2022-10-04,09-10,B,2,20,0
338,2022-10-04,10-11,A,4,20,0
338,2022-10-04,10-11,B,3,20,0
338,2022-10-04,11-12,A,4,20,0
338,2022-10-04,11-12,B,4,20,0
338,2022-10-04,12-13,A,4,20,0
338,2022-10-04,12-13,B,4,20,0
338,2022-10-04,13-14,A,4,20,0
338,2022-10-04,13-14,B,4,20,0
338,2022-10-04,14-15,A,4,20,0
338,2022-10-04,14-15,B,4,20,0
338,2022-10-04,15-16,A,3,20,0
338,2022-10-04,15-16,B,2,20,0
338,2022-10-04,16-17,A,2,20,0
338,2022-10-04,16-17,B,2,20,0
338,2022-10-04,17-18,A,2,20,0
338,2022-10-04,17-18,B,3,20,0
338,2022-10-04,18-19,A,3,20,0
338,2022-10-04,18-19,B,3,20,0
338,2022-10-04,19-20,A,4,20,0
338,2022-10-04,19-20,B,3,20,0
338,2022-10-04,20-21,A,4,20,0
338,2022-10-04,20-21,B,3,20,0
338,2022-10-04,21-22,A,3,20,0
338,2022-10-04,21-22,B,2,20,0
339,2022-10-05,09-10,A,3,20,0
339,2022-10-05,09-10,B,2,20,0
339,2022-10-05,10-11,A,3,20,0
339,2022-10-05,10-11,B,2,20,0
339,2022-10-05,11-12,A,4,20,0
339,2022-10-05,11-12,B,3,20,0
339,2022-10-05,12-13,A,4,20,0
339,2022-10-05,12-13,B,4,20,0
339,2022-10-05,13-14,A,4,20,0
339,2022-10-05,13-14,B,4,20,0
339,2022-10-05,14-15,A,4,20,0
339,2022-10-05,14-15,B,4,20,0
339,2022-10-05,15-16,A,3,20,0
339,2022-10-05,15-16,B,2,20,0
339,2022-10-05,16-17,A,2,20,0
339,2022-10-05,16-17,B,1,20,0
339,2022-10-05,17-18,A,3,20,0
339,2022-10-05,17-18,B,2,20,0
339,2022-10-05,18-19,A,4,20,0
339,2022-10-05,18-19,B,3,20,0
339,2022-10-05,19-20,A,4,20,0
339,2022-10-05,19-20,B,3,20,0
339,2022-10-05,20-21,A,4,20,0
339,2022-10-05,20-21,B,3,20,0
339,2022-10-05,21-22,A,2,20,0
339,2022-10-05,21-22,B,2,20,0
340,2022-10-06,09-10,A,3,20,0
340,2022-10-06,09-10,B,2,20,0
340,2022-10-06,10-11,A,4,20,0
340,2022-10-06,10-11,B,3,20,0
340,2022-10-06,11-12,A,4,20,0
340,2022-10-06,11-12,B,3,20,0
340,2022-10-06,12-13,A,4,20,0
340,2022-10-06,12-13,B,4,20,0
340,2022-10-06,13-14,A,4,20,0
340,2022-10-06,13-14,B,4,20,0
340,2022-10-06,14-15,A,4,20,0
340,2022-10-06,14-15,B,4,20,0
340,2022-10-06,15-16,A,3,20,0
340,2022-10-06,15-16,B,2,20,0
340,2022-10-06,16-17,A,2,20,0
340,2022-10-06,16-17,B,2,20,0
340,2022-10-06,17-18,A,3,20,0
340,2022-10-06,17-18,B,2,20,0
340,2022-10-06,18-19,A,4,20,0
340,2022-10-06,18-19,B,3,20,0
340,2022-10-06,19-20,A,4,20,0
340,2022-10-06,19-20,B,3,20,0
340,2022-10-06,20-21,A,4,20,0
340,2022-10-06,20-21,B,3,20,0
340,2022-10-06,21-22,A,3,20,0
340,2022-10-06,21-22,B,2,20,0
341,2022-10-07,09-10,A,4,20,0
341,2022-10-07,09-10,B,3,20,0
341,2022-10-07,10-11,A,4,20,0
341,2022-10-07,10-11,B,3,20,0
341,2022-10-07,11-12,A,4,20,0
341,2022-10-07,11-12,B,4,20,0
341,2022-10-07,12-13,A,4,20,0
341,2022-10-07,12-13,B,4,20,0
341,2022-10-07,13-14,A,4,20,0
341,2022-10-07,13-14,B,4,20,0
341,2022-10-07,14-15,A,4,20,0
341,2022-10-07,14-15,B,4,20,0
341,2022-10-07,15-16,A,4,20,0
341,2022-10-07,15-16,B,2,20,0
341,2022-10-07,16-17,A,3,20,0
341,2022-10-07,16-17,B,2,20,0
341,2022-10-07,17-18,A,3,20,0
341,2022-10-07,17-18,B,3,20,0
341,2022-10-07,18-19,A,4,20,0
341,2022-10-07,18-19,B,3,20,0
341,2022-10-07,19-20,A,4,20,0
341,2022-10-07,19-20,B,4,20,0
341,2022-10-07,20-21,A,4,20,0
341,2022-10-07,20-21,B,4,20,0
341,2022-10-07,21-22,A,3,20,0
341,2022-10-07,21-22,B,3,20,0
342,2022-10-08,09-10,A,3,20,0
342,2022-10-08,09-10,B,2,20,0
342,2022-10-08,10-11,A,4,20,0
342,2022-10-08,10-11,B,4,20,0
342,2022-10-08,11-12,A,4,20,0
342,2022-10-08,11-12,B,4,20,0
342,2022-10-08,12-13,A,4,20,0
342,2022-10-08,12-13,B,4,20,0
342,2022-10-08,13-14,A,4,20,0
342,2022-10-08,13-14,B,4,20,0
342,2022-10-08,14-15,A,4,20,0
342,2022-10-08,14-15,B,4,20,0
342,2022-10-08,15-16,A,4,20,0
342,2022-10-08,15-16,B,2,20,0
342,2022-10-08,16-17,A,3,20,0
342,2022-10-08,16-17,B,2,20,0
342,2022-10-08,17-18,A,3,20,0
342,2022-10-08,17-18,B,3,20,0
342,2022-10-08,18-19,A,4,20,0
342,2022-10-08,18-19,B,4,20,0
342,2022-10-08,19-20,A,4,20,0
342,2022-10-08,19-20,B,4,20,0
342,2022-10-08,20-21,A,4,20,0
342,2022-10-08,20-21,B,4,20,0
342,2022-10-08,21-22,A,4,20,0
342,2022-10-08,21-22,B,3,20,0
343,2022-10-09,09-10,A,-1,0,0
343,2022-10-09,09-10,B,-1,0,0
343,2022-10-09,10-11,A,-1,0,0
343,2022-10-09,10-11,B,-1,0,0
343,2022-10-09,11-12,A,-1,0,0
343,2022-10-09,11-12,B,-1,0,0
343,2022-10-09,12-13,A,-1,0,0
343,2022-10-09,12-13,B,-1,0,0
343,2022-10-09,13-14,A,-1,0,0
343,2022-10-09,13-14,B,-1,0,0
343,2022-10-09,14-15,A,-1,0,0
343,2022-10-09,14-15,B,-1,0,0
343,2022-10-09,15-16,A,-1,0,0
343,2022-10-09,15-16,B,-1,0,0
343,2022-10-09,16-17,A,-1,0,0
343,2022-10-09,16-17,B,-1,0,0
343,2022-10-09,17-18,A,-1,0,0
343,2022-10-09,17-18,B,-1,0,0
343,2022-10-09,18-19,A,-1,0,0
343,2022-10-09,18-19,B,-1,0,0
343,2022-10-09,19-20,A,-1,0,0
343,2022-10-09,19-20,B,-1,0,0
343,2022-10-09,20-21,A,-1,0,0
343,2022-10-09,20-21,B,-1,0,0
343,2022-10-09,21-22,A,-1,0,0
343,2022-10-09,21-22,B,-1,0,0
344,2022-10-10,09-10,A,2,20,0
344,2022-10-10,09-10,B,2,20,0
344,2022-10-10,10-11,A,3,20,0
344,2022-10-10,10-11,B,2,20,0
344,2022-10-10,11-12,A,4,20,0
344,2022-10-10,11-12,B,3,20,0
344,2022-10-10,12-13,A,4,20,0
344,2022-10-10,12-13,B,4,20,0
344,2022-10-10,13-14,A,4,20,0
344,2022-10-10,13-14,B,4,20,0
344,2022-10-10,14-15,A,4,20,0
344,2022-10-10,14-15,B,3,20,0
344,2022-10-10,15-16,A,4,20,0
344,2022-10-10,15-16,B,2,20,0
344,2022-10-10,16-17,A,2,20,0
344,2022-10-10,16-17,B,2,20,0
344,2022-10-10,17-18,A,3,20,0
344,2022-10-10,17-18,B,2,20,0
344,2022-10-10,18-19,A,4,20,0
344,2022-10-10,18-19,B,4,20,0
344,2022-10-10,19-20,A,4,20,0
344,2022-10-10,19-20,B,4,20,0
344,2022-10-10,20-21,A,4,20,0
344,2022-10-10,20-21,B,4,20,0
344,2022-10-10,21-22,A,4,20,0
344,2022-10-10,21-22,B,3,20,0
345,2022-10-11,09-10,A,2,20,0
345,2022-10-11,09-10,B,1,20,0
345,2022-10-11,10-11,A,3,20,0
345,2022-10-11,10-11,B,3,20,0
345,2022-10-11,11-12,A,4,20,0
345,2022-10-11,11-12,B,3,20,0
345,2022-10-11,12-13,A,4,20,0
345,2022-10-11,12-13,B,4,20,0
345,2022-10-11,13-14,A,4,20,0
345,2022-10-11,13-14,B,4,20,0
345,2022-10-11,14-15,A,4,20,0
345,2022-10-11,14-15,B,3,20,0
345,2022-10-11,15-16,A,3,20,0
345,2022-10-11,15-16,B,2,20,0
345,2022-10-11,16-17,A,2,20,0
345,2022-10-11,16-17,B,2,20,0
345,2022-10-11,17-18,A,3,20,0
345,2022-10-11,17-18,B,3,20,0
345,2022-10-11,18-19,A,4,20,0
345,2022-10-11,18-19,B,3,20,0
345,2022-10-11,19-20,A,4,20,0
345,2022-10-11,19-20,B,4,20,0
345,2022-10-11,20-21,A,4,20,0
345,2022-10-11,20-21,B,4,20,0
345,2022-10-11,21-22,A,3,20,0
345,2022-10-11,21-22,B,3,20,0
346,2022-10-12,09-10,A,-1,0,0
346,2022-10-12,09-10,B,-1,0,0
346,2022-10-12,10-11,A,-1,0,0
346,2022-10-12,10-11,B,-1,0,0
346,2022-10-12,11-12,A,-1,0,0
346,2022-10-12,11-12,B,-1,0,0
346,2022-10-12,12-13,A,-1,0,0
346,2022-10-12,12-13,B,-1,0,0
346,2022-10-12,13-14,A,-1,0,0
346,2022-10-12,13-14,B,-1,0,0
346,2022-10-12,14-15,A,-1,0,0
346,2022-10-12,14-15,B,-1,0,0
346,2022-10-12,15-16,A,-1,0,0
346,2022-10-12,15-16,B,-1,0,0
346,2022-10-12,16-17,A,-1,0,0
346,2022-10-12,16-17,B,-1,0,0
346,2022-10-12,17-18,A,-1,0,0
346,2022-10-12,17-18,B,-1,0,0
346,2022-10-12,18-19,A,-1,0,0
346,2022-10-12,18-19,B,-1,0,0
346,2022-10-12,19-20,A,-1,0,0
346,2022-10-12,19-20,B,-1,0,0
346,2022-10-12,20-21,A,-1,0,0
346,2022-10-12,20-21,B,-1,0,0
346,2022-10-12,21-22,A,-1,0,0
346,2022-10-12,21-22,B,-1,0,0
347,2022-10-13,09-10,A,3,20,0
347,2022-10-13,09-10,B,2,20,0
347,2022-10-13,10-11,A,4,20,0
347,2022-10-13,10-11,B,3,20,0
347,2022-10-13,11-12,A,4,20,0
347,2022-10-13,11-12,B,4,20,0
347,2022-10-13,12-13,A,4,20,0
347,2022-10-13,12-13,B,4,20,0
347,2022-10-13,13-14,A,4,20,0
347,2022-10-13,13-14,B,4,20,0
347,2022-10-13,14-15,A,4,20,0
347,2022-10-13,14-15,B,4,20,0
347,2022-10-13,15-16,A,4,20,0
347,2022-10-13,15-16,B,2,20,0
347,2022-10-13,16-17,A,2,20,0
347,2022-10-13,16-17,B,3,20,0
347,2022-10-13,17-18,A,3,20,0
347,2022-10-13,17-18,B,3,20,0
347,2022-10-13,18-19,A,4,20,0
347,2022-10-13,18-19,B,3,20,0
347,2022-10-13,19-20,A,4,20,0
347,2022-10-13,19-20,B,4,20,0
347,2022-10-13,20-21,A,4,20,0
347,2022-10-13,20-21,B,4,20,0
347,2022-10-13,21-22,A,3,20,0
347,2022-10-13,21-22,B,2,20,0
348,2022-10-14,09-10,A,3,20,0
348,2022-10-14,09-10,B,2,20,0
348,2022-10-14,10-11,A,4,20,0
348,2022-10-14,10-11,B,3,20,0
348,2022-10-14,11-12,A,4,20,0
348,2022-10-14,11-12,B,4,20,0
348,2022-10-14,12-13,A,4,20,0
348,2022-10-14,12-13,B,4,20,0
348,2022-10-14,13-14,A,4,20,0
348,2022-10-14,13-14,B,4,20,0
348,2022-10-14,14-15,A,4,20,0
348,2022-10-14,14-15,B,3,20,0
348,2022-10-14,15-16,A,3,20,0
348,2022-10-14,15-16,B,3,20,0
348,2022-10-14,16-17,A,3,20,0
348,2022-10-14,16-17,B,2,20,0
348,2022-10-14,17-18,A,3,20,0
348,2022-10-14,17-18,B,3,20,0
348,2022-10-14,18-19,A,4,20,0
348,2022-10-14,18-19,B,4,20,0
348,2022-10-14,19-20,A,4,20,0
348,2022-10-14,19-20,B,4,20,0
348,2022-10-14,20-21,A,4,20,0
348,2022-10-14,20-21,B,4,20,0
348,2022-10-14,21-22,A,4,20,0
348,2022-10-14,21-22,B,4,20,0
349,2022-10-15,09-10,A,3,20,0
349,2022-10-15,09-10,B,2,20,0
349,2022-10-15,10-11,A,4,20,0
349,2022-10-15,10-11,B,4,20,0
349,2022-10-15,11-12,A,4,20,0
349,2022-10-15,11-12,B,4,20,0
349,2022-10-15,12-13,A,4,20,0
349,2022-10-15,12-13,B,4,20,0
349,2022-10-15,13-14,A,4,20,0
349,2022-10-15,13-14,B,4,20,0
349,2022-10-15,14-15,A,4,20,0
349,2022-10-15,14-15,B,4,20,0
349,2022-10-15,15-16,A,4,20,0
349,2022-10-15,15-16,B,2,20,0
349,2022-10-15,16-17,A,3,20,0
349,2022-10-15,16-17,B,2,20,0
349,2022-10-15,17-18,A,3,20,0
349,2022-10-15,17-18,B,2,20,0
349,2022-10-15,18-19,A,4,20,0
349,2022-10-15,18-19,B,2,20,0
349,2022-10-15,19-20,A,4,20,0
349,2022-10-15,19-20,B,4,20,0
349,2022-10-15,20-21,A,4,20,0
349,2022-10-15,20-21,B,4,20,0
349,2022-10-15,21-22,A,3,20,0
349,2022-10-15,21-22,B,3,20,0
350,2022-10-16,09-10,A,-1,0,0
350,2022-10-16,09-10,B,-1,0,0
350,2022-10-16,10-11,A,-1,0,0
350,2022-10-16,10-11,B,-1,0,0
350,2022-10-16,11-12,A,-1,0,0
350,2022-10-16,11-12,B,-1,0,0
350,2022-10-16,12-13,A,-1,0,0
350,2022-10-16,12-13,B,-1,0,0
350,2022-10-16,13-14,A,-1,0,0
350,2022-10-16,13-14,B,-1,0,0
350,2022-10-16,14-15,A,-1,0,0
350,2022-10-16,14-15,B,-1,0,0
350,2022-10-16,15-16,A,-1,0,0
350,2022-10-16,15-16,B,-1,0,0
350,2022-10-16,16-17,A,-1,0,0
350,2022-10-16,16-17,B,-1,0,0
350,2022-10-16,17-18,A,-1,0,0
350,2022-10-16,17-18,B,-1,0,0
350,2022-10-16,18-19,A,-1,0,0
350,2022-10-16,18-19,B,-1,0,0
350,2022-10-16,19-20,A,-1,0,0
350,2022-10-16,19-20,B,-1,0,0
350,2022-10-16,20-21,A,-1,0,0
350,2022-10-16,20-21,B,-1,0,0
350,2022-10-16,21-22,A,-1,0,0
350,2022-10-16,21-22,B,-1,0,0
351,2022-10-17,09-10,A,3,20,0
351,2022-10-17,09-10,B,2,20,0
351,2022-10-17,10-11,A,4,20,0
351,2022-10-17,10-11,B,2,20,0
351,2022-10-17,11-12,A,4,20,0
351,2022-10-17,11-12,B,3,20,0
351,2022-10-17,12-13,A,4,20,0
351,2022-10-17,12-13,B,4,20,0
351,2022-10-17,13-14,A,4,20,0
351,2022-10-17,13-14,B,4,20,0
351,2022-10-17,14-15,A,4,20,0
351,2022-10-17,14-15,B,4,20,0
351,2022-10-17,15-16,A,4,20,0
351,2022-10-17,15-16,B,2,20,0
351,2022-10-17,16-17,A,2,20,0
351,2022-10-17,16-17,B,2,20,0
351,2022-10-17,17-18,A,3,20,0
351,2022-10-17,17-18,B,3,20,0
351,2022-10-17,18-19,A,4,20,0
351,2022-10-17,18-19,B,3,20,0
351,2022-10-17,19-20,A,4,20,0
351,2022-10-17,19-20,B,4,20,0
351,2022-10-17,20-21,A,4,20,0
351,2022-10-17,20-21,B,4,20,0
351,2022-10-17,21-22,A,3,20,0
351,2022-10-17,21-22,B,2,20,0
352,2022-10-18,09-10,A,3,20,0
352,2022-10-18,09-10,B,2,20,0
352,2022-10-18,10-11,A,3,20,0
352,2022-10-18,10-11,B,3,20,0
352,2022-10-18,11-12,A,4,20,0
352,2022-10-18,11-12,B,3,20,0
352,2022-10-18,12-13,A,4,20,0
352,2022-10-18,12-13,B,4,20,0
352,2022-10-18,13-14,A,4,20,0
352,2022-10-18,13-14,B,4,20,0
352,2022-10-18,14-15,A,4,20,0
352,2022-10-18,14-15,B,3,20,0
352,2022-10-18,15-16,A,3,20,0
352,2022-10-18,15-16,B,1,20,0
352,2022-10-18,16-17,A,2,20,0
352,2022-10-18,16-17,B,1,20,0
352,2022-10-18,17-18,A,3,20,0
352,2022-10-18,17-18,B,2,20,0
352,2022-10-18,18-19,A,4,20,0
352,2022-10-18,18-19,B,3,20,0
352,2022-10-18,19-20,A,4,20,0
352,2022-10-18,19-20,B,4,20,0
352,2022-10-18,20-21,A,4,20,0
352,2022-10-18,20-21,B,3,20,0
352,2022-10-18,21-22,A,2,20,0
352,2022-10-18,21-22,B,2,20,0
353,2022-10-19,09-10,A,3,20,0
353,2022-10-19,09-10,B,2,20,0
353,2022-10-19,10-11,A,4,20,0
353,2022-10-19,10-11,B,2,20,0
353,2022-10-19,11-12,A,4,20,0
353,2022-10-19,11-12,B,3,20,0
353,2022-10-19,12-13,A,4,20,0
353,2022-10-19,12-13,B,3,20,0
353,2022-10-19,13-14,A,4,20,0
353,2022-10-19,13-14,B,4,20,0
353,2022-10-19,14-15,A,4,20,0
353,2022-10-19,14-15,B,4,20,0
353,2022-10-19,15-16,A,3,20,0
353,2022-10-19,15-16,B,1,20,0
353,2022-10-19,16-17,A,2,20,0
353,2022-10-19,16-17,B,1,20,0
353,2022-10-19,17-18,A,2,20,0
353,2022-10-19,17-18,B,2,20,0
353,2022-10-19,18-19,A,3,20,0
353,2022-10-19,18-19,B,3,20,0
353,2022-10-19,19-20,A,4,20,0
353,2022-10-19,19-20,B,3,20,0
353,2022-10-19,20-21,A,4,20,0
353,2022-10-19,20-21,B,3,20,0
353,2022-10-19,21-22,A,2,20,0
353,2022-10-19,21-22,B,2,20,0
354,2022-10-20,09-10,A,4,20,0
354,2022-10-20,09-10,B,2,20,0
354,2022-10-20,10-11,A,4,20,0
354,2022-10-20,10-11,B,3,20,0
354,2022-10-20,11-12,A,4,20,0
354,2022-10-20,11-12,B,4,20,0
354,2022-10-20,12-13,A,4,20,0
354,2022-10-20,12-13,B,4,20,0
354,2022-10-20,13-14,A,4,20,0
354,2022-10-20,13-14,B,4,20,0
354,2022-10-20,14-15,A,4,20,0
354,2022-10-20,14-15,B,4,20,0
354,2022-10-20,15-16,A,3,20,0
354,2022-10-20,15-16,B,2,20,0
354,2022-10-20,16-17,A,2,20,0
354,2022-10-20,16-17,B,2,20,0
354,2022-10-20,17-18,A,3,20,0
354,2022-10-20,17-18,B,3,20,0
354,2022-10-20,18-19,A,4,20,0
354,2022-10-20,18-19,B,4,20,0
354,2022-10-20,19-20,A,4,20,0
354,2022-10-20,19-20,B,4,20,0
354,2022-10-20,20-21,A,4,20,0
354,2022-10-20,20-21,B,3,20,0
354,2022-10-20,21-22,A,3,20,0
354,2022-10-20,21-22,B,3,20,0
355,2022-10-21,09-10,A,4,20,0
355,2022-10-21,09-10,B,2,20,0
355,2022-10-21,10-11,A,4,20,0
355,2022-10-21,10-11,B,4,20,0
355,2022-10-21,11-12,A,4,20,0
355,2022-10-21,11-12,B,4,20,0
355,2022-10-21,12-13,A,4,20,0
355,2022-10-21,12-13,B,4,20,0
355,2022-10-21,13-14,A,4,20,0
355,2022-10-21,13-14,B,4,20,0
355,2022-10-21,14-15,A,4,20,0
355,2022-10-21,14-15,B,4,20,0
355,2022-10-21,15-16,A,3,20,0
355,2022-10-21,15-16,B,2,20,0
355,2022-10-21,16-17,A,3,20,0
355,2022-10-21,16-17,B,2,20,0
355,2022-10-21,17-18,A,3,20,0
355,2022-10-21,17-18,B,3,20,0
355,2022-10-21,18-19,A,4,20,0
355,2022-10-21,18-19,B,4,20,0
355,2022-10-21,19-20,A,4,20,0
355,2022-10-21,19-20,B,4,20,0
355,2022-10-21,20-21,A,4,20,0
355,2022-10-21,20-21,B,4,20,0
355,2022-10-21,21-22,A,3,20,0
355,2022-10-21,21-22,B,3,20,0
356,2022-10-22,09-10,A,3,20,0
356,2022-10-22,09-10,B,2,20,0
356,2022-10-22,10-11,A,4,20,0
356,2022-10-22,10-11,B,4,20,0
356,2022-10-22,11-12,A,4,20,0
356,2022-10-22,11-12,B,4,20,0
356,2022-10-22,12-13,A,4,20,0
356,2022-10-22,12-13,B,4,20,0
356,2022-10-22,13-14,A,4,20,0
356,2022-10-22,13-14,B,4,20,0
356,2022-10-22,14-15,A,4,20,0
356,2022-10-22,14-15,B,4,20,0
356,2022-10-22,15-16,A,4,20,0
356,2022-10-22,15-16,B,2,20,0
356,2022-10-22,16-17,A,3,20,0
356,2022-10-22,16-17,B,2,20,0
356,2022-10-22,17-18,A,4,20,0
356,2022-10-22,17-18,B,3,20,0
356,2022-10-22,18-19,A,4,20,0
356,2022-10-22,18-19,B,4,20,0
356,2022-10-22,19-20,A,4,20,0
356,2022-10-22,19-20,B,4,20,0
356,2022-10-22,20-21,A,4,20,0
356,2022-10-22,20-21,B,4,20,0
356,2022-10-22,21-22,A,4,20,0
356,2022-10-22,21-22,B,3,20,0
357,2022-10-23,09-10,A,-1,0,0
357,2022-10-23,09-10,B,-1,0,0
357,2022-10-23,10-11,A,-1,0,0
357,2022-10-23,10-11,B,-1,0,0
357,2022-10-23,11-12,A,-1,0,0
357,2022-10-23,11-12,B,-1,0,0
357,2022-10-23,12-13,A,-1,0,0
357,2022-10-23,12-13,B,-1,0,0
357,2022-10-23,13-14,A,-1,0,0
357,2022-10-23,13-14,B,-1,0,0
357,2022-10-23,14-15,A,-1,0,0
357,2022-10-23,14-15,B,-1,0,0
357,2022-10-23,15-16,A,-1,0,0
357,2022-10-23,15-16,B,-1,0,0
357,2022-10-23,16-17,A,-1,0,0
357,2022-10-23,16-17,B,-1,0,0
357,2022-10-23,17-18,A,-1,0,0
357,2022-10-23,17-18,B,-1,0,0
357,2022-10-23,18-19,A,-1,0,0
357,2022-10-23,18-19,B,-1,0,0
357,2022-10-23,19-20,A,-1,0,0
357,2022-10-23,19-20,B,-1,0,0
357,2022-10-23,20-21,A,-1,0,0
357,2022-10-23,20-21,B,-1,0,0
357,2022-10-23,21-22,A,-1,0,0
357,2022-10-23,21-22,B,-1,0,0
358,2022-10-24,09-10,A,4,20,0
358,2022-10-24,09-10,B,2,20,0
358,2022-10-24,10-11,A,4,20,0
358,2022-10-24,10-11,B,3,20,0
358,2022-10-24,11-12,A,4,20,0
358,2022-10-24,11-12,B,4,20,0
358,2022-10-24,12-13,A,4,20,0
358,2022-10-24,12-13,B,4,20,0
358,2022-10-24,13-14,A,4,20,0
358,2022-10-24,13-14,B,4,20,0
358,2022-10-24,14-15,A,4,20,0
358,2022-10-24,14-15,B,4,20,0
358,2022-10-24,15-16,A,4,20,0
358,2022-10-24,15-16,B,2,20,0
358,2022-10-24,16-17,A,3,20,0
358,2022-10-24,16-17,B,2,20,0
358,2022-10-24,17-18,A,3,20,0
358,2022-10-24,17-18,B,3,20,0
358,2022-10-24,18-19,A,4,20,0
358,2022-10-24,18-19,B,4,20,0
358,2022-10-24,19-20,A,4,20,0
358,2022-10-24,19-20,B,4,20,0
358,2022-10-24,20-21,A,4,20,0
358,2022-10-24,20-21,B,4,20,0
358,2022-10-24,21-22,A,3,20,0
358,2022-10-24,21-22,B,2,20,0
359,2022-10-25,09-10,A,3,20,0
359,2022-10-25,09-10,B,2,20,0
359,2022-10-25,10-11,A,4,20,0
359,2022-10-25,10-11,B,3,20,0
359,2022-10-25,11-12,A,4,20,0
359,2022-10-25,11-12,B,4,20,0
359,2022-10-25,12-13,A,4,20,0
359,2022-10-25,12-13,B,4,20,0
359,2022-10-25,13-14,A,4,20,0
359,2022-10-25,13-14,B,4,20,0
359,2022-10-25,14-15,A,4,20,0
359,2022-10-25,14-15,B,4,20,0
359,2022-10-25,15-16,A,3,20,0
359,2022-10-25,15-16,B,2,20,0
359,2022-10-25,16-17,A,3,20,0
359,2022-10-25,16-17,B,2,20,0
359,2022-10-25,17-18,A,3,20,0
359,2022-10-25,17-18,B,2,20,0
359,2022-10-25,18-19,A,4,20,0
359,2022-10-25,18-19,B,3,20,0
359,2022-10-25,19-20,A,4,20,0
359,2022-10-25,19-20,B,4,20,0
359,2022-10-25,20-21,A,4,20,0
359,2022-10-25,20-21,B,3,20,0
359,2022-10-25,21-22,A,3,20,0
359,2022-10-25,21-22,B,2,20,0
360,2022-10-26,09-10,A,3,20,0
360,2022-10-26,09-10,B,2,20,0
360,2022-10-26,10-11,A,4,20,0
360,2022-10-26,10-11,B,2,20,0
360,2022-10-26,11-12,A,4,20,0
360,2022-10-26,11-12,B,4,20,0
360,2022-10-26,12-13,A,4,20,0
360,2022-10-26,12-13,B,4,20,0
360,2022-10-26,13-14,A,4,20,0
360,2022-10-26,13-14,B,4,20,0
360,2022-10-26,14-15,A,4,20,0
360,2022-10-26,14-15,B,4,20,0
360,2022-10-26,15-16,A,3,20,0
360,2022-10-26,15-16,B,2,20,0
360,2022-10-26,16-17,A,2,20,0
360,2022-10-26,16-17,B,2,20,0
360,2022-10-26,17-18,A,3,20,0
360,2022-10-26,17-18,B,2,20,0
360,2022-10-26,18-19,A,4,20,0
360,2022-10-26,18-19,B,3,20,0
360,2022-10-26,19-20,A,4,20,0
360,2022-10-26,19-20,B,4,20,0
360,2022-10-26,20-21,A,4,20,0
360,2022-10-26,20-21,B,4,20,0
360,2022-10-26,21-22,A,3,20,0
360,2022-10-26,21-22,B,2,20,0
361,2022-10-27,09-10,A,3,20,0
361,2022-10-27,09-10,B,2,20,0
361,2022-10-27,10-11,A,4,20,0
361,2022-10-27,10-11,B,3,20,0
361,2022-10-27,11-12,A,4,20,0
361,2022-10-27,11-12,B,4,20,0
361,2022-10-27,12-13,A,4,20,0
361,2022-10-27,12-13,B,4,20,0
361,2022-10-27,13-14,A,4,20,0
361,2022-10-27,13-14,B,4,20,0
361,2022-10-27,14-15,A,4,20,0
361,2022-10-27,14-15,B,4,20,0
361,2022-10-27,15-16,A,3,20,0
361,2022-10-27,15-16,B,2,20,0
361,2022-10-27,16-17,A,2,20,0
361,2022-10-27,16-17,B,2,20,0
361,2022-10-27,17-18,A,3,20,0
361,2022-10-27,17-18,B,3,20,0
361,2022-10-27,18-19,A,4,20,0
361,2022-10-27,18-19,B,3,20,0
361,2022-10-27,19-20,A,4,20,0
361,2022-10-27,19-20,B,4,20,0
361,2022-10-27,20-21,A,4,20,0
361,2022-10-27,20-21,B,4,20,0
361,2022-10-27,21-22,A,3,20,0
361,2022-10-27,21-22,B,3,20,0
362,2022-10-28,09-10,A,4,20,0
362,2022-10-28,09-10,B,3,20,0
362,2022-10-28,10-11,A,4,20,0
362,2022-10-28,10-11,B,4,20,0
362,2022-10-28,11-12,A,4,20,0
362,2022-10-28,11-12,B,4,20,0
362,2022-10-28,12-13,A,4,20,0
362,2022-10-28,12-13,B,4,20,0
362,2022-10-28,13-14,A,4,20,0
362,2022-10-28,13-14,B,4,20,0
362,2022-10-28,14-15,A,4,20,0
362,2022-10-28,14-15,B,4,20,0
362,2022-10-28,15-16,A,4,20,0
362,2022-10-28,15-16,B,2,20,0
362,2022-10-28,16-17,A,3,20,0
362,2022-10-28,16-17,B,2,20,0
362,2022-10-28,17-18,A,4,20,0
362,2022-10-28,17-18,B,3,20,0
362,2022-10-28,18-19,A,4,20,0
362,2022-10-28,18-19,B,4,20,0
362,2022-10-28,19-20,A,4,20,0
362,2022-10-28,19-20,B,4,20,0
362,2022-10-28,20-21,A,4,20,0
362,2022-10-28,20-21,B,4,20,0
362,2022-10-28,21-22,A,4,20,0
362,2022-10-28,21-22,B,3,20,0
363,2022-10-29,09-10,A,3,20,0
363,2022-10-29,09-10,B,2,20,0
363,2022-10-29,10-11,A,4,20,0
363,2022-10-29,10-11,B,4,20,0
363,2022-10-29,11-12,A,4,20,0
363,2022-10-29,11-12,B,4,20,0
363,2022-10-29,12-13,A,4,20,0
363,2022-10-29,12-13,B,4,20,0
363,2022-10-29,13-14,A,4,20,0
363,2022-10-29,13-14,B,4,20,0
363,2022-10-29,14-15,A,4,20,0
363,2022-10-29,14-15,B,4,20,0
363,2022-10-29,15-16,A,4,20,0
363,2022-10-29,15-16,B,2,20,0
363,2022-10-29,16-17,A,3,20,0
363,2022-10-29,16-17,B,2,20,0
363,2022-10-29,17-18,A,4,20,0
363,2022-10-29,17-18,B,3,20,0
363,2022-10-29,18-19,A,4,20,0
363,2022-10-29,18-19,B,4,20,0
363,2022-10-29,19-20,A,4,20,0
363,2022-10-29,19-20,B,4,20,0
363,2022-10-29,20-21,A,4,20,0
363,2022-10-29,20-21,B,4,20,0
363,2022-10-29,21-22,A,4,20,0
363,2022-10-29,21-22,B,3,20,0
364,2022-10-30,09-10,A,-1,0,0
364,2022-10-30,09-10,B,-1,0,0
364,2022-10-30,10-11,A,-1,0,0
364,2022-10-30,10-11,B,-1,0,0
364,2022-10-30,11-12,A,-1,0,0
364,2022-10-30,11-12,B,-1,0,0
364,2022-10-30,12-13,A,-1,0,0
364,2022-10-30,12-13,B,-1,0,0
364,2022-10-30,13-14,A,-1,0,0
364,2022-10-30,13-14,B,-1,0,0
364,2022-10-30,14-15,A,-1,0,0
364,2022-10-30,14-15,B,-1,0,0
364,2022-10-30,15-16,A,-1,0,0
364,2022-10-30,15-16,B,-1,0,0
364,2022-10-30,16-17,A,-1,0,0
364,2022-10-30,16-17,B,-1,0,0
364,2022-10-30,17-18,A,-1,0,0
364,2022-10-30,17-18,B,-1,0,0
364,2022-10-30,18-19,A,-1,0,0
364,2022-10-30,18-19,B,-1,0,0
364,2022-10-30,19-20,A,-1,0,0
364,2022-10-30,19-20,B,-1,0,0
364,2022-10-30,20-21,A,-1,0,0
364,2022-10-30,20-21,B,-1,0,0
364,2022-10-30,21-22,A,-1,0,0
364,2022-10-30,21-22,B,-1,0,0
365,2022-10-31,09-10,A,4,20,0
365,2022-10-31,09-10,B,2,20,0
365,2022-10-31,10-11,A,4,20,0
365,2022-10-31,10-11,B,3,20,0
365,2022-10-31,11-12,A,4,20,0
365,2022-10-31,11-12,B,4,20,0
365,2022-10-31,12-13,A,4,20,0
365,2022-10-31,12-13,B,4,20,0
365,2022-10-31,13-14,A,4,20,0
365,2022-10-31,13-14,B,4,20,0
365,2022-10-31,14-15,A,4,20,0
365,2022-10-31,14-15,B,4,20,0
365,2022-10-31,15-16,A,4,20,0
365,2022-10-31,15-16,B,2,20,0
365,2022-10-31,16-17,A,3,20,0
365,2022-10-31,16-17,B,2,20,0
365,2022-10-31,17-18,A,3,20,0
365,2022-10-31,17-18,B,3,20,0
365,2022-10-31,18-19,A,4,20,0
365,2022-10-31,18-19,B,4,20,0
365,2022-10-31,19-20,A,4,20,0
365,2022-10-31,19-20,B,4,20,0
365,2022-10-31,20-21,A,4,20,0
365,2022-10-31,20-21,B,4,20,0
365,2022-10-31,21-22,A,3,20,0
365,2022-10-31,21-22,B,2,20,0
