date,shift,team,minimum,ideal,estimated
2025-01-01,M,A,1,2,2
2025-01-01,T,A,1,2,2
2025-01-01,M,AA,1,2,2
2025-01-01,T,AA,2,3,3
2025-01-01,M,AB,1,2,2
2025-01-01,T,AB,1,2,2
2025-01-01,M,AC,0,1,1
2025-01-01,T,AC,0,1,1
2025-01-01,M,AD,1,2,2
2025-01-01,T,AD,0,1,1
2025-01-01,M,AE,1,2,2
2025-01-01,T,AE,1,2,2
2025-01-01,M,AF,1,2,2
2025-01-01,T,AF,1,2,2
2025-01-01,M,B,1,2,2
2025-01-01,T,B,1,2,2
2025-01-01,M,C,1,2,2
2025-01-01,T,C,1,2,2
2025-01-01,M,D,1,2,2
2025-01-01,T,D,1,2,2
2025-01-01,M,E,1,2,2
2025-01-01,T,E,1,2,2
2025-01-01,M,F,1,2,2
2025-01-01,T,F,1,2,2
2025-01-01,M,G,1,2,2
2025-01-01,T,G,1,2,2
2025-01-01,M,H,1,2,2
2025-01-01,T,H,2,3,3
2025-01-01,M,I,1,2,2
2025-01-01,T,I,0,1,1
2025-01-01,M,J,0,1,1
2025-01-01,T,J,1,2,2
2025-01-01,M,K,1,2,2
2025-01-01,T,K,1,2,2
2025-01-01,M,L,1,2,2
2025-01-01,T,L,1,2,2
2025-01-01,M,M,1,2,2
2025-01-01,T,M,1,2,2
2025-01-01,M,N,1,2,2
2025-01-01,T,N,1,2,2
2025-01-01,M,O,2,3,3
2025-01-01,T,O,1,2,2
2025-01-01,M,P,1,2,2
2025-01-01,T,P,1,2,2
2025-01-01,M,Q,1,2,2
2025-01-01,T,Q,1,2,2
2025-01-01,M,R,1,2,2
2025-01-01,T,R,1,2,2
2025-01-01,M,S,1,2,2
2025-01-01,T,S,1,2,2
2025-01-01,M,T,1,2,2
2025-01-01,T,T,1,2,2
2025-01-01,M,U,1,2,2
2025-01-01,T,U,1,2,2
2025-01-01,M,V,1,2,2
2025-01-01,T,V,1,2,2
2025-01-01,M,W,1,2,2
2025-01-01,T,W,1,2,2
2025-01-01,M,X,1,2,2
2025-01-01,T,X,1,2,2
2025-01-01,M,Y,0,1,1
2025-01-01,T,Y,1,2,2
2025-01-01,M,Z,1,2,2
2025-01-01,T,Z,2,3,3
2025-01-02,M,A,1,2,2
2025-01-02,T,A,1,2,2
2025-01-02,M,AA,2,3,3
2025-01-02,T,AA,1,2,2
2025-01-02,M,AB,1,2,2
2025-01-02,T,AB,1,2,2
2025-01-02,M,AC,1,2,2
2025-01-02,T,AC,1,2,2
2025-01-02,M,AD,1,2,2
2025-01-02,T,AD,1,2,2
2025-01-02,M,AE,1,2,2
2025-01-02,T,AE,1,2,2
2025-01-02,M,AF,1,2,2
2025-01-02,T,AF,2,3,3
2025-01-02,M,B,1,2,2
2025-01-02,T,B,1,2,2
2025-01-02,M,C,1,2,2
2025-01-02,T,C,2,3,3
2025-01-02,M,D,1,2,2
2025-01-02,T,D,1,2,2
2025-01-02,M,E,1,2,2
2025-01-02,T,E,1,2,2
2025-01-02,M,F,2,3,3
2025-01-02,T,F,1,2,2
2025-01-02,M,G,1,2,2
2025-01-02,T,G,1,2,2
2025-01-02,M,H,1,2,2
2025-01-02,T,H,1,2,2
2025-01-02,M,I,1,2,2
2025-01-02,T,I,1,2,2
2025-01-02,M,J,2,3,3
2025-01-02,T,J,1,2,2
2025-01-02,M,K,1,2,2
2025-01-02,T,K,1,2,2
2025-01-02,M,L,1,2,2
2025-01-02,T,L,1,2,2
2025-01-02,M,M,1,2,2
2025-01-02,T,M,1,2,2
2025-01-02,M,N,1,2,2
2025-01-02,T,N,1,2,2
2025-01-02,M,O,1,2,2
2025-01-02,T,O,1,2,2
2025-01-02,M,P,1,2,2
2025-01-02,T,P,1,2,2
2025-01-02,M,Q,0,1,1
2025-01-02,T,Q,1,2,2
2025-01-02,M,R,1,2,2
2025-01-02,T,R,1,2,2
2025-01-02,M,S,1,2,2
2025-01-02,T,S,1,2,2
2025-01-02,M,T,1,2,2
2025-01-02,T,T,1,2,2
2025-01-02,M,U,1,2,2
2025-01-02,T,U,1,2,2
2025-01-02,M,V,1,2,2
2025-01-02,T,V,1,2,2
2025-01-02,M,W,1,2,2
2025-01-02,T,W,1,2,2
2025-01-02,M,X,1,2,2
2025-01-02,T,X,1,2,2
2025-01-02,M,Y,1,2,2
2025-01-02,T,Y,1,2,2
2025-01-02,M,Z,1,2,2
2025-01-02,T,Z,1,2,2
2025-01-03,M,A,1,2,2
2025-01-03,T,A,1,2,2
2025-01-03,M,AA,1,2,2
2025-01-03,T,AA,1,2,2
2025-01-03,M,AB,1,2,2
2025-01-03,T,AB,2,3,3
2025-01-03,M,AC,1,2,2
2025-01-03,T,AC,1,2,2
2025-01-03,M,AD,1,2,2
2025-01-03,T,AD,1,2,2
2025-01-03,M,AE,1,2,2
2025-01-03,T,AE,1,2,2
2025-01-03,M,AF,1,2,2
2025-01-03,T,AF,1,2,2
2025-01-03,M,B,1,2,2
2025-01-03,T,B,1,2,2
2025-01-03,M,C,1,2,2
2025-01-03,T,C,1,2,2
2025-01-03,M,D,1,2,2
2025-01-03,T,D,1,2,2
2025-01-03,M,E,0,1,1
2025-01-03,T,E,1,2,2
2025-01-03,M,F,1,2,2
2025-01-03,T,F,1,2,2
2025-01-03,M,G,1,2,2
2025-01-03,T,G,1,2,2
2025-01-03,M,H,1,2,2
2025-01-03,T,H,1,2,2
2025-01-03,M,I,1,2,2
2025-01-03,T,I,1,2,2
2025-01-03,M,J,1,2,2
2025-01-03,T,J,1,2,2
2025-01-03,M,K,1,2,2
2025-01-03,T,K,1,2,2
2025-01-03,M,L,0,1,1
2025-01-03,T,L,1,2,2
2025-01-03,M,M,1,2,2
2025-01-03,T,M,2,3,3
2025-01-03,M,N,1,2,2
2025-01-03,T,N,1,2,2
2025-01-03,M,O,1,2,2
2025-01-03,T,O,1,2,2
2025-01-03,M,P,1,2,2
2025-01-03,T,P,1,2,2
2025-01-03,M,Q,1,2,2
2025-01-03,T,Q,1,2,2
2025-01-03,M,R,1,2,2
2025-01-03,T,R,1,2,2
2025-01-03,M,S,1,2,2
2025-01-03,T,S,1,2,2
2025-01-03,M,T,1,2,2
2025-01-03,T,T,1,2,2
2025-01-03,M,U,1,2,2
2025-01-03,T,U,1,2,2
2025-01-03,M,V,1,2,2
2025-01-03,T,V,1,2,2
2025-01-03,M,W,1,2,2
2025-01-03,T,W,1,2,2
2025-01-03,M,X,1,2,2
2025-01-03,T,X,1,2,2
2025-01-03,M,Y,1,2,2
2025-01-03,T,Y,1,2,2
2025-01-03,M,Z,1,2,2
2025-01-03,T,Z,1,2,2
2025-01-04,M,A,1,2,2
2025-01-04,T,A,1,2,2
2025-01-04,M,AA,1,2,2
2025-01-04,T,AA,1,2,2
2025-01-04,M,AB,1,2,2
2025-01-04,T,AB,1,2,2
2025-01-04,M,AC,1,2,2
2025-01-04,T,AC,1,2,2
2025-01-04,M,AD,1,2,2
2025-01-04,T,AD,1,2,2
2025-01-04,M,AE,1,2,2
2025-01-04,T,AE,1,2,2
2025-01-04,M,AF,1,2,2
2025-01-04,T,AF,1,2,2
2025-01-04,M,B,1,2,2
2025-01-04,T,B,1,2,2
2025-01-04,M,C,1,2,2
2025-01-04,T,C,1,2,2
2025-01-04,M,D,1,2,2
2025-01-04,T,D,1,2,2
2025-01-04,M,E,1,2,2
2025-01-04,T,E,1,2,2
2025-01-04,M,F,1,2,2
2025-01-04,T,F,1,2,2
2025-01-04,M,G,1,2,2
2025-01-04,T,G,1,2,2
2025-01-04,M,H,1,2,2
2025-01-04,T,H,1,2,2
2025-01-04,M,I,1,2,2
2025-01-04,T,I,1,2,2
2025-01-04,M,J,1,2,2
2025-01-04,T,J,1,2,2
2025-01-04,M,K,1,2,2
2025-01-04,T,K,1,2,2
2025-01-04,M,L,1,2,2
2025-01-04,T,L,1,2,2
2025-01-04,M,M,1,2,2
2025-01-04,T,M,1,2,2
2025-01-04,M,N,1,2,2
2025-01-04,T,N,1,2,2
2025-01-04,M,O,1,2,2
2025-01-04,T,O,1,2,2
2025-01-04,M,P,1,2,2
2025-01-04,T,P,1,2,2
2025-01-04,M,Q,1,2,2
2025-01-04,T,Q,1,2,2
2025-01-04,M,R,1,2,2
2025-01-04,T,R,1,2,2
2025-01-04,M,S,1,2,2
2025-01-04,T,S,1,2,2
2025-01-04,M,T,1,2,2
2025-01-04,T,T,1,2,2
2025-01-04,M,U,1,2,2
2025-01-04,T,U,1,2,2
2025-01-04,M,V,1,2,2
2025-01-04,T,V,1,2,2
2025-01-04,M,W,1,2,2
2025-01-04,T,W,1,2,2
2025-01-04,M,X,1,2,2
2025-01-04,T,X,1,2,2
2025-01-04,M,Y,1,2,2
2025-01-04,T,Y,1,2,2
2025-01-04,M,Z,1,2,2
2025-01-04,T,Z,1,2,2
2025-01-05,M,A,1,2,2
2025-01-05,T,A,1,2,2
2025-01-05,M,AA,1,2,2
2025-01-05,T,AA,0,1,1
2025-01-05,M,AB,1,2,2
2025-01-05,T,AB,1,2,2
2025-01-05,M,AC,1,2,2
2025-01-05,T,AC,1,2,2
2025-01-05,M,AD,1,2,2
2025-01-05,T,AD,0,1,1
2025-01-05,M,AE,1,2,2
2025-01-05,T,AE,1,2,2
2025-01-05,M,AF,1,2,2
2025-01-05,T,AF,1,2,2
2025-01-05,M,B,1,2,2
2025-01-05,T,B,1,2,2
2025-01-05,M,C,1,2,2
2025-01-05,T,C,1,2,2
2025-01-05,M,D,1,2,2
2025-01-05,T,D,1,2,2
2025-01-05,M,E,0,1,1
2025-01-05,T,E,1,2,2
2025-01-05,M,F,1,2,2
2025-01-05,T,F,1,2,2
2025-01-05,M,G,0,1,1
2025-01-05,T,G,1,2,2
2025-01-05,M,H,1,2,2
2025-01-05,T,H,2,3,3
2025-01-05,M,I,1,2,2
2025-01-05,T,I,1,2,2
2025-01-05,M,J,1,2,2
2025-01-05,T,J,1,2,2
2025-01-05,M,K,1,2,2
2025-01-05,T,K,1,2,2
2025-01-05,M,L,1,2,2
2025-01-05,T,L,1,2,2
2025-01-05,M,M,1,2,2
2025-01-05,T,M,1,2,2
2025-01-05,M,N,2,3,3
2025-01-05,T,N,1,2,2
2025-01-05,M,O,1,2,2
2025-01-05,T,O,1,2,2
2025-01-05,M,P,1,2,2
2025-01-05,T,P,1,2,2
2025-01-05,M,Q,1,2,2
2025-01-05,T,Q,1,2,2
2025-01-05,M,R,1,2,2
2025-01-05,T,R,1,2,2
2025-01-05,M,S,1,2,2
2025-01-05,T,S,1,2,2
2025-01-05,M,T,1,2,2
2025-01-05,T,T,1,2,2
2025-01-05,M,U,1,2,2
2025-01-05,T,U,1,2,2
2025-01-05,M,V,1,2,2
2025-01-05,T,V,1,2,2
2025-01-05,M,W,1,2,2
2025-01-05,T,W,1,2,2
2025-01-05,M,X,1,2,2
2025-01-05,T,X,2,3,3
2025-01-05,M,Y,1,2,2
2025-01-05,T,Y,1,2,2
2025-01-05,M,Z,1,2,2
2025-01-05,T,Z,1,2,2
2025-01-06,M,A,1,2,2
2025-01-06,T,A,1,2,2
2025-01-06,M,AA,1,2,2
2025-01-06,T,AA,1,2,2
2025-01-06,M,AB,1,2,2
2025-01-06,T,AB,1,2,2
2025-01-06,M,AC,1,2,2
2025-01-06,T,AC,1,2,2
2025-01-06,M,AD,1,2,2
2025-01-06,T,AD,1,2,2
2025-01-06,M,AE,1,2,2
2025-01-06,T,AE,1,2,2
2025-01-06,M,AF,1,2,2
2025-01-06,T,AF,1,2,2
2025-01-06,M,B,1,2,2
2025-01-06,T,B,1,2,2
2025-01-06,M,C,1,2,2
2025-01-06,T,C,2,3,3
2025-01-06,M,D,1,2,2
2025-01-06,T,D,1,2,2
2025-01-06,M,E,1,2,2
2025-01-06,T,E,1,2,2
2025-01-06,M,F,1,2,2
2025-01-06,T,F,1,2,2
2025-01-06,M,G,1,2,2
2025-01-06,T,G,1,2,2
2025-01-06,M,H,1,2,2
2025-01-06,T,H,1,2,2
2025-01-06,M,I,1,2,2
2025-01-06,T,I,1,2,2
2025-01-06,M,J,1,2,2
2025-01-06,T,J,1,2,2
2025-01-06,M,K,1,2,2
2025-01-06,T,K,1,2,2
2025-01-06,M,L,1,2,2
2025-01-06,T,L,1,2,2
2025-01-06,M,M,1,2,2
2025-01-06,T,M,1,2,2
2025-01-06,M,N,1,2,2
2025-01-06,T,N,1,2,2
2025-01-06,M,O,1,2,2
2025-01-06,T,O,1,2,2
2025-01-06,M,P,1,2,2
2025-01-06,T,P,1,2,2
2025-01-06,M,Q,1,2,2
2025-01-06,T,Q,1,2,2
2025-01-06,M,R,1,2,2
2025-01-06,T,R,1,2,2
2025-01-06,M,S,1,2,2
2025-01-06,T,S,1,2,2
2025-01-06,M,T,1,2,2
2025-01-06,T,T,1,2,2
2025-01-06,M,U,1,2,2
2025-01-06,T,U,1,2,2
2025-01-06,M,V,1,2,2
2025-01-06,T,V,1,2,2
2025-01-06,M,W,0,1,1
2025-01-06,T,W,1,2,2
2025-01-06,M,X,1,2,2
2025-01-06,T,X,1,2,2
2025-01-06,M,Y,1,2,2
2025-01-06,T,Y,1,2,2
2025-01-06,M,Z,1,2,2
2025-01-06,T,Z,1,2,2
2025-01-07,M,A,1,2,2
2025-01-07,T,A,1,2,2
2025-01-07,M,AA,1,2,2
2025-01-07,T,AA,1,2,2
2025-01-07,M,AB,0,1,1
2025-01-07,T,AB,1,2,2
2025-01-07,M,AC,1,2,2
2025-01-07,T,AC,1,2,2
2025-01-07,M,AD,1,2,2
2025-01-07,T,AD,1,2,2
2025-01-07,M,AE,1,2,2
2025-01-07,T,AE,1,2,2
2025-01-07,M,AF,0,1,1
2025-01-07,T,AF,1,2,2
2025-01-07,M,B,1,2,2
2025-01-07,T,B,1,2,2
2025-01-07,M,C,1,2,2
2025-01-07,T,C,1,2,2
2025-01-07,M,D,1,2,2
2025-01-07,T,D,1,2,2
2025-01-07,M,E,1,2,2
2025-01-07,T,E,1,2,2
2025-01-07,M,F,1,2,2
2025-01-07,T,F,1,2,2
2025-01-07,M,G,1,2,2
2025-01-07,T,G,1,2,2
2025-01-07,M,H,1,2,2
2025-01-07,T,H,1,2,2
2025-01-07,M,I,1,2,2
2025-01-07,T,I,1,2,2
2025-01-07,M,J,1,2,2
2025-01-07,T,J,1,2,2
2025-01-07,M,K,1,2,2
2025-01-07,T,K,1,2,2
2025-01-07,M,L,1,2,2
2025-01-07,T,L,1,2,2
2025-01-07,M,M,1,2,2
2025-01-07,T,M,1,2,2
2025-01-07,M,N,1,2,2
2025-01-07,T,N,1,2,2
2025-01-07,M,O,1,2,2
2025-01-07,T,O,1,2,2
2025-01-07,M,P,1,2,2
2025-01-07,T,P,1,2,2
2025-01-07,M,Q,1,2,2
2025-01-07,T,Q,1,2,2
2025-01-07,M,R,1,2,2
2025-01-07,T,R,1,2,2
2025-01-07,M,S,1,2,2
2025-01-07,T,S,0,1,1
2025-01-07,M,T,1,2,2
2025-01-07,T,T,1,2,2
2025-01-07,M,U,1,2,2
2025-01-07,T,U,1,2,2
2025-01-07,M,V,1,2,2
2025-01-07,T,V,1,2,2
2025-01-07,M,W,1,2,2
2025-01-07,T,W,1,2,2
2025-01-07,M,X,1,2,2
2025-01-07,T,X,2,3,3
2025-01-07,M,Y,1,2,2
2025-01-07,T,Y,1,2,2
2025-01-07,M,Z,1,2,2
2025-01-07,T,Z,1,2,2
2025-01-08,M,A,1,2,2
2025-01-08,T,A,1,2,2
2025-01-08,M,AA,1,2,2
2025-01-08,T,AA,1,2,2
2025-01-08,M,AB,1,2,2
2025-01-08,T,AB,1,2,2
2025-01-08,M,AC,1,2,2
2025-01-08,T,AC,1,2,2
2025-01-08,M,AD,1,2,2
2025-01-08,T,AD,1,2,2
2025-01-08,M,AE,1,2,2
2025-01-08,T,AE,1,2,2
2025-01-08,M,AF,1,2,2
2025-01-08,T,AF,1,2,2
2025-01-08,M,B,1,2,2
2025-01-08,T,B,1,2,2
2025-01-08,M,C,1,2,2
2025-01-08,T,C,1,2,2
2025-01-08,M,D,1,2,2
2025-01-08,T,D,1,2,2
2025-01-08,M,E,1,2,2
2025-01-08,T,E,1,2,2
2025-01-08,M,F,1,2,2
2025-01-08,T,F,1,2,2
2025-01-08,M,G,1,2,2
2025-01-08,T,G,1,2,2
2025-01-08,M,H,1,2,2
2025-01-08,T,H,1,2,2
2025-01-08,M,I,1,2,2
2025-01-08,T,I,1,2,2
2025-01-08,M,J,1,2,2
2025-01-08,T,J,1,2,2
2025-01-08,M,K,1,2,2
2025-01-08,T,K,1,2,2
2025-01-08,M,L,1,2,2
2025-01-08,T,L,1,2,2
2025-01-08,M,M,1,2,2
2025-01-08,T,M,1,2,2
2025-01-08,M,N,1,2,2
2025-01-08,T,N,1,2,2
2025-01-08,M,O,1,2,2
2025-01-08,T,O,1,2,2
2025-01-08,M,P,1,2,2
2025-01-08,T,P,1,2,2
2025-01-08,M,Q,1,2,2
2025-01-08,T,Q,1,2,2
2025-01-08,M,R,1,2,2
2025-01-08,T,R,1,2,2
2025-01-08,M,S,1,2,2
2025-01-08,T,S,1,2,2
2025-01-08,M,T,1,2,2
2025-01-08,T,T,1,2,2
2025-01-08,M,U,1,2,2
2025-01-08,T,U,1,2,2
2025-01-08,M,V,1,2,2
2025-01-08,T,V,1,2,2
2025-01-08,M,W,1,2,2
2025-01-08,T,W,1,2,2
2025-01-08,M,X,1,2,2
2025-01-08,T,X,1,2,2
2025-01-08,M,Y,1,2,2
2025-01-08,T,Y,1,2,2
2025-01-08,M,Z,1,2,2
2025-01-08,T,Z,1,2,2
2025-01-09,M,A,1,2,2
2025-01-09,T,A,1,2,2
2025-01-09,M,AA,1,2,2
2025-01-09,T,AA,1,2,2
2025-01-09,M,AB,1,2,2
2025-01-09,T,AB,1,2,2
2025-01-09,M,AC,1,2,2
2025-01-09,T,AC,1,2,2
2025-01-09,M,AD,1,2,2
2025-01-09,T,AD,1,2,2
2025-01-09,M,AE,1,2,2
2025-01-09,T,AE,1,2,2
2025-01-09,M,AF,1,2,2
2025-01-09,T,AF,1,2,2
2025-01-09,M,B,2,3,3
2025-01-09,T,B,2,3,3
2025-01-09,M,C,1,2,2
2025-01-09,T,C,1,2,2
2025-01-09,M,D,1,2,2
2025-01-09,T,D,1,2,2
2025-01-09,M,E,1,2,2
2025-01-09,T,E,1,2,2
2025-01-09,M,F,1,2,2
2025-01-09,T,F,1,2,2
2025-01-09,M,G,1,2,2
2025-01-09,T,G,1,2,2
2025-01-09,M,H,1,2,2
2025-01-09,T,H,1,2,2
2025-01-09,M,I,1,2,2
2025-01-09,T,I,1,2,2
2025-01-09,M,J,1,2,2
2025-01-09,T,J,1,2,2
2025-01-09,M,K,1,2,2
2025-01-09,T,K,1,2,2
2025-01-09,M,L,1,2,2
2025-01-09,T,L,1,2,2
2025-01-09,M,M,1,2,2
2025-01-09,T,M,1,2,2
2025-01-09,M,N,1,2,2
2025-01-09,T,N,0,1,1
2025-01-09,M,O,1,2,2
2025-01-09,T,O,1,2,2
2025-01-09,M,P,1,2,2
2025-01-09,T,P,1,2,2
2025-01-09,M,Q,0,1,1
2025-01-09,T,Q,1,2,2
2025-01-09,M,R,1,2,2
2025-01-09,T,R,1,2,2
2025-01-09,M,S,1,2,2
2025-01-09,T,S,1,2,2
2025-01-09,M,T,1,2,2
2025-01-09,T,T,0,1,1
2025-01-09,M,U,1,2,2
2025-01-09,T,U,1,2,2
2025-01-09,M,V,1,2,2
2025-01-09,T,V,1,2,2
2025-01-09,M,W,1,2,2
2025-01-09,T,W,1,2,2
2025-01-09,M,X,1,2,2
2025-01-09,T,X,1,2,2
2025-01-09,M,Y,1,2,2
2025-01-09,T,Y,1,2,2
2025-01-09,M,Z,1,2,2
2025-01-09,T,Z,1,2,2
2025-01-10,M,A,1,2,2
2025-01-10,T,A,1,2,2
2025-01-10,M,AA,1,2,2
2025-01-10,T,AA,1,2,2
2025-01-10,M,AB,1,2,2
2025-01-10,T,AB,1,2,2
2025-01-10,M,AC,1,2,2
2025-01-10,T,AC,1,2,2
2025-01-10,M,AD,1,2,2
2025-01-10,T,AD,1,2,2
2025-01-10,M,AE,1,2,2
2025-01-10,T,AE,1,2,2
2025-01-10,M,AF,1,2,2
2025-01-10,T,AF,1,2,2
2025-01-10,M,B,1,2,2
2025-01-10,T,B,1,2,2
2025-01-10,M,C,1,2,2
2025-01-10,T,C,1,2,2
2025-01-10,M,D,1,2,2
2025-01-10,T,D,1,2,2
2025-01-10,M,E,1,2,2
2025-01-10,T,E,1,2,2
2025-01-10,M,F,1,2,2
2025-01-10,T,F,1,2,2
2025-01-10,M,G,1,2,2
2025-01-10,T,G,1,2,2
2025-01-10,M,H,2,3,3
2025-01-10,T,H,1,2,2
2025-01-10,M,I,1,2,2
2025-01-10,T,I,0,1,1
2025-01-10,M,J,1,2,2
2025-01-10,T,J,1,2,2
2025-01-10,M,K,1,2,2
2025-01-10,T,K,1,2,2
2025-01-10,M,L,1,2,2
2025-01-10,T,L,1,2,2
2025-01-10,M,M,1,2,2
2025-01-10,T,M,1,2,2
2025-01-10,M,N,1,2,2
2025-01-10,T,N,2,3,3
2025-01-10,M,O,1,2,2
2025-01-10,T,O,1,2,2
2025-01-10,M,P,2,3,3
2025-01-10,T,P,1,2,2
2025-01-10,M,Q,1,2,2
2025-01-10,T,Q,2,3,3
2025-01-10,M,R,1,2,2
2025-01-10,T,R,1,2,2
2025-01-10,M,S,1,2,2
2025-01-10,T,S,1,2,2
2025-01-10,M,T,1,2,2
2025-01-10,T,T,1,2,2
2025-01-10,M,U,1,2,2
2025-01-10,T,U,1,2,2
2025-01-10,M,V,1,2,2
2025-01-10,T,V,1,2,2
2025-01-10,M,W,1,2,2
2025-01-10,T,W,1,2,2
2025-01-10,M,X,1,2,2
2025-01-10,T,X,1,2,2
2025-01-10,M,Y,1,2,2
2025-01-10,T,Y,1,2,2
2025-01-10,M,Z,1,2,2
2025-01-10,T,Z,1,2,2
2025-01-11,M,A,1,2,2
2025-01-11,T,A,1,2,2
2025-01-11,M,AA,1,2,2
2025-01-11,T,AA,1,2,2
2025-01-11,M,AB,1,2,2
2025-01-11,T,AB,1,2,2
2025-01-11,M,AC,1,2,2
2025-01-11,T,AC,1,2,2
2025-01-11,M,AD,1,2,2
2025-01-11,T,AD,2,3,3
2025-01-11,M,AE,1,2,2
2025-01-11,T,AE,1,2,2
2025-01-11,M,AF,1,2,2
2025-01-11,T,AF,1,2,2
2025-01-11,M,B,1,2,2
2025-01-11,T,B,1,2,2
2025-01-11,M,C,1,2,2
2025-01-11,T,C,1,2,2
2025-01-11,M,D,1,2,2
2025-01-11,T,D,1,2,2
2025-01-11,M,E,1,2,2
2025-01-11,T,E,1,2,2
2025-01-11,M,F,1,2,2
2025-01-11,T,F,1,2,2
2025-01-11,M,G,1,2,2
2025-01-11,T,G,1,2,2
2025-01-11,M,H,1,2,2
2025-01-11,T,H,1,2,2
2025-01-11,M,I,1,2,2
2025-01-11,T,I,1,2,2
2025-01-11,M,J,1,2,2
2025-01-11,T,J,1,2,2
2025-01-11,M,K,1,2,2
2025-01-11,T,K,1,2,2
2025-01-11,M,L,1,2,2
2025-01-11,T,L,1,2,2
2025-01-11,M,M,1,2,2
2025-01-11,T,M,1,2,2
2025-01-11,M,N,1,2,2
2025-01-11,T,N,1,2,2
2025-01-11,M,O,1,2,2
2025-01-11,T,O,1,2,2
2025-01-11,M,P,1,2,2
2025-01-11,T,P,1,2,2
2025-01-11,M,Q,1,2,2
2025-01-11,T,Q,1,2,2
2025-01-11,M,R,1,2,2
2025-01-11,T,R,1,2,2
2025-01-11,M,S,1,2,2
2025-01-11,T,S,1,2,2
2025-01-11,M,T,1,2,2
2025-01-11,T,T,1,2,2
2025-01-11,M,U,1,2,2
2025-01-11,T,U,1,2,2
2025-01-11,M,V,1,2,2
2025-01-11,T,V,1,2,2
2025-01-11,M,W,1,2,2
2025-01-11,T,W,1,2,2
2025-01-11,M,X,1,2,2
2025-01-11,T,X,1,2,2
2025-01-11,M,Y,1,2,2
2025-01-11,T,Y,1,2,2
2025-01-11,M,Z,1,2,2
2025-01-11,T,Z,1,2,2
2025-01-12,M,A,1,2,2
2025-01-12,T,A,1,2,2
2025-01-12,M,AA,1,2,2
2025-01-12,T,AA,1,2,2
2025-01-12,M,AB,1,2,2
2025-01-12,T,AB,1,2,2
2025-01-12,M,AC,1,2,2
2025-01-12,T,AC,1,2,2
2025-01-12,M,AD,1,2,2
2025-01-12,T,AD,1,2,2
2025-01-12,M,AE,1,2,2
2025-01-12,T,AE,1,2,2
2025-01-12,M,AF,1,2,2
2025-01-12,T,AF,1,2,2
2025-01-12,M,B,2,3,3
2025-01-12,T,B,1,2,2
2025-01-12,M,C,1,2,2
2025-01-12,T,C,1,2,2
2025-01-12,M,D,1,2,2
2025-01-12,T,D,1,2,2
2025-01-12,M,E,1,2,2
2025-01-12,T,E,1,2,2
2025-01-12,M,F,1,2,2
2025-01-12,T,F,1,2,2
2025-01-12,M,G,1,2,2
2025-01-12,T,G,1,2,2
2025-01-12,M,H,1,2,2
2025-01-12,T,H,1,2,2
2025-01-12,M,I,1,2,2
2025-01-12,T,I,1,2,2
2025-01-12,M,J,1,2,2
2025-01-12,T,J,2,3,3
2025-01-12,M,K,0,1,1
2025-01-12,T,K,1,2,2
2025-01-12,M,L,1,2,2
2025-01-12,T,L,1,2,2
2025-01-12,M,M,1,2,2
2025-01-12,T,M,1,2,2
2025-01-12,M,N,1,2,2
2025-01-12,T,N,1,2,2
2025-01-12,M,O,1,2,2
2025-01-12,T,O,1,2,2
2025-01-12,M,P,1,2,2
2025-01-12,T,P,1,2,2
2025-01-12,M,Q,1,2,2
2025-01-12,T,Q,1,2,2
2025-01-12,M,R,1,2,2
2025-01-12,T,R,1,2,2
2025-01-12,M,S,1,2,2
2025-01-12,T,S,1,2,2
2025-01-12,M,T,1,2,2
2025-01-12,T,T,1,2,2
2025-01-12,M,U,1,2,2
2025-01-12,T,U,1,2,2
2025-01-12,M,V,2,3,3
2025-01-12,T,V,1,2,2
2025-01-12,M,W,1,2,2
2025-01-12,T,W,0,1,1
2025-01-12,M,X,1,2,2
2025-01-12,T,X,0,1,1
2025-01-12,M,Y,1,2,2
2025-01-12,T,Y,1,2,2
2025-01-12,M,Z,1,2,2
2025-01-12,T,Z,1,2,2
2025-01-13,M,A,1,2,2
2025-01-13,T,A,1,2,2
2025-01-13,M,AA,1,2,2
2025-01-13,T,AA,1,2,2
2025-01-13,M,AB,1,2,2
2025-01-13,T,AB,1,2,2
2025-01-13,M,AC,1,2,2
2025-01-13,T,AC,2,3,3
2025-01-13,M,AD,1,2,2
2025-01-13,T,AD,2,3,3
2025-01-13,M,AE,1,2,2
2025-01-13,T,AE,1,2,2
2025-01-13,M,AF,1,2,2
2025-01-13,T,AF,1,2,2
2025-01-13,M,B,1,2,2
2025-01-13,T,B,1,2,2
2025-01-13,M,C,1,2,2
2025-01-13,T,C,1,2,2
2025-01-13,M,D,1,2,2
2025-01-13,T,D,1,2,2
2025-01-13,M,E,1,2,2
2025-01-13,T,E,1,2,2
2025-01-13,M,F,1,2,2
2025-01-13,T,F,1,2,2
2025-01-13,M,G,1,2,2
2025-01-13,T,G,0,1,1
2025-01-13,M,H,2,3,3
2025-01-13,T,H,1,2,2
2025-01-13,M,I,1,2,2
2025-01-13,T,I,1,2,2
2025-01-13,M,J,1,2,2
2025-01-13,T,J,1,2,2
2025-01-13,M,K,1,2,2
2025-01-13,T,K,0,1,1
2025-01-13,M,L,2,3,3
2025-01-13,T,L,1,2,2
2025-01-13,M,M,1,2,2
2025-01-13,T,M,2,3,3
2025-01-13,M,N,1,2,2
2025-01-13,T,N,1,2,2
2025-01-13,M,O,1,2,2
2025-01-13,T,O,1,2,2
2025-01-13,M,P,1,2,2
2025-01-13,T,P,1,2,2
2025-01-13,M,Q,1,2,2
2025-01-13,T,Q,1,2,2
2025-01-13,M,R,1,2,2
2025-01-13,T,R,1,2,2
2025-01-13,M,S,1,2,2
2025-01-13,T,S,1,2,2
2025-01-13,M,T,1,2,2
2025-01-13,T,T,1,2,2
2025-01-13,M,U,1,2,2
2025-01-13,T,U,1,2,2
2025-01-13,M,V,1,2,2
2025-01-13,T,V,0,1,1
2025-01-13,M,W,1,2,2
2025-01-13,T,W,1,2,2
2025-01-13,M,X,1,2,2
2025-01-13,T,X,0,1,1
2025-01-13,M,Y,1,2,2
2025-01-13,T,Y,1,2,2
2025-01-13,M,Z,1,2,2
2025-01-13,T,Z,2,3,3
2025-01-14,M,A,1,2,2
2025-01-14,T,A,2,3,3
2025-01-14,M,AA,1,2,2
2025-01-14,T,AA,1,2,2
2025-01-14,M,AB,1,2,2
2025-01-14,T,AB,1,2,2
2025-01-14,M,AC,1,2,2
2025-01-14,T,AC,1,2,2
2025-01-14,M,AD,1,2,2
2025-01-14,T,AD,1,2,2
2025-01-14,M,AE,1,2,2
2025-01-14,T,AE,1,2,2
2025-01-14,M,AF,1,2,2
2025-01-14,T,AF,1,2,2
2025-01-14,M,B,0,1,1
2025-01-14,T,B,1,2,2
2025-01-14,M,C,1,2,2
2025-01-14,T,C,1,2,2
2025-01-14,M,D,1,2,2
2025-01-14,T,D,2,3,3
2025-01-14,M,E,1,2,2
2025-01-14,T,E,1,2,2
2025-01-14,M,F,1,2,2
2025-01-14,T,F,2,3,3
2025-01-14,M,G,1,2,2
2025-01-14,T,G,1,2,2
2025-01-14,M,H,1,2,2
2025-01-14,T,H,1,2,2
2025-01-14,M,I,1,2,2
2025-01-14,T,I,1,2,2
2025-01-14,M,J,1,2,2
2025-01-14,T,J,0,1,1
2025-01-14,M,K,1,2,2
2025-01-14,T,K,1,2,2
2025-01-14,M,L,1,2,2
2025-01-14,T,L,1,2,2
2025-01-14,M,M,1,2,2
2025-01-14,T,M,1,2,2
2025-01-14,M,N,1,2,2
2025-01-14,T,N,1,2,2
2025-01-14,M,O,1,2,2
2025-01-14,T,O,1,2,2
2025-01-14,M,P,1,2,2
2025-01-14,T,P,1,2,2
2025-01-14,M,Q,1,2,2
2025-01-14,T,Q,1,2,2
2025-01-14,M,R,1,2,2
2025-01-14,T,R,0,1,1
2025-01-14,M,S,1,2,2
2025-01-14,T,S,0,1,1
2025-01-14,M,T,1,2,2
2025-01-14,T,T,1,2,2
2025-01-14,M,U,1,2,2
2025-01-14,T,U,1,2,2
2025-01-14,M,V,1,2,2
2025-01-14,T,V,1,2,2
2025-01-14,M,W,1,2,2
2025-01-14,T,W,1,2,2
2025-01-14,M,X,1,2,2
2025-01-14,T,X,1,2,2
2025-01-14,M,Y,1,2,2
2025-01-14,T,Y,1,2,2
2025-01-14,M,Z,1,2,2
2025-01-14,T,Z,1,2,2
2025-01-15,M,A,1,2,2
2025-01-15,T,A,1,2,2
2025-01-15,M,AA,1,2,2
2025-01-15,T,AA,1,2,2
2025-01-15,M,AB,1,2,2
2025-01-15,T,AB,1,2,2
2025-01-15,M,AC,1,2,2
2025-01-15,T,AC,1,2,2
2025-01-15,M,AD,1,2,2
2025-01-15,T,AD,1,2,2
2025-01-15,M,AE,1,2,2
2025-01-15,T,AE,1,2,2
2025-01-15,M,AF,1,2,2
2025-01-15,T,AF,1,2,2
2025-01-15,M,B,1,2,2
2025-01-15,T,B,1,2,2
2025-01-15,M,C,2,3,3
2025-01-15,T,C,2,3,3
2025-01-15,M,D,1,2,2
2025-01-15,T,D,1,2,2
2025-01-15,M,E,1,2,2
2025-01-15,T,E,1,2,2
2025-01-15,M,F,0,1,1
2025-01-15,T,F,1,2,2
2025-01-15,M,G,1,2,2
2025-01-15,T,G,1,2,2
2025-01-15,M,H,0,1,1
2025-01-15,T,H,1,2,2
2025-01-15,M,I,1,2,2
2025-01-15,T,I,1,2,2
2025-01-15,M,J,1,2,2
2025-01-15,T,J,1,2,2
2025-01-15,M,K,1,2,2
2025-01-15,T,K,1,2,2
2025-01-15,M,L,0,1,1
2025-01-15,T,L,1,2,2
2025-01-15,M,M,1,2,2
2025-01-15,T,M,1,2,2
2025-01-15,M,N,1,2,2
2025-01-15,T,N,1,2,2
2025-01-15,M,O,1,2,2
2025-01-15,T,O,1,2,2
2025-01-15,M,P,1,2,2
2025-01-15,T,P,1,2,2
2025-01-15,M,Q,1,2,2
2025-01-15,T,Q,2,3,3
2025-01-15,M,R,1,2,2
2025-01-15,T,R,1,2,2
2025-01-15,M,S,0,1,1
2025-01-15,T,S,1,2,2
2025-01-15,M,T,1,2,2
2025-01-15,T,T,2,3,3
2025-01-15,M,U,1,2,2
2025-01-15,T,U,1,2,2
2025-01-15,M,V,1,2,2
2025-01-15,T,V,1,2,2
2025-01-15,M,W,1,2,2
2025-01-15,T,W,1,2,2
2025-01-15,M,X,1,2,2
2025-01-15,T,X,0,1,1
2025-01-15,M,Y,1,2,2
2025-01-15,T,Y,1,2,2
2025-01-15,M,Z,1,2,2
2025-01-15,T,Z,1,2,2
2025-01-16,M,A,1,2,2
2025-01-16,T,A,1,2,2
2025-01-16,M,AA,1,2,2
2025-01-16,T,AA,1,2,2
2025-01-16,M,AB,1,2,2
2025-01-16,T,AB,1,2,2
2025-01-16,M,AC,1,2,2
2025-01-16,T,AC,1,2,2
2025-01-16,M,AD,1,2,2
2025-01-16,T,AD,1,2,2
2025-01-16,M,AE,2,3,3
2025-01-16,T,AE,1,2,2
2025-01-16,M,AF,1,2,2
2025-01-16,T,AF,1,2,2
2025-01-16,M,B,1,2,2
2025-01-16,T,B,1,2,2
2025-01-16,M,C,1,2,2
2025-01-16,T,C,1,2,2
2025-01-16,M,D,1,2,2
2025-01-16,T,D,1,2,2
2025-01-16,M,E,1,2,2
2025-01-16,T,E,1,2,2
2025-01-16,M,F,1,2,2
2025-01-16,T,F,1,2,2
2025-01-16,M,G,1,2,2
2025-01-16,T,G,1,2,2
2025-01-16,M,H,1,2,2
2025-01-16,T,H,1,2,2
2025-01-16,M,I,1,2,2
2025-01-16,T,I,1,2,2
2025-01-16,M,J,1,2,2
2025-01-16,T,J,1,2,2
2025-01-16,M,K,1,2,2
2025-01-16,T,K,1,2,2
2025-01-16,M,L,1,2,2
2025-01-16,T,L,1,2,2
2025-01-16,M,M,1,2,2
2025-01-16,T,M,1,2,2
2025-01-16,M,N,1,2,2
2025-01-16,T,N,1,2,2
2025-01-16,M,O,1,2,2
2025-01-16,T,O,1,2,2
2025-01-16,M,P,1,2,2
2025-01-16,T,P,1,2,2
2025-01-16,M,Q,1,2,2
2025-01-16,T,Q,1,2,2
2025-01-16,M,R,1,2,2
2025-01-16,T,R,0,1,1
2025-01-16,M,S,1,2,2
2025-01-16,T,S,1,2,2
2025-01-16,M,T,1,2,2
2025-01-16,T,T,1,2,2
2025-01-16,M,U,1,2,2
2025-01-16,T,U,1,2,2
2025-01-16,M,V,1,2,2
2025-01-16,T,V,0,1,1
2025-01-16,M,W,1,2,2
2025-01-16,T,W,1,2,2
2025-01-16,M,X,0,1,1
2025-01-16,T,X,1,2,2
2025-01-16,M,Y,2,3,3
2025-01-16,T,Y,1,2,2
2025-01-16,M,Z,1,2,2
2025-01-16,T,Z,1,2,2
2025-01-17,M,A,1,2,2
2025-01-17,T,A,1,2,2
2025-01-17,M,AA,1,2,2
2025-01-17,T,AA,1,2,2
2025-01-17,M,AB,1,2,2
2025-01-17,T,AB,1,2,2
2025-01-17,M,AC,1,2,2
2025-01-17,T,AC,1,2,2
2025-01-17,M,AD,1,2,2
2025-01-17,T,AD,1,2,2
2025-01-17,M,AE,1,2,2
2025-01-17,T,AE,1,2,2
2025-01-17,M,AF,1,2,2
2025-01-17,T,AF,1,2,2
2025-01-17,M,B,1,2,2
2025-01-17,T,B,1,2,2
2025-01-17,M,C,1,2,2
2025-01-17,T,C,0,1,1
2025-01-17,M,D,1,2,2
2025-01-17,T,D,1,2,2
2025-01-17,M,E,1,2,2
2025-01-17,T,E,1,2,2
2025-01-17,M,F,1,2,2
2025-01-17,T,F,1,2,2
2025-01-17,M,G,1,2,2
2025-01-17,T,G,1,2,2
2025-01-17,M,H,1,2,2
2025-01-17,T,H,1,2,2
2025-01-17,M,I,1,2,2
2025-01-17,T,I,2,3,3
2025-01-17,M,J,1,2,2
2025-01-17,T,J,1,2,2
2025-01-17,M,K,1,2,2
2025-01-17,T,K,2,3,3
2025-01-17,M,L,1,2,2
2025-01-17,T,L,1,2,2
2025-01-17,M,M,1,2,2
2025-01-17,T,M,1,2,2
2025-01-17,M,N,1,2,2
2025-01-17,T,N,1,2,2
2025-01-17,M,O,1,2,2
2025-01-17,T,O,1,2,2
2025-01-17,M,P,1,2,2
2025-01-17,T,P,1,2,2
2025-01-17,M,Q,1,2,2
2025-01-17,T,Q,1,2,2
2025-01-17,M,R,1,2,2
2025-01-17,T,R,1,2,2
2025-01-17,M,S,1,2,2
2025-01-17,T,S,1,2,2
2025-01-17,M,T,1,2,2
2025-01-17,T,T,1,2,2
2025-01-17,M,U,1,2,2
2025-01-17,T,U,1,2,2
2025-01-17,M,V,1,2,2
2025-01-17,T,V,1,2,2
2025-01-17,M,W,1,2,2
2025-01-17,T,W,1,2,2
2025-01-17,M,X,0,1,1
2025-01-17,T,X,1,2,2
2025-01-17,M,Y,1,2,2
2025-01-17,T,Y,1,2,2
2025-01-17,M,Z,1,2,2
2025-01-17,T,Z,1,2,2
2025-01-18,M,A,1,2,2
2025-01-18,T,A,1,2,2
2025-01-18,M,AA,1,2,2
2025-01-18,T,AA,1,2,2
2025-01-18,M,AB,1,2,2
2025-01-18,T,AB,1,2,2
2025-01-18,M,AC,1,2,2
2025-01-18,T,AC,1,2,2
2025-01-18,M,AD,1,2,2
2025-01-18,T,AD,1,2,2
2025-01-18,M,AE,1,2,2
2025-01-18,T,AE,1,2,2
2025-01-18,M,AF,1,2,2
2025-01-18,T,AF,1,2,2
2025-01-18,M,B,1,2,2
2025-01-18,T,B,1,2,2
2025-01-18,M,C,1,2,2
2025-01-18,T,C,1,2,2
2025-01-18,M,D,1,2,2
2025-01-18,T,D,1,2,2
2025-01-18,M,E,1,2,2
2025-01-18,T,E,1,2,2
2025-01-18,M,F,1,2,2
2025-01-18,T,F,1,2,2
2025-01-18,M,G,1,2,2
2025-01-18,T,G,1,2,2
2025-01-18,M,H,1,2,2
2025-01-18,T,H,1,2,2
2025-01-18,M,I,1,2,2
2025-01-18,T,I,0,1,1
2025-01-18,M,J,1,2,2
2025-01-18,T,J,0,1,1
2025-01-18,M,K,1,2,2
2025-01-18,T,K,1,2,2
2025-01-18,M,L,1,2,2
2025-01-18,T,L,1,2,2
2025-01-18,M,M,1,2,2
2025-01-18,T,M,1,2,2
2025-01-18,M,N,1,2,2
2025-01-18,T,N,1,2,2
2025-01-18,M,O,1,2,2
2025-01-18,T,O,1,2,2
2025-01-18,M,P,1,2,2
2025-01-18,T,P,1,2,2
2025-01-18,M,Q,1,2,2
2025-01-18,T,Q,1,2,2
2025-01-18,M,R,1,2,2
2025-01-18,T,R,1,2,2
2025-01-18,M,S,1,2,2
2025-01-18,T,S,1,2,2
2025-01-18,M,T,1,2,2
2025-01-18,T,T,1,2,2
2025-01-18,M,U,1,2,2
2025-01-18,T,U,1,2,2
2025-01-18,M,V,1,2,2
2025-01-18,T,V,1,2,2
2025-01-18,M,W,1,2,2
2025-01-18,T,W,1,2,2
2025-01-18,M,X,1,2,2
2025-01-18,T,X,1,2,2
2025-01-18,M,Y,1,2,2
2025-01-18,T,Y,1,2,2
2025-01-18,M,Z,1,2,2
2025-01-18,T,Z,1,2,2
2025-01-19,M,A,1,2,2
2025-01-19,T,A,1,2,2
2025-01-19,M,AA,1,2,2
2025-01-19,T,AA,1,2,2
2025-01-19,M,AB,0,1,1
2025-01-19,T,AB,1,2,2
2025-01-19,M,AC,1,2,2
2025-01-19,T,AC,1,2,2
2025-01-19,M,AD,1,2,2
2025-01-19,T,AD,1,2,2
2025-01-19,M,AE,1,2,2
2025-01-19,T,AE,1,2,2
2025-01-19,M,AF,1,2,2
2025-01-19,T,AF,1,2,2
2025-01-19,M,B,1,2,2
2025-01-19,T,B,1,2,2
2025-01-19,M,C,1,2,2
2025-01-19,T,C,0,1,1
2025-01-19,M,D,1,2,2
2025-01-19,T,D,1,2,2
2025-01-19,M,E,1,2,2
2025-01-19,T,E,1,2,2
2025-01-19,M,F,1,2,2
2025-01-19,T,F,1,2,2
2025-01-19,M,G,1,2,2
2025-01-19,T,G,1,2,2
2025-01-19,M,H,2,3,3
2025-01-19,T,H,1,2,2
2025-01-19,M,I,1,2,2
2025-01-19,T,I,1,2,2
2025-01-19,M,J,1,2,2
2025-01-19,T,J,1,2,2
2025-01-19,M,K,1,2,2
2025-01-19,T,K,1,2,2
2025-01-19,M,L,1,2,2
2025-01-19,T,L,1,2,2
2025-01-19,M,M,1,2,2
2025-01-19,T,M,1,2,2
2025-01-19,M,N,1,2,2
2025-01-19,T,N,1,2,2
2025-01-19,M,O,1,2,2
2025-01-19,T,O,2,3,3
2025-01-19,M,P,1,2,2
2025-01-19,T,P,1,2,2
2025-01-19,M,Q,1,2,2
2025-01-19,T,Q,1,2,2
2025-01-19,M,R,1,2,2
2025-01-19,T,R,1,2,2
2025-01-19,M,S,1,2,2
2025-01-19,T,S,1,2,2
2025-01-19,M,T,1,2,2
2025-01-19,T,T,1,2,2
2025-01-19,M,U,1,2,2
2025-01-19,T,U,1,2,2
2025-01-19,M,V,1,2,2
2025-01-19,T,V,1,2,2
2025-01-19,M,W,1,2,2
2025-01-19,T,W,1,2,2
2025-01-19,M,X,1,2,2
2025-01-19,T,X,1,2,2
2025-01-19,M,Y,1,2,2
2025-01-19,T,Y,1,2,2
2025-01-19,M,Z,2,3,3
2025-01-19,T,Z,1,2,2
2025-01-20,M,A,1,2,2
2025-01-20,T,A,1,2,2
2025-01-20,M,AA,1,2,2
2025-01-20,T,AA,1,2,2
2025-01-20,M,AB,1,2,2
2025-01-20,T,AB,1,2,2
2025-01-20,M,AC,1,2,2
2025-01-20,T,AC,1,2,2
2025-01-20,M,AD,1,2,2
2025-01-20,T,AD,1,2,2
2025-01-20,M,AE,1,2,2
2025-01-20,T,AE,0,1,1
2025-01-20,M,AF,1,2,2
2025-01-20,T,AF,1,2,2
2025-01-20,M,B,1,2,2
2025-01-20,T,B,1,2,2
2025-01-20,M,C,1,2,2
2025-01-20,T,C,1,2,2
2025-01-20,M,D,0,1,1
2025-01-20,T,D,1,2,2
2025-01-20,M,E,1,2,2
2025-01-20,T,E,1,2,2
2025-01-20,M,F,1,2,2
2025-01-20,T,F,0,1,1
2025-01-20,M,G,1,2,2
2025-01-20,T,G,1,2,2
2025-01-20,M,H,1,2,2
2025-01-20,T,H,1,2,2
2025-01-20,M,I,1,2,2
2025-01-20,T,I,1,2,2
2025-01-20,M,J,0,1,1
2025-01-20,T,J,1,2,2
2025-01-20,M,K,1,2,2
2025-01-20,T,K,1,2,2
2025-01-20,M,L,1,2,2
2025-01-20,T,L,1,2,2
2025-01-20,M,M,1,2,2
2025-01-20,T,M,1,2,2
2025-01-20,M,N,1,2,2
2025-01-20,T,N,1,2,2
2025-01-20,M,O,1,2,2
2025-01-20,T,O,1,2,2
2025-01-20,M,P,1,2,2
2025-01-20,T,P,1,2,2
2025-01-20,M,Q,1,2,2
2025-01-20,T,Q,1,2,2
2025-01-20,M,R,1,2,2
2025-01-20,T,R,1,2,2
2025-01-20,M,S,1,2,2
2025-01-20,T,S,1,2,2
2025-01-20,M,T,1,2,2
2025-01-20,T,T,1,2,2
2025-01-20,M,U,1,2,2
2025-01-20,T,U,1,2,2
2025-01-20,M,V,1,2,2
2025-01-20,T,V,1,2,2
2025-01-20,M,W,1,2,2
2025-01-20,T,W,1,2,2
2025-01-20,M,X,1,2,2
2025-01-20,T,X,1,2,2
2025-01-20,M,Y,1,2,2
2025-01-20,T,Y,2,3,3
2025-01-20,M,Z,1,2,2
2025-01-20,T,Z,1,2,2
2025-01-21,M,A,1,2,2
2025-01-21,T,A,1,2,2
2025-01-21,M,AA,1,2,2
2025-01-21,T,AA,1,2,2
2025-01-21,M,AB,1,2,2
2025-01-21,T,AB,1,2,2
2025-01-21,M,AC,1,2,2
2025-01-21,T,AC,1,2,2
2025-01-21,M,AD,1,2,2
2025-01-21,T,AD,1,2,2
2025-01-21,M,AE,1,2,2
2025-01-21,T,AE,1,2,2
2025-01-21,M,AF,1,2,2
2025-01-21,T,AF,1,2,2
2025-01-21,M,B,0,1,1
2025-01-21,T,B,1,2,2
2025-01-21,M,C,1,2,2
2025-01-21,T,C,1,2,2
2025-01-21,M,D,1,2,2
2025-01-21,T,D,1,2,2
2025-01-21,M,E,1,2,2
2025-01-21,T,E,1,2,2
2025-01-21,M,F,1,2,2
2025-01-21,T,F,1,2,2
2025-01-21,M,G,1,2,2
2025-01-21,T,G,2,3,3
2025-01-21,M,H,1,2,2
2025-01-21,T,H,1,2,2
2025-01-21,M,I,1,2,2
2025-01-21,T,I,1,2,2
2025-01-21,M,J,1,2,2
2025-01-21,T,J,1,2,2
2025-01-21,M,K,1,2,2
2025-01-21,T,K,1,2,2
2025-01-21,M,L,1,2,2
2025-01-21,T,L,1,2,2
2025-01-21,M,M,1,2,2
2025-01-21,T,M,1,2,2
2025-01-21,M,N,1,2,2
2025-01-21,T,N,1,2,2
2025-01-21,M,O,1,2,2
2025-01-21,T,O,1,2,2
2025-01-21,M,P,1,2,2
2025-01-21,T,P,1,2,2
2025-01-21,M,Q,1,2,2
2025-01-21,T,Q,1,2,2
2025-01-21,M,R,1,2,2
2025-01-21,T,R,1,2,2
2025-01-21,M,S,1,2,2
2025-01-21,T,S,1,2,2
2025-01-21,M,T,1,2,2
2025-01-21,T,T,1,2,2
2025-01-21,M,U,1,2,2
2025-01-21,T,U,1,2,2
2025-01-21,M,V,0,1,1
2025-01-21,T,V,1,2,2
2025-01-21,M,W,1,2,2
2025-01-21,T,W,0,1,1
2025-01-21,M,X,1,2,2
2025-01-21,T,X,1,2,2
2025-01-21,M,Y,1,2,2
2025-01-21,T,Y,1,2,2
2025-01-21,M,Z,1,2,2
2025-01-21,T,Z,1,2,2
2025-01-22,M,A,1,2,2
2025-01-22,T,A,1,2,2
2025-01-22,M,AA,1,2,2
2025-01-22,T,AA,1,2,2
2025-01-22,M,AB,1,2,2
2025-01-22,T,AB,1,2,2
2025-01-22,M,AC,1,2,2
2025-01-22,T,AC,1,2,2
2025-01-22,M,AD,1,2,2
2025-01-22,T,AD,1,2,2
2025-01-22,M,AE,1,2,2
2025-01-22,T,AE,1,2,2
2025-01-22,M,AF,1,2,2
2025-01-22,T,AF,1,2,2
2025-01-22,M,B,2,3,3
2025-01-22,T,B,1,2,2
2025-01-22,M,C,1,2,2
2025-01-22,T,C,1,2,2
2025-01-22,M,D,1,2,2
2025-01-22,T,D,1,2,2
2025-01-22,M,E,1,2,2
2025-01-22,T,E,2,3,3
2025-01-22,M,F,1,2,2
2025-01-22,T,F,1,2,2
2025-01-22,M,G,1,2,2
2025-01-22,T,G,1,2,2
2025-01-22,M,H,1,2,2
2025-01-22,T,H,1,2,2
2025-01-22,M,I,2,3,3
2025-01-22,T,I,1,2,2
2025-01-22,M,J,1,2,2
2025-01-22,T,J,1,2,2
2025-01-22,M,K,1,2,2
2025-01-22,T,K,1,2,2
2025-01-22,M,L,1,2,2
2025-01-22,T,L,1,2,2
2025-01-22,M,M,1,2,2
2025-01-22,T,M,1,2,2
2025-01-22,M,N,0,1,1
2025-01-22,T,N,1,2,2
2025-01-22,M,O,1,2,2
2025-01-22,T,O,1,2,2
2025-01-22,M,P,1,2,2
2025-01-22,T,P,1,2,2
2025-01-22,M,Q,1,2,2
2025-01-22,T,Q,0,1,1
2025-01-22,M,R,1,2,2
2025-01-22,T,R,1,2,2
2025-01-22,M,S,1,2,2
2025-01-22,T,S,1,2,2
2025-01-22,M,T,1,2,2
2025-01-22,T,T,1,2,2
2025-01-22,M,U,1,2,2
2025-01-22,T,U,1,2,2
2025-01-22,M,V,1,2,2
2025-01-22,T,V,1,2,2
2025-01-22,M,W,1,2,2
2025-01-22,T,W,1,2,2
2025-01-22,M,X,2,3,3
2025-01-22,T,X,1,2,2
2025-01-22,M,Y,1,2,2
2025-01-22,T,Y,1,2,2
2025-01-22,M,Z,1,2,2
2025-01-22,T,Z,1,2,2
2025-01-23,M,A,1,2,2
2025-01-23,T,A,1,2,2
2025-01-23,M,AA,1,2,2
2025-01-23,T,AA,1,2,2
2025-01-23,M,AB,1,2,2
2025-01-23,T,AB,1,2,2
2025-01-23,M,AC,1,2,2
2025-01-23,T,AC,1,2,2
2025-01-23,M,AD,1,2,2
2025-01-23,T,AD,1,2,2
2025-01-23,M,AE,0,1,1
2025-01-23,T,AE,0,1,1
2025-01-23,M,AF,2,3,3
2025-01-23,T,AF,1,2,2
2025-01-23,M,B,1,2,2
2025-01-23,T,B,1,2,2
2025-01-23,M,C,0,1,1
2025-01-23,T,C,1,2,2
2025-01-23,M,D,1,2,2
2025-01-23,T,D,1,2,2
2025-01-23,M,E,1,2,2
2025-01-23,T,E,1,2,2
2025-01-23,M,F,1,2,2
2025-01-23,T,F,1,2,2
2025-01-23,M,G,1,2,2
2025-01-23,T,G,1,2,2
2025-01-23,M,H,1,2,2
2025-01-23,T,H,1,2,2
2025-01-23,M,I,1,2,2
2025-01-23,T,I,1,2,2
2025-01-23,M,J,1,2,2
2025-01-23,T,J,1,2,2
2025-01-23,M,K,1,2,2
2025-01-23,T,K,1,2,2
2025-01-23,M,L,1,2,2
2025-01-23,T,L,1,2,2
2025-01-23,M,M,1,2,2
2025-01-23,T,M,1,2,2
2025-01-23,M,N,1,2,2
2025-01-23,T,N,1,2,2
2025-01-23,M,O,1,2,2
2025-01-23,T,O,0,1,1
2025-01-23,M,P,1,2,2
2025-01-23,T,P,1,2,2
2025-01-23,M,Q,1,2,2
2025-01-23,T,Q,2,3,3
2025-01-23,M,R,1,2,2
2025-01-23,T,R,1,2,2
2025-01-23,M,S,1,2,2
2025-01-23,T,S,1,2,2
2025-01-23,M,T,1,2,2
2025-01-23,T,T,1,2,2
2025-01-23,M,U,2,3,3
2025-01-23,T,U,1,2,2
2025-01-23,M,V,2,3,3
2025-01-23,T,V,1,2,2
2025-01-23,M,W,1,2,2
2025-01-23,T,W,1,2,2
2025-01-23,M,X,1,2,2
2025-01-23,T,X,1,2,2
2025-01-23,M,Y,1,2,2
2025-01-23,T,Y,1,2,2
2025-01-23,M,Z,1,2,2
2025-01-23,T,Z,1,2,2
2025-01-24,M,A,1,2,2
2025-01-24,T,A,1,2,2
2025-01-24,M,AA,1,2,2
2025-01-24,T,AA,1,2,2
2025-01-24,M,AB,2,3,3
2025-01-24,T,AB,1,2,2
2025-01-24,M,AC,1,2,2
2025-01-24,T,AC,1,2,2
2025-01-24,M,AD,1,2,2
2025-01-24,T,AD,1,2,2
2025-01-24,M,AE,1,2,2
2025-01-24,T,AE,1,2,2
2025-01-24,M,AF,0,1,1
2025-01-24,T,AF,1,2,2
2025-01-24,M,B,2,3,3
2025-01-24,T,B,1,2,2
2025-01-24,M,C,1,2,2
2025-01-24,T,C,0,1,1
2025-01-24,M,D,1,2,2
2025-01-24,T,D,1,2,2
2025-01-24,M,E,2,3,3
2025-01-24,T,E,1,2,2
2025-01-24,M,F,1,2,2
2025-01-24,T,F,1,2,2
2025-01-24,M,G,1,2,2
2025-01-24,T,G,1,2,2
2025-01-24,M,H,1,2,2
2025-01-24,T,H,1,2,2
2025-01-24,M,I,1,2,2
2025-01-24,T,I,1,2,2
2025-01-24,M,J,1,2,2
2025-01-24,T,J,1,2,2
2025-01-24,M,K,1,2,2
2025-01-24,T,K,1,2,2
2025-01-24,M,L,1,2,2
2025-01-24,T,L,1,2,2
2025-01-24,M,M,0,1,1
2025-01-24,T,M,1,2,2
2025-01-24,M,N,1,2,2
2025-01-24,T,N,1,2,2
2025-01-24,M,O,1,2,2
2025-01-24,T,O,1,2,2
2025-01-24,M,P,0,1,1
2025-01-24,T,P,1,2,2
2025-01-24,M,Q,1,2,2
2025-01-24,T,Q,1,2,2
2025-01-24,M,R,1,2,2
2025-01-24,T,R,0,1,1
2025-01-24,M,S,1,2,2
2025-01-24,T,S,1,2,2
2025-01-24,M,T,1,2,2
2025-01-24,T,T,1,2,2
2025-01-24,M,U,0,1,1
2025-01-24,T,U,1,2,2
2025-01-24,M,V,1,2,2
2025-01-24,T,V,1,2,2
2025-01-24,M,W,1,2,2
2025-01-24,T,W,1,2,2
2025-01-24,M,X,1,2,2
2025-01-24,T,X,1,2,2
2025-01-24,M,Y,1,2,2
2025-01-24,T,Y,1,2,2
2025-01-24,M,Z,1,2,2
2025-01-24,T,Z,1,2,2
2025-01-25,M,A,1,2,2
2025-01-25,T,A,1,2,2
2025-01-25,M,AA,1,2,2
2025-01-25,T,AA,1,2,2
2025-01-25,M,AB,1,2,2
2025-01-25,T,AB,0,1,1
2025-01-25,M,AC,1,2,2
2025-01-25,T,AC,1,2,2
2025-01-25,M,AD,1,2,2
2025-01-25,T,AD,1,2,2
2025-01-25,M,AE,1,2,2
2025-01-25,T,AE,0,1,1
2025-01-25,M,AF,1,2,2
2025-01-25,T,AF,1,2,2
2025-01-25,M,B,1,2,2
2025-01-25,T,B,2,3,3
2025-01-25,M,C,1,2,2
2025-01-25,T,C,1,2,2
2025-01-25,M,D,1,2,2
2025-01-25,T,D,1,2,2
2025-01-25,M,E,1,2,2
2025-01-25,T,E,1,2,2
2025-01-25,M,F,1,2,2
2025-01-25,T,F,1,2,2
2025-01-25,M,G,1,2,2
2025-01-25,T,G,1,2,2
2025-01-25,M,H,1,2,2
2025-01-25,T,H,1,2,2
2025-01-25,M,I,1,2,2
2025-01-25,T,I,1,2,2
2025-01-25,M,J,1,2,2
2025-01-25,T,J,1,2,2
2025-01-25,M,K,1,2,2
2025-01-25,T,K,1,2,2
2025-01-25,M,L,1,2,2
2025-01-25,T,L,1,2,2
2025-01-25,M,M,1,2,2
2025-01-25,T,M,1,2,2
2025-01-25,M,N,1,2,2
2025-01-25,T,N,1,2,2
2025-01-25,M,O,1,2,2
2025-01-25,T,O,1,2,2
2025-01-25,M,P,1,2,2
2025-01-25,T,P,1,2,2
2025-01-25,M,Q,1,2,2
2025-01-25,T,Q,1,2,2
2025-01-25,M,R,1,2,2
2025-01-25,T,R,1,2,2
2025-01-25,M,S,1,2,2
2025-01-25,T,S,1,2,2
2025-01-25,M,T,2,3,3
2025-01-25,T,T,1,2,2
2025-01-25,M,U,1,2,2
2025-01-25,T,U,1,2,2
2025-01-25,M,V,1,2,2
2025-01-25,T,V,1,2,2
2025-01-25,M,W,1,2,2
2025-01-25,T,W,1,2,2
2025-01-25,M,X,1,2,2
2025-01-25,T,X,1,2,2
2025-01-25,M,Y,1,2,2
2025-01-25,T,Y,1,2,2
2025-01-25,M,Z,1,2,2
2025-01-25,T,Z,1,2,2
2025-01-26,M,A,1,2,2
2025-01-26,T,A,1,2,2
2025-01-26,M,AA,1,2,2
2025-01-26,T,AA,1,2,2
2025-01-26,M,AB,1,2,2
2025-01-26,T,AB,1,2,2
2025-01-26,M,AC,1,2,2
2025-01-26,T,AC,1,2,2
2025-01-26,M,AD,1,2,2
2025-01-26,T,AD,1,2,2
2025-01-26,M,AE,1,2,2
2025-01-26,T,AE,1,2,2
2025-01-26,M,AF,1,2,2
2025-01-26,T,AF,1,2,2
2025-01-26,M,B,1,2,2
2025-01-26,T,B,1,2,2
2025-01-26,M,C,1,2,2
2025-01-26,T,C,1,2,2
2025-01-26,M,D,1,2,2
2025-01-26,T,D,1,2,2
2025-01-26,M,E,1,2,2
2025-01-26,T,E,1,2,2
2025-01-26,M,F,1,2,2
2025-01-26,T,F,1,2,2
2025-01-26,M,G,1,2,2
2025-01-26,T,G,1,2,2
2025-01-26,M,H,1,2,2
2025-01-26,T,H,1,2,2
2025-01-26,M,I,1,2,2
2025-01-26,T,I,1,2,2
2025-01-26,M,J,1,2,2
2025-01-26,T,J,1,2,2
2025-01-26,M,K,1,2,2
2025-01-26,T,K,1,2,2
2025-01-26,M,L,1,2,2
2025-01-26,T,L,1,2,2
2025-01-26,M,M,1,2,2
2025-01-26,T,M,0,1,1
2025-01-26,M,N,1,2,2
2025-01-26,T,N,1,2,2
2025-01-26,M,O,1,2,2
2025-01-26,T,O,0,1,1
2025-01-26,M,P,1,2,2
2025-01-26,T,P,1,2,2
2025-01-26,M,Q,1,2,2
2025-01-26,T,Q,1,2,2
2025-01-26,M,R,1,2,2
2025-01-26,T,R,1,2,2
2025-01-26,M,S,1,2,2
2025-01-26,T,S,1,2,2
2025-01-26,M,T,1,2,2
2025-01-26,T,T,1,2,2
2025-01-26,M,U,1,2,2
2025-01-26,T,U,1,2,2
2025-01-26,M,V,1,2,2
2025-01-26,T,V,1,2,2
2025-01-26,M,W,1,2,2
2025-01-26,T,W,1,2,2
2025-01-26,M,X,1,2,2
2025-01-26,T,X,1,2,2
2025-01-26,M,Y,0,1,1
2025-01-26,T,Y,1,2,2
2025-01-26,M,Z,1,2,2
2025-01-26,T,Z,1,2,2
2025-01-27,M,A,1,2,2
2025-01-27,T,A,1,2,2
2025-01-27,M,AA,1,2,2
2025-01-27,T,AA,1,2,2
2025-01-27,M,AB,1,2,2
2025-01-27,T,AB,1,2,2
2025-01-27,M,AC,1,2,2
2025-01-27,T,AC,1,2,2
2025-01-27,M,AD,1,2,2
2025-01-27,T,AD,1,2,2
2025-01-27,M,AE,1,2,2
2025-01-27,T,AE,1,2,2
2025-01-27,M,AF,1,2,2
2025-01-27,T,AF,1,2,2
2025-01-27,M,B,1,2,2
2025-01-27,T,B,1,2,2
2025-01-27,M,C,0,1,1
2025-01-27,T,C,1,2,2
2025-01-27,M,D,1,2,2
2025-01-27,T,D,2,3,3
2025-01-27,M,E,1,2,2
2025-01-27,T,E,1,2,2
2025-01-27,M,F,1,2,2
2025-01-27,T,F,1,2,2
2025-01-27,M,G,1,2,2
2025-01-27,T,G,1,2,2
2025-01-27,M,H,1,2,2
2025-01-27,T,H,1,2,2
2025-01-27,M,I,1,2,2
2025-01-27,T,I,2,3,3
2025-01-27,M,J,1,2,2
2025-01-27,T,J,1,2,2
2025-01-27,M,K,1,2,2
2025-01-27,T,K,1,2,2
2025-01-27,M,L,1,2,2
2025-01-27,T,L,1,2,2
2025-01-27,M,M,1,2,2
2025-01-27,T,M,1,2,2
2025-01-27,M,N,1,2,2
2025-01-27,T,N,1,2,2
2025-01-27,M,O,1,2,2
2025-01-27,T,O,1,2,2
2025-01-27,M,P,1,2,2
2025-01-27,T,P,1,2,2
2025-01-27,M,Q,0,1,1
2025-01-27,T,Q,1,2,2
2025-01-27,M,R,1,2,2
2025-01-27,T,R,1,2,2
2025-01-27,M,S,1,2,2
2025-01-27,T,S,1,2,2
2025-01-27,M,T,1,2,2
2025-01-27,T,T,1,2,2
2025-01-27,M,U,1,2,2
2025-01-27,T,U,1,2,2
2025-01-27,M,V,1,2,2
2025-01-27,T,V,1,2,2
2025-01-27,M,W,1,2,2
2025-01-27,T,W,1,2,2
2025-01-27,M,X,1,2,2
2025-01-27,T,X,1,2,2
2025-01-27,M,Y,1,2,2
2025-01-27,T,Y,1,2,2
2025-01-27,M,Z,0,1,1
2025-01-27,T,Z,1,2,2
2025-01-28,M,A,1,2,2
2025-01-28,T,A,1,2,2
2025-01-28,M,AA,1,2,2
2025-01-28,T,AA,1,2,2
2025-01-28,M,AB,1,2,2
2025-01-28,T,AB,1,2,2
2025-01-28,M,AC,1,2,2
2025-01-28,T,AC,1,2,2
2025-01-28,M,AD,1,2,2
2025-01-28,T,AD,1,2,2
2025-01-28,M,AE,1,2,2
2025-01-28,T,AE,1,2,2
2025-01-28,M,AF,1,2,2
2025-01-28,T,AF,1,2,2
2025-01-28,M,B,1,2,2
2025-01-28,T,B,1,2,2
2025-01-28,M,C,0,1,1
2025-01-28,T,C,1,2,2
2025-01-28,M,D,1,2,2
2025-01-28,T,D,1,2,2
2025-01-28,M,E,1,2,2
2025-01-28,T,E,1,2,2
2025-01-28,M,F,1,2,2
2025-01-28,T,F,1,2,2
2025-01-28,M,G,1,2,2
2025-01-28,T,G,1,2,2
2025-01-28,M,H,1,2,2
2025-01-28,T,H,1,2,2
2025-01-28,M,I,1,2,2
2025-01-28,T,I,2,3,3
2025-01-28,M,J,1,2,2
2025-01-28,T,J,1,2,2
2025-01-28,M,K,1,2,2
2025-01-28,T,K,1,2,2
2025-01-28,M,L,1,2,2
2025-01-28,T,L,1,2,2
2025-01-28,M,M,1,2,2
2025-01-28,T,M,1,2,2
2025-01-28,M,N,0,1,1
2025-01-28,T,N,1,2,2
2025-01-28,M,O,1,2,2
2025-01-28,T,O,1,2,2
2025-01-28,M,P,1,2,2
2025-01-28,T,P,1,2,2
2025-01-28,M,Q,1,2,2
2025-01-28,T,Q,1,2,2
2025-01-28,M,R,1,2,2
2025-01-28,T,R,1,2,2
2025-01-28,M,S,1,2,2
2025-01-28,T,S,1,2,2
2025-01-28,M,T,1,2,2
2025-01-28,T,T,1,2,2
2025-01-28,M,U,1,2,2
2025-01-28,T,U,1,2,2
2025-01-28,M,V,1,2,2
2025-01-28,T,V,1,2,2
2025-01-28,M,W,1,2,2
2025-01-28,T,W,1,2,2
2025-01-28,M,X,1,2,2
2025-01-28,T,X,1,2,2
2025-01-28,M,Y,0,1,1
2025-01-28,T,Y,1,2,2
2025-01-28,M,Z,1,2,2
2025-01-28,T,Z,1,2,2
2025-01-29,M,A,0,1,1
2025-01-29,T,A,1,2,2
2025-01-29,M,AA,1,2,2
2025-01-29,T,AA,1,2,2
2025-01-29,M,AB,2,3,3
2025-01-29,T,AB,1,2,2
2025-01-29,M,AC,1,2,2
2025-01-29,T,AC,1,2,2
2025-01-29,M,AD,1,2,2
2025-01-29,T,AD,1,2,2
2025-01-29,M,AE,1,2,2
2025-01-29,T,AE,1,2,2
2025-01-29,M,AF,0,1,1
2025-01-29,T,AF,1,2,2
2025-01-29,M,B,1,2,2
2025-01-29,T,B,1,2,2
2025-01-29,M,C,1,2,2
2025-01-29,T,C,1,2,2
2025-01-29,M,D,1,2,2
2025-01-29,T,D,1,2,2
2025-01-29,M,E,1,2,2
2025-01-29,T,E,1,2,2
2025-01-29,M,F,1,2,2
2025-01-29,T,F,1,2,2
2025-01-29,M,G,1,2,2
2025-01-29,T,G,1,2,2
2025-01-29,M,H,1,2,2
2025-01-29,T,H,1,2,2
2025-01-29,M,I,1,2,2
2025-01-29,T,I,1,2,2
2025-01-29,M,J,1,2,2
2025-01-29,T,J,1,2,2
2025-01-29,M,K,1,2,2
2025-01-29,T,K,1,2,2
2025-01-29,M,L,1,2,2
2025-01-29,T,L,1,2,2
2025-01-29,M,M,1,2,2
2025-01-29,T,M,1,2,2
2025-01-29,M,N,1,2,2
2025-01-29,T,N,1,2,2
2025-01-29,M,O,1,2,2
2025-01-29,T,O,1,2,2
2025-01-29,M,P,1,2,2
2025-01-29,T,P,1,2,2
2025-01-29,M,Q,1,2,2
2025-01-29,T,Q,1,2,2
2025-01-29,M,R,1,2,2
2025-01-29,T,R,1,2,2
2025-01-29,M,S,1,2,2
2025-01-29,T,S,1,2,2
2025-01-29,M,T,0,1,1
2025-01-29,T,T,1,2,2
2025-01-29,M,U,1,2,2
2025-01-29,T,U,1,2,2
2025-01-29,M,V,1,2,2
2025-01-29,T,V,1,2,2
2025-01-29,M,W,1,2,2
2025-01-29,T,W,1,2,2
2025-01-29,M,X,1,2,2
2025-01-29,T,X,1,2,2
2025-01-29,M,Y,1,2,2
2025-01-29,T,Y,1,2,2
2025-01-29,M,Z,1,2,2
2025-01-29,T,Z,1,2,2
2025-01-30,M,A,1,2,2
2025-01-30,T,A,1,2,2
2025-01-30,M,AA,1,2,2
2025-01-30,T,AA,1,2,2
2025-01-30,M,AB,2,3,3
2025-01-30,T,AB,1,2,2
2025-01-30,M,AC,1,2,2
2025-01-30,T,AC,1,2,2
2025-01-30,M,AD,1,2,2
2025-01-30,T,AD,1,2,2
2025-01-30,M,AE,1,2,2
2025-01-30,T,AE,1,2,2
2025-01-30,M,AF,1,2,2
2025-01-30,T,AF,1,2,2
2025-01-30,M,B,1,2,2
2025-01-30,T,B,1,2,2
2025-01-30,M,C,1,2,2
2025-01-30,T,C,1,2,2
2025-01-30,M,D,1,2,2
2025-01-30,T,D,1,2,2
2025-01-30,M,E,1,2,2
2025-01-30,T,E,1,2,2
2025-01-30,M,F,1,2,2
2025-01-30,T,F,2,3,3
2025-01-30,M,G,0,1,1
2025-01-30,T,G,1,2,2
2025-01-30,M,H,1,2,2
2025-01-30,T,H,1,2,2
2025-01-30,M,I,1,2,2
2025-01-30,T,I,1,2,2
2025-01-30,M,J,1,2,2
2025-01-30,T,J,1,2,2
2025-01-30,M,K,1,2,2
2025-01-30,T,K,1,2,2
2025-01-30,M,L,1,2,2
2025-01-30,T,L,1,2,2
2025-01-30,M,M,1,2,2
2025-01-30,T,M,1,2,2
2025-01-30,M,N,1,2,2
2025-01-30,T,N,1,2,2
2025-01-30,M,O,1,2,2
2025-01-30,T,O,1,2,2
2025-01-30,M,P,1,2,2
2025-01-30,T,P,0,1,1
2025-01-30,M,Q,1,2,2
2025-01-30,T,Q,1,2,2
2025-01-30,M,R,1,2,2
2025-01-30,T,R,1,2,2
2025-01-30,M,S,1,2,2
2025-01-30,T,S,1,2,2
2025-01-30,M,T,1,2,2
2025-01-30,T,T,1,2,2
2025-01-30,M,U,1,2,2
2025-01-30,T,U,1,2,2
2025-01-30,M,V,1,2,2
2025-01-30,T,V,1,2,2
2025-01-30,M,W,1,2,2
2025-01-30,T,W,1,2,2
2025-01-30,M,X,1,2,2
2025-01-30,T,X,1,2,2
2025-01-30,M,Y,2,3,3
2025-01-30,T,Y,1,2,2
2025-01-30,M,Z,1,2,2
2025-01-30,T,Z,0,1,1
2025-01-31,M,A,1,2,2
2025-01-31,T,A,1,2,2
2025-01-31,M,AA,1,2,2
2025-01-31,T,AA,1,2,2
2025-01-31,M,AB,1,2,2
2025-01-31,T,AB,1,2,2
2025-01-31,M,AC,1,2,2
2025-01-31,T,AC,1,2,2
2025-01-31,M,AD,1,2,2
2025-01-31,T,AD,1,2,2
2025-01-31,M,AE,1,2,2
2025-01-31,T,AE,1,2,2
2025-01-31,M,AF,1,2,2
2025-01-31,T,AF,1,2,2
2025-01-31,M,B,1,2,2
2025-01-31,T,B,1,2,2
2025-01-31,M,C,1,2,2
2025-01-31,T,C,1,2,2
2025-01-31,M,D,1,2,2
2025-01-31,T,D,1,2,2
2025-01-31,M,E,1,2,2
2025-01-31,T,E,1,2,2
2025-01-31,M,F,1,2,2
2025-01-31,T,F,1,2,2
2025-01-31,M,G,1,2,2
2025-01-31,T,G,1,2,2
2025-01-31,M,H,1,2,2
2025-01-31,T,H,2,3,3
2025-01-31,M,I,1,2,2
2025-01-31,T,I,2,3,3
2025-01-31,M,J,1,2,2
2025-01-31,T,J,1,2,2
2025-01-31,M,K,1,2,2
2025-01-31,T,K,1,2,2
2025-01-31,M,L,1,2,2
2025-01-31,T,L,1,2,2
2025-01-31,M,M,1,2,2
2025-01-31,T,M,1,2,2
2025-01-31,M,N,1,2,2
2025-01-31,T,N,1,2,2
2025-01-31,M,O,1,2,2
2025-01-31,T,O,1,2,2
2025-01-31,M,P,1,2,2
2025-01-31,T,P,1,2,2
2025-01-31,M,Q,1,2,2
2025-01-31,T,Q,1,2,2
2025-01-31,M,R,1,2,2
2025-01-31,T,R,1,2,2
2025-01-31,M,S,1,2,2
2025-01-31,T,S,1,2,2
2025-01-31,M,T,1,2,2
2025-01-31,T,T,1,2,2
2025-01-31,M,U,0,1,1
2025-01-31,T,U,1,2,2
2025-01-31,M,V,1,2,2
2025-01-31,T,V,1,2,2
2025-01-31,M,W,1,2,2
2025-01-31,T,W,2,3,3
2025-01-31,M,X,1,2,2
2025-01-31,T,X,1,2,2
2025-01-31,M,Y,2,3,3
2025-01-31,T,Y,2,3,3
2025-01-31,M,Z,1,2,2
2025-01-31,T,Z,1,2,2
2025-02-01,M,A,1,2,2
2025-02-01,T,A,1,2,2
2025-02-01,M,AA,1,2,2
2025-02-01,T,AA,0,1,1
2025-02-01,M,AB,1,2,2
2025-02-01,T,AB,1,2,2
2025-02-01,M,AC,1,2,2
2025-02-01,T,AC,1,2,2
2025-02-01,M,AD,1,2,2
2025-02-01,T,AD,1,2,2
2025-02-01,M,AE,1,2,2
2025-02-01,T,AE,1,2,2
2025-02-01,M,AF,1,2,2
2025-02-01,T,AF,1,2,2
2025-02-01,M,B,1,2,2
2025-02-01,T,B,1,2,2
2025-02-01,M,C,2,3,3
2025-02-01,T,C,1,2,2
2025-02-01,M,D,1,2,2
2025-02-01,T,D,1,2,2
2025-02-01,M,E,1,2,2
2025-02-01,T,E,1,2,2
2025-02-01,M,F,1,2,2
2025-02-01,T,F,1,2,2
2025-02-01,M,G,1,2,2
2025-02-01,T,G,1,2,2
2025-02-01,M,H,1,2,2
2025-02-01,T,H,1,2,2
2025-02-01,M,I,1,2,2
2025-02-01,T,I,1,2,2
2025-02-01,M,J,1,2,2
2025-02-01,T,J,1,2,2
2025-02-01,M,K,1,2,2
2025-02-01,T,K,1,2,2
2025-02-01,M,L,1,2,2
2025-02-01,T,L,1,2,2
2025-02-01,M,M,1,2,2
2025-02-01,T,M,1,2,2
2025-02-01,M,N,1,2,2
2025-02-01,T,N,1,2,2
2025-02-01,M,O,1,2,2
2025-02-01,T,O,1,2,2
2025-02-01,M,P,1,2,2
2025-02-01,T,P,1,2,2
2025-02-01,M,Q,1,2,2
2025-02-01,T,Q,2,3,3
2025-02-01,M,R,1,2,2
2025-02-01,T,R,1,2,2
2025-02-01,M,S,2,3,3
2025-02-01,T,S,1,2,2
2025-02-01,M,T,1,2,2
2025-02-01,T,T,2,3,3
2025-02-01,M,U,1,2,2
2025-02-01,T,U,1,2,2
2025-02-01,M,V,1,2,2
2025-02-01,T,V,1,2,2
2025-02-01,M,W,1,2,2
2025-02-01,T,W,1,2,2
2025-02-01,M,X,1,2,2
2025-02-01,T,X,1,2,2
2025-02-01,M,Y,1,2,2
2025-02-01,T,Y,1,2,2
2025-02-01,M,Z,1,2,2
2025-02-01,T,Z,1,2,2
2025-02-02,M,A,1,2,2
2025-02-02,T,A,1,2,2
2025-02-02,M,AA,1,2,2
2025-02-02,T,AA,1,2,2
2025-02-02,M,AB,1,2,2
2025-02-02,T,AB,1,2,2
2025-02-02,M,AC,1,2,2
2025-02-02,T,AC,1,2,2
2025-02-02,M,AD,1,2,2
2025-02-02,T,AD,1,2,2
2025-02-02,M,AE,1,2,2
2025-02-02,T,AE,1,2,2
2025-02-02,M,AF,1,2,2
2025-02-02,T,AF,1,2,2
2025-02-02,M,B,1,2,2
2025-02-02,T,B,1,2,2
2025-02-02,M,C,1,2,2
2025-02-02,T,C,1,2,2
2025-02-02,M,D,1,2,2
2025-02-02,T,D,1,2,2
2025-02-02,M,E,1,2,2
2025-02-02,T,E,1,2,2
2025-02-02,M,F,1,2,2
2025-02-02,T,F,1,2,2
2025-02-02,M,G,1,2,2
2025-02-02,T,G,1,2,2
2025-02-02,M,H,2,3,3
2025-02-02,T,H,1,2,2
2025-02-02,M,I,1,2,2
2025-02-02,T,I,1,2,2
2025-02-02,M,J,0,1,1
2025-02-02,T,J,1,2,2
2025-02-02,M,K,1,2,2
2025-02-02,T,K,1,2,2
2025-02-02,M,L,1,2,2
2025-02-02,T,L,1,2,2
2025-02-02,M,M,1,2,2
2025-02-02,T,M,1,2,2
2025-02-02,M,N,1,2,2
2025-02-02,T,N,1,2,2
2025-02-02,M,O,1,2,2
2025-02-02,T,O,1,2,2
2025-02-02,M,P,1,2,2
2025-02-02,T,P,1,2,2
2025-02-02,M,Q,2,3,3
2025-02-02,T,Q,0,1,1
2025-02-02,M,R,1,2,2
2025-02-02,T,R,1,2,2
2025-02-02,M,S,1,2,2
2025-02-02,T,S,1,2,2
2025-02-02,M,T,1,2,2
2025-02-02,T,T,1,2,2
2025-02-02,M,U,1,2,2
2025-02-02,T,U,1,2,2
2025-02-02,M,V,1,2,2
2025-02-02,T,V,1,2,2
2025-02-02,M,W,1,2,2
2025-02-02,T,W,1,2,2
2025-02-02,M,X,1,2,2
2025-02-02,T,X,1,2,2
2025-02-02,M,Y,1,2,2
2025-02-02,T,Y,1,2,2
2025-02-02,M,Z,1,2,2
2025-02-02,T,Z,1,2,2
2025-02-03,M,A,1,2,2
2025-02-03,T,A,1,2,2
2025-02-03,M,AA,1,2,2
2025-02-03,T,AA,1,2,2
2025-02-03,M,AB,1,2,2
2025-02-03,T,AB,1,2,2
2025-02-03,M,AC,1,2,2
2025-02-03,T,AC,1,2,2
2025-02-03,M,AD,1,2,2
2025-02-03,T,AD,1,2,2
2025-02-03,M,AE,1,2,2
2025-02-03,T,AE,1,2,2
2025-02-03,M,AF,1,2,2
2025-02-03,T,AF,1,2,2
2025-02-03,M,B,1,2,2
2025-02-03,T,B,1,2,2
2025-02-03,M,C,1,2,2
2025-02-03,T,C,1,2,2
2025-02-03,M,D,1,2,2
2025-02-03,T,D,1,2,2
2025-02-03,M,E,1,2,2
2025-02-03,T,E,1,2,2
2025-02-03,M,F,1,2,2
2025-02-03,T,F,1,2,2
2025-02-03,M,G,1,2,2
2025-02-03,T,G,1,2,2
2025-02-03,M,H,2,3,3
2025-02-03,T,H,1,2,2
2025-02-03,M,I,1,2,2
2025-02-03,T,I,1,2,2
2025-02-03,M,J,1,2,2
2025-02-03,T,J,1,2,2
2025-02-03,M,K,1,2,2
2025-02-03,T,K,1,2,2
2025-02-03,M,L,1,2,2
2025-02-03,T,L,0,1,1
2025-02-03,M,M,1,2,2
2025-02-03,T,M,1,2,2
2025-02-03,M,N,1,2,2
2025-02-03,T,N,1,2,2
2025-02-03,M,O,1,2,2
2025-02-03,T,O,1,2,2
2025-02-03,M,P,1,2,2
2025-02-03,T,P,1,2,2
2025-02-03,M,Q,1,2,2
2025-02-03,T,Q,1,2,2
2025-02-03,M,R,1,2,2
2025-02-03,T,R,1,2,2
2025-02-03,M,S,1,2,2
2025-02-03,T,S,1,2,2
2025-02-03,M,T,1,2,2
2025-02-03,T,T,1,2,2
2025-02-03,M,U,2,3,3
2025-02-03,T,U,1,2,2
2025-02-03,M,V,1,2,2
2025-02-03,T,V,1,2,2
2025-02-03,M,W,2,3,3
2025-02-03,T,W,1,2,2
2025-02-03,M,X,1,2,2
2025-02-03,T,X,1,2,2
2025-02-03,M,Y,1,2,2
2025-02-03,T,Y,1,2,2
2025-02-03,M,Z,2,3,3
2025-02-03,T,Z,1,2,2
2025-02-04,M,A,1,2,2
2025-02-04,T,A,1,2,2
2025-02-04,M,AA,0,1,1
2025-02-04,T,AA,1,2,2
2025-02-04,M,AB,1,2,2
2025-02-04,T,AB,1,2,2
2025-02-04,M,AC,1,2,2
2025-02-04,T,AC,1,2,2
2025-02-04,M,AD,1,2,2
2025-02-04,T,AD,1,2,2
2025-02-04,M,AE,1,2,2
2025-02-04,T,AE,1,2,2
2025-02-04,M,AF,0,1,1
2025-02-04,T,AF,1,2,2
2025-02-04,M,B,1,2,2
2025-02-04,T,B,0,1,1
2025-02-04,M,C,1,2,2
2025-02-04,T,C,0,1,1
2025-02-04,M,D,1,2,2
2025-02-04,T,D,1,2,2
2025-02-04,M,E,1,2,2
2025-02-04,T,E,1,2,2
2025-02-04,M,F,1,2,2
2025-02-04,T,F,1,2,2
2025-02-04,M,G,1,2,2
2025-02-04,T,G,1,2,2
2025-02-04,M,H,1,2,2
2025-02-04,T,H,1,2,2
2025-02-04,M,I,1,2,2
2025-02-04,T,I,1,2,2
2025-02-04,M,J,1,2,2
2025-02-04,T,J,1,2,2
2025-02-04,M,K,1,2,2
2025-02-04,T,K,1,2,2
2025-02-04,M,L,2,3,3
2025-02-04,T,L,1,2,2
2025-02-04,M,M,1,2,2
2025-02-04,T,M,1,2,2
2025-02-04,M,N,1,2,2
2025-02-04,T,N,1,2,2
2025-02-04,M,O,1,2,2
2025-02-04,T,O,1,2,2
2025-02-04,M,P,1,2,2
2025-02-04,T,P,1,2,2
2025-02-04,M,Q,1,2,2
2025-02-04,T,Q,1,2,2
2025-02-04,M,R,1,2,2
2025-02-04,T,R,1,2,2
2025-02-04,M,S,1,2,2
2025-02-04,T,S,1,2,2
2025-02-04,M,T,1,2,2
2025-02-04,T,T,1,2,2
2025-02-04,M,U,1,2,2
2025-02-04,T,U,1,2,2
2025-02-04,M,V,1,2,2
2025-02-04,T,V,1,2,2
2025-02-04,M,W,1,2,2
2025-02-04,T,W,1,2,2
2025-02-04,M,X,1,2,2
2025-02-04,T,X,1,2,2
2025-02-04,M,Y,1,2,2
2025-02-04,T,Y,1,2,2
2025-02-04,M,Z,1,2,2
2025-02-04,T,Z,1,2,2
2025-02-05,M,A,1,2,2
2025-02-05,T,A,1,2,2
2025-02-05,M,AA,1,2,2
2025-02-05,T,AA,1,2,2
2025-02-05,M,AB,1,2,2
2025-02-05,T,AB,1,2,2
2025-02-05,M,AC,2,3,3
2025-02-05,T,AC,1,2,2
2025-02-05,M,AD,1,2,2
2025-02-05,T,AD,1,2,2
2025-02-05,M,AE,1,2,2
2025-02-05,T,AE,1,2,2
2025-02-05,M,AF,1,2,2
2025-02-05,T,AF,2,3,3
2025-02-05,M,B,1,2,2
2025-02-05,T,B,1,2,2
2025-02-05,M,C,1,2,2
2025-02-05,T,C,2,3,3
2025-02-05,M,D,1,2,2
2025-02-05,T,D,1,2,2
2025-02-05,M,E,1,2,2
2025-02-05,T,E,1,2,2
2025-02-05,M,F,1,2,2
2025-02-05,T,F,1,2,2
2025-02-05,M,G,1,2,2
2025-02-05,T,G,1,2,2
2025-02-05,M,H,1,2,2
2025-02-05,T,H,1,2,2
2025-02-05,M,I,1,2,2
2025-02-05,T,I,1,2,2
2025-02-05,M,J,1,2,2
2025-02-05,T,J,1,2,2
2025-02-05,M,K,1,2,2
2025-02-05,T,K,1,2,2
2025-02-05,M,L,1,2,2
2025-02-05,T,L,0,1,1
2025-02-05,M,M,1,2,2
2025-02-05,T,M,1,2,2
2025-02-05,M,N,0,1,1
2025-02-05,T,N,1,2,2
2025-02-05,M,O,1,2,2
2025-02-05,T,O,0,1,1
2025-02-05,M,P,1,2,2
2025-02-05,T,P,1,2,2
2025-02-05,M,Q,1,2,2
2025-02-05,T,Q,1,2,2
2025-02-05,M,R,2,3,3
2025-02-05,T,R,1,2,2
2025-02-05,M,S,1,2,2
2025-02-05,T,S,1,2,2
2025-02-05,M,T,1,2,2
2025-02-05,T,T,1,2,2
2025-02-05,M,U,1,2,2
2025-02-05,T,U,1,2,2
2025-02-05,M,V,1,2,2
2025-02-05,T,V,1,2,2
2025-02-05,M,W,1,2,2
2025-02-05,T,W,1,2,2
2025-02-05,M,X,0,1,1
2025-02-05,T,X,1,2,2
2025-02-05,M,Y,1,2,2
2025-02-05,T,Y,1,2,2
2025-02-05,M,Z,1,2,2
2025-02-05,T,Z,1,2,2
2025-02-06,M,A,1,2,2
2025-02-06,T,A,1,2,2
2025-02-06,M,AA,1,2,2
2025-02-06,T,AA,1,2,2
2025-02-06,M,AB,1,2,2
2025-02-06,T,AB,1,2,2
2025-02-06,M,AC,1,2,2
2025-02-06,T,AC,1,2,2
2025-02-06,M,AD,1,2,2
2025-02-06,T,AD,1,2,2
2025-02-06,M,AE,1,2,2
2025-02-06,T,AE,1,2,2
2025-02-06,M,AF,1,2,2
2025-02-06,T,AF,2,3,3
2025-02-06,M,B,1,2,2
2025-02-06,T,B,1,2,2
2025-02-06,M,C,1,2,2
2025-02-06,T,C,1,2,2
2025-02-06,M,D,2,3,3
2025-02-06,T,D,1,2,2
2025-02-06,M,E,1,2,2
2025-02-06,T,E,1,2,2
2025-02-06,M,F,1,2,2
2025-02-06,T,F,1,2,2
2025-02-06,M,G,1,2,2
2025-02-06,T,G,1,2,2
2025-02-06,M,H,1,2,2
2025-02-06,T,H,1,2,2
2025-02-06,M,I,1,2,2
2025-02-06,T,I,1,2,2
2025-02-06,M,J,1,2,2
2025-02-06,T,J,1,2,2
2025-02-06,M,K,1,2,2
2025-02-06,T,K,1,2,2
2025-02-06,M,L,1,2,2
2025-02-06,T,L,1,2,2
2025-02-06,M,M,1,2,2
2025-02-06,T,M,1,2,2
2025-02-06,M,N,1,2,2
2025-02-06,T,N,1,2,2
2025-02-06,M,O,0,1,1
2025-02-06,T,O,1,2,2
2025-02-06,M,P,1,2,2
2025-02-06,T,P,1,2,2
2025-02-06,M,Q,1,2,2
2025-02-06,T,Q,1,2,2
2025-02-06,M,R,1,2,2
2025-02-06,T,R,1,2,2
2025-02-06,M,S,1,2,2
2025-02-06,T,S,1,2,2
2025-02-06,M,T,1,2,2
2025-02-06,T,T,1,2,2
2025-02-06,M,U,1,2,2
2025-02-06,T,U,1,2,2
2025-02-06,M,V,1,2,2
2025-02-06,T,V,1,2,2
2025-02-06,M,W,1,2,2
2025-02-06,T,W,1,2,2
2025-02-06,M,X,1,2,2
2025-02-06,T,X,2,3,3
2025-02-06,M,Y,1,2,2
2025-02-06,T,Y,1,2,2
2025-02-06,M,Z,1,2,2
2025-02-06,T,Z,1,2,2
2025-02-07,M,A,1,2,2
2025-02-07,T,A,0,1,1
2025-02-07,M,AA,1,2,2
2025-02-07,T,AA,1,2,2
2025-02-07,M,AB,1,2,2
2025-02-07,T,AB,1,2,2
2025-02-07,M,AC,1,2,2
2025-02-07,T,AC,1,2,2
2025-02-07,M,AD,1,2,2
2025-02-07,T,AD,1,2,2
2025-02-07,M,AE,1,2,2
2025-02-07,T,AE,1,2,2
2025-02-07,M,AF,1,2,2
2025-02-07,T,AF,1,2,2
2025-02-07,M,B,1,2,2
2025-02-07,T,B,1,2,2
2025-02-07,M,C,1,2,2
2025-02-07,T,C,1,2,2
2025-02-07,M,D,1,2,2
2025-02-07,T,D,1,2,2
2025-02-07,M,E,0,1,1
2025-02-07,T,E,1,2,2
2025-02-07,M,F,1,2,2
2025-02-07,T,F,1,2,2
2025-02-07,M,G,2,3,3
2025-02-07,T,G,1,2,2
2025-02-07,M,H,1,2,2
2025-02-07,T,H,1,2,2
2025-02-07,M,I,1,2,2
2025-02-07,T,I,1,2,2
2025-02-07,M,J,1,2,2
2025-02-07,T,J,1,2,2
2025-02-07,M,K,1,2,2
2025-02-07,T,K,2,3,3
2025-02-07,M,L,2,3,3
2025-02-07,T,L,1,2,2
2025-02-07,M,M,1,2,2
2025-02-07,T,M,1,2,2
2025-02-07,M,N,1,2,2
2025-02-07,T,N,1,2,2
2025-02-07,M,O,2,3,3
2025-02-07,T,O,1,2,2
2025-02-07,M,P,1,2,2
2025-02-07,T,P,1,2,2
2025-02-07,M,Q,1,2,2
2025-02-07,T,Q,1,2,2
2025-02-07,M,R,1,2,2
2025-02-07,T,R,1,2,2
2025-02-07,M,S,1,2,2
2025-02-07,T,S,1,2,2
2025-02-07,M,T,1,2,2
2025-02-07,T,T,1,2,2
2025-02-07,M,U,1,2,2
2025-02-07,T,U,1,2,2
2025-02-07,M,V,1,2,2
2025-02-07,T,V,1,2,2
2025-02-07,M,W,1,2,2
2025-02-07,T,W,2,3,3
2025-02-07,M,X,1,2,2
2025-02-07,T,X,1,2,2
2025-02-07,M,Y,1,2,2
2025-02-07,T,Y,1,2,2
2025-02-07,M,Z,1,2,2
2025-02-07,T,Z,1,2,2
2025-02-08,M,A,1,2,2
2025-02-08,T,A,1,2,2
2025-02-08,M,AA,1,2,2
2025-02-08,T,AA,1,2,2
2025-02-08,M,AB,1,2,2
2025-02-08,T,AB,1,2,2
2025-02-08,M,AC,1,2,2
2025-02-08,T,AC,1,2,2
2025-02-08,M,AD,1,2,2
2025-02-08,T,AD,1,2,2
2025-02-08,M,AE,1,2,2
2025-02-08,T,AE,1,2,2
2025-02-08,M,AF,1,2,2
2025-02-08,T,AF,1,2,2
2025-02-08,M,B,1,2,2
2025-02-08,T,B,1,2,2
2025-02-08,M,C,1,2,2
2025-02-08,T,C,1,2,2
2025-02-08,M,D,1,2,2
2025-02-08,T,D,1,2,2
2025-02-08,M,E,1,2,2
2025-02-08,T,E,1,2,2
2025-02-08,M,F,2,3,3
2025-02-08,T,F,1,2,2
2025-02-08,M,G,1,2,2
2025-02-08,T,G,1,2,2
2025-02-08,M,H,1,2,2
2025-02-08,T,H,1,2,2
2025-02-08,M,I,1,2,2
2025-02-08,T,I,1,2,2
2025-02-08,M,J,1,2,2
2025-02-08,T,J,2,3,3
2025-02-08,M,K,0,1,1
2025-02-08,T,K,1,2,2
2025-02-08,M,L,1,2,2
2025-02-08,T,L,1,2,2
2025-02-08,M,M,1,2,2
2025-02-08,T,M,1,2,2
2025-02-08,M,N,1,2,2
2025-02-08,T,N,1,2,2
2025-02-08,M,O,1,2,2
2025-02-08,T,O,0,1,1
2025-02-08,M,P,1,2,2
2025-02-08,T,P,1,2,2
2025-02-08,M,Q,1,2,2
2025-02-08,T,Q,1,2,2
2025-02-08,M,R,1,2,2
2025-02-08,T,R,1,2,2
2025-02-08,M,S,1,2,2
2025-02-08,T,S,1,2,2
2025-02-08,M,T,1,2,2
2025-02-08,T,T,1,2,2
2025-02-08,M,U,1,2,2
2025-02-08,T,U,1,2,2
2025-02-08,M,V,1,2,2
2025-02-08,T,V,2,3,3
2025-02-08,M,W,1,2,2
2025-02-08,T,W,1,2,2
2025-02-08,M,X,1,2,2
2025-02-08,T,X,1,2,2
2025-02-08,M,Y,1,2,2
2025-02-08,T,Y,1,2,2
2025-02-08,M,Z,1,2,2
2025-02-08,T,Z,2,3,3
2025-02-09,M,A,1,2,2
2025-02-09,T,A,1,2,2
2025-02-09,M,AA,1,2,2
2025-02-09,T,AA,1,2,2
2025-02-09,M,AB,2,3,3
2025-02-09,T,AB,1,2,2
2025-02-09,M,AC,1,2,2
2025-02-09,T,AC,1,2,2
2025-02-09,M,AD,1,2,2
2025-02-09,T,AD,0,1,1
2025-02-09,M,AE,1,2,2
2025-02-09,T,AE,0,1,1
2025-02-09,M,AF,1,2,2
2025-02-09,T,AF,1,2,2
2025-02-09,M,B,1,2,2
2025-02-09,T,B,1,2,2
2025-02-09,M,C,1,2,2
2025-02-09,T,C,1,2,2
2025-02-09,M,D,1,2,2
2025-02-09,T,D,1,2,2
2025-02-09,M,E,1,2,2
2025-02-09,T,E,1,2,2
2025-02-09,M,F,1,2,2
2025-02-09,T,F,1,2,2
2025-02-09,M,G,1,2,2
2025-02-09,T,G,1,2,2
2025-02-09,M,H,1,2,2
2025-02-09,T,H,1,2,2
2025-02-09,M,I,1,2,2
2025-02-09,T,I,1,2,2
2025-02-09,M,J,1,2,2
2025-02-09,T,J,1,2,2
2025-02-09,M,K,1,2,2
2025-02-09,T,K,1,2,2
2025-02-09,M,L,1,2,2
2025-02-09,T,L,1,2,2
2025-02-09,M,M,1,2,2
2025-02-09,T,M,1,2,2
2025-02-09,M,N,1,2,2
2025-02-09,T,N,1,2,2
2025-02-09,M,O,1,2,2
2025-02-09,T,O,0,1,1
2025-02-09,M,P,1,2,2
2025-02-09,T,P,1,2,2
2025-02-09,M,Q,1,2,2
2025-02-09,T,Q,1,2,2
2025-02-09,M,R,1,2,2
2025-02-09,T,R,1,2,2
2025-02-09,M,S,1,2,2
2025-02-09,T,S,1,2,2
2025-02-09,M,T,1,2,2
2025-02-09,T,T,1,2,2
2025-02-09,M,U,1,2,2
2025-02-09,T,U,1,2,2
2025-02-09,M,V,1,2,2
2025-02-09,T,V,1,2,2
2025-02-09,M,W,1,2,2
2025-02-09,T,W,1,2,2
2025-02-09,M,X,1,2,2
2025-02-09,T,X,0,1,1
2025-02-09,M,Y,1,2,2
2025-02-09,T,Y,1,2,2
2025-02-09,M,Z,1,2,2
2025-02-09,T,Z,0,1,1
2025-02-10,M,A,1,2,2
2025-02-10,T,A,1,2,2
2025-02-10,M,AA,1,2,2
2025-02-10,T,AA,1,2,2
2025-02-10,M,AB,1,2,2
2025-02-10,T,AB,1,2,2
2025-02-10,M,AC,1,2,2
2025-02-10,T,AC,1,2,2
2025-02-10,M,AD,1,2,2
2025-02-10,T,AD,1,2,2
2025-02-10,M,AE,1,2,2
2025-02-10,T,AE,1,2,2
2025-02-10,M,AF,1,2,2
2025-02-10,T,AF,1,2,2
2025-02-10,M,B,1,2,2
2025-02-10,T,B,1,2,2
2025-02-10,M,C,1,2,2
2025-02-10,T,C,1,2,2
2025-02-10,M,D,1,2,2
2025-02-10,T,D,1,2,2
2025-02-10,M,E,1,2,2
2025-02-10,T,E,0,1,1
2025-02-10,M,F,1,2,2
2025-02-10,T,F,1,2,2
2025-02-10,M,G,1,2,2
2025-02-10,T,G,1,2,2
2025-02-10,M,H,1,2,2
2025-02-10,T,H,1,2,2
2025-02-10,M,I,1,2,2
2025-02-10,T,I,1,2,2
2025-02-10,M,J,1,2,2
2025-02-10,T,J,1,2,2
2025-02-10,M,K,1,2,2
2025-02-10,T,K,1,2,2
2025-02-10,M,L,1,2,2
2025-02-10,T,L,1,2,2
2025-02-10,M,M,1,2,2
2025-02-10,T,M,1,2,2
2025-02-10,M,N,0,1,1
2025-02-10,T,N,1,2,2
2025-02-10,M,O,1,2,2
2025-02-10,T,O,1,2,2
2025-02-10,M,P,1,2,2
2025-02-10,T,P,1,2,2
2025-02-10,M,Q,1,2,2
2025-02-10,T,Q,1,2,2
2025-02-10,M,R,1,2,2
2025-02-10,T,R,1,2,2
2025-02-10,M,S,1,2,2
2025-02-10,T,S,1,2,2
2025-02-10,M,T,1,2,2
2025-02-10,T,T,0,1,1
2025-02-10,M,U,1,2,2
2025-02-10,T,U,1,2,2
2025-02-10,M,V,1,2,2
2025-02-10,T,V,1,2,2
2025-02-10,M,W,1,2,2
2025-02-10,T,W,1,2,2
2025-02-10,M,X,1,2,2
2025-02-10,T,X,1,2,2
2025-02-10,M,Y,1,2,2
2025-02-10,T,Y,1,2,2
2025-02-10,M,Z,1,2,2
2025-02-10,T,Z,1,2,2
2025-02-11,M,A,1,2,2
2025-02-11,T,A,1,2,2
2025-02-11,M,AA,1,2,2
2025-02-11,T,AA,1,2,2
2025-02-11,M,AB,1,2,2
2025-02-11,T,AB,1,2,2
2025-02-11,M,AC,1,2,2
2025-02-11,T,AC,1,2,2
2025-02-11,M,AD,1,2,2
2025-02-11,T,AD,0,1,1
2025-02-11,M,AE,1,2,2
2025-02-11,T,AE,1,2,2
2025-02-11,M,AF,0,1,1
2025-02-11,T,AF,1,2,2
2025-02-11,M,B,1,2,2
2025-02-11,T,B,0,1,1
2025-02-11,M,C,0,1,1
2025-02-11,T,C,1,2,2
2025-02-11,M,D,2,3,3
2025-02-11,T,D,1,2,2
2025-02-11,M,E,1,2,2
2025-02-11,T,E,1,2,2
2025-02-11,M,F,1,2,2
2025-02-11,T,F,1,2,2
2025-02-11,M,G,1,2,2
2025-02-11,T,G,1,2,2
2025-02-11,M,H,1,2,2
2025-02-11,T,H,1,2,2
2025-02-11,M,I,1,2,2
2025-02-11,T,I,1,2,2
2025-02-11,M,J,1,2,2
2025-02-11,T,J,1,2,2
2025-02-11,M,K,1,2,2
2025-02-11,T,K,1,2,2
2025-02-11,M,L,1,2,2
2025-02-11,T,L,0,1,1
2025-02-11,M,M,1,2,2
2025-02-11,T,M,1,2,2
2025-02-11,M,N,1,2,2
2025-02-11,T,N,1,2,2
2025-02-11,M,O,0,1,1
2025-02-11,T,O,0,1,1
2025-02-11,M,P,1,2,2
2025-02-11,T,P,1,2,2
2025-02-11,M,Q,1,2,2
2025-02-11,T,Q,1,2,2
2025-02-11,M,R,1,2,2
2025-02-11,T,R,2,3,3
2025-02-11,M,S,1,2,2
2025-02-11,T,S,1,2,2
2025-02-11,M,T,1,2,2
2025-02-11,T,T,1,2,2
2025-02-11,M,U,1,2,2
2025-02-11,T,U,1,2,2
2025-02-11,M,V,1,2,2
2025-02-11,T,V,1,2,2
2025-02-11,M,W,1,2,2
2025-02-11,T,W,1,2,2
2025-02-11,M,X,1,2,2
2025-02-11,T,X,1,2,2
2025-02-11,M,Y,2,3,3
2025-02-11,T,Y,1,2,2
2025-02-11,M,Z,1,2,2
2025-02-11,T,Z,1,2,2
2025-02-12,M,A,1,2,2
2025-02-12,T,A,1,2,2
2025-02-12,M,AA,1,2,2
2025-02-12,T,AA,1,2,2
2025-02-12,M,AB,1,2,2
2025-02-12,T,AB,1,2,2
2025-02-12,M,AC,1,2,2
2025-02-12,T,AC,0,1,1
2025-02-12,M,AD,1,2,2
2025-02-12,T,AD,1,2,2
2025-02-12,M,AE,1,2,2
2025-02-12,T,AE,1,2,2
2025-02-12,M,AF,1,2,2
2025-02-12,T,AF,1,2,2
2025-02-12,M,B,1,2,2
2025-02-12,T,B,1,2,2
2025-02-12,M,C,1,2,2
2025-02-12,T,C,1,2,2
2025-02-12,M,D,1,2,2
2025-02-12,T,D,0,1,1
2025-02-12,M,E,1,2,2
2025-02-12,T,E,0,1,1
2025-02-12,M,F,1,2,2
2025-02-12,T,F,2,3,3
2025-02-12,M,G,1,2,2
2025-02-12,T,G,1,2,2
2025-02-12,M,H,1,2,2
2025-02-12,T,H,1,2,2
2025-02-12,M,I,1,2,2
2025-02-12,T,I,1,2,2
2025-02-12,M,J,1,2,2
2025-02-12,T,J,1,2,2
2025-02-12,M,K,1,2,2
2025-02-12,T,K,1,2,2
2025-02-12,M,L,1,2,2
2025-02-12,T,L,1,2,2
2025-02-12,M,M,1,2,2
2025-02-12,T,M,1,2,2
2025-02-12,M,N,1,2,2
2025-02-12,T,N,1,2,2
2025-02-12,M,O,1,2,2
2025-02-12,T,O,1,2,2
2025-02-12,M,P,1,2,2
2025-02-12,T,P,2,3,3
2025-02-12,M,Q,1,2,2
2025-02-12,T,Q,1,2,2
2025-02-12,M,R,1,2,2
2025-02-12,T,R,1,2,2
2025-02-12,M,S,1,2,2
2025-02-12,T,S,1,2,2
2025-02-12,M,T,1,2,2
2025-02-12,T,T,1,2,2
2025-02-12,M,U,1,2,2
2025-02-12,T,U,1,2,2
2025-02-12,M,V,1,2,2
2025-02-12,T,V,1,2,2
2025-02-12,M,W,1,2,2
2025-02-12,T,W,1,2,2
2025-02-12,M,X,1,2,2
2025-02-12,T,X,1,2,2
2025-02-12,M,Y,1,2,2
2025-02-12,T,Y,1,2,2
2025-02-12,M,Z,1,2,2
2025-02-12,T,Z,1,2,2
2025-02-13,M,A,1,2,2
2025-02-13,T,A,1,2,2
2025-02-13,M,AA,1,2,2
2025-02-13,T,AA,0,1,1
2025-02-13,M,AB,1,2,2
2025-02-13,T,AB,1,2,2
2025-02-13,M,AC,1,2,2
2025-02-13,T,AC,1,2,2
2025-02-13,M,AD,1,2,2
2025-02-13,T,AD,1,2,2
2025-02-13,M,AE,1,2,2
2025-02-13,T,AE,1,2,2
2025-02-13,M,AF,1,2,2
2025-02-13,T,AF,1,2,2
2025-02-13,M,B,1,2,2
2025-02-13,T,B,1,2,2
2025-02-13,M,C,1,2,2
2025-02-13,T,C,1,2,2
2025-02-13,M,D,1,2,2
2025-02-13,T,D,1,2,2
2025-02-13,M,E,1,2,2
2025-02-13,T,E,1,2,2
2025-02-13,M,F,1,2,2
2025-02-13,T,F,1,2,2
2025-02-13,M,G,1,2,2
2025-02-13,T,G,1,2,2
2025-02-13,M,H,1,2,2
2025-02-13,T,H,1,2,2
2025-02-13,M,I,0,1,1
2025-02-13,T,I,1,2,2
2025-02-13,M,J,1,2,2
2025-02-13,T,J,1,2,2
2025-02-13,M,K,1,2,2
2025-02-13,T,K,1,2,2
2025-02-13,M,L,1,2,2
2025-02-13,T,L,1,2,2
2025-02-13,M,M,1,2,2
2025-02-13,T,M,1,2,2
2025-02-13,M,N,1,2,2
2025-02-13,T,N,1,2,2
2025-02-13,M,O,1,2,2
2025-02-13,T,O,1,2,2
2025-02-13,M,P,1,2,2
2025-02-13,T,P,1,2,2
2025-02-13,M,Q,1,2,2
2025-02-13,T,Q,1,2,2
2025-02-13,M,R,1,2,2
2025-02-13,T,R,1,2,2
2025-02-13,M,S,1,2,2
2025-02-13,T,S,1,2,2
2025-02-13,M,T,1,2,2
2025-02-13,T,T,1,2,2
2025-02-13,M,U,1,2,2
2025-02-13,T,U,1,2,2
2025-02-13,M,V,1,2,2
2025-02-13,T,V,1,2,2
2025-02-13,M,W,0,1,1
2025-02-13,T,W,0,1,1
2025-02-13,M,X,1,2,2
2025-02-13,T,X,1,2,2
2025-02-13,M,Y,1,2,2
2025-02-13,T,Y,1,2,2
2025-02-13,M,Z,1,2,2
2025-02-13,T,Z,1,2,2
2025-02-14,M,A,1,2,2
2025-02-14,T,A,1,2,2
2025-02-14,M,AA,1,2,2
2025-02-14,T,AA,1,2,2
2025-02-14,M,AB,1,2,2
2025-02-14,T,AB,1,2,2
2025-02-14,M,AC,1,2,2
2025-02-14,T,AC,1,2,2
2025-02-14,M,AD,1,2,2
2025-02-14,T,AD,1,2,2
2025-02-14,M,AE,0,1,1
2025-02-14,T,AE,1,2,2
2025-02-14,M,AF,1,2,2
2025-02-14,T,AF,1,2,2
2025-02-14,M,B,1,2,2
2025-02-14,T,B,1,2,2
2025-02-14,M,C,1,2,2
2025-02-14,T,C,1,2,2
2025-02-14,M,D,1,2,2
2025-02-14,T,D,1,2,2
2025-02-14,M,E,1,2,2
2025-02-14,T,E,2,3,3
2025-02-14,M,F,1,2,2
2025-02-14,T,F,1,2,2
2025-02-14,M,G,1,2,2
2025-02-14,T,G,1,2,2
2025-02-14,M,H,1,2,2
2025-02-14,T,H,2,3,3
2025-02-14,M,I,1,2,2
2025-02-14,T,I,1,2,2
2025-02-14,M,J,1,2,2
2025-02-14,T,J,2,3,3
2025-02-14,M,K,1,2,2
2025-02-14,T,K,1,2,2
2025-02-14,M,L,1,2,2
2025-02-14,T,L,1,2,2
2025-02-14,M,M,1,2,2
2025-02-14,T,M,0,1,1
2025-02-14,M,N,1,2,2
2025-02-14,T,N,1,2,2
2025-02-14,M,O,1,2,2
2025-02-14,T,O,1,2,2
2025-02-14,M,P,1,2,2
2025-02-14,T,P,1,2,2
2025-02-14,M,Q,1,2,2
2025-02-14,T,Q,1,2,2
2025-02-14,M,R,1,2,2
2025-02-14,T,R,1,2,2
2025-02-14,M,S,1,2,2
2025-02-14,T,S,1,2,2
2025-02-14,M,T,1,2,2
2025-02-14,T,T,1,2,2
2025-02-14,M,U,1,2,2
2025-02-14,T,U,1,2,2
2025-02-14,M,V,1,2,2
2025-02-14,T,V,1,2,2
2025-02-14,M,W,1,2,2
2025-02-14,T,W,1,2,2
2025-02-14,M,X,1,2,2
2025-02-14,T,X,1,2,2
2025-02-14,M,Y,1,2,2
2025-02-14,T,Y,1,2,2
2025-02-14,M,Z,2,3,3
2025-02-14,T,Z,1,2,2
2025-02-15,M,A,2,3,3
2025-02-15,T,A,1,2,2
2025-02-15,M,AA,1,2,2
2025-02-15,T,AA,1,2,2
2025-02-15,M,AB,1,2,2
2025-02-15,T,AB,1,2,2
2025-02-15,M,AC,1,2,2
2025-02-15,T,AC,2,3,3
2025-02-15,M,AD,1,2,2
2025-02-15,T,AD,1,2,2
2025-02-15,M,AE,1,2,2
2025-02-15,T,AE,1,2,2
2025-02-15,M,AF,1,2,2
2025-02-15,T,AF,1,2,2
2025-02-15,M,B,1,2,2
2025-02-15,T,B,1,2,2
2025-02-15,M,C,1,2,2
2025-02-15,T,C,1,2,2
2025-02-15,M,D,1,2,2
2025-02-15,T,D,1,2,2
2025-02-15,M,E,1,2,2
2025-02-15,T,E,1,2,2
2025-02-15,M,F,1,2,2
2025-02-15,T,F,1,2,2
2025-02-15,M,G,1,2,2
2025-02-15,T,G,1,2,2
2025-02-15,M,H,0,1,1
2025-02-15,T,H,1,2,2
2025-02-15,M,I,1,2,2
2025-02-15,T,I,1,2,2
2025-02-15,M,J,1,2,2
2025-02-15,T,J,1,2,2
2025-02-15,M,K,1,2,2
2025-02-15,T,K,1,2,2
2025-02-15,M,L,1,2,2
2025-02-15,T,L,1,2,2
2025-02-15,M,M,1,2,2
2025-02-15,T,M,1,2,2
2025-02-15,M,N,1,2,2
2025-02-15,T,N,1,2,2
2025-02-15,M,O,1,2,2
2025-02-15,T,O,1,2,2
2025-02-15,M,P,1,2,2
2025-02-15,T,P,1,2,2
2025-02-15,M,Q,1,2,2
2025-02-15,T,Q,1,2,2
2025-02-15,M,R,1,2,2
2025-02-15,T,R,1,2,2
2025-02-15,M,S,1,2,2
2025-02-15,T,S,1,2,2
2025-02-15,M,T,1,2,2
2025-02-15,T,T,1,2,2
2025-02-15,M,U,1,2,2
2025-02-15,T,U,1,2,2
2025-02-15,M,V,1,2,2
2025-02-15,T,V,1,2,2
2025-02-15,M,W,1,2,2
2025-02-15,T,W,1,2,2
2025-02-15,M,X,1,2,2
2025-02-15,T,X,1,2,2
2025-02-15,M,Y,1,2,2
2025-02-15,T,Y,1,2,2
2025-02-15,M,Z,1,2,2
2025-02-15,T,Z,1,2,2
2025-02-16,M,A,0,1,1
2025-02-16,T,A,1,2,2
2025-02-16,M,AA,1,2,2
2025-02-16,T,AA,1,2,2
2025-02-16,M,AB,1,2,2
2025-02-16,T,AB,1,2,2
2025-02-16,M,AC,2,3,3
2025-02-16,T,AC,1,2,2
2025-02-16,M,AD,1,2,2
2025-02-16,T,AD,1,2,2
2025-02-16,M,AE,1,2,2
2025-02-16,T,AE,1,2,2
2025-02-16,M,AF,1,2,2
2025-02-16,T,AF,1,2,2
2025-02-16,M,B,1,2,2
2025-02-16,T,B,1,2,2
2025-02-16,M,C,1,2,2
2025-02-16,T,C,1,2,2
2025-02-16,M,D,1,2,2
2025-02-16,T,D,1,2,2
2025-02-16,M,E,1,2,2
2025-02-16,T,E,1,2,2
2025-02-16,M,F,1,2,2
2025-02-16,T,F,1,2,2
2025-02-16,M,G,2,3,3
2025-02-16,T,G,1,2,2
2025-02-16,M,H,1,2,2
2025-02-16,T,H,0,1,1
2025-02-16,M,I,1,2,2
2025-02-16,T,I,1,2,2
2025-02-16,M,J,1,2,2
2025-02-16,T,J,1,2,2
2025-02-16,M,K,1,2,2
2025-02-16,T,K,1,2,2
2025-02-16,M,L,1,2,2
2025-02-16,T,L,1,2,2
2025-02-16,M,M,1,2,2
2025-02-16,T,M,2,3,3
2025-02-16,M,N,1,2,2
2025-02-16,T,N,1,2,2
2025-02-16,M,O,1,2,2
2025-02-16,T,O,1,2,2
2025-02-16,M,P,1,2,2
2025-02-16,T,P,1,2,2
2025-02-16,M,Q,1,2,2
2025-02-16,T,Q,1,2,2
2025-02-16,M,R,1,2,2
2025-02-16,T,R,1,2,2
2025-02-16,M,S,1,2,2
2025-02-16,T,S,1,2,2
2025-02-16,M,T,1,2,2
2025-02-16,T,T,1,2,2
2025-02-16,M,U,0,1,1
2025-02-16,T,U,1,2,2
2025-02-16,M,V,1,2,2
2025-02-16,T,V,1,2,2
2025-02-16,M,W,1,2,2
2025-02-16,T,W,1,2,2
2025-02-16,M,X,1,2,2
2025-02-16,T,X,1,2,2
2025-02-16,M,Y,1,2,2
2025-02-16,T,Y,1,2,2
2025-02-16,M,Z,1,2,2
2025-02-16,T,Z,1,2,2
2025-02-17,M,A,1,2,2
2025-02-17,T,A,1,2,2
2025-02-17,M,AA,1,2,2
2025-02-17,T,AA,1,2,2
2025-02-17,M,AB,1,2,2
2025-02-17,T,AB,1,2,2
2025-02-17,M,AC,1,2,2
2025-02-17,T,AC,1,2,2
2025-02-17,M,AD,1,2,2
2025-02-17,T,AD,1,2,2
2025-02-17,M,AE,1,2,2
2025-02-17,T,AE,1,2,2
2025-02-17,M,AF,1,2,2
2025-02-17,T,AF,1,2,2
2025-02-17,M,B,1,2,2
2025-02-17,T,B,1,2,2
2025-02-17,M,C,0,1,1
2025-02-17,T,C,1,2,2
2025-02-17,M,D,1,2,2
2025-02-17,T,D,1,2,2
2025-02-17,M,E,2,3,3
2025-02-17,T,E,1,2,2
2025-02-17,M,F,1,2,2
2025-02-17,T,F,1,2,2
2025-02-17,M,G,1,2,2
2025-02-17,T,G,1,2,2
2025-02-17,M,H,1,2,2
2025-02-17,T,H,1,2,2
2025-02-17,M,I,1,2,2
2025-02-17,T,I,1,2,2
2025-02-17,M,J,1,2,2
2025-02-17,T,J,1,2,2
2025-02-17,M,K,1,2,2
2025-02-17,T,K,1,2,2
2025-02-17,M,L,1,2,2
2025-02-17,T,L,2,3,3
2025-02-17,M,M,1,2,2
2025-02-17,T,M,1,2,2
2025-02-17,M,N,1,2,2
2025-02-17,T,N,1,2,2
2025-02-17,M,O,1,2,2
2025-02-17,T,O,1,2,2
2025-02-17,M,P,1,2,2
2025-02-17,T,P,1,2,2
2025-02-17,M,Q,1,2,2
2025-02-17,T,Q,0,1,1
2025-02-17,M,R,1,2,2
2025-02-17,T,R,1,2,2
2025-02-17,M,S,2,3,3
2025-02-17,T,S,1,2,2
2025-02-17,M,T,1,2,2
2025-02-17,T,T,1,2,2
2025-02-17,M,U,1,2,2
2025-02-17,T,U,1,2,2
2025-02-17,M,V,1,2,2
2025-02-17,T,V,1,2,2
2025-02-17,M,W,1,2,2
2025-02-17,T,W,1,2,2
2025-02-17,M,X,1,2,2
2025-02-17,T,X,1,2,2
2025-02-17,M,Y,1,2,2
2025-02-17,T,Y,1,2,2
2025-02-17,M,Z,1,2,2
2025-02-17,T,Z,1,2,2
2025-02-18,M,A,1,2,2
2025-02-18,T,A,1,2,2
2025-02-18,M,AA,1,2,2
2025-02-18,T,AA,1,2,2
2025-02-18,M,AB,1,2,2
2025-02-18,T,AB,1,2,2
2025-02-18,M,AC,1,2,2
2025-02-18,T,AC,1,2,2
2025-02-18,M,AD,1,2,2
2025-02-18,T,AD,2,3,3
2025-02-18,M,AE,0,1,1
2025-02-18,T,AE,1,2,2
2025-02-18,M,AF,1,2,2
2025-02-18,T,AF,1,2,2
2025-02-18,M,B,1,2,2
2025-02-18,T,B,1,2,2
2025-02-18,M,C,1,2,2
2025-02-18,T,C,1,2,2
2025-02-18,M,D,1,2,2
2025-02-18,T,D,1,2,2
2025-02-18,M,E,1,2,2
2025-02-18,T,E,1,2,2
2025-02-18,M,F,1,2,2
2025-02-18,T,F,1,2,2
2025-02-18,M,G,1,2,2
2025-02-18,T,G,1,2,2
2025-02-18,M,H,1,2,2
2025-02-18,T,H,1,2,2
2025-02-18,M,I,1,2,2
2025-02-18,T,I,1,2,2
2025-02-18,M,J,1,2,2
2025-02-18,T,J,1,2,2
2025-02-18,M,K,1,2,2
2025-02-18,T,K,1,2,2
2025-02-18,M,L,1,2,2
2025-02-18,T,L,2,3,3
2025-02-18,M,M,1,2,2
2025-02-18,T,M,1,2,2
2025-02-18,M,N,1,2,2
2025-02-18,T,N,1,2,2
2025-02-18,M,O,1,2,2
2025-02-18,T,O,1,2,2
2025-02-18,M,P,1,2,2
2025-02-18,T,P,1,2,2
2025-02-18,M,Q,1,2,2
2025-02-18,T,Q,1,2,2
2025-02-18,M,R,1,2,2
2025-02-18,T,R,1,2,2
2025-02-18,M,S,1,2,2
2025-02-18,T,S,1,2,2
2025-02-18,M,T,1,2,2
2025-02-18,T,T,1,2,2
2025-02-18,M,U,1,2,2
2025-02-18,T,U,1,2,2
2025-02-18,M,V,1,2,2
2025-02-18,T,V,1,2,2
2025-02-18,M,W,1,2,2
2025-02-18,T,W,0,1,1
2025-02-18,M,X,1,2,2
2025-02-18,T,X,1,2,2
2025-02-18,M,Y,1,2,2
2025-02-18,T,Y,1,2,2
2025-02-18,M,Z,1,2,2
2025-02-18,T,Z,1,2,2
2025-02-19,M,A,1,2,2
2025-02-19,T,A,1,2,2
2025-02-19,M,AA,2,3,3
2025-02-19,T,AA,1,2,2
2025-02-19,M,AB,1,2,2
2025-02-19,T,AB,1,2,2
2025-02-19,M,AC,1,2,2
2025-02-19,T,AC,1,2,2
2025-02-19,M,AD,0,1,1
2025-02-19,T,AD,1,2,2
2025-02-19,M,AE,1,2,2
2025-02-19,T,AE,2,3,3
2025-02-19,M,AF,1,2,2
2025-02-19,T,AF,0,1,1
2025-02-19,M,B,1,2,2
2025-02-19,T,B,1,2,2
2025-02-19,M,C,1,2,2
2025-02-19,T,C,1,2,2
2025-02-19,M,D,0,1,1
2025-02-19,T,D,1,2,2
2025-02-19,M,E,1,2,2
2025-02-19,T,E,1,2,2
2025-02-19,M,F,1,2,2
2025-02-19,T,F,0,1,1
2025-02-19,M,G,1,2,2
2025-02-19,T,G,1,2,2
2025-02-19,M,H,1,2,2
2025-02-19,T,H,1,2,2
2025-02-19,M,I,1,2,2
2025-02-19,T,I,1,2,2
2025-02-19,M,J,1,2,2
2025-02-19,T,J,1,2,2
2025-02-19,M,K,1,2,2
2025-02-19,T,K,1,2,2
2025-02-19,M,L,1,2,2
2025-02-19,T,L,1,2,2
2025-02-19,M,M,1,2,2
2025-02-19,T,M,1,2,2
2025-02-19,M,N,1,2,2
2025-02-19,T,N,1,2,2
2025-02-19,M,O,1,2,2
2025-02-19,T,O,1,2,2
2025-02-19,M,P,1,2,2
2025-02-19,T,P,1,2,2
2025-02-19,M,Q,1,2,2
2025-02-19,T,Q,1,2,2
2025-02-19,M,R,1,2,2
2025-02-19,T,R,1,2,2
2025-02-19,M,S,1,2,2
2025-02-19,T,S,1,2,2
2025-02-19,M,T,1,2,2
2025-02-19,T,T,1,2,2
2025-02-19,M,U,1,2,2
2025-02-19,T,U,1,2,2
2025-02-19,M,V,1,2,2
2025-02-19,T,V,1,2,2
2025-02-19,M,W,1,2,2
2025-02-19,T,W,1,2,2
2025-02-19,M,X,0,1,1
2025-02-19,T,X,1,2,2
2025-02-19,M,Y,1,2,2
2025-02-19,T,Y,1,2,2
2025-02-19,M,Z,1,2,2
2025-02-19,T,Z,1,2,2
2025-02-20,M,A,1,2,2
2025-02-20,T,A,0,1,1
2025-02-20,M,AA,1,2,2
2025-02-20,T,AA,1,2,2
2025-02-20,M,AB,1,2,2
2025-02-20,T,AB,1,2,2
2025-02-20,M,AC,1,2,2
2025-02-20,T,AC,1,2,2
2025-02-20,M,AD,1,2,2
2025-02-20,T,AD,1,2,2
2025-02-20,M,AE,1,2,2
2025-02-20,T,AE,1,2,2
2025-02-20,M,AF,2,3,3
2025-02-20,T,AF,1,2,2
2025-02-20,M,B,1,2,2
2025-02-20,T,B,1,2,2
2025-02-20,M,C,1,2,2
2025-02-20,T,C,1,2,2
2025-02-20,M,D,1,2,2
2025-02-20,T,D,1,2,2
2025-02-20,M,E,1,2,2
2025-02-20,T,E,1,2,2
2025-02-20,M,F,1,2,2
2025-02-20,T,F,1,2,2
2025-02-20,M,G,1,2,2
2025-02-20,T,G,1,2,2
2025-02-20,M,H,1,2,2
2025-02-20,T,H,1,2,2
2025-02-20,M,I,1,2,2
2025-02-20,T,I,1,2,2
2025-02-20,M,J,0,1,1
2025-02-20,T,J,1,2,2
2025-02-20,M,K,1,2,2
2025-02-20,T,K,1,2,2
2025-02-20,M,L,1,2,2
2025-02-20,T,L,1,2,2
2025-02-20,M,M,1,2,2
2025-02-20,T,M,1,2,2
2025-02-20,M,N,1,2,2
2025-02-20,T,N,1,2,2
2025-02-20,M,O,1,2,2
2025-02-20,T,O,1,2,2
2025-02-20,M,P,1,2,2
2025-02-20,T,P,1,2,2
2025-02-20,M,Q,1,2,2
2025-02-20,T,Q,1,2,2
2025-02-20,M,R,1,2,2
2025-02-20,T,R,1,2,2
2025-02-20,M,S,1,2,2
2025-02-20,T,S,1,2,2
2025-02-20,M,T,1,2,2
2025-02-20,T,T,1,2,2
2025-02-20,M,U,1,2,2
2025-02-20,T,U,1,2,2
2025-02-20,M,V,1,2,2
2025-02-20,T,V,1,2,2
2025-02-20,M,W,1,2,2
2025-02-20,T,W,1,2,2
2025-02-20,M,X,1,2,2
2025-02-20,T,X,1,2,2
2025-02-20,M,Y,1,2,2
2025-02-20,T,Y,1,2,2
2025-02-20,M,Z,1,2,2
2025-02-20,T,Z,1,2,2
2025-02-21,M,A,1,2,2
2025-02-21,T,A,1,2,2
2025-02-21,M,AA,1,2,2
2025-02-21,T,AA,1,2,2
2025-02-21,M,AB,1,2,2
2025-02-21,T,AB,1,2,2
2025-02-21,M,AC,1,2,2
2025-02-21,T,AC,1,2,2
2025-02-21,M,AD,1,2,2
2025-02-21,T,AD,1,2,2
2025-02-21,M,AE,1,2,2
2025-02-21,T,AE,1,2,2
2025-02-21,M,AF,1,2,2
2025-02-21,T,AF,1,2,2
2025-02-21,M,B,1,2,2
2025-02-21,T,B,1,2,2
2025-02-21,M,C,1,2,2
2025-02-21,T,C,1,2,2
2025-02-21,M,D,1,2,2
2025-02-21,T,D,1,2,2
2025-02-21,M,E,1,2,2
2025-02-21,T,E,1,2,2
2025-02-21,M,F,1,2,2
2025-02-21,T,F,1,2,2
2025-02-21,M,G,1,2,2
2025-02-21,T,G,1,2,2
2025-02-21,M,H,1,2,2
2025-02-21,T,H,1,2,2
2025-02-21,M,I,1,2,2
2025-02-21,T,I,1,2,2
2025-02-21,M,J,1,2,2
2025-02-21,T,J,1,2,2
2025-02-21,M,K,1,2,2
2025-02-21,T,K,1,2,2
2025-02-21,M,L,1,2,2
2025-02-21,T,L,1,2,2
2025-02-21,M,M,1,2,2
2025-02-21,T,M,1,2,2
2025-02-21,M,N,1,2,2
2025-02-21,T,N,1,2,2
2025-02-21,M,O,1,2,2
2025-02-21,T,O,1,2,2
2025-02-21,M,P,1,2,2
2025-02-21,T,P,1,2,2
2025-02-21,M,Q,1,2,2
2025-02-21,T,Q,1,2,2
2025-02-21,M,R,1,2,2
2025-02-21,T,R,1,2,2
2025-02-21,M,S,1,2,2
2025-02-21,T,S,1,2,2
2025-02-21,M,T,2,3,3
2025-02-21,T,T,1,2,2
2025-02-21,M,U,1,2,2
2025-02-21,T,U,1,2,2
2025-02-21,M,V,1,2,2
2025-02-21,T,V,1,2,2
2025-02-21,M,W,1,2,2
2025-02-21,T,W,1,2,2
2025-02-21,M,X,1,2,2
2025-02-21,T,X,1,2,2
2025-02-21,M,Y,1,2,2
2025-02-21,T,Y,1,2,2
2025-02-21,M,Z,1,2,2
2025-02-21,T,Z,1,2,2
2025-02-22,M,A,1,2,2
2025-02-22,T,A,1,2,2
2025-02-22,M,AA,1,2,2
2025-02-22,T,AA,1,2,2
2025-02-22,M,AB,1,2,2
2025-02-22,T,AB,1,2,2
2025-02-22,M,AC,1,2,2
2025-02-22,T,AC,1,2,2
2025-02-22,M,AD,1,2,2
2025-02-22,T,AD,1,2,2
2025-02-22,M,AE,1,2,2
2025-02-22,T,AE,1,2,2
2025-02-22,M,AF,1,2,2
2025-02-22,T,AF,1,2,2
2025-02-22,M,B,0,1,1
2025-02-22,T,B,1,2,2
2025-02-22,M,C,1,2,2
2025-02-22,T,C,1,2,2
2025-02-22,M,D,1,2,2
2025-02-22,T,D,1,2,2
2025-02-22,M,E,1,2,2
2025-02-22,T,E,1,2,2
2025-02-22,M,F,1,2,2
2025-02-22,T,F,1,2,2
2025-02-22,M,G,1,2,2
2025-02-22,T,G,1,2,2
2025-02-22,M,H,1,2,2
2025-02-22,T,H,1,2,2
2025-02-22,M,I,1,2,2
2025-02-22,T,I,1,2,2
2025-02-22,M,J,1,2,2
2025-02-22,T,J,1,2,2
2025-02-22,M,K,1,2,2
2025-02-22,T,K,1,2,2
2025-02-22,M,L,1,2,2
2025-02-22,T,L,1,2,2
2025-02-22,M,M,1,2,2
2025-02-22,T,M,1,2,2
2025-02-22,M,N,1,2,2
2025-02-22,T,N,1,2,2
2025-02-22,M,O,1,2,2
2025-02-22,T,O,1,2,2
2025-02-22,M,P,1,2,2
2025-02-22,T,P,1,2,2
2025-02-22,M,Q,1,2,2
2025-02-22,T,Q,1,2,2
2025-02-22,M,R,1,2,2
2025-02-22,T,R,1,2,2
2025-02-22,M,S,2,3,3
2025-02-22,T,S,1,2,2
2025-02-22,M,T,1,2,2
2025-02-22,T,T,1,2,2
2025-02-22,M,U,1,2,2
2025-02-22,T,U,1,2,2
2025-02-22,M,V,1,2,2
2025-02-22,T,V,1,2,2
2025-02-22,M,W,1,2,2
2025-02-22,T,W,1,2,2
2025-02-22,M,X,1,2,2
2025-02-22,T,X,1,2,2
2025-02-22,M,Y,1,2,2
2025-02-22,T,Y,1,2,2
2025-02-22,M,Z,1,2,2
2025-02-22,T,Z,1,2,2
2025-02-23,M,A,1,2,2
2025-02-23,T,A,1,2,2
2025-02-23,M,AA,1,2,2
2025-02-23,T,AA,1,2,2
2025-02-23,M,AB,1,2,2
2025-02-23,T,AB,1,2,2
2025-02-23,M,AC,1,2,2
2025-02-23,T,AC,1,2,2
2025-02-23,M,AD,1,2,2
2025-02-23,T,AD,1,2,2
2025-02-23,M,AE,1,2,2
2025-02-23,T,AE,1,2,2
2025-02-23,M,AF,1,2,2
2025-02-23,T,AF,1,2,2
2025-02-23,M,B,1,2,2
2025-02-23,T,B,1,2,2
2025-02-23,M,C,1,2,2
2025-02-23,T,C,1,2,2
2025-02-23,M,D,1,2,2
2025-02-23,T,D,1,2,2
2025-02-23,M,E,1,2,2
2025-02-23,T,E,1,2,2
2025-02-23,M,F,1,2,2
2025-02-23,T,F,1,2,2
2025-02-23,M,G,1,2,2
2025-02-23,T,G,1,2,2
2025-02-23,M,H,1,2,2
2025-02-23,T,H,1,2,2
2025-02-23,M,I,1,2,2
2025-02-23,T,I,1,2,2
2025-02-23,M,J,1,2,2
2025-02-23,T,J,1,2,2
2025-02-23,M,K,1,2,2
2025-02-23,T,K,1,2,2
2025-02-23,M,L,1,2,2
2025-02-23,T,L,1,2,2
2025-02-23,M,M,1,2,2
2025-02-23,T,M,2,3,3
2025-02-23,M,N,0,1,1
2025-02-23,T,N,1,2,2
2025-02-23,M,O,1,2,2
2025-02-23,T,O,1,2,2
2025-02-23,M,P,1,2,2
2025-02-23,T,P,1,2,2
2025-02-23,M,Q,1,2,2
2025-02-23,T,Q,1,2,2
2025-02-23,M,R,1,2,2
2025-02-23,T,R,1,2,2
2025-02-23,M,S,1,2,2
2025-02-23,T,S,1,2,2
2025-02-23,M,T,1,2,2
2025-02-23,T,T,1,2,2
2025-02-23,M,U,1,2,2
2025-02-23,T,U,1,2,2
2025-02-23,M,V,1,2,2
2025-02-23,T,V,1,2,2
2025-02-23,M,W,1,2,2
2025-02-23,T,W,1,2,2
2025-02-23,M,X,1,2,2
2025-02-23,T,X,1,2,2
2025-02-23,M,Y,1,2,2
2025-02-23,T,Y,2,3,3
2025-02-23,M,Z,1,2,2
2025-02-23,T,Z,1,2,2
2025-02-24,M,A,1,2,2
2025-02-24,T,A,1,2,2
2025-02-24,M,AA,1,2,2
2025-02-24,T,AA,1,2,2
2025-02-24,M,AB,1,2,2
2025-02-24,T,AB,1,2,2
2025-02-24,M,AC,1,2,2
2025-02-24,T,AC,1,2,2
2025-02-24,M,AD,2,3,3
2025-02-24,T,AD,1,2,2
2025-02-24,M,AE,1,2,2
2025-02-24,T,AE,1,2,2
2025-02-24,M,AF,1,2,2
2025-02-24,T,AF,1,2,2
2025-02-24,M,B,2,3,3
2025-02-24,T,B,1,2,2
2025-02-24,M,C,1,2,2
2025-02-24,T,C,1,2,2
2025-02-24,M,D,1,2,2
2025-02-24,T,D,1,2,2
2025-02-24,M,E,1,2,2
2025-02-24,T,E,1,2,2
2025-02-24,M,F,1,2,2
2025-02-24,T,F,1,2,2
2025-02-24,M,G,1,2,2
2025-02-24,T,G,1,2,2
2025-02-24,M,H,1,2,2
2025-02-24,T,H,0,1,1
2025-02-24,M,I,1,2,2
2025-02-24,T,I,1,2,2
2025-02-24,M,J,1,2,2
2025-02-24,T,J,1,2,2
2025-02-24,M,K,1,2,2
2025-02-24,T,K,1,2,2
2025-02-24,M,L,1,2,2
2025-02-24,T,L,1,2,2
2025-02-24,M,M,2,3,3
2025-02-24,T,M,1,2,2
2025-02-24,M,N,1,2,2
2025-02-24,T,N,1,2,2
2025-02-24,M,O,1,2,2
2025-02-24,T,O,1,2,2
2025-02-24,M,P,1,2,2
2025-02-24,T,P,1,2,2
2025-02-24,M,Q,1,2,2
2025-02-24,T,Q,1,2,2
2025-02-24,M,R,1,2,2
2025-02-24,T,R,1,2,2
2025-02-24,M,S,1,2,2
2025-02-24,T,S,1,2,2
2025-02-24,M,T,1,2,2
2025-02-24,T,T,1,2,2
2025-02-24,M,U,1,2,2
2025-02-24,T,U,1,2,2
2025-02-24,M,V,1,2,2
2025-02-24,T,V,1,2,2
2025-02-24,M,W,1,2,2
2025-02-24,T,W,1,2,2
2025-02-24,M,X,1,2,2
2025-02-24,T,X,1,2,2
2025-02-24,M,Y,1,2,2
2025-02-24,T,Y,0,1,1
2025-02-24,M,Z,1,2,2
2025-02-24,T,Z,1,2,2
2025-02-25,M,A,1,2,2
2025-02-25,T,A,1,2,2
2025-02-25,M,AA,1,2,2
2025-02-25,T,AA,1,2,2
2025-02-25,M,AB,0,1,1
2025-02-25,T,AB,1,2,2
2025-02-25,M,AC,1,2,2
2025-02-25,T,AC,1,2,2
2025-02-25,M,AD,1,2,2
2025-02-25,T,AD,1,2,2
2025-02-25,M,AE,1,2,2
2025-02-25,T,AE,1,2,2
2025-02-25,M,AF,1,2,2
2025-02-25,T,AF,0,1,1
2025-02-25,M,B,1,2,2
2025-02-25,T,B,1,2,2
2025-02-25,M,C,1,2,2
2025-02-25,T,C,1,2,2
2025-02-25,M,D,1,2,2
2025-02-25,T,D,1,2,2
2025-02-25,M,E,1,2,2
2025-02-25,T,E,1,2,2
2025-02-25,M,F,1,2,2
2025-02-25,T,F,1,2,2
2025-02-25,M,G,1,2,2
2025-02-25,T,G,1,2,2
2025-02-25,M,H,1,2,2
2025-02-25,T,H,1,2,2
2025-02-25,M,I,1,2,2
2025-02-25,T,I,1,2,2
2025-02-25,M,J,1,2,2
2025-02-25,T,J,1,2,2
2025-02-25,M,K,1,2,2
2025-02-25,T,K,1,2,2
2025-02-25,M,L,1,2,2
2025-02-25,T,L,1,2,2
2025-02-25,M,M,0,1,1
2025-02-25,T,M,1,2,2
2025-02-25,M,N,1,2,2
2025-02-25,T,N,1,2,2
2025-02-25,M,O,0,1,1
2025-02-25,T,O,1,2,2
2025-02-25,M,P,1,2,2
2025-02-25,T,P,1,2,2
2025-02-25,M,Q,1,2,2
2025-02-25,T,Q,1,2,2
2025-02-25,M,R,1,2,2
2025-02-25,T,R,1,2,2
2025-02-25,M,S,1,2,2
2025-02-25,T,S,1,2,2
2025-02-25,M,T,1,2,2
2025-02-25,T,T,0,1,1
2025-02-25,M,U,2,3,3
2025-02-25,T,U,1,2,2
2025-02-25,M,V,1,2,2
2025-02-25,T,V,1,2,2
2025-02-25,M,W,1,2,2
2025-02-25,T,W,1,2,2
2025-02-25,M,X,1,2,2
2025-02-25,T,X,1,2,2
2025-02-25,M,Y,1,2,2
2025-02-25,T,Y,1,2,2
2025-02-25,M,Z,0,1,1
2025-02-25,T,Z,1,2,2
2025-02-26,M,A,1,2,2
2025-02-26,T,A,1,2,2
2025-02-26,M,AA,1,2,2
2025-02-26,T,AA,1,2,2
2025-02-26,M,AB,1,2,2
2025-02-26,T,AB,1,2,2
2025-02-26,M,AC,1,2,2
2025-02-26,T,AC,1,2,2
2025-02-26,M,AD,1,2,2
2025-02-26,T,AD,1,2,2
2025-02-26,M,AE,1,2,2
2025-02-26,T,AE,1,2,2
2025-02-26,M,AF,1,2,2
2025-02-26,T,AF,1,2,2
2025-02-26,M,B,1,2,2
2025-02-26,T,B,1,2,2
2025-02-26,M,C,1,2,2
2025-02-26,T,C,1,2,2
2025-02-26,M,D,1,2,2
2025-02-26,T,D,1,2,2
2025-02-26,M,E,1,2,2
2025-02-26,T,E,1,2,2
2025-02-26,M,F,1,2,2
2025-02-26,T,F,1,2,2
2025-02-26,M,G,1,2,2
2025-02-26,T,G,1,2,2
2025-02-26,M,H,1,2,2
2025-02-26,T,H,1,2,2
2025-02-26,M,I,1,2,2
2025-02-26,T,I,1,2,2
2025-02-26,M,J,1,2,2
2025-02-26,T,J,1,2,2
2025-02-26,M,K,1,2,2
2025-02-26,T,K,1,2,2
2025-02-26,M,L,2,3,3
2025-02-26,T,L,1,2,2
2025-02-26,M,M,1,2,2
2025-02-26,T,M,1,2,2
2025-02-26,M,N,1,2,2
2025-02-26,T,N,1,2,2
2025-02-26,M,O,1,2,2
2025-02-26,T,O,1,2,2
2025-02-26,M,P,1,2,2
2025-02-26,T,P,1,2,2
2025-02-26,M,Q,1,2,2
2025-02-26,T,Q,1,2,2
2025-02-26,M,R,1,2,2
2025-02-26,T,R,1,2,2
2025-02-26,M,S,1,2,2
2025-02-26,T,S,1,2,2
2025-02-26,M,T,1,2,2
2025-02-26,T,T,1,2,2
2025-02-26,M,U,1,2,2
2025-02-26,T,U,1,2,2
2025-02-26,M,V,1,2,2
2025-02-26,T,V,1,2,2
2025-02-26,M,W,1,2,2
2025-02-26,T,W,1,2,2
2025-02-26,M,X,1,2,2
2025-02-26,T,X,1,2,2
2025-02-26,M,Y,0,1,1
2025-02-26,T,Y,1,2,2
2025-02-26,M,Z,1,2,2
2025-02-26,T,Z,1,2,2
2025-02-27,M,A,1,2,2
2025-02-27,T,A,1,2,2
2025-02-27,M,AA,1,2,2
2025-02-27,T,AA,0,1,1
2025-02-27,M,AB,1,2,2
2025-02-27,T,AB,1,2,2
2025-02-27,M,AC,1,2,2
2025-02-27,T,AC,1,2,2
2025-02-27,M,AD,1,2,2
2025-02-27,T,AD,1,2,2
2025-02-27,M,AE,1,2,2
2025-02-27,T,AE,1,2,2
2025-02-27,M,AF,1,2,2
2025-02-27,T,AF,1,2,2
2025-02-27,M,B,1,2,2
2025-02-27,T,B,1,2,2
2025-02-27,M,C,1,2,2
2025-02-27,T,C,1,2,2
2025-02-27,M,D,1,2,2
2025-02-27,T,D,1,2,2
2025-02-27,M,E,1,2,2
2025-02-27,T,E,1,2,2
2025-02-27,M,F,1,2,2
2025-02-27,T,F,1,2,2
2025-02-27,M,G,1,2,2
2025-02-27,T,G,1,2,2
2025-02-27,M,H,1,2,2
2025-02-27,T,H,2,3,3
2025-02-27,M,I,1,2,2
2025-02-27,T,I,1,2,2
2025-02-27,M,J,1,2,2
2025-02-27,T,J,1,2,2
2025-02-27,M,K,1,2,2
2025-02-27,T,K,1,2,2
2025-02-27,M,L,1,2,2
2025-02-27,T,L,1,2,2
2025-02-27,M,M,1,2,2
2025-02-27,T,M,2,3,3
2025-02-27,M,N,1,2,2
2025-02-27,T,N,1,2,2
2025-02-27,M,O,2,3,3
2025-02-27,T,O,1,2,2
2025-02-27,M,P,1,2,2
2025-02-27,T,P,1,2,2
2025-02-27,M,Q,1,2,2
2025-02-27,T,Q,1,2,2
2025-02-27,M,R,1,2,2
2025-02-27,T,R,1,2,2
2025-02-27,M,S,1,2,2
2025-02-27,T,S,1,2,2
2025-02-27,M,T,0,1,1
2025-02-27,T,T,1,2,2
2025-02-27,M,U,1,2,2
2025-02-27,T,U,1,2,2
2025-02-27,M,V,1,2,2
2025-02-27,T,V,0,1,1
2025-02-27,M,W,1,2,2
2025-02-27,T,W,1,2,2
2025-02-27,M,X,1,2,2
2025-02-27,T,X,1,2,2
2025-02-27,M,Y,1,2,2
2025-02-27,T,Y,1,2,2
2025-02-27,M,Z,1,2,2
2025-02-27,T,Z,0,1,1
2025-02-28,M,A,1,2,2
2025-02-28,T,A,1,2,2
2025-02-28,M,AA,1,2,2
2025-02-28,T,AA,1,2,2
2025-02-28,M,AB,1,2,2
2025-02-28,T,AB,1,2,2
2025-02-28,M,AC,1,2,2
2025-02-28,T,AC,1,2,2
2025-02-28,M,AD,1,2,2
2025-02-28,T,AD,1,2,2
2025-02-28,M,AE,1,2,2
2025-02-28,T,AE,1,2,2
2025-02-28,M,AF,1,2,2
2025-02-28,T,AF,1,2,2
2025-02-28,M,B,1,2,2
2025-02-28,T,B,1,2,2
2025-02-28,M,C,1,2,2
2025-02-28,T,C,1,2,2
2025-02-28,M,D,1,2,2
2025-02-28,T,D,2,3,3
2025-02-28,M,E,1,2,2
2025-02-28,T,E,1,2,2
2025-02-28,M,F,1,2,2
2025-02-28,T,F,1,2,2
2025-02-28,M,G,1,2,2
2025-02-28,T,G,1,2,2
2025-02-28,M,H,1,2,2
2025-02-28,T,H,1,2,2
2025-02-28,M,I,1,2,2
2025-02-28,T,I,1,2,2
2025-02-28,M,J,1,2,2
2025-02-28,T,J,1,2,2
2025-02-28,M,K,1,2,2
2025-02-28,T,K,1,2,2
2025-02-28,M,L,1,2,2
2025-02-28,T,L,1,2,2
2025-02-28,M,M,1,2,2
2025-02-28,T,M,1,2,2
2025-02-28,M,N,1,2,2
2025-02-28,T,N,1,2,2
2025-02-28,M,O,1,2,2
2025-02-28,T,O,1,2,2
2025-02-28,M,P,1,2,2
2025-02-28,T,P,1,2,2
2025-02-28,M,Q,1,2,2
2025-02-28,T,Q,1,2,2
2025-02-28,M,R,1,2,2
2025-02-28,T,R,1,2,2
2025-02-28,M,S,1,2,2
2025-02-28,T,S,1,2,2
2025-02-28,M,T,1,2,2
2025-02-28,T,T,1,2,2
2025-02-28,M,U,1,2,2
2025-02-28,T,U,1,2,2
2025-02-28,M,V,1,2,2
2025-02-28,T,V,1,2,2
2025-02-28,M,W,1,2,2
2025-02-28,T,W,1,2,2
2025-02-28,M,X,1,2,2
2025-02-28,T,X,1,2,2
2025-02-28,M,Y,1,2,2
2025-02-28,T,Y,1,2,2
2025-02-28,M,Z,1,2,2
2025-02-28,T,Z,1,2,2
2025-03-01,M,A,1,2,2
2025-03-01,T,A,1,2,2
2025-03-01,M,AA,1,2,2
2025-03-01,T,AA,1,2,2
2025-03-01,M,AB,1,2,2
2025-03-01,T,AB,1,2,2
2025-03-01,M,AC,1,2,2
2025-03-01,T,AC,1,2,2
2025-03-01,M,AD,1,2,2
2025-03-01,T,AD,1,2,2
2025-03-01,M,AE,1,2,2
2025-03-01,T,AE,1,2,2
2025-03-01,M,AF,1,2,2
2025-03-01,T,AF,1,2,2
2025-03-01,M,B,1,2,2
2025-03-01,T,B,1,2,2
2025-03-01,M,C,1,2,2
2025-03-01,T,C,1,2,2
2025-03-01,M,D,1,2,2
2025-03-01,T,D,1,2,2
2025-03-01,M,E,1,2,2
2025-03-01,T,E,1,2,2
2025-03-01,M,F,1,2,2
2025-03-01,T,F,1,2,2
2025-03-01,M,G,1,2,2
2025-03-01,T,G,1,2,2
2025-03-01,M,H,1,2,2
2025-03-01,T,H,1,2,2
2025-03-01,M,I,1,2,2
2025-03-01,T,I,1,2,2
2025-03-01,M,J,1,2,2
2025-03-01,T,J,1,2,2
2025-03-01,M,K,1,2,2
2025-03-01,T,K,2,3,3
2025-03-01,M,L,1,2,2
2025-03-01,T,L,1,2,2
2025-03-01,M,M,1,2,2
2025-03-01,T,M,1,2,2
2025-03-01,M,N,1,2,2
2025-03-01,T,N,1,2,2
2025-03-01,M,O,1,2,2
2025-03-01,T,O,1,2,2
2025-03-01,M,P,1,2,2
2025-03-01,T,P,0,1,1
2025-03-01,M,Q,1,2,2
2025-03-01,T,Q,1,2,2
2025-03-01,M,R,1,2,2
2025-03-01,T,R,1,2,2
2025-03-01,M,S,1,2,2
2025-03-01,T,S,1,2,2
2025-03-01,M,T,1,2,2
2025-03-01,T,T,2,3,3
2025-03-01,M,U,1,2,2
2025-03-01,T,U,1,2,2
2025-03-01,M,V,1,2,2
2025-03-01,T,V,1,2,2
2025-03-01,M,W,0,1,1
2025-03-01,T,W,1,2,2
2025-03-01,M,X,1,2,2
2025-03-01,T,X,2,3,3
2025-03-01,M,Y,1,2,2
2025-03-01,T,Y,1,2,2
2025-03-01,M,Z,1,2,2
2025-03-01,T,Z,1,2,2
2025-03-02,M,A,1,2,2
2025-03-02,T,A,1,2,2
2025-03-02,M,AA,1,2,2
2025-03-02,T,AA,1,2,2
2025-03-02,M,AB,1,2,2
2025-03-02,T,AB,1,2,2
2025-03-02,M,AC,1,2,2
2025-03-02,T,AC,1,2,2
2025-03-02,M,AD,1,2,2
2025-03-02,T,AD,1,2,2
2025-03-02,M,AE,1,2,2
2025-03-02,T,AE,1,2,2
2025-03-02,M,AF,1,2,2
2025-03-02,T,AF,1,2,2
2025-03-02,M,B,1,2,2
2025-03-02,T,B,1,2,2
2025-03-02,M,C,1,2,2
2025-03-02,T,C,1,2,2
2025-03-02,M,D,1,2,2
2025-03-02,T,D,1,2,2
2025-03-02,M,E,1,2,2
2025-03-02,T,E,1,2,2
2025-03-02,M,F,1,2,2
2025-03-02,T,F,1,2,2
2025-03-02,M,G,2,3,3
2025-03-02,T,G,1,2,2
2025-03-02,M,H,1,2,2
2025-03-02,T,H,1,2,2
2025-03-02,M,I,1,2,2
2025-03-02,T,I,1,2,2
2025-03-02,M,J,1,2,2
2025-03-02,T,J,1,2,2
2025-03-02,M,K,1,2,2
2025-03-02,T,K,1,2,2
2025-03-02,M,L,0,1,1
2025-03-02,T,L,1,2,2
2025-03-02,M,M,1,2,2
2025-03-02,T,M,1,2,2
2025-03-02,M,N,1,2,2
2025-03-02,T,N,1,2,2
2025-03-02,M,O,1,2,2
2025-03-02,T,O,1,2,2
2025-03-02,M,P,1,2,2
2025-03-02,T,P,1,2,2
2025-03-02,M,Q,1,2,2
2025-03-02,T,Q,1,2,2
2025-03-02,M,R,1,2,2
2025-03-02,T,R,1,2,2
2025-03-02,M,S,1,2,2
2025-03-02,T,S,1,2,2
2025-03-02,M,T,1,2,2
2025-03-02,T,T,1,2,2
2025-03-02,M,U,1,2,2
2025-03-02,T,U,1,2,2
2025-03-02,M,V,1,2,2
2025-03-02,T,V,1,2,2
2025-03-02,M,W,1,2,2
2025-03-02,T,W,1,2,2
2025-03-02,M,X,1,2,2
2025-03-02,T,X,1,2,2
2025-03-02,M,Y,2,3,3
2025-03-02,T,Y,1,2,2
2025-03-02,M,Z,1,2,2
2025-03-02,T,Z,1,2,2
2025-03-03,M,A,2,3,3
2025-03-03,T,A,1,2,2
2025-03-03,M,AA,1,2,2
2025-03-03,T,AA,1,2,2
2025-03-03,M,AB,1,2,2
2025-03-03,T,AB,1,2,2
2025-03-03,M,AC,1,2,2
2025-03-03,T,AC,1,2,2
2025-03-03,M,AD,1,2,2
2025-03-03,T,AD,1,2,2
2025-03-03,M,AE,1,2,2
2025-03-03,T,AE,1,2,2
2025-03-03,M,AF,1,2,2
2025-03-03,T,AF,1,2,2
2025-03-03,M,B,1,2,2
2025-03-03,T,B,1,2,2
2025-03-03,M,C,1,2,2
2025-03-03,T,C,1,2,2
2025-03-03,M,D,1,2,2
2025-03-03,T,D,1,2,2
2025-03-03,M,E,1,2,2
2025-03-03,T,E,1,2,2
2025-03-03,M,F,1,2,2
2025-03-03,T,F,1,2,2
2025-03-03,M,G,1,2,2
2025-03-03,T,G,1,2,2
2025-03-03,M,H,1,2,2
2025-03-03,T,H,1,2,2
2025-03-03,M,I,1,2,2
2025-03-03,T,I,1,2,2
2025-03-03,M,J,1,2,2
2025-03-03,T,J,1,2,2
2025-03-03,M,K,1,2,2
2025-03-03,T,K,1,2,2
2025-03-03,M,L,1,2,2
2025-03-03,T,L,1,2,2
2025-03-03,M,M,1,2,2
2025-03-03,T,M,1,2,2
2025-03-03,M,N,1,2,2
2025-03-03,T,N,1,2,2
2025-03-03,M,O,1,2,2
2025-03-03,T,O,2,3,3
2025-03-03,M,P,2,3,3
2025-03-03,T,P,1,2,2
2025-03-03,M,Q,2,3,3
2025-03-03,T,Q,0,1,1
2025-03-03,M,R,1,2,2
2025-03-03,T,R,1,2,2
2025-03-03,M,S,1,2,2
2025-03-03,T,S,1,2,2
2025-03-03,M,T,1,2,2
2025-03-03,T,T,1,2,2
2025-03-03,M,U,1,2,2
2025-03-03,T,U,1,2,2
2025-03-03,M,V,1,2,2
2025-03-03,T,V,1,2,2
2025-03-03,M,W,1,2,2
2025-03-03,T,W,1,2,2
2025-03-03,M,X,1,2,2
2025-03-03,T,X,1,2,2
2025-03-03,M,Y,1,2,2
2025-03-03,T,Y,1,2,2
2025-03-03,M,Z,1,2,2
2025-03-03,T,Z,1,2,2
2025-03-04,M,A,1,2,2
2025-03-04,T,A,1,2,2
2025-03-04,M,AA,1,2,2
2025-03-04,T,AA,1,2,2
2025-03-04,M,AB,1,2,2
2025-03-04,T,AB,1,2,2
2025-03-04,M,AC,1,2,2
2025-03-04,T,AC,2,3,3
2025-03-04,M,AD,1,2,2
2025-03-04,T,AD,1,2,2
2025-03-04,M,AE,1,2,2
2025-03-04,T,AE,1,2,2
2025-03-04,M,AF,1,2,2
2025-03-04,T,AF,1,2,2
2025-03-04,M,B,1,2,2
2025-03-04,T,B,1,2,2
2025-03-04,M,C,2,3,3
2025-03-04,T,C,1,2,2
2025-03-04,M,D,1,2,2
2025-03-04,T,D,1,2,2
2025-03-04,M,E,0,1,1
2025-03-04,T,E,1,2,2
2025-03-04,M,F,1,2,2
2025-03-04,T,F,1,2,2
2025-03-04,M,G,1,2,2
2025-03-04,T,G,1,2,2
2025-03-04,M,H,1,2,2
2025-03-04,T,H,0,1,1
2025-03-04,M,I,1,2,2
2025-03-04,T,I,1,2,2
2025-03-04,M,J,1,2,2
2025-03-04,T,J,1,2,2
2025-03-04,M,K,1,2,2
2025-03-04,T,K,0,1,1
2025-03-04,M,L,1,2,2
2025-03-04,T,L,1,2,2
2025-03-04,M,M,1,2,2
2025-03-04,T,M,1,2,2
2025-03-04,M,N,2,3,3
2025-03-04,T,N,1,2,2
2025-03-04,M,O,1,2,2
2025-03-04,T,O,1,2,2
2025-03-04,M,P,1,2,2
2025-03-04,T,P,1,2,2
2025-03-04,M,Q,1,2,2
2025-03-04,T,Q,1,2,2
2025-03-04,M,R,1,2,2
2025-03-04,T,R,1,2,2
2025-03-04,M,S,1,2,2
2025-03-04,T,S,1,2,2
2025-03-04,M,T,0,1,1
2025-03-04,T,T,1,2,2
2025-03-04,M,U,1,2,2
2025-03-04,T,U,1,2,2
2025-03-04,M,V,1,2,2
2025-03-04,T,V,1,2,2
2025-03-04,M,W,1,2,2
2025-03-04,T,W,1,2,2
2025-03-04,M,X,1,2,2
2025-03-04,T,X,1,2,2
2025-03-04,M,Y,1,2,2
2025-03-04,T,Y,1,2,2
2025-03-04,M,Z,1,2,2
2025-03-04,T,Z,1,2,2
2025-03-05,M,A,2,3,3
2025-03-05,T,A,1,2,2
2025-03-05,M,AA,1,2,2
2025-03-05,T,AA,1,2,2
2025-03-05,M,AB,1,2,2
2025-03-05,T,AB,1,2,2
2025-03-05,M,AC,1,2,2
2025-03-05,T,AC,1,2,2
2025-03-05,M,AD,1,2,2
2025-03-05,T,AD,1,2,2
2025-03-05,M,AE,1,2,2
2025-03-05,T,AE,1,2,2
2025-03-05,M,AF,1,2,2
2025-03-05,T,AF,1,2,2
2025-03-05,M,B,1,2,2
2025-03-05,T,B,1,2,2
2025-03-05,M,C,1,2,2
2025-03-05,T,C,1,2,2
2025-03-05,M,D,1,2,2
2025-03-05,T,D,1,2,2
2025-03-05,M,E,1,2,2
2025-03-05,T,E,1,2,2
2025-03-05,M,F,1,2,2
2025-03-05,T,F,1,2,2
2025-03-05,M,G,1,2,2
2025-03-05,T,G,2,3,3
2025-03-05,M,H,1,2,2
2025-03-05,T,H,1,2,2
2025-03-05,M,I,1,2,2
2025-03-05,T,I,1,2,2
2025-03-05,M,J,1,2,2
2025-03-05,T,J,1,2,2
2025-03-05,M,K,1,2,2
2025-03-05,T,K,0,1,1
2025-03-05,M,L,1,2,2
2025-03-05,T,L,1,2,2
2025-03-05,M,M,1,2,2
2025-03-05,T,M,1,2,2
2025-03-05,M,N,1,2,2
2025-03-05,T,N,1,2,2
2025-03-05,M,O,1,2,2
2025-03-05,T,O,1,2,2
2025-03-05,M,P,1,2,2
2025-03-05,T,P,1,2,2
2025-03-05,M,Q,1,2,2
2025-03-05,T,Q,1,2,2
2025-03-05,M,R,1,2,2
2025-03-05,T,R,1,2,2
2025-03-05,M,S,1,2,2
2025-03-05,T,S,1,2,2
2025-03-05,M,T,1,2,2
2025-03-05,T,T,1,2,2
2025-03-05,M,U,1,2,2
2025-03-05,T,U,1,2,2
2025-03-05,M,V,1,2,2
2025-03-05,T,V,1,2,2
2025-03-05,M,W,1,2,2
2025-03-05,T,W,1,2,2
2025-03-05,M,X,1,2,2
2025-03-05,T,X,1,2,2
2025-03-05,M,Y,1,2,2
2025-03-05,T,Y,1,2,2
2025-03-05,M,Z,1,2,2
2025-03-05,T,Z,1,2,2
2025-03-06,M,A,1,2,2
2025-03-06,T,A,1,2,2
2025-03-06,M,AA,1,2,2
2025-03-06,T,AA,1,2,2
2025-03-06,M,AB,1,2,2
2025-03-06,T,AB,1,2,2
2025-03-06,M,AC,1,2,2
2025-03-06,T,AC,1,2,2
2025-03-06,M,AD,1,2,2
2025-03-06,T,AD,1,2,2
2025-03-06,M,AE,1,2,2
2025-03-06,T,AE,1,2,2
2025-03-06,M,AF,1,2,2
2025-03-06,T,AF,1,2,2
2025-03-06,M,B,0,1,1
2025-03-06,T,B,1,2,2
2025-03-06,M,C,1,2,2
2025-03-06,T,C,1,2,2
2025-03-06,M,D,1,2,2
2025-03-06,T,D,1,2,2
2025-03-06,M,E,1,2,2
2025-03-06,T,E,1,2,2
2025-03-06,M,F,1,2,2
2025-03-06,T,F,1,2,2
2025-03-06,M,G,1,2,2
2025-03-06,T,G,1,2,2
2025-03-06,M,H,1,2,2
2025-03-06,T,H,1,2,2
2025-03-06,M,I,1,2,2
2025-03-06,T,I,1,2,2
2025-03-06,M,J,1,2,2
2025-03-06,T,J,1,2,2
2025-03-06,M,K,1,2,2
2025-03-06,T,K,1,2,2
2025-03-06,M,L,1,2,2
2025-03-06,T,L,1,2,2
2025-03-06,M,M,1,2,2
2025-03-06,T,M,1,2,2
2025-03-06,M,N,1,2,2
2025-03-06,T,N,1,2,2
2025-03-06,M,O,1,2,2
2025-03-06,T,O,1,2,2
2025-03-06,M,P,1,2,2
2025-03-06,T,P,1,2,2
2025-03-06,M,Q,1,2,2
2025-03-06,T,Q,1,2,2
2025-03-06,M,R,1,2,2
2025-03-06,T,R,1,2,2
2025-03-06,M,S,0,1,1
2025-03-06,T,S,1,2,2
2025-03-06,M,T,1,2,2
2025-03-06,T,T,1,2,2
2025-03-06,M,U,1,2,2
2025-03-06,T,U,1,2,2
2025-03-06,M,V,1,2,2
2025-03-06,T,V,1,2,2
2025-03-06,M,W,1,2,2
2025-03-06,T,W,2,3,3
2025-03-06,M,X,1,2,2
2025-03-06,T,X,1,2,2
2025-03-06,M,Y,1,2,2
2025-03-06,T,Y,1,2,2
2025-03-06,M,Z,1,2,2
2025-03-06,T,Z,1,2,2
2025-03-07,M,A,1,2,2
2025-03-07,T,A,1,2,2
2025-03-07,M,AA,1,2,2
2025-03-07,T,AA,1,2,2
2025-03-07,M,AB,1,2,2
2025-03-07,T,AB,1,2,2
2025-03-07,M,AC,1,2,2
2025-03-07,T,AC,1,2,2
2025-03-07,M,AD,1,2,2
2025-03-07,T,AD,1,2,2
2025-03-07,M,AE,1,2,2
2025-03-07,T,AE,1,2,2
2025-03-07,M,AF,1,2,2
2025-03-07,T,AF,1,2,2
2025-03-07,M,B,1,2,2
2025-03-07,T,B,1,2,2
2025-03-07,M,C,1,2,2
2025-03-07,T,C,1,2,2
2025-03-07,M,D,1,2,2
2025-03-07,T,D,1,2,2
2025-03-07,M,E,1,2,2
2025-03-07,T,E,1,2,2
2025-03-07,M,F,1,2,2
2025-03-07,T,F,1,2,2
2025-03-07,M,G,1,2,2
2025-03-07,T,G,1,2,2
2025-03-07,M,H,1,2,2
2025-03-07,T,H,1,2,2
2025-03-07,M,I,1,2,2
2025-03-07,T,I,1,2,2
2025-03-07,M,J,1,2,2
2025-03-07,T,J,1,2,2
2025-03-07,M,K,1,2,2
2025-03-07,T,K,1,2,2
2025-03-07,M,L,1,2,2
2025-03-07,T,L,1,2,2
2025-03-07,M,M,1,2,2
2025-03-07,T,M,1,2,2
2025-03-07,M,N,1,2,2
2025-03-07,T,N,2,3,3
2025-03-07,M,O,1,2,2
2025-03-07,T,O,1,2,2
2025-03-07,M,P,1,2,2
2025-03-07,T,P,1,2,2
2025-03-07,M,Q,1,2,2
2025-03-07,T,Q,1,2,2
2025-03-07,M,R,1,2,2
2025-03-07,T,R,1,2,2
2025-03-07,M,S,1,2,2
2025-03-07,T,S,1,2,2
2025-03-07,M,T,1,2,2
2025-03-07,T,T,1,2,2
2025-03-07,M,U,1,2,2
2025-03-07,T,U,1,2,2
2025-03-07,M,V,1,2,2
2025-03-07,T,V,1,2,2
2025-03-07,M,W,1,2,2
2025-03-07,T,W,1,2,2
2025-03-07,M,X,1,2,2
2025-03-07,T,X,1,2,2
2025-03-07,M,Y,1,2,2
2025-03-07,T,Y,1,2,2
2025-03-07,M,Z,1,2,2
2025-03-07,T,Z,1,2,2
2025-03-08,M,A,1,2,2
2025-03-08,T,A,1,2,2
2025-03-08,M,AA,1,2,2
2025-03-08,T,AA,1,2,2
2025-03-08,M,AB,1,2,2
2025-03-08,T,AB,1,2,2
2025-03-08,M,AC,1,2,2
2025-03-08,T,AC,1,2,2
2025-03-08,M,AD,1,2,2
2025-03-08,T,AD,1,2,2
2025-03-08,M,AE,1,2,2
2025-03-08,T,AE,1,2,2
2025-03-08,M,AF,1,2,2
2025-03-08,T,AF,1,2,2
2025-03-08,M,B,1,2,2
2025-03-08,T,B,1,2,2
2025-03-08,M,C,1,2,2
2025-03-08,T,C,1,2,2
2025-03-08,M,D,1,2,2
2025-03-08,T,D,1,2,2
2025-03-08,M,E,1,2,2
2025-03-08,T,E,1,2,2
2025-03-08,M,F,1,2,2
2025-03-08,T,F,1,2,2
2025-03-08,M,G,1,2,2
2025-03-08,T,G,1,2,2
2025-03-08,M,H,1,2,2
2025-03-08,T,H,1,2,2
2025-03-08,M,I,1,2,2
2025-03-08,T,I,2,3,3
2025-03-08,M,J,1,2,2
2025-03-08,T,J,1,2,2
2025-03-08,M,K,1,2,2
2025-03-08,T,K,1,2,2
2025-03-08,M,L,1,2,2
2025-03-08,T,L,1,2,2
2025-03-08,M,M,1,2,2
2025-03-08,T,M,1,2,2
2025-03-08,M,N,1,2,2
2025-03-08,T,N,1,2,2
2025-03-08,M,O,1,2,2
2025-03-08,T,O,1,2,2
2025-03-08,M,P,0,1,1
2025-03-08,T,P,1,2,2
2025-03-08,M,Q,1,2,2
2025-03-08,T,Q,1,2,2
2025-03-08,M,R,1,2,2
2025-03-08,T,R,1,2,2
2025-03-08,M,S,1,2,2
2025-03-08,T,S,1,2,2
2025-03-08,M,T,1,2,2
2025-03-08,T,T,1,2,2
2025-03-08,M,U,1,2,2
2025-03-08,T,U,1,2,2
2025-03-08,M,V,1,2,2
2025-03-08,T,V,1,2,2
2025-03-08,M,W,1,2,2
2025-03-08,T,W,1,2,2
2025-03-08,M,X,1,2,2
2025-03-08,T,X,1,2,2
2025-03-08,M,Y,1,2,2
2025-03-08,T,Y,1,2,2
2025-03-08,M,Z,1,2,2
2025-03-08,T,Z,1,2,2
2025-03-09,M,A,1,2,2
2025-03-09,T,A,2,3,3
2025-03-09,M,AA,1,2,2
2025-03-09,T,AA,1,2,2
2025-03-09,M,AB,1,2,2
2025-03-09,T,AB,1,2,2
2025-03-09,M,AC,1,2,2
2025-03-09,T,AC,1,2,2
2025-03-09,M,AD,1,2,2
2025-03-09,T,AD,1,2,2
2025-03-09,M,AE,0,1,1
2025-03-09,T,AE,1,2,2
2025-03-09,M,AF,1,2,2
2025-03-09,T,AF,1,2,2
2025-03-09,M,B,1,2,2
2025-03-09,T,B,1,2,2
2025-03-09,M,C,1,2,2
2025-03-09,T,C,1,2,2
2025-03-09,M,D,1,2,2
2025-03-09,T,D,1,2,2
2025-03-09,M,E,1,2,2
2025-03-09,T,E,1,2,2
2025-03-09,M,F,1,2,2
2025-03-09,T,F,0,1,1
2025-03-09,M,G,1,2,2
2025-03-09,T,G,1,2,2
2025-03-09,M,H,1,2,2
2025-03-09,T,H,1,2,2
2025-03-09,M,I,1,2,2
2025-03-09,T,I,1,2,2
2025-03-09,M,J,1,2,2
2025-03-09,T,J,1,2,2
2025-03-09,M,K,2,3,3
2025-03-09,T,K,1,2,2
2025-03-09,M,L,1,2,2
2025-03-09,T,L,1,2,2
2025-03-09,M,M,1,2,2
2025-03-09,T,M,1,2,2
2025-03-09,M,N,1,2,2
2025-03-09,T,N,1,2,2
2025-03-09,M,O,1,2,2
2025-03-09,T,O,1,2,2
2025-03-09,M,P,1,2,2
2025-03-09,T,P,1,2,2
2025-03-09,M,Q,1,2,2
2025-03-09,T,Q,1,2,2
2025-03-09,M,R,1,2,2
2025-03-09,T,R,0,1,1
2025-03-09,M,S,1,2,2
2025-03-09,T,S,1,2,2
2025-03-09,M,T,1,2,2
2025-03-09,T,T,1,2,2
2025-03-09,M,U,1,2,2
2025-03-09,T,U,1,2,2
2025-03-09,M,V,1,2,2
2025-03-09,T,V,1,2,2
2025-03-09,M,W,1,2,2
2025-03-09,T,W,1,2,2
2025-03-09,M,X,1,2,2
2025-03-09,T,X,1,2,2
2025-03-09,M,Y,1,2,2
2025-03-09,T,Y,1,2,2
2025-03-09,M,Z,1,2,2
2025-03-09,T,Z,1,2,2
2025-03-10,M,A,1,2,2
2025-03-10,T,A,1,2,2
2025-03-10,M,AA,1,2,2
2025-03-10,T,AA,1,2,2
2025-03-10,M,AB,1,2,2
2025-03-10,T,AB,1,2,2
2025-03-10,M,AC,1,2,2
2025-03-10,T,AC,1,2,2
2025-03-10,M,AD,1,2,2
2025-03-10,T,AD,1,2,2
2025-03-10,M,AE,1,2,2
2025-03-10,T,AE,1,2,2
2025-03-10,M,AF,1,2,2
2025-03-10,T,AF,0,1,1
2025-03-10,M,B,1,2,2
2025-03-10,T,B,1,2,2
2025-03-10,M,C,1,2,2
2025-03-10,T,C,1,2,2
2025-03-10,M,D,1,2,2
2025-03-10,T,D,1,2,2
2025-03-10,M,E,1,2,2
2025-03-10,T,E,1,2,2
2025-03-10,M,F,1,2,2
2025-03-10,T,F,1,2,2
2025-03-10,M,G,1,2,2
2025-03-10,T,G,1,2,2
2025-03-10,M,H,1,2,2
2025-03-10,T,H,1,2,2
2025-03-10,M,I,0,1,1
2025-03-10,T,I,1,2,2
2025-03-10,M,J,1,2,2
2025-03-10,T,J,1,2,2
2025-03-10,M,K,1,2,2
2025-03-10,T,K,1,2,2
2025-03-10,M,L,1,2,2
2025-03-10,T,L,1,2,2
2025-03-10,M,M,1,2,2
2025-03-10,T,M,1,2,2
2025-03-10,M,N,1,2,2
2025-03-10,T,N,1,2,2
2025-03-10,M,O,1,2,2
2025-03-10,T,O,1,2,2
2025-03-10,M,P,1,2,2
2025-03-10,T,P,1,2,2
2025-03-10,M,Q,1,2,2
2025-03-10,T,Q,1,2,2
2025-03-10,M,R,1,2,2
2025-03-10,T,R,1,2,2
2025-03-10,M,S,0,1,1
2025-03-10,T,S,1,2,2
2025-03-10,M,T,0,1,1
2025-03-10,T,T,1,2,2
2025-03-10,M,U,1,2,2
2025-03-10,T,U,1,2,2
2025-03-10,M,V,0,1,1
2025-03-10,T,V,1,2,2
2025-03-10,M,W,1,2,2
2025-03-10,T,W,1,2,2
2025-03-10,M,X,1,2,2
2025-03-10,T,X,1,2,2
2025-03-10,M,Y,1,2,2
2025-03-10,T,Y,1,2,2
2025-03-10,M,Z,1,2,2
2025-03-10,T,Z,1,2,2
2025-03-11,M,A,1,2,2
2025-03-11,T,A,1,2,2
2025-03-11,M,AA,1,2,2
2025-03-11,T,AA,1,2,2
2025-03-11,M,AB,1,2,2
2025-03-11,T,AB,1,2,2
2025-03-11,M,AC,1,2,2
2025-03-11,T,AC,1,2,2
2025-03-11,M,AD,1,2,2
2025-03-11,T,AD,1,2,2
2025-03-11,M,AE,1,2,2
2025-03-11,T,AE,1,2,2
2025-03-11,M,AF,1,2,2
2025-03-11,T,AF,1,2,2
2025-03-11,M,B,1,2,2
2025-03-11,T,B,1,2,2
2025-03-11,M,C,1,2,2
2025-03-11,T,C,1,2,2
2025-03-11,M,D,1,2,2
2025-03-11,T,D,1,2,2
2025-03-11,M,E,1,2,2
2025-03-11,T,E,1,2,2
2025-03-11,M,F,1,2,2
2025-03-11,T,F,1,2,2
2025-03-11,M,G,1,2,2
2025-03-11,T,G,1,2,2
2025-03-11,M,H,1,2,2
2025-03-11,T,H,1,2,2
2025-03-11,M,I,1,2,2
2025-03-11,T,I,1,2,2
2025-03-11,M,J,1,2,2
2025-03-11,T,J,1,2,2
2025-03-11,M,K,1,2,2
2025-03-11,T,K,1,2,2
2025-03-11,M,L,1,2,2
2025-03-11,T,L,1,2,2
2025-03-11,M,M,1,2,2
2025-03-11,T,M,1,2,2
2025-03-11,M,N,1,2,2
2025-03-11,T,N,1,2,2
2025-03-11,M,O,1,2,2
2025-03-11,T,O,1,2,2
2025-03-11,M,P,0,1,1
2025-03-11,T,P,1,2,2
2025-03-11,M,Q,0,1,1
2025-03-11,T,Q,1,2,2
2025-03-11,M,R,1,2,2
2025-03-11,T,R,1,2,2
2025-03-11,M,S,1,2,2
2025-03-11,T,S,1,2,2
2025-03-11,M,T,2,3,3
2025-03-11,T,T,1,2,2
2025-03-11,M,U,1,2,2
2025-03-11,T,U,1,2,2
2025-03-11,M,V,1,2,2
2025-03-11,T,V,1,2,2
2025-03-11,M,W,1,2,2
2025-03-11,T,W,1,2,2
2025-03-11,M,X,1,2,2
2025-03-11,T,X,1,2,2
2025-03-11,M,Y,1,2,2
2025-03-11,T,Y,1,2,2
2025-03-11,M,Z,1,2,2
2025-03-11,T,Z,1,2,2
2025-03-12,M,A,1,2,2
2025-03-12,T,A,2,3,3
2025-03-12,M,AA,1,2,2
2025-03-12,T,AA,1,2,2
2025-03-12,M,AB,1,2,2
2025-03-12,T,AB,0,1,1
2025-03-12,M,AC,1,2,2
2025-03-12,T,AC,2,3,3
2025-03-12,M,AD,1,2,2
2025-03-12,T,AD,1,2,2
2025-03-12,M,AE,1,2,2
2025-03-12,T,AE,1,2,2
2025-03-12,M,AF,1,2,2
2025-03-12,T,AF,1,2,2
2025-03-12,M,B,1,2,2
2025-03-12,T,B,1,2,2
2025-03-12,M,C,1,2,2
2025-03-12,T,C,1,2,2
2025-03-12,M,D,1,2,2
2025-03-12,T,D,1,2,2
2025-03-12,M,E,2,3,3
2025-03-12,T,E,1,2,2
2025-03-12,M,F,1,2,2
2025-03-12,T,F,1,2,2
2025-03-12,M,G,1,2,2
2025-03-12,T,G,0,1,1
2025-03-12,M,H,1,2,2
2025-03-12,T,H,1,2,2
2025-03-12,M,I,1,2,2
2025-03-12,T,I,2,3,3
2025-03-12,M,J,1,2,2
2025-03-12,T,J,1,2,2
2025-03-12,M,K,1,2,2
2025-03-12,T,K,1,2,2
2025-03-12,M,L,1,2,2
2025-03-12,T,L,1,2,2
2025-03-12,M,M,2,3,3
2025-03-12,T,M,1,2,2
2025-03-12,M,N,1,2,2
2025-03-12,T,N,1,2,2
2025-03-12,M,O,0,1,1
2025-03-12,T,O,1,2,2
2025-03-12,M,P,1,2,2
2025-03-12,T,P,1,2,2
2025-03-12,M,Q,1,2,2
2025-03-12,T,Q,1,2,2
2025-03-12,M,R,1,2,2
2025-03-12,T,R,1,2,2
2025-03-12,M,S,1,2,2
2025-03-12,T,S,1,2,2
2025-03-12,M,T,2,3,3
2025-03-12,T,T,1,2,2
2025-03-12,M,U,1,2,2
2025-03-12,T,U,2,3,3
2025-03-12,M,V,2,3,3
2025-03-12,T,V,1,2,2
2025-03-12,M,W,1,2,2
2025-03-12,T,W,1,2,2
2025-03-12,M,X,1,2,2
2025-03-12,T,X,1,2,2
2025-03-12,M,Y,1,2,2
2025-03-12,T,Y,1,2,2
2025-03-12,M,Z,1,2,2
2025-03-12,T,Z,1,2,2
2025-03-13,M,A,2,3,3
2025-03-13,T,A,1,2,2
2025-03-13,M,AA,1,2,2
2025-03-13,T,AA,1,2,2
2025-03-13,M,AB,1,2,2
2025-03-13,T,AB,1,2,2
2025-03-13,M,AC,1,2,2
2025-03-13,T,AC,1,2,2
2025-03-13,M,AD,1,2,2
2025-03-13,T,AD,1,2,2
2025-03-13,M,AE,1,2,2
2025-03-13,T,AE,1,2,2
2025-03-13,M,AF,1,2,2
2025-03-13,T,AF,1,2,2
2025-03-13,M,B,1,2,2
2025-03-13,T,B,1,2,2
2025-03-13,M,C,1,2,2
2025-03-13,T,C,1,2,2
2025-03-13,M,D,1,2,2
2025-03-13,T,D,1,2,2
2025-03-13,M,E,1,2,2
2025-03-13,T,E,1,2,2
2025-03-13,M,F,1,2,2
2025-03-13,T,F,1,2,2
2025-03-13,M,G,1,2,2
2025-03-13,T,G,1,2,2
2025-03-13,M,H,1,2,2
2025-03-13,T,H,1,2,2
2025-03-13,M,I,1,2,2
2025-03-13,T,I,1,2,2
2025-03-13,M,J,1,2,2
2025-03-13,T,J,0,1,1
2025-03-13,M,K,1,2,2
2025-03-13,T,K,1,2,2
2025-03-13,M,L,1,2,2
2025-03-13,T,L,1,2,2
2025-03-13,M,M,1,2,2
2025-03-13,T,M,0,1,1
2025-03-13,M,N,1,2,2
2025-03-13,T,N,1,2,2
2025-03-13,M,O,1,2,2
2025-03-13,T,O,2,3,3
2025-03-13,M,P,1,2,2
2025-03-13,T,P,1,2,2
2025-03-13,M,Q,1,2,2
2025-03-13,T,Q,1,2,2
2025-03-13,M,R,1,2,2
2025-03-13,T,R,1,2,2
2025-03-13,M,S,1,2,2
2025-03-13,T,S,1,2,2
2025-03-13,M,T,1,2,2
2025-03-13,T,T,1,2,2
2025-03-13,M,U,1,2,2
2025-03-13,T,U,1,2,2
2025-03-13,M,V,1,2,2
2025-03-13,T,V,1,2,2
2025-03-13,M,W,1,2,2
2025-03-13,T,W,1,2,2
2025-03-13,M,X,0,1,1
2025-03-13,T,X,1,2,2
2025-03-13,M,Y,1,2,2
2025-03-13,T,Y,1,2,2
2025-03-13,M,Z,1,2,2
2025-03-13,T,Z,0,1,1
2025-03-14,M,A,1,2,2
2025-03-14,T,A,1,2,2
2025-03-14,M,AA,1,2,2
2025-03-14,T,AA,1,2,2
2025-03-14,M,AB,1,2,2
2025-03-14,T,AB,1,2,2
2025-03-14,M,AC,1,2,2
2025-03-14,T,AC,1,2,2
2025-03-14,M,AD,1,2,2
2025-03-14,T,AD,1,2,2
2025-03-14,M,AE,1,2,2
2025-03-14,T,AE,1,2,2
2025-03-14,M,AF,1,2,2
2025-03-14,T,AF,1,2,2
2025-03-14,M,B,1,2,2
2025-03-14,T,B,1,2,2
2025-03-14,M,C,1,2,2
2025-03-14,T,C,1,2,2
2025-03-14,M,D,1,2,2
2025-03-14,T,D,1,2,2
2025-03-14,M,E,1,2,2
2025-03-14,T,E,1,2,2
2025-03-14,M,F,1,2,2
2025-03-14,T,F,1,2,2
2025-03-14,M,G,1,2,2
2025-03-14,T,G,1,2,2
2025-03-14,M,H,1,2,2
2025-03-14,T,H,1,2,2
2025-03-14,M,I,1,2,2
2025-03-14,T,I,1,2,2
2025-03-14,M,J,1,2,2
2025-03-14,T,J,1,2,2
2025-03-14,M,K,1,2,2
2025-03-14,T,K,1,2,2
2025-03-14,M,L,1,2,2
2025-03-14,T,L,2,3,3
2025-03-14,M,M,1,2,2
2025-03-14,T,M,1,2,2
2025-03-14,M,N,1,2,2
2025-03-14,T,N,1,2,2
2025-03-14,M,O,1,2,2
2025-03-14,T,O,1,2,2
2025-03-14,M,P,1,2,2
2025-03-14,T,P,1,2,2
2025-03-14,M,Q,1,2,2
2025-03-14,T,Q,1,2,2
2025-03-14,M,R,1,2,2
2025-03-14,T,R,1,2,2
2025-03-14,M,S,1,2,2
2025-03-14,T,S,0,1,1
2025-03-14,M,T,1,2,2
2025-03-14,T,T,1,2,2
2025-03-14,M,U,1,2,2
2025-03-14,T,U,1,2,2
2025-03-14,M,V,1,2,2
2025-03-14,T,V,1,2,2
2025-03-14,M,W,1,2,2
2025-03-14,T,W,1,2,2
2025-03-14,M,X,1,2,2
2025-03-14,T,X,1,2,2
2025-03-14,M,Y,1,2,2
2025-03-14,T,Y,1,2,2
2025-03-14,M,Z,1,2,2
2025-03-14,T,Z,0,1,1
2025-03-15,M,A,1,2,2
2025-03-15,T,A,1,2,2
2025-03-15,M,AA,1,2,2
2025-03-15,T,AA,1,2,2
2025-03-15,M,AB,1,2,2
2025-03-15,T,AB,1,2,2
2025-03-15,M,AC,1,2,2
2025-03-15,T,AC,1,2,2
2025-03-15,M,AD,1,2,2
2025-03-15,T,AD,1,2,2
2025-03-15,M,AE,1,2,2
2025-03-15,T,AE,1,2,2
2025-03-15,M,AF,1,2,2
2025-03-15,T,AF,1,2,2
2025-03-15,M,B,1,2,2
2025-03-15,T,B,1,2,2
2025-03-15,M,C,1,2,2
2025-03-15,T,C,1,2,2
2025-03-15,M,D,1,2,2
2025-03-15,T,D,0,1,1
2025-03-15,M,E,1,2,2
2025-03-15,T,E,1,2,2
2025-03-15,M,F,1,2,2
2025-03-15,T,F,0,1,1
2025-03-15,M,G,1,2,2
2025-03-15,T,G,2,3,3
2025-03-15,M,H,1,2,2
2025-03-15,T,H,1,2,2
2025-03-15,M,I,1,2,2
2025-03-15,T,I,1,2,2
2025-03-15,M,J,1,2,2
2025-03-15,T,J,1,2,2
2025-03-15,M,K,1,2,2
2025-03-15,T,K,1,2,2
2025-03-15,M,L,1,2,2
2025-03-15,T,L,1,2,2
2025-03-15,M,M,1,2,2
2025-03-15,T,M,1,2,2
2025-03-15,M,N,1,2,2
2025-03-15,T,N,1,2,2
2025-03-15,M,O,0,1,1
2025-03-15,T,O,1,2,2
2025-03-15,M,P,1,2,2
2025-03-15,T,P,1,2,2
2025-03-15,M,Q,1,2,2
2025-03-15,T,Q,1,2,2
2025-03-15,M,R,1,2,2
2025-03-15,T,R,1,2,2
2025-03-15,M,S,1,2,2
2025-03-15,T,S,1,2,2
2025-03-15,M,T,1,2,2
2025-03-15,T,T,2,3,3
2025-03-15,M,U,1,2,2
2025-03-15,T,U,1,2,2
2025-03-15,M,V,1,2,2
2025-03-15,T,V,1,2,2
2025-03-15,M,W,1,2,2
2025-03-15,T,W,1,2,2
2025-03-15,M,X,1,2,2
2025-03-15,T,X,1,2,2
2025-03-15,M,Y,1,2,2
2025-03-15,T,Y,1,2,2
2025-03-15,M,Z,1,2,2
2025-03-15,T,Z,1,2,2
2025-03-16,M,A,2,3,3
2025-03-16,T,A,1,2,2
2025-03-16,M,AA,1,2,2
2025-03-16,T,AA,1,2,2
2025-03-16,M,AB,2,3,3
2025-03-16,T,AB,0,1,1
2025-03-16,M,AC,1,2,2
2025-03-16,T,AC,1,2,2
2025-03-16,M,AD,1,2,2
2025-03-16,T,AD,1,2,2
2025-03-16,M,AE,1,2,2
2025-03-16,T,AE,1,2,2
2025-03-16,M,AF,0,1,1
2025-03-16,T,AF,1,2,2
2025-03-16,M,B,1,2,2
2025-03-16,T,B,1,2,2
2025-03-16,M,C,1,2,2
2025-03-16,T,C,1,2,2
2025-03-16,M,D,1,2,2
2025-03-16,T,D,1,2,2
2025-03-16,M,E,1,2,2
2025-03-16,T,E,0,1,1
2025-03-16,M,F,1,2,2
2025-03-16,T,F,1,2,2
2025-03-16,M,G,1,2,2
2025-03-16,T,G,1,2,2
2025-03-16,M,H,2,3,3
2025-03-16,T,H,1,2,2
2025-03-16,M,I,2,3,3
2025-03-16,T,I,1,2,2
2025-03-16,M,J,1,2,2
2025-03-16,T,J,1,2,2
2025-03-16,M,K,1,2,2
2025-03-16,T,K,1,2,2
2025-03-16,M,L,1,2,2
2025-03-16,T,L,1,2,2
2025-03-16,M,M,1,2,2
2025-03-16,T,M,1,2,2
2025-03-16,M,N,1,2,2
2025-03-16,T,N,1,2,2
2025-03-16,M,O,1,2,2
2025-03-16,T,O,1,2,2
2025-03-16,M,P,1,2,2
2025-03-16,T,P,1,2,2
2025-03-16,M,Q,1,2,2
2025-03-16,T,Q,1,2,2
2025-03-16,M,R,1,2,2
2025-03-16,T,R,1,2,2
2025-03-16,M,S,1,2,2
2025-03-16,T,S,1,2,2
2025-03-16,M,T,1,2,2
2025-03-16,T,T,1,2,2
2025-03-16,M,U,2,3,3
2025-03-16,T,U,1,2,2
2025-03-16,M,V,1,2,2
2025-03-16,T,V,1,2,2
2025-03-16,M,W,1,2,2
2025-03-16,T,W,1,2,2
2025-03-16,M,X,1,2,2
2025-03-16,T,X,1,2,2
2025-03-16,M,Y,1,2,2
2025-03-16,T,Y,1,2,2
2025-03-16,M,Z,1,2,2
2025-03-16,T,Z,0,1,1
2025-03-17,M,A,0,1,1
2025-03-17,T,A,1,2,2
2025-03-17,M,AA,1,2,2
2025-03-17,T,AA,1,2,2
2025-03-17,M,AB,2,3,3
2025-03-17,T,AB,1,2,2
2025-03-17,M,AC,1,2,2
2025-03-17,T,AC,1,2,2
2025-03-17,M,AD,1,2,2
2025-03-17,T,AD,1,2,2
2025-03-17,M,AE,1,2,2
2025-03-17,T,AE,1,2,2
2025-03-17,M,AF,1,2,2
2025-03-17,T,AF,1,2,2
2025-03-17,M,B,1,2,2
2025-03-17,T,B,1,2,2
2025-03-17,M,C,1,2,2
2025-03-17,T,C,1,2,2
2025-03-17,M,D,1,2,2
2025-03-17,T,D,1,2,2
2025-03-17,M,E,1,2,2
2025-03-17,T,E,1,2,2
2025-03-17,M,F,0,1,1
2025-03-17,T,F,1,2,2
2025-03-17,M,G,1,2,2
2025-03-17,T,G,1,2,2
2025-03-17,M,H,1,2,2
2025-03-17,T,H,1,2,2
2025-03-17,M,I,1,2,2
2025-03-17,T,I,1,2,2
2025-03-17,M,J,1,2,2
2025-03-17,T,J,1,2,2
2025-03-17,M,K,1,2,2
2025-03-17,T,K,1,2,2
2025-03-17,M,L,1,2,2
2025-03-17,T,L,1,2,2
2025-03-17,M,M,1,2,2
2025-03-17,T,M,1,2,2
2025-03-17,M,N,1,2,2
2025-03-17,T,N,1,2,2
2025-03-17,M,O,1,2,2
2025-03-17,T,O,1,2,2
2025-03-17,M,P,1,2,2
2025-03-17,T,P,1,2,2
2025-03-17,M,Q,1,2,2
2025-03-17,T,Q,1,2,2
2025-03-17,M,R,1,2,2
2025-03-17,T,R,1,2,2
2025-03-17,M,S,2,3,3
2025-03-17,T,S,1,2,2
2025-03-17,M,T,1,2,2
2025-03-17,T,T,1,2,2
2025-03-17,M,U,1,2,2
2025-03-17,T,U,1,2,2
2025-03-17,M,V,1,2,2
2025-03-17,T,V,1,2,2
2025-03-17,M,W,1,2,2
2025-03-17,T,W,1,2,2
2025-03-17,M,X,1,2,2
2025-03-17,T,X,1,2,2
2025-03-17,M,Y,0,1,1
2025-03-17,T,Y,1,2,2
2025-03-17,M,Z,0,1,1
2025-03-17,T,Z,2,3,3
2025-03-18,M,A,1,2,2
2025-03-18,T,A,1,2,2
2025-03-18,M,AA,1,2,2
2025-03-18,T,AA,1,2,2
2025-03-18,M,AB,2,3,3
2025-03-18,T,AB,1,2,2
2025-03-18,M,AC,0,1,1
2025-03-18,T,AC,1,2,2
2025-03-18,M,AD,1,2,2
2025-03-18,T,AD,1,2,2
2025-03-18,M,AE,1,2,2
2025-03-18,T,AE,1,2,2
2025-03-18,M,AF,1,2,2
2025-03-18,T,AF,1,2,2
2025-03-18,M,B,1,2,2
2025-03-18,T,B,1,2,2
2025-03-18,M,C,1,2,2
2025-03-18,T,C,1,2,2
2025-03-18,M,D,1,2,2
2025-03-18,T,D,1,2,2
2025-03-18,M,E,1,2,2
2025-03-18,T,E,1,2,2
2025-03-18,M,F,1,2,2
2025-03-18,T,F,1,2,2
2025-03-18,M,G,1,2,2
2025-03-18,T,G,1,2,2
2025-03-18,M,H,1,2,2
2025-03-18,T,H,1,2,2
2025-03-18,M,I,2,3,3
2025-03-18,T,I,1,2,2
2025-03-18,M,J,1,2,2
2025-03-18,T,J,1,2,2
2025-03-18,M,K,1,2,2
2025-03-18,T,K,0,1,1
2025-03-18,M,L,1,2,2
2025-03-18,T,L,2,3,3
2025-03-18,M,M,1,2,2
2025-03-18,T,M,1,2,2
2025-03-18,M,N,1,2,2
2025-03-18,T,N,1,2,2
2025-03-18,M,O,1,2,2
2025-03-18,T,O,2,3,3
2025-03-18,M,P,1,2,2
2025-03-18,T,P,1,2,2
2025-03-18,M,Q,1,2,2
2025-03-18,T,Q,1,2,2
2025-03-18,M,R,2,3,3
2025-03-18,T,R,1,2,2
2025-03-18,M,S,2,3,3
2025-03-18,T,S,1,2,2
2025-03-18,M,T,0,1,1
2025-03-18,T,T,1,2,2
2025-03-18,M,U,1,2,2
2025-03-18,T,U,1,2,2
2025-03-18,M,V,1,2,2
2025-03-18,T,V,1,2,2
2025-03-18,M,W,1,2,2
2025-03-18,T,W,1,2,2
2025-03-18,M,X,1,2,2
2025-03-18,T,X,1,2,2
2025-03-18,M,Y,1,2,2
2025-03-18,T,Y,1,2,2
2025-03-18,M,Z,0,1,1
2025-03-18,T,Z,1,2,2
2025-03-19,M,A,1,2,2
2025-03-19,T,A,2,3,3
2025-03-19,M,AA,1,2,2
2025-03-19,T,AA,1,2,2
2025-03-19,M,AB,1,2,2
2025-03-19,T,AB,1,2,2
2025-03-19,M,AC,1,2,2
2025-03-19,T,AC,1,2,2
2025-03-19,M,AD,1,2,2
2025-03-19,T,AD,1,2,2
2025-03-19,M,AE,1,2,2
2025-03-19,T,AE,1,2,2
2025-03-19,M,AF,1,2,2
2025-03-19,T,AF,1,2,2
2025-03-19,M,B,1,2,2
2025-03-19,T,B,1,2,2
2025-03-19,M,C,1,2,2
2025-03-19,T,C,1,2,2
2025-03-19,M,D,1,2,2
2025-03-19,T,D,1,2,2
2025-03-19,M,E,1,2,2
2025-03-19,T,E,1,2,2
2025-03-19,M,F,1,2,2
2025-03-19,T,F,1,2,2
2025-03-19,M,G,1,2,2
2025-03-19,T,G,1,2,2
2025-03-19,M,H,1,2,2
2025-03-19,T,H,0,1,1
2025-03-19,M,I,1,2,2
2025-03-19,T,I,1,2,2
2025-03-19,M,J,1,2,2
2025-03-19,T,J,1,2,2
2025-03-19,M,K,1,2,2
2025-03-19,T,K,1,2,2
2025-03-19,M,L,1,2,2
2025-03-19,T,L,1,2,2
2025-03-19,M,M,1,2,2
2025-03-19,T,M,1,2,2
2025-03-19,M,N,1,2,2
2025-03-19,T,N,1,2,2
2025-03-19,M,O,1,2,2
2025-03-19,T,O,1,2,2
2025-03-19,M,P,1,2,2
2025-03-19,T,P,1,2,2
2025-03-19,M,Q,1,2,2
2025-03-19,T,Q,1,2,2
2025-03-19,M,R,1,2,2
2025-03-19,T,R,0,1,1
2025-03-19,M,S,1,2,2
2025-03-19,T,S,2,3,3
2025-03-19,M,T,1,2,2
2025-03-19,T,T,1,2,2
2025-03-19,M,U,1,2,2
2025-03-19,T,U,1,2,2
2025-03-19,M,V,1,2,2
2025-03-19,T,V,1,2,2
2025-03-19,M,W,1,2,2
2025-03-19,T,W,1,2,2
2025-03-19,M,X,1,2,2
2025-03-19,T,X,1,2,2
2025-03-19,M,Y,1,2,2
2025-03-19,T,Y,1,2,2
2025-03-19,M,Z,1,2,2
2025-03-19,T,Z,1,2,2
2025-03-20,M,A,1,2,2
2025-03-20,T,A,2,3,3
2025-03-20,M,AA,1,2,2
2025-03-20,T,AA,1,2,2
2025-03-20,M,AB,1,2,2
2025-03-20,T,AB,1,2,2
2025-03-20,M,AC,1,2,2
2025-03-20,T,AC,1,2,2
2025-03-20,M,AD,1,2,2
2025-03-20,T,AD,1,2,2
2025-03-20,M,AE,1,2,2
2025-03-20,T,AE,1,2,2
2025-03-20,M,AF,1,2,2
2025-03-20,T,AF,1,2,2
2025-03-20,M,B,1,2,2
2025-03-20,T,B,1,2,2
2025-03-20,M,C,1,2,2
2025-03-20,T,C,1,2,2
2025-03-20,M,D,1,2,2
2025-03-20,T,D,1,2,2
2025-03-20,M,E,1,2,2
2025-03-20,T,E,1,2,2
2025-03-20,M,F,1,2,2
2025-03-20,T,F,1,2,2
2025-03-20,M,G,1,2,2
2025-03-20,T,G,1,2,2
2025-03-20,M,H,1,2,2
2025-03-20,T,H,1,2,2
2025-03-20,M,I,1,2,2
2025-03-20,T,I,1,2,2
2025-03-20,M,J,1,2,2
2025-03-20,T,J,1,2,2
2025-03-20,M,K,2,3,3
2025-03-20,T,K,2,3,3
2025-03-20,M,L,1,2,2
2025-03-20,T,L,0,1,1
2025-03-20,M,M,1,2,2
2025-03-20,T,M,1,2,2
2025-03-20,M,N,1,2,2
2025-03-20,T,N,1,2,2
2025-03-20,M,O,1,2,2
2025-03-20,T,O,1,2,2
2025-03-20,M,P,1,2,2
2025-03-20,T,P,1,2,2
2025-03-20,M,Q,1,2,2
2025-03-20,T,Q,1,2,2
2025-03-20,M,R,1,2,2
2025-03-20,T,R,1,2,2
2025-03-20,M,S,1,2,2
2025-03-20,T,S,1,2,2
2025-03-20,M,T,1,2,2
2025-03-20,T,T,1,2,2
2025-03-20,M,U,1,2,2
2025-03-20,T,U,2,3,3
2025-03-20,M,V,1,2,2
2025-03-20,T,V,1,2,2
2025-03-20,M,W,1,2,2
2025-03-20,T,W,1,2,2
2025-03-20,M,X,1,2,2
2025-03-20,T,X,1,2,2
2025-03-20,M,Y,0,1,1
2025-03-20,T,Y,1,2,2
2025-03-20,M,Z,1,2,2
2025-03-20,T,Z,1,2,2
2025-03-21,M,A,1,2,2
2025-03-21,T,A,1,2,2
2025-03-21,M,AA,1,2,2
2025-03-21,T,AA,1,2,2
2025-03-21,M,AB,1,2,2
2025-03-21,T,AB,1,2,2
2025-03-21,M,AC,1,2,2
2025-03-21,T,AC,1,2,2
2025-03-21,M,AD,1,2,2
2025-03-21,T,AD,1,2,2
2025-03-21,M,AE,1,2,2
2025-03-21,T,AE,1,2,2
2025-03-21,M,AF,1,2,2
2025-03-21,T,AF,1,2,2
2025-03-21,M,B,1,2,2
2025-03-21,T,B,1,2,2
2025-03-21,M,C,1,2,2
2025-03-21,T,C,1,2,2
2025-03-21,M,D,1,2,2
2025-03-21,T,D,1,2,2
2025-03-21,M,E,1,2,2
2025-03-21,T,E,1,2,2
2025-03-21,M,F,1,2,2
2025-03-21,T,F,1,2,2
2025-03-21,M,G,1,2,2
2025-03-21,T,G,1,2,2
2025-03-21,M,H,1,2,2
2025-03-21,T,H,1,2,2
2025-03-21,M,I,1,2,2
2025-03-21,T,I,1,2,2
2025-03-21,M,J,1,2,2
2025-03-21,T,J,1,2,2
2025-03-21,M,K,1,2,2
2025-03-21,T,K,1,2,2
2025-03-21,M,L,1,2,2
2025-03-21,T,L,1,2,2
2025-03-21,M,M,1,2,2
2025-03-21,T,M,1,2,2
2025-03-21,M,N,1,2,2
2025-03-21,T,N,1,2,2
2025-03-21,M,O,1,2,2
2025-03-21,T,O,2,3,3
2025-03-21,M,P,1,2,2
2025-03-21,T,P,1,2,2
2025-03-21,M,Q,1,2,2
2025-03-21,T,Q,1,2,2
2025-03-21,M,R,1,2,2
2025-03-21,T,R,1,2,2
2025-03-21,M,S,1,2,2
2025-03-21,T,S,1,2,2
2025-03-21,M,T,1,2,2
2025-03-21,T,T,0,1,1
2025-03-21,M,U,1,2,2
2025-03-21,T,U,1,2,2
2025-03-21,M,V,1,2,2
2025-03-21,T,V,1,2,2
2025-03-21,M,W,1,2,2
2025-03-21,T,W,1,2,2
2025-03-21,M,X,1,2,2
2025-03-21,T,X,1,2,2
2025-03-21,M,Y,1,2,2
2025-03-21,T,Y,0,1,1
2025-03-21,M,Z,1,2,2
2025-03-21,T,Z,1,2,2
2025-03-22,M,A,1,2,2
2025-03-22,T,A,1,2,2
2025-03-22,M,AA,1,2,2
2025-03-22,T,AA,1,2,2
2025-03-22,M,AB,1,2,2
2025-03-22,T,AB,1,2,2
2025-03-22,M,AC,1,2,2
2025-03-22,T,AC,1,2,2
2025-03-22,M,AD,1,2,2
2025-03-22,T,AD,2,3,3
2025-03-22,M,AE,1,2,2
2025-03-22,T,AE,1,2,2
2025-03-22,M,AF,1,2,2
2025-03-22,T,AF,1,2,2
2025-03-22,M,B,1,2,2
2025-03-22,T,B,1,2,2
2025-03-22,M,C,1,2,2
2025-03-22,T,C,1,2,2
2025-03-22,M,D,1,2,2
2025-03-22,T,D,1,2,2
2025-03-22,M,E,1,2,2
2025-03-22,T,E,1,2,2
2025-03-22,M,F,1,2,2
2025-03-22,T,F,0,1,1
2025-03-22,M,G,1,2,2
2025-03-22,T,G,1,2,2
2025-03-22,M,H,1,2,2
2025-03-22,T,H,1,2,2
2025-03-22,M,I,1,2,2
2025-03-22,T,I,1,2,2
2025-03-22,M,J,1,2,2
2025-03-22,T,J,1,2,2
2025-03-22,M,K,1,2,2
2025-03-22,T,K,1,2,2
2025-03-22,M,L,1,2,2
2025-03-22,T,L,1,2,2
2025-03-22,M,M,1,2,2
2025-03-22,T,M,1,2,2
2025-03-22,M,N,1,2,2
2025-03-22,T,N,1,2,2
2025-03-22,M,O,1,2,2
2025-03-22,T,O,1,2,2
2025-03-22,M,P,1,2,2
2025-03-22,T,P,1,2,2
2025-03-22,M,Q,1,2,2
2025-03-22,T,Q,1,2,2
2025-03-22,M,R,1,2,2
2025-03-22,T,R,1,2,2
2025-03-22,M,S,1,2,2
2025-03-22,T,S,1,2,2
2025-03-22,M,T,1,2,2
2025-03-22,T,T,1,2,2
2025-03-22,M,U,1,2,2
2025-03-22,T,U,1,2,2
2025-03-22,M,V,0,1,1
2025-03-22,T,V,1,2,2
2025-03-22,M,W,1,2,2
2025-03-22,T,W,1,2,2
2025-03-22,M,X,1,2,2
2025-03-22,T,X,2,3,3
2025-03-22,M,Y,1,2,2
2025-03-22,T,Y,1,2,2
2025-03-22,M,Z,1,2,2
2025-03-22,T,Z,1,2,2
2025-03-23,M,A,2,3,3
2025-03-23,T,A,1,2,2
2025-03-23,M,AA,1,2,2
2025-03-23,T,AA,1,2,2
2025-03-23,M,AB,1,2,2
2025-03-23,T,AB,1,2,2
2025-03-23,M,AC,1,2,2
2025-03-23,T,AC,1,2,2
2025-03-23,M,AD,1,2,2
2025-03-23,T,AD,1,2,2
2025-03-23,M,AE,2,3,3
2025-03-23,T,AE,1,2,2
2025-03-23,M,AF,1,2,2
2025-03-23,T,AF,1,2,2
2025-03-23,M,B,1,2,2
2025-03-23,T,B,1,2,2
2025-03-23,M,C,1,2,2
2025-03-23,T,C,1,2,2
2025-03-23,M,D,1,2,2
2025-03-23,T,D,1,2,2
2025-03-23,M,E,1,2,2
2025-03-23,T,E,1,2,2
2025-03-23,M,F,1,2,2
2025-03-23,T,F,1,2,2
2025-03-23,M,G,2,3,3
2025-03-23,T,G,1,2,2
2025-03-23,M,H,1,2,2
2025-03-23,T,H,1,2,2
2025-03-23,M,I,1,2,2
2025-03-23,T,I,1,2,2
2025-03-23,M,J,1,2,2
2025-03-23,T,J,1,2,2
2025-03-23,M,K,1,2,2
2025-03-23,T,K,1,2,2
2025-03-23,M,L,1,2,2
2025-03-23,T,L,1,2,2
2025-03-23,M,M,1,2,2
2025-03-23,T,M,2,3,3
2025-03-23,M,N,1,2,2
2025-03-23,T,N,1,2,2
2025-03-23,M,O,1,2,2
2025-03-23,T,O,1,2,2
2025-03-23,M,P,1,2,2
2025-03-23,T,P,1,2,2
2025-03-23,M,Q,1,2,2
2025-03-23,T,Q,1,2,2
2025-03-23,M,R,1,2,2
2025-03-23,T,R,1,2,2
2025-03-23,M,S,1,2,2
2025-03-23,T,S,1,2,2
2025-03-23,M,T,1,2,2
2025-03-23,T,T,1,2,2
2025-03-23,M,U,1,2,2
2025-03-23,T,U,1,2,2
2025-03-23,M,V,1,2,2
2025-03-23,T,V,1,2,2
2025-03-23,M,W,1,2,2
2025-03-23,T,W,1,2,2
2025-03-23,M,X,1,2,2
2025-03-23,T,X,1,2,2
2025-03-23,M,Y,1,2,2
2025-03-23,T,Y,1,2,2
2025-03-23,M,Z,1,2,2
2025-03-23,T,Z,1,2,2
2025-03-24,M,A,1,2,2
2025-03-24,T,A,2,3,3
2025-03-24,M,AA,1,2,2
2025-03-24,T,AA,1,2,2
2025-03-24,M,AB,1,2,2
2025-03-24,T,AB,1,2,2
2025-03-24,M,AC,1,2,2
2025-03-24,T,AC,1,2,2
2025-03-24,M,AD,1,2,2
2025-03-24,T,AD,1,2,2
2025-03-24,M,AE,1,2,2
2025-03-24,T,AE,1,2,2
2025-03-24,M,AF,1,2,2
2025-03-24,T,AF,1,2,2
2025-03-24,M,B,1,2,2
2025-03-24,T,B,1,2,2
2025-03-24,M,C,1,2,2
2025-03-24,T,C,1,2,2
2025-03-24,M,D,1,2,2
2025-03-24,T,D,1,2,2
2025-03-24,M,E,1,2,2
2025-03-24,T,E,1,2,2
2025-03-24,M,F,2,3,3
2025-03-24,T,F,1,2,2
2025-03-24,M,G,1,2,2
2025-03-24,T,G,1,2,2
2025-03-24,M,H,1,2,2
2025-03-24,T,H,1,2,2
2025-03-24,M,I,1,2,2
2025-03-24,T,I,1,2,2
2025-03-24,M,J,1,2,2
2025-03-24,T,J,1,2,2
2025-03-24,M,K,1,2,2
2025-03-24,T,K,1,2,2
2025-03-24,M,L,1,2,2
2025-03-24,T,L,1,2,2
2025-03-24,M,M,1,2,2
2025-03-24,T,M,1,2,2
2025-03-24,M,N,2,3,3
2025-03-24,T,N,1,2,2
2025-03-24,M,O,1,2,2
2025-03-24,T,O,1,2,2
2025-03-24,M,P,1,2,2
2025-03-24,T,P,1,2,2
2025-03-24,M,Q,1,2,2
2025-03-24,T,Q,1,2,2
2025-03-24,M,R,1,2,2
2025-03-24,T,R,1,2,2
2025-03-24,M,S,1,2,2
2025-03-24,T,S,1,2,2
2025-03-24,M,T,1,2,2
2025-03-24,T,T,1,2,2
2025-03-24,M,U,1,2,2
2025-03-24,T,U,1,2,2
2025-03-24,M,V,1,2,2
2025-03-24,T,V,1,2,2
2025-03-24,M,W,1,2,2
2025-03-24,T,W,1,2,2
2025-03-24,M,X,1,2,2
2025-03-24,T,X,1,2,2
2025-03-24,M,Y,1,2,2
2025-03-24,T,Y,1,2,2
2025-03-24,M,Z,1,2,2
2025-03-24,T,Z,1,2,2
2025-03-25,M,A,2,3,3
2025-03-25,T,A,1,2,2
2025-03-25,M,AA,1,2,2
2025-03-25,T,AA,1,2,2
2025-03-25,M,AB,1,2,2
2025-03-25,T,AB,1,2,2
2025-03-25,M,AC,0,1,1
2025-03-25,T,AC,1,2,2
2025-03-25,M,AD,1,2,2
2025-03-25,T,AD,1,2,2
2025-03-25,M,AE,1,2,2
2025-03-25,T,AE,1,2,2
2025-03-25,M,AF,1,2,2
2025-03-25,T,AF,2,3,3
2025-03-25,M,B,1,2,2
2025-03-25,T,B,1,2,2
2025-03-25,M,C,1,2,2
2025-03-25,T,C,1,2,2
2025-03-25,M,D,1,2,2
2025-03-25,T,D,1,2,2
2025-03-25,M,E,1,2,2
2025-03-25,T,E,2,3,3
2025-03-25,M,F,1,2,2
2025-03-25,T,F,1,2,2
2025-03-25,M,G,1,2,2
2025-03-25,T,G,1,2,2
2025-03-25,M,H,1,2,2
2025-03-25,T,H,0,1,1
2025-03-25,M,I,2,3,3
2025-03-25,T,I,1,2,2
2025-03-25,M,J,1,2,2
2025-03-25,T,J,1,2,2
2025-03-25,M,K,1,2,2
2025-03-25,T,K,1,2,2
2025-03-25,M,L,1,2,2
2025-03-25,T,L,2,3,3
2025-03-25,M,M,1,2,2
2025-03-25,T,M,1,2,2
2025-03-25,M,N,1,2,2
2025-03-25,T,N,1,2,2
2025-03-25,M,O,1,2,2
2025-03-25,T,O,0,1,1
2025-03-25,M,P,1,2,2
2025-03-25,T,P,2,3,3
2025-03-25,M,Q,2,3,3
2025-03-25,T,Q,1,2,2
2025-03-25,M,R,2,3,3
2025-03-25,T,R,1,2,2
2025-03-25,M,S,1,2,2
2025-03-25,T,S,1,2,2
2025-03-25,M,T,1,2,2
2025-03-25,T,T,1,2,2
2025-03-25,M,U,1,2,2
2025-03-25,T,U,1,2,2
2025-03-25,M,V,1,2,2
2025-03-25,T,V,2,3,3
2025-03-25,M,W,1,2,2
2025-03-25,T,W,1,2,2
2025-03-25,M,X,1,2,2
2025-03-25,T,X,1,2,2
2025-03-25,M,Y,1,2,2
2025-03-25,T,Y,1,2,2
2025-03-25,M,Z,1,2,2
2025-03-25,T,Z,0,1,1
2025-03-26,M,A,1,2,2
2025-03-26,T,A,1,2,2
2025-03-26,M,AA,1,2,2
2025-03-26,T,AA,1,2,2
2025-03-26,M,AB,1,2,2
2025-03-26,T,AB,2,3,3
2025-03-26,M,AC,1,2,2
2025-03-26,T,AC,1,2,2
2025-03-26,M,AD,1,2,2
2025-03-26,T,AD,1,2,2
2025-03-26,M,AE,1,2,2
2025-03-26,T,AE,1,2,2
2025-03-26,M,AF,2,3,3
2025-03-26,T,AF,2,3,3
2025-03-26,M,B,1,2,2
2025-03-26,T,B,1,2,2
2025-03-26,M,C,1,2,2
2025-03-26,T,C,1,2,2
2025-03-26,M,D,1,2,2
2025-03-26,T,D,1,2,2
2025-03-26,M,E,1,2,2
2025-03-26,T,E,1,2,2
2025-03-26,M,F,1,2,2
2025-03-26,T,F,1,2,2
2025-03-26,M,G,1,2,2
2025-03-26,T,G,1,2,2
2025-03-26,M,H,1,2,2
2025-03-26,T,H,1,2,2
2025-03-26,M,I,1,2,2
2025-03-26,T,I,1,2,2
2025-03-26,M,J,1,2,2
2025-03-26,T,J,1,2,2
2025-03-26,M,K,1,2,2
2025-03-26,T,K,1,2,2
2025-03-26,M,L,1,2,2
2025-03-26,T,L,2,3,3
2025-03-26,M,M,1,2,2
2025-03-26,T,M,1,2,2
2025-03-26,M,N,1,2,2
2025-03-26,T,N,1,2,2
2025-03-26,M,O,1,2,2
2025-03-26,T,O,1,2,2
2025-03-26,M,P,1,2,2
2025-03-26,T,P,1,2,2
2025-03-26,M,Q,0,1,1
2025-03-26,T,Q,1,2,2
2025-03-26,M,R,1,2,2
2025-03-26,T,R,1,2,2
2025-03-26,M,S,1,2,2
2025-03-26,T,S,1,2,2
2025-03-26,M,T,1,2,2
2025-03-26,T,T,1,2,2
2025-03-26,M,U,1,2,2
2025-03-26,T,U,1,2,2
2025-03-26,M,V,1,2,2
2025-03-26,T,V,1,2,2
2025-03-26,M,W,1,2,2
2025-03-26,T,W,1,2,2
2025-03-26,M,X,1,2,2
2025-03-26,T,X,1,2,2
2025-03-26,M,Y,1,2,2
2025-03-26,T,Y,1,2,2
2025-03-26,M,Z,1,2,2
2025-03-26,T,Z,1,2,2
2025-03-27,M,A,1,2,2
2025-03-27,T,A,2,3,3
2025-03-27,M,AA,1,2,2
2025-03-27,T,AA,1,2,2
2025-03-27,M,AB,1,2,2
2025-03-27,T,AB,1,2,2
2025-03-27,M,AC,1,2,2
2025-03-27,T,AC,1,2,2
2025-03-27,M,AD,1,2,2
2025-03-27,T,AD,1,2,2
2025-03-27,M,AE,1,2,2
2025-03-27,T,AE,1,2,2
2025-03-27,M,AF,1,2,2
2025-03-27,T,AF,1,2,2
2025-03-27,M,B,1,2,2
2025-03-27,T,B,1,2,2
2025-03-27,M,C,1,2,2
2025-03-27,T,C,1,2,2
2025-03-27,M,D,1,2,2
2025-03-27,T,D,0,1,1
2025-03-27,M,E,1,2,2
2025-03-27,T,E,1,2,2
2025-03-27,M,F,1,2,2
2025-03-27,T,F,1,2,2
2025-03-27,M,G,1,2,2
2025-03-27,T,G,1,2,2
2025-03-27,M,H,1,2,2
2025-03-27,T,H,1,2,2
2025-03-27,M,I,1,2,2
2025-03-27,T,I,1,2,2
2025-03-27,M,J,1,2,2
2025-03-27,T,J,1,2,2
2025-03-27,M,K,1,2,2
2025-03-27,T,K,1,2,2
2025-03-27,M,L,1,2,2
2025-03-27,T,L,1,2,2
2025-03-27,M,M,0,1,1
2025-03-27,T,M,1,2,2
2025-03-27,M,N,1,2,2
2025-03-27,T,N,1,2,2
2025-03-27,M,O,1,2,2
2025-03-27,T,O,1,2,2
2025-03-27,M,P,1,2,2
2025-03-27,T,P,1,2,2
2025-03-27,M,Q,1,2,2
2025-03-27,T,Q,1,2,2
2025-03-27,M,R,1,2,2
2025-03-27,T,R,1,2,2
2025-03-27,M,S,1,2,2
2025-03-27,T,S,1,2,2
2025-03-27,M,T,1,2,2
2025-03-27,T,T,0,1,1
2025-03-27,M,U,1,2,2
2025-03-27,T,U,1,2,2
2025-03-27,M,V,1,2,2
2025-03-27,T,V,1,2,2
2025-03-27,M,W,0,1,1
2025-03-27,T,W,2,3,3
2025-03-27,M,X,1,2,2
2025-03-27,T,X,1,2,2
2025-03-27,M,Y,1,2,2
2025-03-27,T,Y,1,2,2
2025-03-27,M,Z,1,2,2
2025-03-27,T,Z,1,2,2
2025-03-28,M,A,0,1,1
2025-03-28,T,A,1,2,2
2025-03-28,M,AA,1,2,2
2025-03-28,T,AA,1,2,2
2025-03-28,M,AB,1,2,2
2025-03-28,T,AB,1,2,2
2025-03-28,M,AC,1,2,2
2025-03-28,T,AC,2,3,3
2025-03-28,M,AD,1,2,2
2025-03-28,T,AD,2,3,3
2025-03-28,M,AE,1,2,2
2025-03-28,T,AE,1,2,2
2025-03-28,M,AF,1,2,2
2025-03-28,T,AF,1,2,2
2025-03-28,M,B,1,2,2
2025-03-28,T,B,1,2,2
2025-03-28,M,C,1,2,2
2025-03-28,T,C,1,2,2
2025-03-28,M,D,1,2,2
2025-03-28,T,D,1,2,2
2025-03-28,M,E,1,2,2
2025-03-28,T,E,1,2,2
2025-03-28,M,F,2,3,3
2025-03-28,T,F,1,2,2
2025-03-28,M,G,1,2,2
2025-03-28,T,G,1,2,2
2025-03-28,M,H,1,2,2
2025-03-28,T,H,1,2,2
2025-03-28,M,I,1,2,2
2025-03-28,T,I,1,2,2
2025-03-28,M,J,1,2,2
2025-03-28,T,J,1,2,2
2025-03-28,M,K,1,2,2
2025-03-28,T,K,1,2,2
2025-03-28,M,L,1,2,2
2025-03-28,T,L,1,2,2
2025-03-28,M,M,1,2,2
2025-03-28,T,M,1,2,2
2025-03-28,M,N,1,2,2
2025-03-28,T,N,2,3,3
2025-03-28,M,O,1,2,2
2025-03-28,T,O,1,2,2
2025-03-28,M,P,1,2,2
2025-03-28,T,P,0,1,1
2025-03-28,M,Q,1,2,2
2025-03-28,T,Q,1,2,2
2025-03-28,M,R,1,2,2
2025-03-28,T,R,1,2,2
2025-03-28,M,S,1,2,2
2025-03-28,T,S,1,2,2
2025-03-28,M,T,1,2,2
2025-03-28,T,T,1,2,2
2025-03-28,M,U,1,2,2
2025-03-28,T,U,1,2,2
2025-03-28,M,V,1,2,2
2025-03-28,T,V,1,2,2
2025-03-28,M,W,1,2,2
2025-03-28,T,W,2,3,3
2025-03-28,M,X,1,2,2
2025-03-28,T,X,1,2,2
2025-03-28,M,Y,1,2,2
2025-03-28,T,Y,1,2,2
2025-03-28,M,Z,1,2,2
2025-03-28,T,Z,1,2,2
2025-03-29,M,A,1,2,2
2025-03-29,T,A,1,2,2
2025-03-29,M,AA,1,2,2
2025-03-29,T,AA,1,2,2
2025-03-29,M,AB,1,2,2
2025-03-29,T,AB,1,2,2
2025-03-29,M,AC,1,2,2
2025-03-29,T,AC,1,2,2
2025-03-29,M,AD,1,2,2
2025-03-29,T,AD,1,2,2
2025-03-29,M,AE,1,2,2
2025-03-29,T,AE,1,2,2
2025-03-29,M,AF,1,2,2
2025-03-29,T,AF,1,2,2
2025-03-29,M,B,1,2,2
2025-03-29,T,B,1,2,2
2025-03-29,M,C,1,2,2
2025-03-29,T,C,1,2,2
2025-03-29,M,D,1,2,2
2025-03-29,T,D,1,2,2
2025-03-29,M,E,1,2,2
2025-03-29,T,E,1,2,2
2025-03-29,M,F,1,2,2
2025-03-29,T,F,1,2,2
2025-03-29,M,G,1,2,2
2025-03-29,T,G,0,1,1
2025-03-29,M,H,2,3,3
2025-03-29,T,H,1,2,2
2025-03-29,M,I,1,2,2
2025-03-29,T,I,1,2,2
2025-03-29,M,J,1,2,2
2025-03-29,T,J,1,2,2
2025-03-29,M,K,1,2,2
2025-03-29,T,K,1,2,2
2025-03-29,M,L,1,2,2
2025-03-29,T,L,1,2,2
2025-03-29,M,M,1,2,2
2025-03-29,T,M,1,2,2
2025-03-29,M,N,1,2,2
2025-03-29,T,N,1,2,2
2025-03-29,M,O,1,2,2
2025-03-29,T,O,1,2,2
2025-03-29,M,P,1,2,2
2025-03-29,T,P,1,2,2
2025-03-29,M,Q,1,2,2
2025-03-29,T,Q,1,2,2
2025-03-29,M,R,1,2,2
2025-03-29,T,R,1,2,2
2025-03-29,M,S,1,2,2
2025-03-29,T,S,1,2,2
2025-03-29,M,T,1,2,2
2025-03-29,T,T,1,2,2
2025-03-29,M,U,1,2,2
2025-03-29,T,U,1,2,2
2025-03-29,M,V,1,2,2
2025-03-29,T,V,1,2,2
2025-03-29,M,W,1,2,2
2025-03-29,T,W,1,2,2
2025-03-29,M,X,1,2,2
2025-03-29,T,X,0,1,1
2025-03-29,M,Y,1,2,2
2025-03-29,T,Y,1,2,2
2025-03-29,M,Z,1,2,2
2025-03-29,T,Z,1,2,2
2025-03-30,M,A,2,3,3
2025-03-30,T,A,1,2,2
2025-03-30,M,AA,1,2,2
2025-03-30,T,AA,1,2,2
2025-03-30,M,AB,1,2,2
2025-03-30,T,AB,1,2,2
2025-03-30,M,AC,1,2,2
2025-03-30,T,AC,1,2,2
2025-03-30,M,AD,1,2,2
2025-03-30,T,AD,1,2,2
2025-03-30,M,AE,1,2,2
2025-03-30,T,AE,1,2,2
2025-03-30,M,AF,1,2,2
2025-03-30,T,AF,1,2,2
2025-03-30,M,B,1,2,2
2025-03-30,T,B,1,2,2
2025-03-30,M,C,1,2,2
2025-03-30,T,C,1,2,2
2025-03-30,M,D,1,2,2
2025-03-30,T,D,1,2,2
2025-03-30,M,E,0,1,1
2025-03-30,T,E,1,2,2
2025-03-30,M,F,1,2,2
2025-03-30,T,F,1,2,2
2025-03-30,M,G,1,2,2
2025-03-30,T,G,1,2,2
2025-03-30,M,H,1,2,2
2025-03-30,T,H,1,2,2
2025-03-30,M,I,1,2,2
2025-03-30,T,I,1,2,2
2025-03-30,M,J,0,1,1
2025-03-30,T,J,1,2,2
2025-03-30,M,K,1,2,2
2025-03-30,T,K,1,2,2
2025-03-30,M,L,1,2,2
2025-03-30,T,L,1,2,2
2025-03-30,M,M,1,2,2
2025-03-30,T,M,1,2,2
2025-03-30,M,N,1,2,2
2025-03-30,T,N,1,2,2
2025-03-30,M,O,1,2,2
2025-03-30,T,O,1,2,2
2025-03-30,M,P,1,2,2
2025-03-30,T,P,1,2,2
2025-03-30,M,Q,1,2,2
2025-03-30,T,Q,1,2,2
2025-03-30,M,R,1,2,2
2025-03-30,T,R,1,2,2
2025-03-30,M,S,1,2,2
2025-03-30,T,S,1,2,2
2025-03-30,M,T,1,2,2
2025-03-30,T,T,1,2,2
2025-03-30,M,U,0,1,1
2025-03-30,T,U,1,2,2
2025-03-30,M,V,1,2,2
2025-03-30,T,V,1,2,2
2025-03-30,M,W,1,2,2
2025-03-30,T,W,1,2,2
2025-03-30,M,X,1,2,2
2025-03-30,T,X,1,2,2
2025-03-30,M,Y,1,2,2
2025-03-30,T,Y,1,2,2
2025-03-30,M,Z,1,2,2
2025-03-30,T,Z,1,2,2
2025-03-31,M,A,1,2,2
2025-03-31,T,A,1,2,2
2025-03-31,M,AA,1,2,2
2025-03-31,T,AA,1,2,2
2025-03-31,M,AB,1,2,2
2025-03-31,T,AB,1,2,2
2025-03-31,M,AC,1,2,2
2025-03-31,T,AC,1,2,2
2025-03-31,M,AD,1,2,2
2025-03-31,T,AD,1,2,2
2025-03-31,M,AE,1,2,2
2025-03-31,T,AE,1,2,2
2025-03-31,M,AF,1,2,2
2025-03-31,T,AF,1,2,2
2025-03-31,M,B,1,2,2
2025-03-31,T,B,1,2,2
2025-03-31,M,C,1,2,2
2025-03-31,T,C,1,2,2
2025-03-31,M,D,1,2,2
2025-03-31,T,D,1,2,2
2025-03-31,M,E,1,2,2
2025-03-31,T,E,1,2,2
2025-03-31,M,F,1,2,2
2025-03-31,T,F,1,2,2
2025-03-31,M,G,1,2,2
2025-03-31,T,G,1,2,2
2025-03-31,M,H,1,2,2
2025-03-31,T,H,0,1,1
2025-03-31,M,I,1,2,2
2025-03-31,T,I,1,2,2
2025-03-31,M,J,1,2,2
2025-03-31,T,J,1,2,2
2025-03-31,M,K,1,2,2
2025-03-31,T,K,0,1,1
2025-03-31,M,L,1,2,2
2025-03-31,T,L,1,2,2
2025-03-31,M,M,1,2,2
2025-03-31,T,M,1,2,2
2025-03-31,M,N,1,2,2
2025-03-31,T,N,1,2,2
2025-03-31,M,O,1,2,2
2025-03-31,T,O,1,2,2
2025-03-31,M,P,1,2,2
2025-03-31,T,P,1,2,2
2025-03-31,M,Q,1,2,2
2025-03-31,T,Q,1,2,2
2025-03-31,M,R,1,2,2
2025-03-31,T,R,1,2,2
2025-03-31,M,S,1,2,2
2025-03-31,T,S,1,2,2
2025-03-31,M,T,1,2,2
2025-03-31,T,T,0,1,1
2025-03-31,M,U,0,1,1
2025-03-31,T,U,0,1,1
2025-03-31,M,V,1,2,2
2025-03-31,T,V,2,3,3
2025-03-31,M,W,1,2,2
2025-03-31,T,W,1,2,2
2025-03-31,M,X,1,2,2
2025-03-31,T,X,1,2,2
2025-03-31,M,Y,1,2,2
2025-03-31,T,Y,1,2,2
2025-03-31,M,Z,1,2,2
2025-03-31,T,Z,1,2,2
2025-04-01,M,A,1,2,2
2025-04-01,T,A,1,2,2
2025-04-01,M,AA,1,2,2
2025-04-01,T,AA,1,2,2
2025-04-01,M,AB,1,2,2
2025-04-01,T,AB,1,2,2
2025-04-01,M,AC,1,2,2
2025-04-01,T,AC,1,2,2
2025-04-01,M,AD,1,2,2
2025-04-01,T,AD,0,1,1
2025-04-01,M,AE,1,2,2
2025-04-01,T,AE,2,3,3
2025-04-01,M,AF,1,2,2
2025-04-01,T,AF,1,2,2
2025-04-01,M,B,1,2,2
2025-04-01,T,B,1,2,2
2025-04-01,M,C,1,2,2
2025-04-01,T,C,1,2,2
2025-04-01,M,D,1,2,2
2025-04-01,T,D,1,2,2
2025-04-01,M,E,1,2,2
2025-04-01,T,E,1,2,2
2025-04-01,M,F,1,2,2
2025-04-01,T,F,1,2,2
2025-04-01,M,G,1,2,2
2025-04-01,T,G,1,2,2
2025-04-01,M,H,1,2,2
2025-04-01,T,H,1,2,2
2025-04-01,M,I,1,2,2
2025-04-01,T,I,1,2,2
2025-04-01,M,J,1,2,2
2025-04-01,T,J,1,2,2
2025-04-01,M,K,1,2,2
2025-04-01,T,K,1,2,2
2025-04-01,M,L,1,2,2
2025-04-01,T,L,1,2,2
2025-04-01,M,M,0,1,1
2025-04-01,T,M,1,2,2
2025-04-01,M,N,1,2,2
2025-04-01,T,N,1,2,2
2025-04-01,M,O,1,2,2
2025-04-01,T,O,1,2,2
2025-04-01,M,P,1,2,2
2025-04-01,T,P,1,2,2
2025-04-01,M,Q,1,2,2
2025-04-01,T,Q,1,2,2
2025-04-01,M,R,1,2,2
2025-04-01,T,R,1,2,2
2025-04-01,M,S,1,2,2
2025-04-01,T,S,1,2,2
2025-04-01,M,T,1,2,2
2025-04-01,T,T,1,2,2
2025-04-01,M,U,1,2,2
2025-04-01,T,U,1,2,2
2025-04-01,M,V,1,2,2
2025-04-01,T,V,1,2,2
2025-04-01,M,W,1,2,2
2025-04-01,T,W,1,2,2
2025-04-01,M,X,1,2,2
2025-04-01,T,X,1,2,2
2025-04-01,M,Y,1,2,2
2025-04-01,T,Y,1,2,2
2025-04-01,M,Z,1,2,2
2025-04-01,T,Z,1,2,2
2025-04-02,M,A,1,2,2
2025-04-02,T,A,1,2,2
2025-04-02,M,AA,1,2,2
2025-04-02,T,AA,1,2,2
2025-04-02,M,AB,1,2,2
2025-04-02,T,AB,1,2,2
2025-04-02,M,AC,0,1,1
2025-04-02,T,AC,1,2,2
2025-04-02,M,AD,1,2,2
2025-04-02,T,AD,1,2,2
2025-04-02,M,AE,2,3,3
2025-04-02,T,AE,1,2,2
2025-04-02,M,AF,1,2,2
2025-04-02,T,AF,1,2,2
2025-04-02,M,B,1,2,2
2025-04-02,T,B,0,1,1
2025-04-02,M,C,1,2,2
2025-04-02,T,C,1,2,2
2025-04-02,M,D,1,2,2
2025-04-02,T,D,1,2,2
2025-04-02,M,E,1,2,2
2025-04-02,T,E,1,2,2
2025-04-02,M,F,1,2,2
2025-04-02,T,F,1,2,2
2025-04-02,M,G,1,2,2
2025-04-02,T,G,1,2,2
2025-04-02,M,H,1,2,2
2025-04-02,T,H,1,2,2
2025-04-02,M,I,1,2,2
2025-04-02,T,I,1,2,2
2025-04-02,M,J,1,2,2
2025-04-02,T,J,1,2,2
2025-04-02,M,K,1,2,2
2025-04-02,T,K,1,2,2
2025-04-02,M,L,2,3,3
2025-04-02,T,L,1,2,2
2025-04-02,M,M,1,2,2
2025-04-02,T,M,1,2,2
2025-04-02,M,N,1,2,2
2025-04-02,T,N,1,2,2
2025-04-02,M,O,1,2,2
2025-04-02,T,O,1,2,2
2025-04-02,M,P,1,2,2
2025-04-02,T,P,1,2,2
2025-04-02,M,Q,1,2,2
2025-04-02,T,Q,1,2,2
2025-04-02,M,R,1,2,2
2025-04-02,T,R,1,2,2
2025-04-02,M,S,1,2,2
2025-04-02,T,S,1,2,2
2025-04-02,M,T,1,2,2
2025-04-02,T,T,1,2,2
2025-04-02,M,U,1,2,2
2025-04-02,T,U,1,2,2
2025-04-02,M,V,1,2,2
2025-04-02,T,V,1,2,2
2025-04-02,M,W,1,2,2
2025-04-02,T,W,1,2,2
2025-04-02,M,X,1,2,2
2025-04-02,T,X,1,2,2
2025-04-02,M,Y,1,2,2
2025-04-02,T,Y,2,3,3
2025-04-02,M,Z,1,2,2
2025-04-02,T,Z,1,2,2
2025-04-03,M,A,1,2,2
2025-04-03,T,A,1,2,2
2025-04-03,M,AA,1,2,2
2025-04-03,T,AA,1,2,2
2025-04-03,M,AB,1,2,2
2025-04-03,T,AB,1,2,2
2025-04-03,M,AC,1,2,2
2025-04-03,T,AC,0,1,1
2025-04-03,M,AD,1,2,2
2025-04-03,T,AD,1,2,2
2025-04-03,M,AE,1,2,2
2025-04-03,T,AE,1,2,2
2025-04-03,M,AF,1,2,2
2025-04-03,T,AF,1,2,2
2025-04-03,M,B,1,2,2
2025-04-03,T,B,1,2,2
2025-04-03,M,C,1,2,2
2025-04-03,T,C,1,2,2
2025-04-03,M,D,1,2,2
2025-04-03,T,D,1,2,2
2025-04-03,M,E,1,2,2
2025-04-03,T,E,1,2,2
2025-04-03,M,F,1,2,2
2025-04-03,T,F,1,2,2
2025-04-03,M,G,1,2,2
2025-04-03,T,G,1,2,2
2025-04-03,M,H,1,2,2
2025-04-03,T,H,1,2,2
2025-04-03,M,I,1,2,2
2025-04-03,T,I,1,2,2
2025-04-03,M,J,1,2,2
2025-04-03,T,J,1,2,2
2025-04-03,M,K,1,2,2
2025-04-03,T,K,1,2,2
2025-04-03,M,L,1,2,2
2025-04-03,T,L,0,1,1
2025-04-03,M,M,1,2,2
2025-04-03,T,M,1,2,2
2025-04-03,M,N,1,2,2
2025-04-03,T,N,1,2,2
2025-04-03,M,O,1,2,2
2025-04-03,T,O,1,2,2
2025-04-03,M,P,1,2,2
2025-04-03,T,P,1,2,2
2025-04-03,M,Q,1,2,2
2025-04-03,T,Q,1,2,2
2025-04-03,M,R,1,2,2
2025-04-03,T,R,1,2,2
2025-04-03,M,S,1,2,2
2025-04-03,T,S,1,2,2
2025-04-03,M,T,1,2,2
2025-04-03,T,T,1,2,2
2025-04-03,M,U,1,2,2
2025-04-03,T,U,1,2,2
2025-04-03,M,V,1,2,2
2025-04-03,T,V,1,2,2
2025-04-03,M,W,1,2,2
2025-04-03,T,W,1,2,2
2025-04-03,M,X,1,2,2
2025-04-03,T,X,1,2,2
2025-04-03,M,Y,1,2,2
2025-04-03,T,Y,1,2,2
2025-04-03,M,Z,2,3,3
2025-04-03,T,Z,1,2,2
2025-04-04,M,A,1,2,2
2025-04-04,T,A,1,2,2
2025-04-04,M,AA,1,2,2
2025-04-04,T,AA,1,2,2
2025-04-04,M,AB,1,2,2
2025-04-04,T,AB,0,1,1
2025-04-04,M,AC,1,2,2
2025-04-04,T,AC,1,2,2
2025-04-04,M,AD,1,2,2
2025-04-04,T,AD,1,2,2
2025-04-04,M,AE,1,2,2
2025-04-04,T,AE,1,2,2
2025-04-04,M,AF,1,2,2
2025-04-04,T,AF,1,2,2
2025-04-04,M,B,1,2,2
2025-04-04,T,B,1,2,2
2025-04-04,M,C,1,2,2
2025-04-04,T,C,1,2,2
2025-04-04,M,D,0,1,1
2025-04-04,T,D,1,2,2
2025-04-04,M,E,1,2,2
2025-04-04,T,E,1,2,2
2025-04-04,M,F,1,2,2
2025-04-04,T,F,1,2,2
2025-04-04,M,G,1,2,2
2025-04-04,T,G,1,2,2
2025-04-04,M,H,1,2,2
2025-04-04,T,H,1,2,2
2025-04-04,M,I,1,2,2
2025-04-04,T,I,1,2,2
2025-04-04,M,J,1,2,2
2025-04-04,T,J,1,2,2
2025-04-04,M,K,1,2,2
2025-04-04,T,K,1,2,2
2025-04-04,M,L,1,2,2
2025-04-04,T,L,1,2,2
2025-04-04,M,M,1,2,2
2025-04-04,T,M,1,2,2
2025-04-04,M,N,1,2,2
2025-04-04,T,N,1,2,2
2025-04-04,M,O,1,2,2
2025-04-04,T,O,1,2,2
2025-04-04,M,P,1,2,2
2025-04-04,T,P,1,2,2
2025-04-04,M,Q,1,2,2
2025-04-04,T,Q,1,2,2
2025-04-04,M,R,1,2,2
2025-04-04,T,R,1,2,2
2025-04-04,M,S,1,2,2
2025-04-04,T,S,1,2,2
2025-04-04,M,T,1,2,2
2025-04-04,T,T,1,2,2
2025-04-04,M,U,1,2,2
2025-04-04,T,U,1,2,2
2025-04-04,M,V,1,2,2
2025-04-04,T,V,1,2,2
2025-04-04,M,W,1,2,2
2025-04-04,T,W,1,2,2
2025-04-04,M,X,1,2,2
2025-04-04,T,X,1,2,2
2025-04-04,M,Y,1,2,2
2025-04-04,T,Y,1,2,2
2025-04-04,M,Z,0,1,1
2025-04-04,T,Z,1,2,2
2025-04-05,M,A,0,1,1
2025-04-05,T,A,1,2,2
2025-04-05,M,AA,1,2,2
2025-04-05,T,AA,1,2,2
2025-04-05,M,AB,1,2,2
2025-04-05,T,AB,1,2,2
2025-04-05,M,AC,1,2,2
2025-04-05,T,AC,1,2,2
2025-04-05,M,AD,1,2,2
2025-04-05,T,AD,1,2,2
2025-04-05,M,AE,1,2,2
2025-04-05,T,AE,1,2,2
2025-04-05,M,AF,1,2,2
2025-04-05,T,AF,1,2,2
2025-04-05,M,B,1,2,2
2025-04-05,T,B,1,2,2
2025-04-05,M,C,1,2,2
2025-04-05,T,C,1,2,2
2025-04-05,M,D,1,2,2
2025-04-05,T,D,1,2,2
2025-04-05,M,E,1,2,2
2025-04-05,T,E,1,2,2
2025-04-05,M,F,1,2,2
2025-04-05,T,F,0,1,1
2025-04-05,M,G,1,2,2
2025-04-05,T,G,1,2,2
2025-04-05,M,H,1,2,2
2025-04-05,T,H,1,2,2
2025-04-05,M,I,1,2,2
2025-04-05,T,I,1,2,2
2025-04-05,M,J,1,2,2
2025-04-05,T,J,1,2,2
2025-04-05,M,K,1,2,2
2025-04-05,T,K,1,2,2
2025-04-05,M,L,1,2,2
2025-04-05,T,L,1,2,2
2025-04-05,M,M,1,2,2
2025-04-05,T,M,1,2,2
2025-04-05,M,N,1,2,2
2025-04-05,T,N,1,2,2
2025-04-05,M,O,1,2,2
2025-04-05,T,O,1,2,2
2025-04-05,M,P,1,2,2
2025-04-05,T,P,1,2,2
2025-04-05,M,Q,1,2,2
2025-04-05,T,Q,1,2,2
2025-04-05,M,R,1,2,2
2025-04-05,T,R,1,2,2
2025-04-05,M,S,1,2,2
2025-04-05,T,S,1,2,2
2025-04-05,M,T,1,2,2
2025-04-05,T,T,1,2,2
2025-04-05,M,U,1,2,2
2025-04-05,T,U,1,2,2
2025-04-05,M,V,1,2,2
2025-04-05,T,V,1,2,2
2025-04-05,M,W,1,2,2
2025-04-05,T,W,1,2,2
2025-04-05,M,X,1,2,2
2025-04-05,T,X,1,2,2
2025-04-05,M,Y,1,2,2
2025-04-05,T,Y,1,2,2
2025-04-05,M,Z,1,2,2
2025-04-05,T,Z,1,2,2
2025-04-06,M,A,1,2,2
2025-04-06,T,A,1,2,2
2025-04-06,M,AA,1,2,2
2025-04-06,T,AA,1,2,2
2025-04-06,M,AB,1,2,2
2025-04-06,T,AB,1,2,2
2025-04-06,M,AC,0,1,1
2025-04-06,T,AC,1,2,2
2025-04-06,M,AD,1,2,2
2025-04-06,T,AD,1,2,2
2025-04-06,M,AE,1,2,2
2025-04-06,T,AE,0,1,1
2025-04-06,M,AF,1,2,2
2025-04-06,T,AF,1,2,2
2025-04-06,M,B,1,2,2
2025-04-06,T,B,2,3,3
2025-04-06,M,C,1,2,2
2025-04-06,T,C,1,2,2
2025-04-06,M,D,1,2,2
2025-04-06,T,D,1,2,2
2025-04-06,M,E,1,2,2
2025-04-06,T,E,1,2,2
2025-04-06,M,F,1,2,2
2025-04-06,T,F,1,2,2
2025-04-06,M,G,1,2,2
2025-04-06,T,G,1,2,2
2025-04-06,M,H,1,2,2
2025-04-06,T,H,1,2,2
2025-04-06,M,I,1,2,2
2025-04-06,T,I,1,2,2
2025-04-06,M,J,1,2,2
2025-04-06,T,J,1,2,2
2025-04-06,M,K,1,2,2
2025-04-06,T,K,1,2,2
2025-04-06,M,L,2,3,3
2025-04-06,T,L,1,2,2
2025-04-06,M,M,1,2,2
2025-04-06,T,M,0,1,1
2025-04-06,M,N,1,2,2
2025-04-06,T,N,1,2,2
2025-04-06,M,O,1,2,2
2025-04-06,T,O,0,1,1
2025-04-06,M,P,1,2,2
2025-04-06,T,P,1,2,2
2025-04-06,M,Q,1,2,2
2025-04-06,T,Q,1,2,2
2025-04-06,M,R,1,2,2
2025-04-06,T,R,1,2,2
2025-04-06,M,S,1,2,2
2025-04-06,T,S,1,2,2
2025-04-06,M,T,1,2,2
2025-04-06,T,T,1,2,2
2025-04-06,M,U,1,2,2
2025-04-06,T,U,1,2,2
2025-04-06,M,V,1,2,2
2025-04-06,T,V,1,2,2
2025-04-06,M,W,1,2,2
2025-04-06,T,W,2,3,3
2025-04-06,M,X,1,2,2
2025-04-06,T,X,1,2,2
2025-04-06,M,Y,1,2,2
2025-04-06,T,Y,1,2,2
2025-04-06,M,Z,0,1,1
2025-04-06,T,Z,1,2,2
2025-04-07,M,A,1,2,2
2025-04-07,T,A,1,2,2
2025-04-07,M,AA,1,2,2
2025-04-07,T,AA,1,2,2
2025-04-07,M,AB,1,2,2
2025-04-07,T,AB,0,1,1
2025-04-07,M,AC,2,3,3
2025-04-07,T,AC,1,2,2
2025-04-07,M,AD,0,1,1
2025-04-07,T,AD,1,2,2
2025-04-07,M,AE,1,2,2
2025-04-07,T,AE,2,3,3
2025-04-07,M,AF,1,2,2
2025-04-07,T,AF,1,2,2
2025-04-07,M,B,0,1,1
2025-04-07,T,B,1,2,2
2025-04-07,M,C,1,2,2
2025-04-07,T,C,1,2,2
2025-04-07,M,D,1,2,2
2025-04-07,T,D,1,2,2
2025-04-07,M,E,1,2,2
2025-04-07,T,E,2,3,3
2025-04-07,M,F,0,1,1
2025-04-07,T,F,1,2,2
2025-04-07,M,G,1,2,2
2025-04-07,T,G,1,2,2
2025-04-07,M,H,1,2,2
2025-04-07,T,H,1,2,2
2025-04-07,M,I,1,2,2
2025-04-07,T,I,0,1,1
2025-04-07,M,J,1,2,2
2025-04-07,T,J,1,2,2
2025-04-07,M,K,1,2,2
2025-04-07,T,K,1,2,2
2025-04-07,M,L,1,2,2
2025-04-07,T,L,1,2,2
2025-04-07,M,M,1,2,2
2025-04-07,T,M,1,2,2
2025-04-07,M,N,1,2,2
2025-04-07,T,N,1,2,2
2025-04-07,M,O,2,3,3
2025-04-07,T,O,1,2,2
2025-04-07,M,P,1,2,2
2025-04-07,T,P,1,2,2
2025-04-07,M,Q,1,2,2
2025-04-07,T,Q,1,2,2
2025-04-07,M,R,1,2,2
2025-04-07,T,R,0,1,1
2025-04-07,M,S,1,2,2
2025-04-07,T,S,1,2,2
2025-04-07,M,T,1,2,2
2025-04-07,T,T,1,2,2
2025-04-07,M,U,1,2,2
2025-04-07,T,U,1,2,2
2025-04-07,M,V,1,2,2
2025-04-07,T,V,1,2,2
2025-04-07,M,W,1,2,2
2025-04-07,T,W,1,2,2
2025-04-07,M,X,1,2,2
2025-04-07,T,X,1,2,2
2025-04-07,M,Y,1,2,2
2025-04-07,T,Y,1,2,2
2025-04-07,M,Z,1,2,2
2025-04-07,T,Z,1,2,2
2025-04-08,M,A,1,2,2
2025-04-08,T,A,1,2,2
2025-04-08,M,AA,1,2,2
2025-04-08,T,AA,1,2,2
2025-04-08,M,AB,1,2,2
2025-04-08,T,AB,0,1,1
2025-04-08,M,AC,1,2,2
2025-04-08,T,AC,1,2,2
2025-04-08,M,AD,1,2,2
2025-04-08,T,AD,1,2,2
2025-04-08,M,AE,1,2,2
2025-04-08,T,AE,1,2,2
2025-04-08,M,AF,1,2,2
2025-04-08,T,AF,1,2,2
2025-04-08,M,B,1,2,2
2025-04-08,T,B,1,2,2
2025-04-08,M,C,1,2,2
2025-04-08,T,C,1,2,2
2025-04-08,M,D,1,2,2
2025-04-08,T,D,1,2,2
2025-04-08,M,E,1,2,2
2025-04-08,T,E,1,2,2
2025-04-08,M,F,1,2,2
2025-04-08,T,F,1,2,2
2025-04-08,M,G,1,2,2
2025-04-08,T,G,1,2,2
2025-04-08,M,H,1,2,2
2025-04-08,T,H,1,2,2
2025-04-08,M,I,1,2,2
2025-04-08,T,I,1,2,2
2025-04-08,M,J,2,3,3
2025-04-08,T,J,1,2,2
2025-04-08,M,K,1,2,2
2025-04-08,T,K,1,2,2
2025-04-08,M,L,0,1,1
2025-04-08,T,L,0,1,1
2025-04-08,M,M,1,2,2
2025-04-08,T,M,1,2,2
2025-04-08,M,N,1,2,2
2025-04-08,T,N,1,2,2
2025-04-08,M,O,1,2,2
2025-04-08,T,O,1,2,2
2025-04-08,M,P,1,2,2
2025-04-08,T,P,1,2,2
2025-04-08,M,Q,1,2,2
2025-04-08,T,Q,1,2,2
2025-04-08,M,R,2,3,3
2025-04-08,T,R,0,1,1
2025-04-08,M,S,1,2,2
2025-04-08,T,S,1,2,2
2025-04-08,M,T,1,2,2
2025-04-08,T,T,1,2,2
2025-04-08,M,U,1,2,2
2025-04-08,T,U,1,2,2
2025-04-08,M,V,1,2,2
2025-04-08,T,V,0,1,1
2025-04-08,M,W,1,2,2
2025-04-08,T,W,1,2,2
2025-04-08,M,X,1,2,2
2025-04-08,T,X,1,2,2
2025-04-08,M,Y,1,2,2
2025-04-08,T,Y,1,2,2
2025-04-08,M,Z,1,2,2
2025-04-08,T,Z,1,2,2
2025-04-09,M,A,1,2,2
2025-04-09,T,A,1,2,2
2025-04-09,M,AA,0,1,1
2025-04-09,T,AA,0,1,1
2025-04-09,M,AB,1,2,2
2025-04-09,T,AB,0,1,1
2025-04-09,M,AC,2,3,3
2025-04-09,T,AC,0,1,1
2025-04-09,M,AD,1,2,2
2025-04-09,T,AD,1,2,2
2025-04-09,M,AE,1,2,2
2025-04-09,T,AE,1,2,2
2025-04-09,M,AF,1,2,2
2025-04-09,T,AF,1,2,2
2025-04-09,M,B,1,2,2
2025-04-09,T,B,1,2,2
2025-04-09,M,C,1,2,2
2025-04-09,T,C,1,2,2
2025-04-09,M,D,1,2,2
2025-04-09,T,D,1,2,2
2025-04-09,M,E,1,2,2
2025-04-09,T,E,1,2,2
2025-04-09,M,F,1,2,2
2025-04-09,T,F,1,2,2
2025-04-09,M,G,1,2,2
2025-04-09,T,G,1,2,2
2025-04-09,M,H,1,2,2
2025-04-09,T,H,1,2,2
2025-04-09,M,I,1,2,2
2025-04-09,T,I,1,2,2
2025-04-09,M,J,1,2,2
2025-04-09,T,J,1,2,2
2025-04-09,M,K,1,2,2
2025-04-09,T,K,1,2,2
2025-04-09,M,L,1,2,2
2025-04-09,T,L,1,2,2
2025-04-09,M,M,1,2,2
2025-04-09,T,M,1,2,2
2025-04-09,M,N,1,2,2
2025-04-09,T,N,1,2,2
2025-04-09,M,O,1,2,2
2025-04-09,T,O,1,2,2
2025-04-09,M,P,1,2,2
2025-04-09,T,P,1,2,2
2025-04-09,M,Q,1,2,2
2025-04-09,T,Q,1,2,2
2025-04-09,M,R,1,2,2
2025-04-09,T,R,1,2,2
2025-04-09,M,S,2,3,3
2025-04-09,T,S,1,2,2
2025-04-09,M,T,1,2,2
2025-04-09,T,T,1,2,2
2025-04-09,M,U,1,2,2
2025-04-09,T,U,1,2,2
2025-04-09,M,V,1,2,2
2025-04-09,T,V,1,2,2
2025-04-09,M,W,1,2,2
2025-04-09,T,W,1,2,2
2025-04-09,M,X,1,2,2
2025-04-09,T,X,1,2,2
2025-04-09,M,Y,1,2,2
2025-04-09,T,Y,1,2,2
2025-04-09,M,Z,1,2,2
2025-04-09,T,Z,1,2,2
2025-04-10,M,A,1,2,2
2025-04-10,T,A,1,2,2
2025-04-10,M,AA,1,2,2
2025-04-10,T,AA,1,2,2
2025-04-10,M,AB,0,1,1
2025-04-10,T,AB,1,2,2
2025-04-10,M,AC,1,2,2
2025-04-10,T,AC,1,2,2
2025-04-10,M,AD,1,2,2
2025-04-10,T,AD,1,2,2
2025-04-10,M,AE,1,2,2
2025-04-10,T,AE,1,2,2
2025-04-10,M,AF,2,3,3
2025-04-10,T,AF,1,2,2
2025-04-10,M,B,1,2,2
2025-04-10,T,B,1,2,2
2025-04-10,M,C,0,1,1
2025-04-10,T,C,1,2,2
2025-04-10,M,D,1,2,2
2025-04-10,T,D,1,2,2
2025-04-10,M,E,1,2,2
2025-04-10,T,E,1,2,2
2025-04-10,M,F,1,2,2
2025-04-10,T,F,1,2,2
2025-04-10,M,G,1,2,2
2025-04-10,T,G,1,2,2
2025-04-10,M,H,1,2,2
2025-04-10,T,H,1,2,2
2025-04-10,M,I,1,2,2
2025-04-10,T,I,1,2,2
2025-04-10,M,J,1,2,2
2025-04-10,T,J,1,2,2
2025-04-10,M,K,1,2,2
2025-04-10,T,K,1,2,2
2025-04-10,M,L,1,2,2
2025-04-10,T,L,1,2,2
2025-04-10,M,M,0,1,1
2025-04-10,T,M,1,2,2
2025-04-10,M,N,1,2,2
2025-04-10,T,N,1,2,2
2025-04-10,M,O,1,2,2
2025-04-10,T,O,2,3,3
2025-04-10,M,P,1,2,2
2025-04-10,T,P,1,2,2
2025-04-10,M,Q,1,2,2
2025-04-10,T,Q,1,2,2
2025-04-10,M,R,1,2,2
2025-04-10,T,R,1,2,2
2025-04-10,M,S,1,2,2
2025-04-10,T,S,1,2,2
2025-04-10,M,T,1,2,2
2025-04-10,T,T,1,2,2
2025-04-10,M,U,1,2,2
2025-04-10,T,U,1,2,2
2025-04-10,M,V,1,2,2
2025-04-10,T,V,1,2,2
2025-04-10,M,W,1,2,2
2025-04-10,T,W,0,1,1
2025-04-10,M,X,1,2,2
2025-04-10,T,X,1,2,2
2025-04-10,M,Y,1,2,2
2025-04-10,T,Y,2,3,3
2025-04-10,M,Z,1,2,2
2025-04-10,T,Z,1,2,2
2025-04-11,M,A,1,2,2
2025-04-11,T,A,1,2,2
2025-04-11,M,AA,1,2,2
2025-04-11,T,AA,1,2,2
2025-04-11,M,AB,1,2,2
2025-04-11,T,AB,0,1,1
2025-04-11,M,AC,1,2,2
2025-04-11,T,AC,1,2,2
2025-04-11,M,AD,1,2,2
2025-04-11,T,AD,0,1,1
2025-04-11,M,AE,2,3,3
2025-04-11,T,AE,1,2,2
2025-04-11,M,AF,1,2,2
2025-04-11,T,AF,1,2,2
2025-04-11,M,B,1,2,2
2025-04-11,T,B,1,2,2
2025-04-11,M,C,1,2,2
2025-04-11,T,C,1,2,2
2025-04-11,M,D,1,2,2
2025-04-11,T,D,1,2,2
2025-04-11,M,E,1,2,2
2025-04-11,T,E,1,2,2
2025-04-11,M,F,0,1,1
2025-04-11,T,F,1,2,2
2025-04-11,M,G,1,2,2
2025-04-11,T,G,1,2,2
2025-04-11,M,H,1,2,2
2025-04-11,T,H,1,2,2
2025-04-11,M,I,1,2,2
2025-04-11,T,I,1,2,2
2025-04-11,M,J,1,2,2
2025-04-11,T,J,1,2,2
2025-04-11,M,K,1,2,2
2025-04-11,T,K,1,2,2
2025-04-11,M,L,1,2,2
2025-04-11,T,L,1,2,2
2025-04-11,M,M,1,2,2
2025-04-11,T,M,1,2,2
2025-04-11,M,N,1,2,2
2025-04-11,T,N,1,2,2
2025-04-11,M,O,1,2,2
2025-04-11,T,O,1,2,2
2025-04-11,M,P,1,2,2
2025-04-11,T,P,1,2,2
2025-04-11,M,Q,1,2,2
2025-04-11,T,Q,1,2,2
2025-04-11,M,R,1,2,2
2025-04-11,T,R,1,2,2
2025-04-11,M,S,1,2,2
2025-04-11,T,S,1,2,2
2025-04-11,M,T,1,2,2
2025-04-11,T,T,1,2,2
2025-04-11,M,U,1,2,2
2025-04-11,T,U,1,2,2
2025-04-11,M,V,1,2,2
2025-04-11,T,V,0,1,1
2025-04-11,M,W,1,2,2
2025-04-11,T,W,1,2,2
2025-04-11,M,X,1,2,2
2025-04-11,T,X,1,2,2
2025-04-11,M,Y,1,2,2
2025-04-11,T,Y,1,2,2
2025-04-11,M,Z,1,2,2
2025-04-11,T,Z,1,2,2
2025-04-12,M,A,1,2,2
2025-04-12,T,A,1,2,2
2025-04-12,M,AA,0,1,1
2025-04-12,T,AA,1,2,2
2025-04-12,M,AB,1,2,2
2025-04-12,T,AB,1,2,2
2025-04-12,M,AC,1,2,2
2025-04-12,T,AC,1,2,2
2025-04-12,M,AD,1,2,2
2025-04-12,T,AD,1,2,2
2025-04-12,M,AE,1,2,2
2025-04-12,T,AE,1,2,2
2025-04-12,M,AF,1,2,2
2025-04-12,T,AF,1,2,2
2025-04-12,M,B,2,3,3
2025-04-12,T,B,2,3,3
2025-04-12,M,C,1,2,2
2025-04-12,T,C,1,2,2
2025-04-12,M,D,1,2,2
2025-04-12,T,D,1,2,2
2025-04-12,M,E,1,2,2
2025-04-12,T,E,1,2,2
2025-04-12,M,F,2,3,3
2025-04-12,T,F,1,2,2
2025-04-12,M,G,1,2,2
2025-04-12,T,G,1,2,2
2025-04-12,M,H,1,2,2
2025-04-12,T,H,1,2,2
2025-04-12,M,I,2,3,3
2025-04-12,T,I,2,3,3
2025-04-12,M,J,1,2,2
2025-04-12,T,J,1,2,2
2025-04-12,M,K,1,2,2
2025-04-12,T,K,1,2,2
2025-04-12,M,L,1,2,2
2025-04-12,T,L,1,2,2
2025-04-12,M,M,1,2,2
2025-04-12,T,M,1,2,2
2025-04-12,M,N,2,3,3
2025-04-12,T,N,1,2,2
2025-04-12,M,O,1,2,2
2025-04-12,T,O,1,2,2
2025-04-12,M,P,1,2,2
2025-04-12,T,P,1,2,2
2025-04-12,M,Q,0,1,1
2025-04-12,T,Q,1,2,2
2025-04-12,M,R,1,2,2
2025-04-12,T,R,1,2,2
2025-04-12,M,S,1,2,2
2025-04-12,T,S,1,2,2
2025-04-12,M,T,1,2,2
2025-04-12,T,T,0,1,1
2025-04-12,M,U,1,2,2
2025-04-12,T,U,1,2,2
2025-04-12,M,V,1,2,2
2025-04-12,T,V,1,2,2
2025-04-12,M,W,1,2,2
2025-04-12,T,W,1,2,2
2025-04-12,M,X,1,2,2
2025-04-12,T,X,1,2,2
2025-04-12,M,Y,1,2,2
2025-04-12,T,Y,1,2,2
2025-04-12,M,Z,1,2,2
2025-04-12,T,Z,1,2,2
2025-04-13,M,A,1,2,2
2025-04-13,T,A,2,3,3
2025-04-13,M,AA,1,2,2
2025-04-13,T,AA,1,2,2
2025-04-13,M,AB,1,2,2
2025-04-13,T,AB,1,2,2
2025-04-13,M,AC,1,2,2
2025-04-13,T,AC,1,2,2
2025-04-13,M,AD,1,2,2
2025-04-13,T,AD,1,2,2
2025-04-13,M,AE,1,2,2
2025-04-13,T,AE,1,2,2
2025-04-13,M,AF,2,3,3
2025-04-13,T,AF,1,2,2
2025-04-13,M,B,1,2,2
2025-04-13,T,B,1,2,2
2025-04-13,M,C,1,2,2
2025-04-13,T,C,1,2,2
2025-04-13,M,D,1,2,2
2025-04-13,T,D,1,2,2
2025-04-13,M,E,1,2,2
2025-04-13,T,E,1,2,2
2025-04-13,M,F,1,2,2
2025-04-13,T,F,1,2,2
2025-04-13,M,G,1,2,2
2025-04-13,T,G,1,2,2
2025-04-13,M,H,1,2,2
2025-04-13,T,H,1,2,2
2025-04-13,M,I,1,2,2
2025-04-13,T,I,1,2,2
2025-04-13,M,J,1,2,2
2025-04-13,T,J,1,2,2
2025-04-13,M,K,1,2,2
2025-04-13,T,K,1,2,2
2025-04-13,M,L,1,2,2
2025-04-13,T,L,1,2,2
2025-04-13,M,M,1,2,2
2025-04-13,T,M,1,2,2
2025-04-13,M,N,1,2,2
2025-04-13,T,N,1,2,2
2025-04-13,M,O,1,2,2
2025-04-13,T,O,1,2,2
2025-04-13,M,P,1,2,2
2025-04-13,T,P,1,2,2
2025-04-13,M,Q,1,2,2
2025-04-13,T,Q,1,2,2
2025-04-13,M,R,1,2,2
2025-04-13,T,R,1,2,2
2025-04-13,M,S,1,2,2
2025-04-13,T,S,1,2,2
2025-04-13,M,T,1,2,2
2025-04-13,T,T,1,2,2
2025-04-13,M,U,1,2,2
2025-04-13,T,U,1,2,2
2025-04-13,M,V,0,1,1
2025-04-13,T,V,1,2,2
2025-04-13,M,W,1,2,2
2025-04-13,T,W,2,3,3
2025-04-13,M,X,1,2,2
2025-04-13,T,X,1,2,2
2025-04-13,M,Y,1,2,2
2025-04-13,T,Y,2,3,3
2025-04-13,M,Z,1,2,2
2025-04-13,T,Z,1,2,2
2025-04-14,M,A,1,2,2
2025-04-14,T,A,1,2,2
2025-04-14,M,AA,1,2,2
2025-04-14,T,AA,1,2,2
2025-04-14,M,AB,1,2,2
2025-04-14,T,AB,1,2,2
2025-04-14,M,AC,1,2,2
2025-04-14,T,AC,1,2,2
2025-04-14,M,AD,1,2,2
2025-04-14,T,AD,1,2,2
2025-04-14,M,AE,1,2,2
2025-04-14,T,AE,1,2,2
2025-04-14,M,AF,0,1,1
2025-04-14,T,AF,1,2,2
2025-04-14,M,B,1,2,2
2025-04-14,T,B,1,2,2
2025-04-14,M,C,1,2,2
2025-04-14,T,C,1,2,2
2025-04-14,M,D,1,2,2
2025-04-14,T,D,1,2,2
2025-04-14,M,E,1,2,2
2025-04-14,T,E,1,2,2
2025-04-14,M,F,1,2,2
2025-04-14,T,F,1,2,2
2025-04-14,M,G,1,2,2
2025-04-14,T,G,1,2,2
2025-04-14,M,H,1,2,2
2025-04-14,T,H,1,2,2
2025-04-14,M,I,1,2,2
2025-04-14,T,I,1,2,2
2025-04-14,M,J,1,2,2
2025-04-14,T,J,1,2,2
2025-04-14,M,K,1,2,2
2025-04-14,T,K,1,2,2
2025-04-14,M,L,1,2,2
2025-04-14,T,L,1,2,2
2025-04-14,M,M,1,2,2
2025-04-14,T,M,1,2,2
2025-04-14,M,N,1,2,2
2025-04-14,T,N,1,2,2
2025-04-14,M,O,1,2,2
2025-04-14,T,O,1,2,2
2025-04-14,M,P,1,2,2
2025-04-14,T,P,1,2,2
2025-04-14,M,Q,1,2,2
2025-04-14,T,Q,1,2,2
2025-04-14,M,R,1,2,2
2025-04-14,T,R,1,2,2
2025-04-14,M,S,1,2,2
2025-04-14,T,S,1,2,2
2025-04-14,M,T,1,2,2
2025-04-14,T,T,1,2,2
2025-04-14,M,U,1,2,2
2025-04-14,T,U,1,2,2
2025-04-14,M,V,1,2,2
2025-04-14,T,V,1,2,2
2025-04-14,M,W,1,2,2
2025-04-14,T,W,1,2,2
2025-04-14,M,X,1,2,2
2025-04-14,T,X,1,2,2
2025-04-14,M,Y,1,2,2
2025-04-14,T,Y,1,2,2
2025-04-14,M,Z,1,2,2
2025-04-14,T,Z,1,2,2
2025-04-15,M,A,1,2,2
2025-04-15,T,A,1,2,2
2025-04-15,M,AA,1,2,2
2025-04-15,T,AA,1,2,2
2025-04-15,M,AB,1,2,2
2025-04-15,T,AB,1,2,2
2025-04-15,M,AC,1,2,2
2025-04-15,T,AC,1,2,2
2025-04-15,M,AD,1,2,2
2025-04-15,T,AD,1,2,2
2025-04-15,M,AE,1,2,2
2025-04-15,T,AE,0,1,1
2025-04-15,M,AF,1,2,2
2025-04-15,T,AF,0,1,1
2025-04-15,M,B,1,2,2
2025-04-15,T,B,1,2,2
2025-04-15,M,C,1,2,2
2025-04-15,T,C,0,1,1
2025-04-15,M,D,1,2,2
2025-04-15,T,D,1,2,2
2025-04-15,M,E,1,2,2
2025-04-15,T,E,1,2,2
2025-04-15,M,F,1,2,2
2025-04-15,T,F,1,2,2
2025-04-15,M,G,1,2,2
2025-04-15,T,G,1,2,2
2025-04-15,M,H,1,2,2
2025-04-15,T,H,1,2,2
2025-04-15,M,I,1,2,2
2025-04-15,T,I,1,2,2
2025-04-15,M,J,1,2,2
2025-04-15,T,J,1,2,2
2025-04-15,M,K,1,2,2
2025-04-15,T,K,1,2,2
2025-04-15,M,L,1,2,2
2025-04-15,T,L,1,2,2
2025-04-15,M,M,1,2,2
2025-04-15,T,M,1,2,2
2025-04-15,M,N,1,2,2
2025-04-15,T,N,1,2,2
2025-04-15,M,O,1,2,2
2025-04-15,T,O,1,2,2
2025-04-15,M,P,1,2,2
2025-04-15,T,P,1,2,2
2025-04-15,M,Q,1,2,2
2025-04-15,T,Q,1,2,2
2025-04-15,M,R,1,2,2
2025-04-15,T,R,1,2,2
2025-04-15,M,S,1,2,2
2025-04-15,T,S,1,2,2
2025-04-15,M,T,1,2,2
2025-04-15,T,T,1,2,2
2025-04-15,M,U,1,2,2
2025-04-15,T,U,1,2,2
2025-04-15,M,V,2,3,3
2025-04-15,T,V,1,2,2
2025-04-15,M,W,1,2,2
2025-04-15,T,W,1,2,2
2025-04-15,M,X,1,2,2
2025-04-15,T,X,1,2,2
2025-04-15,M,Y,0,1,1
2025-04-15,T,Y,1,2,2
2025-04-15,M,Z,1,2,2
2025-04-15,T,Z,1,2,2
2025-04-16,M,A,1,2,2
2025-04-16,T,A,1,2,2
2025-04-16,M,AA,2,3,3
2025-04-16,T,AA,1,2,2
2025-04-16,M,AB,1,2,2
2025-04-16,T,AB,2,3,3
2025-04-16,M,AC,1,2,2
2025-04-16,T,AC,1,2,2
2025-04-16,M,AD,1,2,2
2025-04-16,T,AD,1,2,2
2025-04-16,M,AE,1,2,2
2025-04-16,T,AE,1,2,2
2025-04-16,M,AF,1,2,2
2025-04-16,T,AF,1,2,2
2025-04-16,M,B,1,2,2
2025-04-16,T,B,1,2,2
2025-04-16,M,C,1,2,2
2025-04-16,T,C,1,2,2
2025-04-16,M,D,1,2,2
2025-04-16,T,D,1,2,2
2025-04-16,M,E,1,2,2
2025-04-16,T,E,1,2,2
2025-04-16,M,F,1,2,2
2025-04-16,T,F,2,3,3
2025-04-16,M,G,1,2,2
2025-04-16,T,G,1,2,2
2025-04-16,M,H,1,2,2
2025-04-16,T,H,1,2,2
2025-04-16,M,I,1,2,2
2025-04-16,T,I,1,2,2
2025-04-16,M,J,1,2,2
2025-04-16,T,J,1,2,2
2025-04-16,M,K,1,2,2
2025-04-16,T,K,1,2,2
2025-04-16,M,L,1,2,2
2025-04-16,T,L,1,2,2
2025-04-16,M,M,1,2,2
2025-04-16,T,M,1,2,2
2025-04-16,M,N,1,2,2
2025-04-16,T,N,1,2,2
2025-04-16,M,O,1,2,2
2025-04-16,T,O,1,2,2
2025-04-16,M,P,2,3,3
2025-04-16,T,P,1,2,2
2025-04-16,M,Q,1,2,2
2025-04-16,T,Q,1,2,2
2025-04-16,M,R,1,2,2
2025-04-16,T,R,1,2,2
2025-04-16,M,S,1,2,2
2025-04-16,T,S,1,2,2
2025-04-16,M,T,1,2,2
2025-04-16,T,T,1,2,2
2025-04-16,M,U,1,2,2
2025-04-16,T,U,1,2,2
2025-04-16,M,V,1,2,2
2025-04-16,T,V,1,2,2
2025-04-16,M,W,1,2,2
2025-04-16,T,W,1,2,2
2025-04-16,M,X,1,2,2
2025-04-16,T,X,1,2,2
2025-04-16,M,Y,1,2,2
2025-04-16,T,Y,1,2,2
2025-04-16,M,Z,1,2,2
2025-04-16,T,Z,1,2,2
2025-04-17,M,A,1,2,2
2025-04-17,T,A,1,2,2
2025-04-17,M,AA,1,2,2
2025-04-17,T,AA,1,2,2
2025-04-17,M,AB,1,2,2
2025-04-17,T,AB,1,2,2
2025-04-17,M,AC,1,2,2
2025-04-17,T,AC,1,2,2
2025-04-17,M,AD,1,2,2
2025-04-17,T,AD,1,2,2
2025-04-17,M,AE,1,2,2
2025-04-17,T,AE,1,2,2
2025-04-17,M,AF,1,2,2
2025-04-17,T,AF,1,2,2
2025-04-17,M,B,1,2,2
2025-04-17,T,B,2,3,3
2025-04-17,M,C,1,2,2
2025-04-17,T,C,1,2,2
2025-04-17,M,D,1,2,2
2025-04-17,T,D,1,2,2
2025-04-17,M,E,1,2,2
2025-04-17,T,E,1,2,2
2025-04-17,M,F,0,1,1
2025-04-17,T,F,1,2,2
2025-04-17,M,G,1,2,2
2025-04-17,T,G,1,2,2
2025-04-17,M,H,1,2,2
2025-04-17,T,H,1,2,2
2025-04-17,M,I,0,1,1
2025-04-17,T,I,1,2,2
2025-04-17,M,J,1,2,2
2025-04-17,T,J,0,1,1
2025-04-17,M,K,1,2,2
2025-04-17,T,K,1,2,2
2025-04-17,M,L,1,2,2
2025-04-17,T,L,1,2,2
2025-04-17,M,M,1,2,2
2025-04-17,T,M,1,2,2
2025-04-17,M,N,1,2,2
2025-04-17,T,N,1,2,2
2025-04-17,M,O,1,2,2
2025-04-17,T,O,1,2,2
2025-04-17,M,P,1,2,2
2025-04-17,T,P,1,2,2
2025-04-17,M,Q,1,2,2
2025-04-17,T,Q,1,2,2
2025-04-17,M,R,2,3,3
2025-04-17,T,R,1,2,2
2025-04-17,M,S,1,2,2
2025-04-17,T,S,1,2,2
2025-04-17,M,T,1,2,2
2025-04-17,T,T,1,2,2
2025-04-17,M,U,1,2,2
2025-04-17,T,U,1,2,2
2025-04-17,M,V,1,2,2
2025-04-17,T,V,1,2,2
2025-04-17,M,W,1,2,2
2025-04-17,T,W,1,2,2
2025-04-17,M,X,2,3,3
2025-04-17,T,X,1,2,2
2025-04-17,M,Y,1,2,2
2025-04-17,T,Y,1,2,2
2025-04-17,M,Z,1,2,2
2025-04-17,T,Z,1,2,2
2025-04-18,M,A,1,2,2
2025-04-18,T,A,1,2,2
2025-04-18,M,AA,1,2,2
2025-04-18,T,AA,1,2,2
2025-04-18,M,AB,1,2,2
2025-04-18,T,AB,1,2,2
2025-04-18,M,AC,1,2,2
2025-04-18,T,AC,1,2,2
2025-04-18,M,AD,1,2,2
2025-04-18,T,AD,1,2,2
2025-04-18,M,AE,1,2,2
2025-04-18,T,AE,1,2,2
2025-04-18,M,AF,1,2,2
2025-04-18,T,AF,1,2,2
2025-04-18,M,B,1,2,2
2025-04-18,T,B,1,2,2
2025-04-18,M,C,1,2,2
2025-04-18,T,C,1,2,2
2025-04-18,M,D,1,2,2
2025-04-18,T,D,1,2,2
2025-04-18,M,E,1,2,2
2025-04-18,T,E,1,2,2
2025-04-18,M,F,1,2,2
2025-04-18,T,F,1,2,2
2025-04-18,M,G,1,2,2
2025-04-18,T,G,1,2,2
2025-04-18,M,H,1,2,2
2025-04-18,T,H,1,2,2
2025-04-18,M,I,1,2,2
2025-04-18,T,I,1,2,2
2025-04-18,M,J,1,2,2
2025-04-18,T,J,1,2,2
2025-04-18,M,K,1,2,2
2025-04-18,T,K,1,2,2
2025-04-18,M,L,1,2,2
2025-04-18,T,L,1,2,2
2025-04-18,M,M,1,2,2
2025-04-18,T,M,1,2,2
2025-04-18,M,N,1,2,2
2025-04-18,T,N,1,2,2
2025-04-18,M,O,1,2,2
2025-04-18,T,O,1,2,2
2025-04-18,M,P,1,2,2
2025-04-18,T,P,1,2,2
2025-04-18,M,Q,2,3,3
2025-04-18,T,Q,1,2,2
2025-04-18,M,R,1,2,2
2025-04-18,T,R,1,2,2
2025-04-18,M,S,1,2,2
2025-04-18,T,S,1,2,2
2025-04-18,M,T,0,1,1
2025-04-18,T,T,1,2,2
2025-04-18,M,U,1,2,2
2025-04-18,T,U,1,2,2
2025-04-18,M,V,1,2,2
2025-04-18,T,V,1,2,2
2025-04-18,M,W,1,2,2
2025-04-18,T,W,1,2,2
2025-04-18,M,X,1,2,2
2025-04-18,T,X,1,2,2
2025-04-18,M,Y,1,2,2
2025-04-18,T,Y,1,2,2
2025-04-18,M,Z,1,2,2
2025-04-18,T,Z,1,2,2
2025-04-19,M,A,1,2,2
2025-04-19,T,A,1,2,2
2025-04-19,M,AA,1,2,2
2025-04-19,T,AA,2,3,3
2025-04-19,M,AB,1,2,2
2025-04-19,T,AB,1,2,2
2025-04-19,M,AC,1,2,2
2025-04-19,T,AC,1,2,2
2025-04-19,M,AD,1,2,2
2025-04-19,T,AD,1,2,2
2025-04-19,M,AE,1,2,2
2025-04-19,T,AE,1,2,2
2025-04-19,M,AF,1,2,2
2025-04-19,T,AF,1,2,2
2025-04-19,M,B,1,2,2
2025-04-19,T,B,1,2,2
2025-04-19,M,C,1,2,2
2025-04-19,T,C,0,1,1
2025-04-19,M,D,1,2,2
2025-04-19,T,D,1,2,2
2025-04-19,M,E,1,2,2
2025-04-19,T,E,1,2,2
2025-04-19,M,F,1,2,2
2025-04-19,T,F,1,2,2
2025-04-19,M,G,1,2,2
2025-04-19,T,G,1,2,2
2025-04-19,M,H,1,2,2
2025-04-19,T,H,1,2,2
2025-04-19,M,I,1,2,2
2025-04-19,T,I,1,2,2
2025-04-19,M,J,1,2,2
2025-04-19,T,J,1,2,2
2025-04-19,M,K,1,2,2
2025-04-19,T,K,2,3,3
2025-04-19,M,L,1,2,2
2025-04-19,T,L,1,2,2
2025-04-19,M,M,1,2,2
2025-04-19,T,M,1,2,2
2025-04-19,M,N,1,2,2
2025-04-19,T,N,1,2,2
2025-04-19,M,O,1,2,2
2025-04-19,T,O,1,2,2
2025-04-19,M,P,0,1,1
2025-04-19,T,P,1,2,2
2025-04-19,M,Q,1,2,2
2025-04-19,T,Q,1,2,2
2025-04-19,M,R,1,2,2
2025-04-19,T,R,1,2,2
2025-04-19,M,S,1,2,2
2025-04-19,T,S,0,1,1
2025-04-19,M,T,1,2,2
2025-04-19,T,T,1,2,2
2025-04-19,M,U,1,2,2
2025-04-19,T,U,1,2,2
2025-04-19,M,V,1,2,2
2025-04-19,T,V,1,2,2
2025-04-19,M,W,0,1,1
2025-04-19,T,W,2,3,3
2025-04-19,M,X,2,3,3
2025-04-19,T,X,1,2,2
2025-04-19,M,Y,1,2,2
2025-04-19,T,Y,1,2,2
2025-04-19,M,Z,1,2,2
2025-04-19,T,Z,1,2,2
2025-04-20,M,A,1,2,2
2025-04-20,T,A,1,2,2
2025-04-20,M,AA,1,2,2
2025-04-20,T,AA,2,3,3
2025-04-20,M,AB,1,2,2
2025-04-20,T,AB,1,2,2
2025-04-20,M,AC,1,2,2
2025-04-20,T,AC,1,2,2
2025-04-20,M,AD,1,2,2
2025-04-20,T,AD,1,2,2
2025-04-20,M,AE,1,2,2
2025-04-20,T,AE,1,2,2
2025-04-20,M,AF,1,2,2
2025-04-20,T,AF,1,2,2
2025-04-20,M,B,1,2,2
2025-04-20,T,B,1,2,2
2025-04-20,M,C,1,2,2
2025-04-20,T,C,1,2,2
2025-04-20,M,D,1,2,2
2025-04-20,T,D,1,2,2
2025-04-20,M,E,1,2,2
2025-04-20,T,E,1,2,2
2025-04-20,M,F,1,2,2
2025-04-20,T,F,1,2,2
2025-04-20,M,G,1,2,2
2025-04-20,T,G,1,2,2
2025-04-20,M,H,1,2,2
2025-04-20,T,H,1,2,2
2025-04-20,M,I,1,2,2
2025-04-20,T,I,1,2,2
2025-04-20,M,J,1,2,2
2025-04-20,T,J,1,2,2
2025-04-20,M,K,1,2,2
2025-04-20,T,K,1,2,2
2025-04-20,M,L,1,2,2
2025-04-20,T,L,1,2,2
2025-04-20,M,M,1,2,2
2025-04-20,T,M,1,2,2
2025-04-20,M,N,1,2,2
2025-04-20,T,N,0,1,1
2025-04-20,M,O,1,2,2
2025-04-20,T,O,1,2,2
2025-04-20,M,P,1,2,2
2025-04-20,T,P,2,3,3
2025-04-20,M,Q,1,2,2
2025-04-20,T,Q,1,2,2
2025-04-20,M,R,1,2,2
2025-04-20,T,R,1,2,2
2025-04-20,M,S,1,2,2
2025-04-20,T,S,1,2,2
2025-04-20,M,T,1,2,2
2025-04-20,T,T,1,2,2
2025-04-20,M,U,1,2,2
2025-04-20,T,U,1,2,2
2025-04-20,M,V,1,2,2
2025-04-20,T,V,1,2,2
2025-04-20,M,W,1,2,2
2025-04-20,T,W,1,2,2
2025-04-20,M,X,1,2,2
2025-04-20,T,X,1,2,2
2025-04-20,M,Y,1,2,2
2025-04-20,T,Y,1,2,2
2025-04-20,M,Z,1,2,2
2025-04-20,T,Z,1,2,2
2025-04-21,M,A,1,2,2
2025-04-21,T,A,1,2,2
2025-04-21,M,AA,1,2,2
2025-04-21,T,AA,1,2,2
2025-04-21,M,AB,1,2,2
2025-04-21,T,AB,1,2,2
2025-04-21,M,AC,1,2,2
2025-04-21,T,AC,1,2,2
2025-04-21,M,AD,1,2,2
2025-04-21,T,AD,1,2,2
2025-04-21,M,AE,1,2,2
2025-04-21,T,AE,1,2,2
2025-04-21,M,AF,1,2,2
2025-04-21,T,AF,1,2,2
2025-04-21,M,B,1,2,2
2025-04-21,T,B,1,2,2
2025-04-21,M,C,1,2,2
2025-04-21,T,C,1,2,2
2025-04-21,M,D,1,2,2
2025-04-21,T,D,1,2,2
2025-04-21,M,E,1,2,2
2025-04-21,T,E,1,2,2
2025-04-21,M,F,1,2,2
2025-04-21,T,F,1,2,2
2025-04-21,M,G,1,2,2
2025-04-21,T,G,1,2,2
2025-04-21,M,H,1,2,2
2025-04-21,T,H,1,2,2
2025-04-21,M,I,1,2,2
2025-04-21,T,I,1,2,2
2025-04-21,M,J,1,2,2
2025-04-21,T,J,1,2,2
2025-04-21,M,K,1,2,2
2025-04-21,T,K,1,2,2
2025-04-21,M,L,1,2,2
2025-04-21,T,L,1,2,2
2025-04-21,M,M,1,2,2
2025-04-21,T,M,1,2,2
2025-04-21,M,N,1,2,2
2025-04-21,T,N,1,2,2
2025-04-21,M,O,1,2,2
2025-04-21,T,O,1,2,2
2025-04-21,M,P,1,2,2
2025-04-21,T,P,1,2,2
2025-04-21,M,Q,1,2,2
2025-04-21,T,Q,1,2,2
2025-04-21,M,R,1,2,2
2025-04-21,T,R,1,2,2
2025-04-21,M,S,1,2,2
2025-04-21,T,S,1,2,2
2025-04-21,M,T,1,2,2
2025-04-21,T,T,2,3,3
2025-04-21,M,U,1,2,2
2025-04-21,T,U,1,2,2
2025-04-21,M,V,1,2,2
2025-04-21,T,V,1,2,2
2025-04-21,M,W,1,2,2
2025-04-21,T,W,1,2,2
2025-04-21,M,X,1,2,2
2025-04-21,T,X,1,2,2
2025-04-21,M,Y,1,2,2
2025-04-21,T,Y,0,1,1
2025-04-21,M,Z,1,2,2
2025-04-21,T,Z,1,2,2
2025-04-22,M,A,1,2,2
2025-04-22,T,A,1,2,2
2025-04-22,M,AA,1,2,2
2025-04-22,T,AA,1,2,2
2025-04-22,M,AB,1,2,2
2025-04-22,T,AB,1,2,2
2025-04-22,M,AC,1,2,2
2025-04-22,T,AC,1,2,2
2025-04-22,M,AD,1,2,2
2025-04-22,T,AD,1,2,2
2025-04-22,M,AE,1,2,2
2025-04-22,T,AE,1,2,2
2025-04-22,M,AF,1,2,2
2025-04-22,T,AF,1,2,2
2025-04-22,M,B,1,2,2
2025-04-22,T,B,1,2,2
2025-04-22,M,C,1,2,2
2025-04-22,T,C,1,2,2
2025-04-22,M,D,1,2,2
2025-04-22,T,D,1,2,2
2025-04-22,M,E,1,2,2
2025-04-22,T,E,1,2,2
2025-04-22,M,F,1,2,2
2025-04-22,T,F,1,2,2
2025-04-22,M,G,1,2,2
2025-04-22,T,G,1,2,2
2025-04-22,M,H,1,2,2
2025-04-22,T,H,1,2,2
2025-04-22,M,I,1,2,2
2025-04-22,T,I,1,2,2
2025-04-22,M,J,1,2,2
2025-04-22,T,J,1,2,2
2025-04-22,M,K,1,2,2
2025-04-22,T,K,1,2,2
2025-04-22,M,L,1,2,2
2025-04-22,T,L,1,2,2
2025-04-22,M,M,1,2,2
2025-04-22,T,M,1,2,2
2025-04-22,M,N,1,2,2
2025-04-22,T,N,1,2,2
2025-04-22,M,O,1,2,2
2025-04-22,T,O,1,2,2
2025-04-22,M,P,1,2,2
2025-04-22,T,P,1,2,2
2025-04-22,M,Q,1,2,2
2025-04-22,T,Q,0,1,1
2025-04-22,M,R,1,2,2
2025-04-22,T,R,1,2,2
2025-04-22,M,S,1,2,2
2025-04-22,T,S,1,2,2
2025-04-22,M,T,1,2,2
2025-04-22,T,T,1,2,2
2025-04-22,M,U,1,2,2
2025-04-22,T,U,0,1,1
2025-04-22,M,V,1,2,2
2025-04-22,T,V,1,2,2
2025-04-22,M,W,1,2,2
2025-04-22,T,W,1,2,2
2025-04-22,M,X,1,2,2
2025-04-22,T,X,1,2,2
2025-04-22,M,Y,1,2,2
2025-04-22,T,Y,1,2,2
2025-04-22,M,Z,1,2,2
2025-04-22,T,Z,1,2,2
2025-04-23,M,A,1,2,2
2025-04-23,T,A,1,2,2
2025-04-23,M,AA,1,2,2
2025-04-23,T,AA,1,2,2
2025-04-23,M,AB,1,2,2
2025-04-23,T,AB,1,2,2
2025-04-23,M,AC,1,2,2
2025-04-23,T,AC,1,2,2
2025-04-23,M,AD,1,2,2
2025-04-23,T,AD,0,1,1
2025-04-23,M,AE,1,2,2
2025-04-23,T,AE,1,2,2
2025-04-23,M,AF,1,2,2
2025-04-23,T,AF,1,2,2
2025-04-23,M,B,1,2,2
2025-04-23,T,B,1,2,2
2025-04-23,M,C,1,2,2
2025-04-23,T,C,1,2,2
2025-04-23,M,D,1,2,2
2025-04-23,T,D,1,2,2
2025-04-23,M,E,1,2,2
2025-04-23,T,E,1,2,2
2025-04-23,M,F,1,2,2
2025-04-23,T,F,1,2,2
2025-04-23,M,G,2,3,3
2025-04-23,T,G,1,2,2
2025-04-23,M,H,1,2,2
2025-04-23,T,H,1,2,2
2025-04-23,M,I,1,2,2
2025-04-23,T,I,1,2,2
2025-04-23,M,J,1,2,2
2025-04-23,T,J,1,2,2
2025-04-23,M,K,1,2,2
2025-04-23,T,K,1,2,2
2025-04-23,M,L,0,1,1
2025-04-23,T,L,1,2,2
2025-04-23,M,M,1,2,2
2025-04-23,T,M,1,2,2
2025-04-23,M,N,1,2,2
2025-04-23,T,N,1,2,2
2025-04-23,M,O,1,2,2
2025-04-23,T,O,2,3,3
2025-04-23,M,P,0,1,1
2025-04-23,T,P,1,2,2
2025-04-23,M,Q,1,2,2
2025-04-23,T,Q,1,2,2
2025-04-23,M,R,1,2,2
2025-04-23,T,R,1,2,2
2025-04-23,M,S,1,2,2
2025-04-23,T,S,1,2,2
2025-04-23,M,T,1,2,2
2025-04-23,T,T,1,2,2
2025-04-23,M,U,1,2,2
2025-04-23,T,U,1,2,2
2025-04-23,M,V,1,2,2
2025-04-23,T,V,1,2,2
2025-04-23,M,W,1,2,2
2025-04-23,T,W,1,2,2
2025-04-23,M,X,1,2,2
2025-04-23,T,X,1,2,2
2025-04-23,M,Y,1,2,2
2025-04-23,T,Y,1,2,2
2025-04-23,M,Z,1,2,2
2025-04-23,T,Z,1,2,2
2025-04-24,M,A,1,2,2
2025-04-24,T,A,1,2,2
2025-04-24,M,AA,1,2,2
2025-04-24,T,AA,1,2,2
2025-04-24,M,AB,1,2,2
2025-04-24,T,AB,1,2,2
2025-04-24,M,AC,1,2,2
2025-04-24,T,AC,1,2,2
2025-04-24,M,AD,1,2,2
2025-04-24,T,AD,1,2,2
2025-04-24,M,AE,1,2,2
2025-04-24,T,AE,1,2,2
2025-04-24,M,AF,1,2,2
2025-04-24,T,AF,1,2,2
2025-04-24,M,B,1,2,2
2025-04-24,T,B,0,1,1
2025-04-24,M,C,1,2,2
2025-04-24,T,C,1,2,2
2025-04-24,M,D,1,2,2
2025-04-24,T,D,1,2,2
2025-04-24,M,E,1,2,2
2025-04-24,T,E,0,1,1
2025-04-24,M,F,1,2,2
2025-04-24,T,F,1,2,2
2025-04-24,M,G,1,2,2
2025-04-24,T,G,1,2,2
2025-04-24,M,H,1,2,2
2025-04-24,T,H,1,2,2
2025-04-24,M,I,1,2,2
2025-04-24,T,I,1,2,2
2025-04-24,M,J,1,2,2
2025-04-24,T,J,1,2,2
2025-04-24,M,K,1,2,2
2025-04-24,T,K,1,2,2
2025-04-24,M,L,1,2,2
2025-04-24,T,L,1,2,2
2025-04-24,M,M,1,2,2
2025-04-24,T,M,1,2,2
2025-04-24,M,N,1,2,2
2025-04-24,T,N,1,2,2
2025-04-24,M,O,1,2,2
2025-04-24,T,O,1,2,2
2025-04-24,M,P,1,2,2
2025-04-24,T,P,1,2,2
2025-04-24,M,Q,2,3,3
2025-04-24,T,Q,1,2,2
2025-04-24,M,R,1,2,2
2025-04-24,T,R,1,2,2
2025-04-24,M,S,1,2,2
2025-04-24,T,S,1,2,2
2025-04-24,M,T,1,2,2
2025-04-24,T,T,1,2,2
2025-04-24,M,U,1,2,2
2025-04-24,T,U,1,2,2
2025-04-24,M,V,1,2,2
2025-04-24,T,V,1,2,2
2025-04-24,M,W,1,2,2
2025-04-24,T,W,1,2,2
2025-04-24,M,X,1,2,2
2025-04-24,T,X,1,2,2
2025-04-24,M,Y,1,2,2
2025-04-24,T,Y,1,2,2
2025-04-24,M,Z,1,2,2
2025-04-24,T,Z,1,2,2
2025-04-25,M,A,1,2,2
2025-04-25,T,A,0,1,1
2025-04-25,M,AA,1,2,2
2025-04-25,T,AA,1,2,2
2025-04-25,M,AB,1,2,2
2025-04-25,T,AB,1,2,2
2025-04-25,M,AC,1,2,2
2025-04-25,T,AC,1,2,2
2025-04-25,M,AD,1,2,2
2025-04-25,T,AD,1,2,2
2025-04-25,M,AE,1,2,2
2025-04-25,T,AE,2,3,3
2025-04-25,M,AF,1,2,2
2025-04-25,T,AF,1,2,2
2025-04-25,M,B,1,2,2
2025-04-25,T,B,1,2,2
2025-04-25,M,C,1,2,2
2025-04-25,T,C,0,1,1
2025-04-25,M,D,1,2,2
2025-04-25,T,D,1,2,2
2025-04-25,M,E,0,1,1
2025-04-25,T,E,1,2,2
2025-04-25,M,F,2,3,3
2025-04-25,T,F,1,2,2
2025-04-25,M,G,1,2,2
2025-04-25,T,G,1,2,2
2025-04-25,M,H,1,2,2
2025-04-25,T,H,1,2,2
2025-04-25,M,I,1,2,2
2025-04-25,T,I,1,2,2
2025-04-25,M,J,1,2,2
2025-04-25,T,J,1,2,2
2025-04-25,M,K,1,2,2
2025-04-25,T,K,1,2,2
2025-04-25,M,L,1,2,2
2025-04-25,T,L,1,2,2
2025-04-25,M,M,1,2,2
2025-04-25,T,M,1,2,2
2025-04-25,M,N,1,2,2
2025-04-25,T,N,1,2,2
2025-04-25,M,O,1,2,2
2025-04-25,T,O,1,2,2
2025-04-25,M,P,0,1,1
2025-04-25,T,P,2,3,3
2025-04-25,M,Q,1,2,2
2025-04-25,T,Q,1,2,2
2025-04-25,M,R,1,2,2
2025-04-25,T,R,1,2,2
2025-04-25,M,S,1,2,2
2025-04-25,T,S,1,2,2
2025-04-25,M,T,1,2,2
2025-04-25,T,T,1,2,2
2025-04-25,M,U,1,2,2
2025-04-25,T,U,1,2,2
2025-04-25,M,V,1,2,2
2025-04-25,T,V,1,2,2
2025-04-25,M,W,1,2,2
2025-04-25,T,W,1,2,2
2025-04-25,M,X,1,2,2
2025-04-25,T,X,1,2,2
2025-04-25,M,Y,1,2,2
2025-04-25,T,Y,1,2,2
2025-04-25,M,Z,1,2,2
2025-04-25,T,Z,1,2,2
2025-04-26,M,A,1,2,2
2025-04-26,T,A,1,2,2
2025-04-26,M,AA,1,2,2
2025-04-26,T,AA,1,2,2
2025-04-26,M,AB,1,2,2
2025-04-26,T,AB,1,2,2
2025-04-26,M,AC,1,2,2
2025-04-26,T,AC,1,2,2
2025-04-26,M,AD,1,2,2
2025-04-26,T,AD,1,2,2
2025-04-26,M,AE,1,2,2
2025-04-26,T,AE,1,2,2
2025-04-26,M,AF,1,2,2
2025-04-26,T,AF,0,1,1
2025-04-26,M,B,1,2,2
2025-04-26,T,B,1,2,2
2025-04-26,M,C,1,2,2
2025-04-26,T,C,1,2,2
2025-04-26,M,D,1,2,2
2025-04-26,T,D,1,2,2
2025-04-26,M,E,1,2,2
2025-04-26,T,E,1,2,2
2025-04-26,M,F,1,2,2
2025-04-26,T,F,0,1,1
2025-04-26,M,G,0,1,1
2025-04-26,T,G,1,2,2
2025-04-26,M,H,1,2,2
2025-04-26,T,H,1,2,2
2025-04-26,M,I,1,2,2
2025-04-26,T,I,1,2,2
2025-04-26,M,J,1,2,2
2025-04-26,T,J,1,2,2
2025-04-26,M,K,1,2,2
2025-04-26,T,K,1,2,2
2025-04-26,M,L,1,2,2
2025-04-26,T,L,1,2,2
2025-04-26,M,M,1,2,2
2025-04-26,T,M,1,2,2
2025-04-26,M,N,1,2,2
2025-04-26,T,N,1,2,2
2025-04-26,M,O,1,2,2
2025-04-26,T,O,1,2,2
2025-04-26,M,P,1,2,2
2025-04-26,T,P,1,2,2
2025-04-26,M,Q,1,2,2
2025-04-26,T,Q,1,2,2
2025-04-26,M,R,1,2,2
2025-04-26,T,R,1,2,2
2025-04-26,M,S,1,2,2
2025-04-26,T,S,1,2,2
2025-04-26,M,T,2,3,3
2025-04-26,T,T,1,2,2
2025-04-26,M,U,1,2,2
2025-04-26,T,U,1,2,2
2025-04-26,M,V,1,2,2
2025-04-26,T,V,1,2,2
2025-04-26,M,W,1,2,2
2025-04-26,T,W,1,2,2
2025-04-26,M,X,1,2,2
2025-04-26,T,X,1,2,2
2025-04-26,M,Y,1,2,2
2025-04-26,T,Y,1,2,2
2025-04-26,M,Z,1,2,2
2025-04-26,T,Z,1,2,2
2025-04-27,M,A,1,2,2
2025-04-27,T,A,1,2,2
2025-04-27,M,AA,1,2,2
2025-04-27,T,AA,1,2,2
2025-04-27,M,AB,1,2,2
2025-04-27,T,AB,1,2,2
2025-04-27,M,AC,0,1,1
2025-04-27,T,AC,1,2,2
2025-04-27,M,AD,0,1,1
2025-04-27,T,AD,1,2,2
2025-04-27,M,AE,1,2,2
2025-04-27,T,AE,1,2,2
2025-04-27,M,AF,1,2,2
2025-04-27,T,AF,1,2,2
2025-04-27,M,B,1,2,2
2025-04-27,T,B,1,2,2
2025-04-27,M,C,1,2,2
2025-04-27,T,C,1,2,2
2025-04-27,M,D,1,2,2
2025-04-27,T,D,1,2,2
2025-04-27,M,E,0,1,1
2025-04-27,T,E,0,1,1
2025-04-27,M,F,0,1,1
2025-04-27,T,F,1,2,2
2025-04-27,M,G,1,2,2
2025-04-27,T,G,1,2,2
2025-04-27,M,H,1,2,2
2025-04-27,T,H,1,2,2
2025-04-27,M,I,1,2,2
2025-04-27,T,I,1,2,2
2025-04-27,M,J,1,2,2
2025-04-27,T,J,1,2,2
2025-04-27,M,K,1,2,2
2025-04-27,T,K,1,2,2
2025-04-27,M,L,1,2,2
2025-04-27,T,L,1,2,2
2025-04-27,M,M,1,2,2
2025-04-27,T,M,1,2,2
2025-04-27,M,N,1,2,2
2025-04-27,T,N,1,2,2
2025-04-27,M,O,1,2,2
2025-04-27,T,O,1,2,2
2025-04-27,M,P,1,2,2
2025-04-27,T,P,1,2,2
2025-04-27,M,Q,1,2,2
2025-04-27,T,Q,2,3,3
2025-04-27,M,R,1,2,2
2025-04-27,T,R,1,2,2
2025-04-27,M,S,1,2,2
2025-04-27,T,S,1,2,2
2025-04-27,M,T,1,2,2
2025-04-27,T,T,1,2,2
2025-04-27,M,U,1,2,2
2025-04-27,T,U,1,2,2
2025-04-27,M,V,1,2,2
2025-04-27,T,V,1,2,2
2025-04-27,M,W,1,2,2
2025-04-27,T,W,1,2,2
2025-04-27,M,X,1,2,2
2025-04-27,T,X,1,2,2
2025-04-27,M,Y,1,2,2
2025-04-27,T,Y,1,2,2
2025-04-27,M,Z,1,2,2
2025-04-27,T,Z,1,2,2
2025-04-28,M,A,1,2,2
2025-04-28,T,A,1,2,2
2025-04-28,M,AA,1,2,2
2025-04-28,T,AA,1,2,2
2025-04-28,M,AB,1,2,2
2025-04-28,T,AB,1,2,2
2025-04-28,M,AC,1,2,2
2025-04-28,T,AC,1,2,2
2025-04-28,M,AD,1,2,2
2025-04-28,T,AD,1,2,2
2025-04-28,M,AE,1,2,2
2025-04-28,T,AE,1,2,2
2025-04-28,M,AF,1,2,2
2025-04-28,T,AF,1,2,2
2025-04-28,M,B,1,2,2
2025-04-28,T,B,1,2,2
2025-04-28,M,C,1,2,2
2025-04-28,T,C,1,2,2
2025-04-28,M,D,1,2,2
2025-04-28,T,D,1,2,2
2025-04-28,M,E,1,2,2
2025-04-28,T,E,1,2,2
2025-04-28,M,F,1,2,2
2025-04-28,T,F,1,2,2
2025-04-28,M,G,1,2,2
2025-04-28,T,G,1,2,2
2025-04-28,M,H,1,2,2
2025-04-28,T,H,1,2,2
2025-04-28,M,I,0,1,1
2025-04-28,T,I,1,2,2
2025-04-28,M,J,1,2,2
2025-04-28,T,J,1,2,2
2025-04-28,M,K,0,1,1
2025-04-28,T,K,1,2,2
2025-04-28,M,L,2,3,3
2025-04-28,T,L,1,2,2
2025-04-28,M,M,1,2,2
2025-04-28,T,M,1,2,2
2025-04-28,M,N,1,2,2
2025-04-28,T,N,1,2,2
2025-04-28,M,O,1,2,2
2025-04-28,T,O,1,2,2
2025-04-28,M,P,0,1,1
2025-04-28,T,P,0,1,1
2025-04-28,M,Q,1,2,2
2025-04-28,T,Q,1,2,2
2025-04-28,M,R,1,2,2
2025-04-28,T,R,1,2,2
2025-04-28,M,S,1,2,2
2025-04-28,T,S,1,2,2
2025-04-28,M,T,1,2,2
2025-04-28,T,T,1,2,2
2025-04-28,M,U,1,2,2
2025-04-28,T,U,1,2,2
2025-04-28,M,V,0,1,1
2025-04-28,T,V,1,2,2
2025-04-28,M,W,1,2,2
2025-04-28,T,W,1,2,2
2025-04-28,M,X,1,2,2
2025-04-28,T,X,1,2,2
2025-04-28,M,Y,1,2,2
2025-04-28,T,Y,1,2,2
2025-04-28,M,Z,1,2,2
2025-04-28,T,Z,1,2,2
2025-04-29,M,A,1,2,2
2025-04-29,T,A,1,2,2
2025-04-29,M,AA,1,2,2
2025-04-29,T,AA,1,2,2
2025-04-29,M,AB,1,2,2
2025-04-29,T,AB,1,2,2
2025-04-29,M,AC,1,2,2
2025-04-29,T,AC,1,2,2
2025-04-29,M,AD,1,2,2
2025-04-29,T,AD,2,3,3
2025-04-29,M,AE,1,2,2
2025-04-29,T,AE,1,2,2
2025-04-29,M,AF,1,2,2
2025-04-29,T,AF,1,2,2
2025-04-29,M,B,0,1,1
2025-04-29,T,B,1,2,2
2025-04-29,M,C,1,2,2
2025-04-29,T,C,1,2,2
2025-04-29,M,D,1,2,2
2025-04-29,T,D,1,2,2
2025-04-29,M,E,2,3,3
2025-04-29,T,E,1,2,2
2025-04-29,M,F,1,2,2
2025-04-29,T,F,1,2,2
2025-04-29,M,G,1,2,2
2025-04-29,T,G,1,2,2
2025-04-29,M,H,1,2,2
2025-04-29,T,H,1,2,2
2025-04-29,M,I,1,2,2
2025-04-29,T,I,1,2,2
2025-04-29,M,J,1,2,2
2025-04-29,T,J,1,2,2
2025-04-29,M,K,1,2,2
2025-04-29,T,K,1,2,2
2025-04-29,M,L,1,2,2
2025-04-29,T,L,1,2,2
2025-04-29,M,M,1,2,2
2025-04-29,T,M,2,3,3
2025-04-29,M,N,1,2,2
2025-04-29,T,N,1,2,2
2025-04-29,M,O,1,2,2
2025-04-29,T,O,1,2,2
2025-04-29,M,P,1,2,2
2025-04-29,T,P,1,2,2
2025-04-29,M,Q,1,2,2
2025-04-29,T,Q,1,2,2
2025-04-29,M,R,1,2,2
2025-04-29,T,R,2,3,3
2025-04-29,M,S,1,2,2
2025-04-29,T,S,1,2,2
2025-04-29,M,T,1,2,2
2025-04-29,T,T,1,2,2
2025-04-29,M,U,1,2,2
2025-04-29,T,U,2,3,3
2025-04-29,M,V,1,2,2
2025-04-29,T,V,1,2,2
2025-04-29,M,W,1,2,2
2025-04-29,T,W,1,2,2
2025-04-29,M,X,1,2,2
2025-04-29,T,X,1,2,2
2025-04-29,M,Y,1,2,2
2025-04-29,T,Y,1,2,2
2025-04-29,M,Z,1,2,2
2025-04-29,T,Z,1,2,2
2025-04-30,M,A,1,2,2
2025-04-30,T,A,1,2,2
2025-04-30,M,AA,1,2,2
2025-04-30,T,AA,1,2,2
2025-04-30,M,AB,1,2,2
2025-04-30,T,AB,1,2,2
2025-04-30,M,AC,1,2,2
2025-04-30,T,AC,1,2,2
2025-04-30,M,AD,1,2,2
2025-04-30,T,AD,1,2,2
2025-04-30,M,AE,1,2,2
2025-04-30,T,AE,1,2,2
2025-04-30,M,AF,1,2,2
2025-04-30,T,AF,2,3,3
2025-04-30,M,B,1,2,2
2025-04-30,T,B,1,2,2
2025-04-30,M,C,0,1,1
2025-04-30,T,C,1,2,2
2025-04-30,M,D,1,2,2
2025-04-30,T,D,1,2,2
2025-04-30,M,E,1,2,2
2025-04-30,T,E,1,2,2
2025-04-30,M,F,1,2,2
2025-04-30,T,F,1,2,2
2025-04-30,M,G,1,2,2
2025-04-30,T,G,1,2,2
2025-04-30,M,H,0,1,1
2025-04-30,T,H,1,2,2
2025-04-30,M,I,1,2,2
2025-04-30,T,I,1,2,2
2025-04-30,M,J,1,2,2
2025-04-30,T,J,1,2,2
2025-04-30,M,K,1,2,2
2025-04-30,T,K,1,2,2
2025-04-30,M,L,1,2,2
2025-04-30,T,L,1,2,2
2025-04-30,M,M,1,2,2
2025-04-30,T,M,1,2,2
2025-04-30,M,N,1,2,2
2025-04-30,T,N,1,2,2
2025-04-30,M,O,1,2,2
2025-04-30,T,O,1,2,2
2025-04-30,M,P,1,2,2
2025-04-30,T,P,1,2,2
2025-04-30,M,Q,1,2,2
2025-04-30,T,Q,1,2,2
2025-04-30,M,R,1,2,2
2025-04-30,T,R,1,2,2
2025-04-30,M,S,1,2,2
2025-04-30,T,S,1,2,2
2025-04-30,M,T,1,2,2
2025-04-30,T,T,1,2,2
2025-04-30,M,U,1,2,2
2025-04-30,T,U,2,3,3
2025-04-30,M,V,1,2,2
2025-04-30,T,V,1,2,2
2025-04-30,M,W,1,2,2
2025-04-30,T,W,1,2,2
2025-04-30,M,X,1,2,2
2025-04-30,T,X,1,2,2
2025-04-30,M,Y,1,2,2
2025-04-30,T,Y,1,2,2
2025-04-30,M,Z,1,2,2
2025-04-30,T,Z,2,3,3
2025-05-01,M,A,1,2,2
2025-05-01,T,A,1,2,2
2025-05-01,M,AA,1,2,2
2025-05-01,T,AA,1,2,2
2025-05-01,M,AB,1,2,2
2025-05-01,T,AB,1,2,2
2025-05-01,M,AC,1,2,2
2025-05-01,T,AC,1,2,2
2025-05-01,M,AD,1,2,2
2025-05-01,T,AD,1,2,2
2025-05-01,M,AE,0,1,1
2025-05-01,T,AE,1,2,2
2025-05-01,M,AF,1,2,2
2025-05-01,T,AF,1,2,2
2025-05-01,M,B,1,2,2
2025-05-01,T,B,1,2,2
2025-05-01,M,C,1,2,2
2025-05-01,T,C,1,2,2
2025-05-01,M,D,1,2,2
2025-05-01,T,D,1,2,2
2025-05-01,M,E,1,2,2
2025-05-01,T,E,1,2,2
2025-05-01,M,F,1,2,2
2025-05-01,T,F,1,2,2
2025-05-01,M,G,1,2,2
2025-05-01,T,G,0,1,1
2025-05-01,M,H,1,2,2
2025-05-01,T,H,1,2,2
2025-05-01,M,I,1,2,2
2025-05-01,T,I,1,2,2
2025-05-01,M,J,1,2,2
2025-05-01,T,J,1,2,2
2025-05-01,M,K,1,2,2
2025-05-01,T,K,1,2,2
2025-05-01,M,L,1,2,2
2025-05-01,T,L,1,2,2
2025-05-01,M,M,1,2,2
2025-05-01,T,M,1,2,2
2025-05-01,M,N,1,2,2
2025-05-01,T,N,1,2,2
2025-05-01,M,O,1,2,2
2025-05-01,T,O,1,2,2
2025-05-01,M,P,1,2,2
2025-05-01,T,P,1,2,2
2025-05-01,M,Q,1,2,2
2025-05-01,T,Q,1,2,2
2025-05-01,M,R,1,2,2
2025-05-01,T,R,1,2,2
2025-05-01,M,S,1,2,2
2025-05-01,T,S,1,2,2
2025-05-01,M,T,1,2,2
2025-05-01,T,T,1,2,2
2025-05-01,M,U,1,2,2
2025-05-01,T,U,1,2,2
2025-05-01,M,V,1,2,2
2025-05-01,T,V,1,2,2
2025-05-01,M,W,1,2,2
2025-05-01,T,W,1,2,2
2025-05-01,M,X,1,2,2
2025-05-01,T,X,1,2,2
2025-05-01,M,Y,1,2,2
2025-05-01,T,Y,1,2,2
2025-05-01,M,Z,1,2,2
2025-05-01,T,Z,1,2,2
2025-05-02,M,A,1,2,2
2025-05-02,T,A,1,2,2
2025-05-02,M,AA,1,2,2
2025-05-02,T,AA,1,2,2
2025-05-02,M,AB,1,2,2
2025-05-02,T,AB,1,2,2
2025-05-02,M,AC,1,2,2
2025-05-02,T,AC,1,2,2
2025-05-02,M,AD,1,2,2
2025-05-02,T,AD,1,2,2
2025-05-02,M,AE,1,2,2
2025-05-02,T,AE,1,2,2
2025-05-02,M,AF,2,3,3
2025-05-02,T,AF,1,2,2
2025-05-02,M,B,1,2,2
2025-05-02,T,B,1,2,2
2025-05-02,M,C,1,2,2
2025-05-02,T,C,1,2,2
2025-05-02,M,D,1,2,2
2025-05-02,T,D,1,2,2
2025-05-02,M,E,1,2,2
2025-05-02,T,E,1,2,2
2025-05-02,M,F,1,2,2
2025-05-02,T,F,1,2,2
2025-05-02,M,G,2,3,3
2025-05-02,T,G,1,2,2
2025-05-02,M,H,2,3,3
2025-05-02,T,H,1,2,2
2025-05-02,M,I,1,2,2
2025-05-02,T,I,1,2,2
2025-05-02,M,J,1,2,2
2025-05-02,T,J,1,2,2
2025-05-02,M,K,1,2,2
2025-05-02,T,K,1,2,2
2025-05-02,M,L,1,2,2
2025-05-02,T,L,1,2,2
2025-05-02,M,M,1,2,2
2025-05-02,T,M,1,2,2
2025-05-02,M,N,1,2,2
2025-05-02,T,N,1,2,2
2025-05-02,M,O,1,2,2
2025-05-02,T,O,1,2,2
2025-05-02,M,P,1,2,2
2025-05-02,T,P,1,2,2
2025-05-02,M,Q,1,2,2
2025-05-02,T,Q,1,2,2
2025-05-02,M,R,1,2,2
2025-05-02,T,R,1,2,2
2025-05-02,M,S,1,2,2
2025-05-02,T,S,1,2,2
2025-05-02,M,T,1,2,2
2025-05-02,T,T,2,3,3
2025-05-02,M,U,1,2,2
2025-05-02,T,U,1,2,2
2025-05-02,M,V,1,2,2
2025-05-02,T,V,1,2,2
2025-05-02,M,W,2,3,3
2025-05-02,T,W,1,2,2
2025-05-02,M,X,1,2,2
2025-05-02,T,X,1,2,2
2025-05-02,M,Y,1,2,2
2025-05-02,T,Y,1,2,2
2025-05-02,M,Z,1,2,2
2025-05-02,T,Z,1,2,2
2025-05-03,M,A,1,2,2
2025-05-03,T,A,0,1,1
2025-05-03,M,AA,1,2,2
2025-05-03,T,AA,2,3,3
2025-05-03,M,AB,1,2,2
2025-05-03,T,AB,1,2,2
2025-05-03,M,AC,1,2,2
2025-05-03,T,AC,1,2,2
2025-05-03,M,AD,1,2,2
2025-05-03,T,AD,1,2,2
2025-05-03,M,AE,1,2,2
2025-05-03,T,AE,1,2,2
2025-05-03,M,AF,1,2,2
2025-05-03,T,AF,1,2,2
2025-05-03,M,B,1,2,2
2025-05-03,T,B,1,2,2
2025-05-03,M,C,2,3,3
2025-05-03,T,C,1,2,2
2025-05-03,M,D,1,2,2
2025-05-03,T,D,1,2,2
2025-05-03,M,E,1,2,2
2025-05-03,T,E,1,2,2
2025-05-03,M,F,1,2,2
2025-05-03,T,F,1,2,2
2025-05-03,M,G,1,2,2
2025-05-03,T,G,1,2,2
2025-05-03,M,H,1,2,2
2025-05-03,T,H,1,2,2
2025-05-03,M,I,1,2,2
2025-05-03,T,I,1,2,2
2025-05-03,M,J,1,2,2
2025-05-03,T,J,1,2,2
2025-05-03,M,K,1,2,2
2025-05-03,T,K,1,2,2
2025-05-03,M,L,1,2,2
2025-05-03,T,L,1,2,2
2025-05-03,M,M,1,2,2
2025-05-03,T,M,2,3,3
2025-05-03,M,N,1,2,2
2025-05-03,T,N,1,2,2
2025-05-03,M,O,1,2,2
2025-05-03,T,O,1,2,2
2025-05-03,M,P,1,2,2
2025-05-03,T,P,1,2,2
2025-05-03,M,Q,1,2,2
2025-05-03,T,Q,1,2,2
2025-05-03,M,R,1,2,2
2025-05-03,T,R,1,2,2
2025-05-03,M,S,0,1,1
2025-05-03,T,S,1,2,2
2025-05-03,M,T,0,1,1
2025-05-03,T,T,1,2,2
2025-05-03,M,U,1,2,2
2025-05-03,T,U,1,2,2
2025-05-03,M,V,1,2,2
2025-05-03,T,V,1,2,2
2025-05-03,M,W,1,2,2
2025-05-03,T,W,1,2,2
2025-05-03,M,X,1,2,2
2025-05-03,T,X,2,3,3
2025-05-03,M,Y,1,2,2
2025-05-03,T,Y,1,2,2
2025-05-03,M,Z,1,2,2
2025-05-03,T,Z,1,2,2
2025-05-04,M,A,1,2,2
2025-05-04,T,A,0,1,1
2025-05-04,M,AA,1,2,2
2025-05-04,T,AA,1,2,2
2025-05-04,M,AB,1,2,2
2025-05-04,T,AB,1,2,2
2025-05-04,M,AC,1,2,2
2025-05-04,T,AC,1,2,2
2025-05-04,M,AD,1,2,2
2025-05-04,T,AD,1,2,2
2025-05-04,M,AE,1,2,2
2025-05-04,T,AE,1,2,2
2025-05-04,M,AF,1,2,2
2025-05-04,T,AF,1,2,2
2025-05-04,M,B,1,2,2
2025-05-04,T,B,1,2,2
2025-05-04,M,C,0,1,1
2025-05-04,T,C,1,2,2
2025-05-04,M,D,1,2,2
2025-05-04,T,D,1,2,2
2025-05-04,M,E,1,2,2
2025-05-04,T,E,1,2,2
2025-05-04,M,F,1,2,2
2025-05-04,T,F,1,2,2
2025-05-04,M,G,0,1,1
2025-05-04,T,G,1,2,2
2025-05-04,M,H,1,2,2
2025-05-04,T,H,1,2,2
2025-05-04,M,I,1,2,2
2025-05-04,T,I,1,2,2
2025-05-04,M,J,1,2,2
2025-05-04,T,J,1,2,2
2025-05-04,M,K,1,2,2
2025-05-04,T,K,1,2,2
2025-05-04,M,L,1,2,2
2025-05-04,T,L,1,2,2
2025-05-04,M,M,1,2,2
2025-05-04,T,M,1,2,2
2025-05-04,M,N,1,2,2
2025-05-04,T,N,1,2,2
2025-05-04,M,O,1,2,2
2025-05-04,T,O,1,2,2
2025-05-04,M,P,1,2,2
2025-05-04,T,P,1,2,2
2025-05-04,M,Q,1,2,2
2025-05-04,T,Q,1,2,2
2025-05-04,M,R,1,2,2
2025-05-04,T,R,1,2,2
2025-05-04,M,S,1,2,2
2025-05-04,T,S,1,2,2
2025-05-04,M,T,1,2,2
2025-05-04,T,T,1,2,2
2025-05-04,M,U,1,2,2
2025-05-04,T,U,1,2,2
2025-05-04,M,V,1,2,2
2025-05-04,T,V,1,2,2
2025-05-04,M,W,1,2,2
2025-05-04,T,W,1,2,2
2025-05-04,M,X,1,2,2
2025-05-04,T,X,1,2,2
2025-05-04,M,Y,1,2,2
2025-05-04,T,Y,1,2,2
2025-05-04,M,Z,2,3,3
2025-05-04,T,Z,1,2,2
2025-05-05,M,A,1,2,2
2025-05-05,T,A,1,2,2
2025-05-05,M,AA,1,2,2
2025-05-05,T,AA,1,2,2
2025-05-05,M,AB,1,2,2
2025-05-05,T,AB,1,2,2
2025-05-05,M,AC,1,2,2
2025-05-05,T,AC,1,2,2
2025-05-05,M,AD,1,2,2
2025-05-05,T,AD,1,2,2
2025-05-05,M,AE,2,3,3
2025-05-05,T,AE,1,2,2
2025-05-05,M,AF,1,2,2
2025-05-05,T,AF,1,2,2
2025-05-05,M,B,1,2,2
2025-05-05,T,B,1,2,2
2025-05-05,M,C,1,2,2
2025-05-05,T,C,1,2,2
2025-05-05,M,D,1,2,2
2025-05-05,T,D,1,2,2
2025-05-05,M,E,1,2,2
2025-05-05,T,E,1,2,2
2025-05-05,M,F,1,2,2
2025-05-05,T,F,1,2,2
2025-05-05,M,G,1,2,2
2025-05-05,T,G,1,2,2
2025-05-05,M,H,1,2,2
2025-05-05,T,H,1,2,2
2025-05-05,M,I,1,2,2
2025-05-05,T,I,1,2,2
2025-05-05,M,J,2,3,3
2025-05-05,T,J,1,2,2
2025-05-05,M,K,1,2,2
2025-05-05,T,K,0,1,1
2025-05-05,M,L,1,2,2
2025-05-05,T,L,1,2,2
2025-05-05,M,M,1,2,2
2025-05-05,T,M,1,2,2
2025-05-05,M,N,1,2,2
2025-05-05,T,N,1,2,2
2025-05-05,M,O,1,2,2
2025-05-05,T,O,1,2,2
2025-05-05,M,P,1,2,2
2025-05-05,T,P,1,2,2
2025-05-05,M,Q,1,2,2
2025-05-05,T,Q,1,2,2
2025-05-05,M,R,1,2,2
2025-05-05,T,R,1,2,2
2025-05-05,M,S,1,2,2
2025-05-05,T,S,1,2,2
2025-05-05,M,T,1,2,2
2025-05-05,T,T,1,2,2
2025-05-05,M,U,1,2,2
2025-05-05,T,U,1,2,2
2025-05-05,M,V,1,2,2
2025-05-05,T,V,1,2,2
2025-05-05,M,W,1,2,2
2025-05-05,T,W,1,2,2
2025-05-05,M,X,1,2,2
2025-05-05,T,X,1,2,2
2025-05-05,M,Y,1,2,2
2025-05-05,T,Y,1,2,2
2025-05-05,M,Z,1,2,2
2025-05-05,T,Z,1,2,2
2025-05-06,M,A,1,2,2
2025-05-06,T,A,0,1,1
2025-05-06,M,AA,1,2,2
2025-05-06,T,AA,1,2,2
2025-05-06,M,AB,1,2,2
2025-05-06,T,AB,1,2,2
2025-05-06,M,AC,1,2,2
2025-05-06,T,AC,1,2,2
2025-05-06,M,AD,1,2,2
2025-05-06,T,AD,1,2,2
2025-05-06,M,AE,1,2,2
2025-05-06,T,AE,1,2,2
2025-05-06,M,AF,1,2,2
2025-05-06,T,AF,1,2,2
2025-05-06,M,B,1,2,2
2025-05-06,T,B,1,2,2
2025-05-06,M,C,1,2,2
2025-05-06,T,C,1,2,2
2025-05-06,M,D,1,2,2
2025-05-06,T,D,1,2,2
2025-05-06,M,E,1,2,2
2025-05-06,T,E,1,2,2
2025-05-06,M,F,1,2,2
2025-05-06,T,F,2,3,3
2025-05-06,M,G,1,2,2
2025-05-06,T,G,1,2,2
2025-05-06,M,H,1,2,2
2025-05-06,T,H,1,2,2
2025-05-06,M,I,1,2,2
2025-05-06,T,I,1,2,2
2025-05-06,M,J,1,2,2
2025-05-06,T,J,1,2,2
2025-05-06,M,K,1,2,2
2025-05-06,T,K,1,2,2
2025-05-06,M,L,1,2,2
2025-05-06,T,L,1,2,2
2025-05-06,M,M,2,3,3
2025-05-06,T,M,1,2,2
2025-05-06,M,N,1,2,2
2025-05-06,T,N,1,2,2
2025-05-06,M,O,1,2,2
2025-05-06,T,O,1,2,2
2025-05-06,M,P,1,2,2
2025-05-06,T,P,1,2,2
2025-05-06,M,Q,1,2,2
2025-05-06,T,Q,1,2,2
2025-05-06,M,R,1,2,2
2025-05-06,T,R,1,2,2
2025-05-06,M,S,1,2,2
2025-05-06,T,S,1,2,2
2025-05-06,M,T,1,2,2
2025-05-06,T,T,1,2,2
2025-05-06,M,U,1,2,2
2025-05-06,T,U,1,2,2
2025-05-06,M,V,1,2,2
2025-05-06,T,V,1,2,2
2025-05-06,M,W,1,2,2
2025-05-06,T,W,1,2,2
2025-05-06,M,X,1,2,2
2025-05-06,T,X,1,2,2
2025-05-06,M,Y,1,2,2
2025-05-06,T,Y,0,1,1
2025-05-06,M,Z,1,2,2
2025-05-06,T,Z,1,2,2
2025-05-07,M,A,0,1,1
2025-05-07,T,A,1,2,2
2025-05-07,M,AA,1,2,2
2025-05-07,T,AA,1,2,2
2025-05-07,M,AB,1,2,2
2025-05-07,T,AB,1,2,2
2025-05-07,M,AC,0,1,1
2025-05-07,T,AC,1,2,2
2025-05-07,M,AD,1,2,2
2025-05-07,T,AD,1,2,2
2025-05-07,M,AE,1,2,2
2025-05-07,T,AE,1,2,2
2025-05-07,M,AF,1,2,2
2025-05-07,T,AF,1,2,2
2025-05-07,M,B,1,2,2
2025-05-07,T,B,1,2,2
2025-05-07,M,C,1,2,2
2025-05-07,T,C,1,2,2
2025-05-07,M,D,1,2,2
2025-05-07,T,D,1,2,2
2025-05-07,M,E,1,2,2
2025-05-07,T,E,1,2,2
2025-05-07,M,F,1,2,2
2025-05-07,T,F,1,2,2
2025-05-07,M,G,1,2,2
2025-05-07,T,G,0,1,1
2025-05-07,M,H,1,2,2
2025-05-07,T,H,1,2,2
2025-05-07,M,I,1,2,2
2025-05-07,T,I,1,2,2
2025-05-07,M,J,1,2,2
2025-05-07,T,J,1,2,2
2025-05-07,M,K,1,2,2
2025-05-07,T,K,1,2,2
2025-05-07,M,L,1,2,2
2025-05-07,T,L,1,2,2
2025-05-07,M,M,1,2,2
2025-05-07,T,M,0,1,1
2025-05-07,M,N,1,2,2
2025-05-07,T,N,1,2,2
2025-05-07,M,O,1,2,2
2025-05-07,T,O,1,2,2
2025-05-07,M,P,1,2,2
2025-05-07,T,P,1,2,2
2025-05-07,M,Q,1,2,2
2025-05-07,T,Q,1,2,2
2025-05-07,M,R,1,2,2
2025-05-07,T,R,1,2,2
2025-05-07,M,S,1,2,2
2025-05-07,T,S,1,2,2
2025-05-07,M,T,1,2,2
2025-05-07,T,T,1,2,2
2025-05-07,M,U,1,2,2
2025-05-07,T,U,1,2,2
2025-05-07,M,V,1,2,2
2025-05-07,T,V,1,2,2
2025-05-07,M,W,1,2,2
2025-05-07,T,W,1,2,2
2025-05-07,M,X,1,2,2
2025-05-07,T,X,1,2,2
2025-05-07,M,Y,1,2,2
2025-05-07,T,Y,1,2,2
2025-05-07,M,Z,1,2,2
2025-05-07,T,Z,1,2,2
2025-05-08,M,A,1,2,2
2025-05-08,T,A,1,2,2
2025-05-08,M,AA,1,2,2
2025-05-08,T,AA,1,2,2
2025-05-08,M,AB,1,2,2
2025-05-08,T,AB,1,2,2
2025-05-08,M,AC,1,2,2
2025-05-08,T,AC,1,2,2
2025-05-08,M,AD,1,2,2
2025-05-08,T,AD,1,2,2
2025-05-08,M,AE,1,2,2
2025-05-08,T,AE,1,2,2
2025-05-08,M,AF,1,2,2
2025-05-08,T,AF,1,2,2
2025-05-08,M,B,1,2,2
2025-05-08,T,B,1,2,2
2025-05-08,M,C,1,2,2
2025-05-08,T,C,1,2,2
2025-05-08,M,D,1,2,2
2025-05-08,T,D,1,2,2
2025-05-08,M,E,1,2,2
2025-05-08,T,E,1,2,2
2025-05-08,M,F,1,2,2
2025-05-08,T,F,1,2,2
2025-05-08,M,G,1,2,2
2025-05-08,T,G,0,1,1
2025-05-08,M,H,1,2,2
2025-05-08,T,H,1,2,2
2025-05-08,M,I,1,2,2
2025-05-08,T,I,1,2,2
2025-05-08,M,J,1,2,2
2025-05-08,T,J,2,3,3
2025-05-08,M,K,1,2,2
2025-05-08,T,K,1,2,2
2025-05-08,M,L,1,2,2
2025-05-08,T,L,1,2,2
2025-05-08,M,M,1,2,2
2025-05-08,T,M,1,2,2
2025-05-08,M,N,1,2,2
2025-05-08,T,N,1,2,2
2025-05-08,M,O,1,2,2
2025-05-08,T,O,1,2,2
2025-05-08,M,P,1,2,2
2025-05-08,T,P,1,2,2
2025-05-08,M,Q,1,2,2
2025-05-08,T,Q,1,2,2
2025-05-08,M,R,1,2,2
2025-05-08,T,R,1,2,2
2025-05-08,M,S,1,2,2
2025-05-08,T,S,1,2,2
2025-05-08,M,T,1,2,2
2025-05-08,T,T,0,1,1
2025-05-08,M,U,1,2,2
2025-05-08,T,U,1,2,2
2025-05-08,M,V,1,2,2
2025-05-08,T,V,1,2,2
2025-05-08,M,W,1,2,2
2025-05-08,T,W,1,2,2
2025-05-08,M,X,1,2,2
2025-05-08,T,X,1,2,2
2025-05-08,M,Y,1,2,2
2025-05-08,T,Y,1,2,2
2025-05-08,M,Z,1,2,2
2025-05-08,T,Z,1,2,2
2025-05-09,M,A,1,2,2
2025-05-09,T,A,1,2,2
2025-05-09,M,AA,1,2,2
2025-05-09,T,AA,1,2,2
2025-05-09,M,AB,1,2,2
2025-05-09,T,AB,1,2,2
2025-05-09,M,AC,2,3,3
2025-05-09,T,AC,0,1,1
2025-05-09,M,AD,1,2,2
2025-05-09,T,AD,1,2,2
2025-05-09,M,AE,1,2,2
2025-05-09,T,AE,1,2,2
2025-05-09,M,AF,2,3,3
2025-05-09,T,AF,1,2,2
2025-05-09,M,B,1,2,2
2025-05-09,T,B,1,2,2
2025-05-09,M,C,1,2,2
2025-05-09,T,C,1,2,2
2025-05-09,M,D,1,2,2
2025-05-09,T,D,1,2,2
2025-05-09,M,E,1,2,2
2025-05-09,T,E,2,3,3
2025-05-09,M,F,1,2,2
2025-05-09,T,F,1,2,2
2025-05-09,M,G,1,2,2
2025-05-09,T,G,1,2,2
2025-05-09,M,H,1,2,2
2025-05-09,T,H,1,2,2
2025-05-09,M,I,1,2,2
2025-05-09,T,I,1,2,2
2025-05-09,M,J,0,1,1
2025-05-09,T,J,1,2,2
2025-05-09,M,K,1,2,2
2025-05-09,T,K,1,2,2
2025-05-09,M,L,1,2,2
2025-05-09,T,L,1,2,2
2025-05-09,M,M,1,2,2
2025-05-09,T,M,1,2,2
2025-05-09,M,N,1,2,2
2025-05-09,T,N,1,2,2
2025-05-09,M,O,1,2,2
2025-05-09,T,O,1,2,2
2025-05-09,M,P,1,2,2
2025-05-09,T,P,1,2,2
2025-05-09,M,Q,1,2,2
2025-05-09,T,Q,1,2,2
2025-05-09,M,R,1,2,2
2025-05-09,T,R,1,2,2
2025-05-09,M,S,1,2,2
2025-05-09,T,S,1,2,2
2025-05-09,M,T,1,2,2
2025-05-09,T,T,1,2,2
2025-05-09,M,U,1,2,2
2025-05-09,T,U,1,2,2
2025-05-09,M,V,2,3,3
2025-05-09,T,V,2,3,3
2025-05-09,M,W,1,2,2
2025-05-09,T,W,1,2,2
2025-05-09,M,X,1,2,2
2025-05-09,T,X,1,2,2
2025-05-09,M,Y,1,2,2
2025-05-09,T,Y,1,2,2
2025-05-09,M,Z,1,2,2
2025-05-09,T,Z,1,2,2
2025-05-10,M,A,1,2,2
2025-05-10,T,A,1,2,2
2025-05-10,M,AA,1,2,2
2025-05-10,T,AA,1,2,2
2025-05-10,M,AB,1,2,2
2025-05-10,T,AB,1,2,2
2025-05-10,M,AC,1,2,2
2025-05-10,T,AC,1,2,2
2025-05-10,M,AD,1,2,2
2025-05-10,T,AD,1,2,2
2025-05-10,M,AE,1,2,2
2025-05-10,T,AE,1,2,2
2025-05-10,M,AF,1,2,2
2025-05-10,T,AF,1,2,2
2025-05-10,M,B,1,2,2
2025-05-10,T,B,1,2,2
2025-05-10,M,C,1,2,2
2025-05-10,T,C,1,2,2
2025-05-10,M,D,1,2,2
2025-05-10,T,D,1,2,2
2025-05-10,M,E,1,2,2
2025-05-10,T,E,1,2,2
2025-05-10,M,F,1,2,2
2025-05-10,T,F,1,2,2
2025-05-10,M,G,1,2,2
2025-05-10,T,G,1,2,2
2025-05-10,M,H,1,2,2
2025-05-10,T,H,1,2,2
2025-05-10,M,I,1,2,2
2025-05-10,T,I,1,2,2
2025-05-10,M,J,2,3,3
2025-05-10,T,J,1,2,2
2025-05-10,M,K,1,2,2
2025-05-10,T,K,1,2,2
2025-05-10,M,L,1,2,2
2025-05-10,T,L,1,2,2
2025-05-10,M,M,1,2,2
2025-05-10,T,M,1,2,2
2025-05-10,M,N,1,2,2
2025-05-10,T,N,1,2,2
2025-05-10,M,O,1,2,2
2025-05-10,T,O,2,3,3
2025-05-10,M,P,1,2,2
2025-05-10,T,P,1,2,2
2025-05-10,M,Q,1,2,2
2025-05-10,T,Q,1,2,2
2025-05-10,M,R,1,2,2
2025-05-10,T,R,1,2,2
2025-05-10,M,S,1,2,2
2025-05-10,T,S,1,2,2
2025-05-10,M,T,1,2,2
2025-05-10,T,T,1,2,2
2025-05-10,M,U,1,2,2
2025-05-10,T,U,0,1,1
2025-05-10,M,V,1,2,2
2025-05-10,T,V,1,2,2
2025-05-10,M,W,1,2,2
2025-05-10,T,W,1,2,2
2025-05-10,M,X,1,2,2
2025-05-10,T,X,2,3,3
2025-05-10,M,Y,1,2,2
2025-05-10,T,Y,1,2,2
2025-05-10,M,Z,1,2,2
2025-05-10,T,Z,1,2,2
2025-05-11,M,A,1,2,2
2025-05-11,T,A,1,2,2
2025-05-11,M,AA,1,2,2
2025-05-11,T,AA,1,2,2
2025-05-11,M,AB,1,2,2
2025-05-11,T,AB,1,2,2
2025-05-11,M,AC,1,2,2
2025-05-11,T,AC,1,2,2
2025-05-11,M,AD,1,2,2
2025-05-11,T,AD,1,2,2
2025-05-11,M,AE,1,2,2
2025-05-11,T,AE,1,2,2
2025-05-11,M,AF,1,2,2
2025-05-11,T,AF,1,2,2
2025-05-11,M,B,1,2,2
2025-05-11,T,B,1,2,2
2025-05-11,M,C,1,2,2
2025-05-11,T,C,1,2,2
2025-05-11,M,D,2,3,3
2025-05-11,T,D,1,2,2
2025-05-11,M,E,1,2,2
2025-05-11,T,E,1,2,2
2025-05-11,M,F,1,2,2
2025-05-11,T,F,1,2,2
2025-05-11,M,G,0,1,1
2025-05-11,T,G,1,2,2
2025-05-11,M,H,1,2,2
2025-05-11,T,H,2,3,3
2025-05-11,M,I,1,2,2
2025-05-11,T,I,1,2,2
2025-05-11,M,J,1,2,2
2025-05-11,T,J,1,2,2
2025-05-11,M,K,1,2,2
2025-05-11,T,K,1,2,2
2025-05-11,M,L,1,2,2
2025-05-11,T,L,1,2,2
2025-05-11,M,M,1,2,2
2025-05-11,T,M,1,2,2
2025-05-11,M,N,1,2,2
2025-05-11,T,N,1,2,2
2025-05-11,M,O,1,2,2
2025-05-11,T,O,1,2,2
2025-05-11,M,P,1,2,2
2025-05-11,T,P,0,1,1
2025-05-11,M,Q,1,2,2
2025-05-11,T,Q,2,3,3
2025-05-11,M,R,1,2,2
2025-05-11,T,R,1,2,2
2025-05-11,M,S,1,2,2
2025-05-11,T,S,1,2,2
2025-05-11,M,T,1,2,2
2025-05-11,T,T,1,2,2
2025-05-11,M,U,1,2,2
2025-05-11,T,U,1,2,2
2025-05-11,M,V,1,2,2
2025-05-11,T,V,1,2,2
2025-05-11,M,W,1,2,2
2025-05-11,T,W,2,3,3
2025-05-11,M,X,1,2,2
2025-05-11,T,X,1,2,2
2025-05-11,M,Y,1,2,2
2025-05-11,T,Y,1,2,2
2025-05-11,M,Z,1,2,2
2025-05-11,T,Z,1,2,2
2025-05-12,M,A,1,2,2
2025-05-12,T,A,1,2,2
2025-05-12,M,AA,1,2,2
2025-05-12,T,AA,1,2,2
2025-05-12,M,AB,1,2,2
2025-05-12,T,AB,1,2,2
2025-05-12,M,AC,1,2,2
2025-05-12,T,AC,0,1,1
2025-05-12,M,AD,1,2,2
2025-05-12,T,AD,1,2,2
2025-05-12,M,AE,1,2,2
2025-05-12,T,AE,1,2,2
2025-05-12,M,AF,1,2,2
2025-05-12,T,AF,1,2,2
2025-05-12,M,B,1,2,2
2025-05-12,T,B,1,2,2
2025-05-12,M,C,1,2,2
2025-05-12,T,C,2,3,3
2025-05-12,M,D,1,2,2
2025-05-12,T,D,1,2,2
2025-05-12,M,E,1,2,2
2025-05-12,T,E,1,2,2
2025-05-12,M,F,1,2,2
2025-05-12,T,F,1,2,2
2025-05-12,M,G,1,2,2
2025-05-12,T,G,1,2,2
2025-05-12,M,H,1,2,2
2025-05-12,T,H,1,2,2
2025-05-12,M,I,0,1,1
2025-05-12,T,I,1,2,2
2025-05-12,M,J,1,2,2
2025-05-12,T,J,1,2,2
2025-05-12,M,K,1,2,2
2025-05-12,T,K,1,2,2
2025-05-12,M,L,1,2,2
2025-05-12,T,L,2,3,3
2025-05-12,M,M,1,2,2
2025-05-12,T,M,1,2,2
2025-05-12,M,N,1,2,2
2025-05-12,T,N,0,1,1
2025-05-12,M,O,1,2,2
2025-05-12,T,O,1,2,2
2025-05-12,M,P,1,2,2
2025-05-12,T,P,1,2,2
2025-05-12,M,Q,1,2,2
2025-05-12,T,Q,1,2,2
2025-05-12,M,R,1,2,2
2025-05-12,T,R,1,2,2
2025-05-12,M,S,1,2,2
2025-05-12,T,S,1,2,2
2025-05-12,M,T,1,2,2
2025-05-12,T,T,1,2,2
2025-05-12,M,U,1,2,2
2025-05-12,T,U,2,3,3
2025-05-12,M,V,1,2,2
2025-05-12,T,V,1,2,2
2025-05-12,M,W,1,2,2
2025-05-12,T,W,1,2,2
2025-05-12,M,X,1,2,2
2025-05-12,T,X,1,2,2
2025-05-12,M,Y,1,2,2
2025-05-12,T,Y,1,2,2
2025-05-12,M,Z,1,2,2
2025-05-12,T,Z,1,2,2
2025-05-13,M,A,1,2,2
2025-05-13,T,A,1,2,2
2025-05-13,M,AA,1,2,2
2025-05-13,T,AA,1,2,2
2025-05-13,M,AB,1,2,2
2025-05-13,T,AB,1,2,2
2025-05-13,M,AC,2,3,3
2025-05-13,T,AC,1,2,2
2025-05-13,M,AD,1,2,2
2025-05-13,T,AD,1,2,2
2025-05-13,M,AE,1,2,2
2025-05-13,T,AE,1,2,2
2025-05-13,M,AF,1,2,2
2025-05-13,T,AF,1,2,2
2025-05-13,M,B,1,2,2
2025-05-13,T,B,1,2,2
2025-05-13,M,C,1,2,2
2025-05-13,T,C,1,2,2
2025-05-13,M,D,1,2,2
2025-05-13,T,D,1,2,2
2025-05-13,M,E,1,2,2
2025-05-13,T,E,1,2,2
2025-05-13,M,F,1,2,2
2025-05-13,T,F,1,2,2
2025-05-13,M,G,1,2,2
2025-05-13,T,G,1,2,2
2025-05-13,M,H,1,2,2
2025-05-13,T,H,1,2,2
2025-05-13,M,I,1,2,2
2025-05-13,T,I,1,2,2
2025-05-13,M,J,1,2,2
2025-05-13,T,J,1,2,2
2025-05-13,M,K,1,2,2
2025-05-13,T,K,1,2,2
2025-05-13,M,L,0,1,1
2025-05-13,T,L,1,2,2
2025-05-13,M,M,1,2,2
2025-05-13,T,M,1,2,2
2025-05-13,M,N,1,2,2
2025-05-13,T,N,1,2,2
2025-05-13,M,O,1,2,2
2025-05-13,T,O,1,2,2
2025-05-13,M,P,1,2,2
2025-05-13,T,P,2,3,3
2025-05-13,M,Q,1,2,2
2025-05-13,T,Q,1,2,2
2025-05-13,M,R,1,2,2
2025-05-13,T,R,0,1,1
2025-05-13,M,S,1,2,2
2025-05-13,T,S,1,2,2
2025-05-13,M,T,1,2,2
2025-05-13,T,T,1,2,2
2025-05-13,M,U,1,2,2
2025-05-13,T,U,1,2,2
2025-05-13,M,V,1,2,2
2025-05-13,T,V,1,2,2
2025-05-13,M,W,1,2,2
2025-05-13,T,W,1,2,2
2025-05-13,M,X,1,2,2
2025-05-13,T,X,1,2,2
2025-05-13,M,Y,1,2,2
2025-05-13,T,Y,1,2,2
2025-05-13,M,Z,2,3,3
2025-05-13,T,Z,1,2,2
2025-05-14,M,A,1,2,2
2025-05-14,T,A,1,2,2
2025-05-14,M,AA,1,2,2
2025-05-14,T,AA,1,2,2
2025-05-14,M,AB,1,2,2
2025-05-14,T,AB,1,2,2
2025-05-14,M,AC,1,2,2
2025-05-14,T,AC,2,3,3
2025-05-14,M,AD,1,2,2
2025-05-14,T,AD,1,2,2
2025-05-14,M,AE,1,2,2
2025-05-14,T,AE,1,2,2
2025-05-14,M,AF,1,2,2
2025-05-14,T,AF,1,2,2
2025-05-14,M,B,1,2,2
2025-05-14,T,B,0,1,1
2025-05-14,M,C,2,3,3
2025-05-14,T,C,1,2,2
2025-05-14,M,D,2,3,3
2025-05-14,T,D,1,2,2
2025-05-14,M,E,1,2,2
2025-05-14,T,E,1,2,2
2025-05-14,M,F,1,2,2
2025-05-14,T,F,1,2,2
2025-05-14,M,G,1,2,2
2025-05-14,T,G,1,2,2
2025-05-14,M,H,1,2,2
2025-05-14,T,H,1,2,2
2025-05-14,M,I,1,2,2
2025-05-14,T,I,1,2,2
2025-05-14,M,J,1,2,2
2025-05-14,T,J,1,2,2
2025-05-14,M,K,1,2,2
2025-05-14,T,K,1,2,2
2025-05-14,M,L,1,2,2
2025-05-14,T,L,1,2,2
2025-05-14,M,M,1,2,2
2025-05-14,T,M,1,2,2
2025-05-14,M,N,1,2,2
2025-05-14,T,N,1,2,2
2025-05-14,M,O,1,2,2
2025-05-14,T,O,1,2,2
2025-05-14,M,P,1,2,2
2025-05-14,T,P,1,2,2
2025-05-14,M,Q,1,2,2
2025-05-14,T,Q,1,2,2
2025-05-14,M,R,1,2,2
2025-05-14,T,R,1,2,2
2025-05-14,M,S,1,2,2
2025-05-14,T,S,1,2,2
2025-05-14,M,T,1,2,2
2025-05-14,T,T,1,2,2
2025-05-14,M,U,1,2,2
2025-05-14,T,U,1,2,2
2025-05-14,M,V,1,2,2
2025-05-14,T,V,1,2,2
2025-05-14,M,W,2,3,3
2025-05-14,T,W,1,2,2
2025-05-14,M,X,1,2,2
2025-05-14,T,X,2,3,3
2025-05-14,M,Y,1,2,2
2025-05-14,T,Y,1,2,2
2025-05-14,M,Z,1,2,2
2025-05-14,T,Z,1,2,2
2025-05-15,M,A,1,2,2
2025-05-15,T,A,1,2,2
2025-05-15,M,AA,1,2,2
2025-05-15,T,AA,1,2,2
2025-05-15,M,AB,1,2,2
2025-05-15,T,AB,1,2,2
2025-05-15,M,AC,1,2,2
2025-05-15,T,AC,1,2,2
2025-05-15,M,AD,2,3,3
2025-05-15,T,AD,1,2,2
2025-05-15,M,AE,1,2,2
2025-05-15,T,AE,1,2,2
2025-05-15,M,AF,1,2,2
2025-05-15,T,AF,1,2,2
2025-05-15,M,B,1,2,2
2025-05-15,T,B,1,2,2
2025-05-15,M,C,1,2,2
2025-05-15,T,C,1,2,2
2025-05-15,M,D,1,2,2
2025-05-15,T,D,1,2,2
2025-05-15,M,E,1,2,2
2025-05-15,T,E,1,2,2
2025-05-15,M,F,1,2,2
2025-05-15,T,F,1,2,2
2025-05-15,M,G,1,2,2
2025-05-15,T,G,1,2,2
2025-05-15,M,H,1,2,2
2025-05-15,T,H,1,2,2
2025-05-15,M,I,1,2,2
2025-05-15,T,I,1,2,2
2025-05-15,M,J,2,3,3
2025-05-15,T,J,1,2,2
2025-05-15,M,K,1,2,2
2025-05-15,T,K,1,2,2
2025-05-15,M,L,1,2,2
2025-05-15,T,L,1,2,2
2025-05-15,M,M,1,2,2
2025-05-15,T,M,1,2,2
2025-05-15,M,N,1,2,2
2025-05-15,T,N,1,2,2
2025-05-15,M,O,1,2,2
2025-05-15,T,O,1,2,2
2025-05-15,M,P,1,2,2
2025-05-15,T,P,1,2,2
2025-05-15,M,Q,1,2,2
2025-05-15,T,Q,1,2,2
2025-05-15,M,R,1,2,2
2025-05-15,T,R,1,2,2
2025-05-15,M,S,1,2,2
2025-05-15,T,S,1,2,2
2025-05-15,M,T,1,2,2
2025-05-15,T,T,1,2,2
2025-05-15,M,U,1,2,2
2025-05-15,T,U,1,2,2
2025-05-15,M,V,1,2,2
2025-05-15,T,V,1,2,2
2025-05-15,M,W,2,3,3
2025-05-15,T,W,1,2,2
2025-05-15,M,X,1,2,2
2025-05-15,T,X,1,2,2
2025-05-15,M,Y,1,2,2
2025-05-15,T,Y,1,2,2
2025-05-15,M,Z,1,2,2
2025-05-15,T,Z,1,2,2
2025-05-16,M,A,1,2,2
2025-05-16,T,A,1,2,2
2025-05-16,M,AA,1,2,2
2025-05-16,T,AA,1,2,2
2025-05-16,M,AB,1,2,2
2025-05-16,T,AB,1,2,2
2025-05-16,M,AC,1,2,2
2025-05-16,T,AC,1,2,2
2025-05-16,M,AD,1,2,2
2025-05-16,T,AD,1,2,2
2025-05-16,M,AE,1,2,2
2025-05-16,T,AE,1,2,2
2025-05-16,M,AF,1,2,2
2025-05-16,T,AF,1,2,2
2025-05-16,M,B,1,2,2
2025-05-16,T,B,1,2,2
2025-05-16,M,C,1,2,2
2025-05-16,T,C,1,2,2
2025-05-16,M,D,1,2,2
2025-05-16,T,D,1,2,2
2025-05-16,M,E,1,2,2
2025-05-16,T,E,1,2,2
2025-05-16,M,F,1,2,2
2025-05-16,T,F,1,2,2
2025-05-16,M,G,1,2,2
2025-05-16,T,G,1,2,2
2025-05-16,M,H,1,2,2
2025-05-16,T,H,1,2,2
2025-05-16,M,I,1,2,2
2025-05-16,T,I,1,2,2
2025-05-16,M,J,1,2,2
2025-05-16,T,J,2,3,3
2025-05-16,M,K,1,2,2
2025-05-16,T,K,1,2,2
2025-05-16,M,L,1,2,2
2025-05-16,T,L,1,2,2
2025-05-16,M,M,1,2,2
2025-05-16,T,M,1,2,2
2025-05-16,M,N,1,2,2
2025-05-16,T,N,1,2,2
2025-05-16,M,O,1,2,2
2025-05-16,T,O,1,2,2
2025-05-16,M,P,1,2,2
2025-05-16,T,P,1,2,2
2025-05-16,M,Q,0,1,1
2025-05-16,T,Q,1,2,2
2025-05-16,M,R,1,2,2
2025-05-16,T,R,1,2,2
2025-05-16,M,S,2,3,3
2025-05-16,T,S,0,1,1
2025-05-16,M,T,1,2,2
2025-05-16,T,T,1,2,2
2025-05-16,M,U,1,2,2
2025-05-16,T,U,1,2,2
2025-05-16,M,V,1,2,2
2025-05-16,T,V,1,2,2
2025-05-16,M,W,1,2,2
2025-05-16,T,W,1,2,2
2025-05-16,M,X,1,2,2
2025-05-16,T,X,1,2,2
2025-05-16,M,Y,1,2,2
2025-05-16,T,Y,1,2,2
2025-05-16,M,Z,1,2,2
2025-05-16,T,Z,1,2,2
2025-05-17,M,A,1,2,2
2025-05-17,T,A,1,2,2
2025-05-17,M,AA,1,2,2
2025-05-17,T,AA,1,2,2
2025-05-17,M,AB,1,2,2
2025-05-17,T,AB,1,2,2
2025-05-17,M,AC,1,2,2
2025-05-17,T,AC,1,2,2
2025-05-17,M,AD,1,2,2
2025-05-17,T,AD,1,2,2
2025-05-17,M,AE,1,2,2
2025-05-17,T,AE,0,1,1
2025-05-17,M,AF,1,2,2
2025-05-17,T,AF,1,2,2
2025-05-17,M,B,1,2,2
2025-05-17,T,B,1,2,2
2025-05-17,M,C,1,2,2
2025-05-17,T,C,1,2,2
2025-05-17,M,D,1,2,2
2025-05-17,T,D,1,2,2
2025-05-17,M,E,2,3,3
2025-05-17,T,E,1,2,2
2025-05-17,M,F,1,2,2
2025-05-17,T,F,0,1,1
2025-05-17,M,G,1,2,2
2025-05-17,T,G,1,2,2
2025-05-17,M,H,1,2,2
2025-05-17,T,H,2,3,3
2025-05-17,M,I,0,1,1
2025-05-17,T,I,1,2,2
2025-05-17,M,J,1,2,2
2025-05-17,T,J,1,2,2
2025-05-17,M,K,1,2,2
2025-05-17,T,K,1,2,2
2025-05-17,M,L,1,2,2
2025-05-17,T,L,1,2,2
2025-05-17,M,M,1,2,2
2025-05-17,T,M,1,2,2
2025-05-17,M,N,1,2,2
2025-05-17,T,N,1,2,2
2025-05-17,M,O,1,2,2
2025-05-17,T,O,1,2,2
2025-05-17,M,P,2,3,3
2025-05-17,T,P,1,2,2
2025-05-17,M,Q,1,2,2
2025-05-17,T,Q,1,2,2
2025-05-17,M,R,1,2,2
2025-05-17,T,R,2,3,3
2025-05-17,M,S,1,2,2
2025-05-17,T,S,1,2,2
2025-05-17,M,T,1,2,2
2025-05-17,T,T,1,2,2
2025-05-17,M,U,1,2,2
2025-05-17,T,U,1,2,2
2025-05-17,M,V,1,2,2
2025-05-17,T,V,0,1,1
2025-05-17,M,W,1,2,2
2025-05-17,T,W,1,2,2
2025-05-17,M,X,1,2,2
2025-05-17,T,X,1,2,2
2025-05-17,M,Y,1,2,2
2025-05-17,T,Y,1,2,2
2025-05-17,M,Z,1,2,2
2025-05-17,T,Z,1,2,2
2025-05-18,M,A,1,2,2
2025-05-18,T,A,1,2,2
2025-05-18,M,AA,1,2,2
2025-05-18,T,AA,1,2,2
2025-05-18,M,AB,1,2,2
2025-05-18,T,AB,1,2,2
2025-05-18,M,AC,1,2,2
2025-05-18,T,AC,1,2,2
2025-05-18,M,AD,1,2,2
2025-05-18,T,AD,1,2,2
2025-05-18,M,AE,1,2,2
2025-05-18,T,AE,1,2,2
2025-05-18,M,AF,1,2,2
2025-05-18,T,AF,1,2,2
2025-05-18,M,B,1,2,2
2025-05-18,T,B,1,2,2
2025-05-18,M,C,1,2,2
2025-05-18,T,C,1,2,2
2025-05-18,M,D,1,2,2
2025-05-18,T,D,1,2,2
2025-05-18,M,E,1,2,2
2025-05-18,T,E,1,2,2
2025-05-18,M,F,1,2,2
2025-05-18,T,F,1,2,2
2025-05-18,M,G,1,2,2
2025-05-18,T,G,1,2,2
2025-05-18,M,H,1,2,2
2025-05-18,T,H,1,2,2
2025-05-18,M,I,1,2,2
2025-05-18,T,I,1,2,2
2025-05-18,M,J,1,2,2
2025-05-18,T,J,1,2,2
2025-05-18,M,K,1,2,2
2025-05-18,T,K,1,2,2
2025-05-18,M,L,1,2,2
2025-05-18,T,L,1,2,2
2025-05-18,M,M,1,2,2
2025-05-18,T,M,1,2,2
2025-05-18,M,N,1,2,2
2025-05-18,T,N,1,2,2
2025-05-18,M,O,1,2,2
2025-05-18,T,O,1,2,2
2025-05-18,M,P,1,2,2
2025-05-18,T,P,1,2,2
2025-05-18,M,Q,1,2,2
2025-05-18,T,Q,1,2,2
2025-05-18,M,R,1,2,2
2025-05-18,T,R,1,2,2
2025-05-18,M,S,1,2,2
2025-05-18,T,S,1,2,2
2025-05-18,M,T,1,2,2
2025-05-18,T,T,1,2,2
2025-05-18,M,U,1,2,2
2025-05-18,T,U,1,2,2
2025-05-18,M,V,1,2,2
2025-05-18,T,V,1,2,2
2025-05-18,M,W,1,2,2
2025-05-18,T,W,1,2,2
2025-05-18,M,X,1,2,2
2025-05-18,T,X,1,2,2
2025-05-18,M,Y,1,2,2
2025-05-18,T,Y,1,2,2
2025-05-18,M,Z,2,3,3
2025-05-18,T,Z,1,2,2
2025-05-19,M,A,1,2,2
2025-05-19,T,A,1,2,2
2025-05-19,M,AA,1,2,2
2025-05-19,T,AA,1,2,2
2025-05-19,M,AB,1,2,2
2025-05-19,T,AB,1,2,2
2025-05-19,M,AC,1,2,2
2025-05-19,T,AC,1,2,2
2025-05-19,M,AD,1,2,2
2025-05-19,T,AD,1,2,2
2025-05-19,M,AE,1,2,2
2025-05-19,T,AE,1,2,2
2025-05-19,M,AF,1,2,2
2025-05-19,T,AF,1,2,2
2025-05-19,M,B,1,2,2
2025-05-19,T,B,1,2,2
2025-05-19,M,C,1,2,2
2025-05-19,T,C,1,2,2
2025-05-19,M,D,1,2,2
2025-05-19,T,D,1,2,2
2025-05-19,M,E,1,2,2
2025-05-19,T,E,1,2,2
2025-05-19,M,F,0,1,1
2025-05-19,T,F,1,2,2
2025-05-19,M,G,1,2,2
2025-05-19,T,G,1,2,2
2025-05-19,M,H,1,2,2
2025-05-19,T,H,1,2,2
2025-05-19,M,I,1,2,2
2025-05-19,T,I,1,2,2
2025-05-19,M,J,1,2,2
2025-05-19,T,J,1,2,2
2025-05-19,M,K,1,2,2
2025-05-19,T,K,1,2,2
2025-05-19,M,L,1,2,2
2025-05-19,T,L,1,2,2
2025-05-19,M,M,1,2,2
2025-05-19,T,M,1,2,2
2025-05-19,M,N,1,2,2
2025-05-19,T,N,1,2,2
2025-05-19,M,O,1,2,2
2025-05-19,T,O,0,1,1
2025-05-19,M,P,1,2,2
2025-05-19,T,P,1,2,2
2025-05-19,M,Q,1,2,2
2025-05-19,T,Q,1,2,2
2025-05-19,M,R,1,2,2
2025-05-19,T,R,1,2,2
2025-05-19,M,S,1,2,2
2025-05-19,T,S,2,3,3
2025-05-19,M,T,1,2,2
2025-05-19,T,T,1,2,2
2025-05-19,M,U,1,2,2
2025-05-19,T,U,1,2,2
2025-05-19,M,V,1,2,2
2025-05-19,T,V,1,2,2
2025-05-19,M,W,1,2,2
2025-05-19,T,W,1,2,2
2025-05-19,M,X,1,2,2
2025-05-19,T,X,1,2,2
2025-05-19,M,Y,1,2,2
2025-05-19,T,Y,1,2,2
2025-05-19,M,Z,1,2,2
2025-05-19,T,Z,1,2,2
2025-05-20,M,A,1,2,2
2025-05-20,T,A,1,2,2
2025-05-20,M,AA,1,2,2
2025-05-20,T,AA,1,2,2
2025-05-20,M,AB,1,2,2
2025-05-20,T,AB,2,3,3
2025-05-20,M,AC,0,1,1
2025-05-20,T,AC,1,2,2
2025-05-20,M,AD,1,2,2
2025-05-20,T,AD,1,2,2
2025-05-20,M,AE,1,2,2
2025-05-20,T,AE,1,2,2
2025-05-20,M,AF,1,2,2
2025-05-20,T,AF,1,2,2
2025-05-20,M,B,1,2,2
2025-05-20,T,B,1,2,2
2025-05-20,M,C,1,2,2
2025-05-20,T,C,1,2,2
2025-05-20,M,D,1,2,2
2025-05-20,T,D,1,2,2
2025-05-20,M,E,0,1,1
2025-05-20,T,E,1,2,2
2025-05-20,M,F,1,2,2
2025-05-20,T,F,1,2,2
2025-05-20,M,G,1,2,2
2025-05-20,T,G,2,3,3
2025-05-20,M,H,1,2,2
2025-05-20,T,H,1,2,2
2025-05-20,M,I,2,3,3
2025-05-20,T,I,1,2,2
2025-05-20,M,J,1,2,2
2025-05-20,T,J,1,2,2
2025-05-20,M,K,1,2,2
2025-05-20,T,K,1,2,2
2025-05-20,M,L,1,2,2
2025-05-20,T,L,1,2,2
2025-05-20,M,M,1,2,2
2025-05-20,T,M,1,2,2
2025-05-20,M,N,2,3,3
2025-05-20,T,N,2,3,3
2025-05-20,M,O,1,2,2
2025-05-20,T,O,1,2,2
2025-05-20,M,P,1,2,2
2025-05-20,T,P,1,2,2
2025-05-20,M,Q,1,2,2
2025-05-20,T,Q,1,2,2
2025-05-20,M,R,0,1,1
2025-05-20,T,R,1,2,2
2025-05-20,M,S,1,2,2
2025-05-20,T,S,1,2,2
2025-05-20,M,T,0,1,1
2025-05-20,T,T,1,2,2
2025-05-20,M,U,1,2,2
2025-05-20,T,U,1,2,2
2025-05-20,M,V,2,3,3
2025-05-20,T,V,1,2,2
2025-05-20,M,W,1,2,2
2025-05-20,T,W,1,2,2
2025-05-20,M,X,0,1,1
2025-05-20,T,X,1,2,2
2025-05-20,M,Y,1,2,2
2025-05-20,T,Y,1,2,2
2025-05-20,M,Z,0,1,1
2025-05-20,T,Z,1,2,2
2025-05-21,M,A,1,2,2
2025-05-21,T,A,1,2,2
2025-05-21,M,AA,2,3,3
2025-05-21,T,AA,1,2,2
2025-05-21,M,AB,1,2,2
2025-05-21,T,AB,1,2,2
2025-05-21,M,AC,1,2,2
2025-05-21,T,AC,1,2,2
2025-05-21,M,AD,2,3,3
2025-05-21,T,AD,1,2,2
2025-05-21,M,AE,1,2,2
2025-05-21,T,AE,1,2,2
2025-05-21,M,AF,1,2,2
2025-05-21,T,AF,1,2,2
2025-05-21,M,B,1,2,2
2025-05-21,T,B,1,2,2
2025-05-21,M,C,1,2,2
2025-05-21,T,C,1,2,2
2025-05-21,M,D,1,2,2
2025-05-21,T,D,1,2,2
2025-05-21,M,E,1,2,2
2025-05-21,T,E,1,2,2
2025-05-21,M,F,1,2,2
2025-05-21,T,F,1,2,2
2025-05-21,M,G,1,2,2
2025-05-21,T,G,1,2,2
2025-05-21,M,H,1,2,2
2025-05-21,T,H,1,2,2
2025-05-21,M,I,1,2,2
2025-05-21,T,I,1,2,2
2025-05-21,M,J,0,1,1
2025-05-21,T,J,1,2,2
2025-05-21,M,K,1,2,2
2025-05-21,T,K,1,2,2
2025-05-21,M,L,1,2,2
2025-05-21,T,L,1,2,2
2025-05-21,M,M,1,2,2
2025-05-21,T,M,1,2,2
2025-05-21,M,N,1,2,2
2025-05-21,T,N,1,2,2
2025-05-21,M,O,1,2,2
2025-05-21,T,O,1,2,2
2025-05-21,M,P,1,2,2
2025-05-21,T,P,1,2,2
2025-05-21,M,Q,1,2,2
2025-05-21,T,Q,1,2,2
2025-05-21,M,R,0,1,1
2025-05-21,T,R,1,2,2
2025-05-21,M,S,1,2,2
2025-05-21,T,S,1,2,2
2025-05-21,M,T,1,2,2
2025-05-21,T,T,1,2,2
2025-05-21,M,U,1,2,2
2025-05-21,T,U,1,2,2
2025-05-21,M,V,1,2,2
2025-05-21,T,V,1,2,2
2025-05-21,M,W,1,2,2
2025-05-21,T,W,1,2,2
2025-05-21,M,X,1,2,2
2025-05-21,T,X,1,2,2
2025-05-21,M,Y,1,2,2
2025-05-21,T,Y,0,1,1
2025-05-21,M,Z,1,2,2
2025-05-21,T,Z,1,2,2
2025-05-22,M,A,1,2,2
2025-05-22,T,A,1,2,2
2025-05-22,M,AA,1,2,2
2025-05-22,T,AA,1,2,2
2025-05-22,M,AB,1,2,2
2025-05-22,T,AB,1,2,2
2025-05-22,M,AC,1,2,2
2025-05-22,T,AC,0,1,1
2025-05-22,M,AD,1,2,2
2025-05-22,T,AD,1,2,2
2025-05-22,M,AE,1,2,2
2025-05-22,T,AE,1,2,2
2025-05-22,M,AF,1,2,2
2025-05-22,T,AF,1,2,2
2025-05-22,M,B,1,2,2
2025-05-22,T,B,1,2,2
2025-05-22,M,C,1,2,2
2025-05-22,T,C,2,3,3
2025-05-22,M,D,1,2,2
2025-05-22,T,D,1,2,2
2025-05-22,M,E,1,2,2
2025-05-22,T,E,1,2,2
2025-05-22,M,F,1,2,2
2025-05-22,T,F,1,2,2
2025-05-22,M,G,1,2,2
2025-05-22,T,G,2,3,3
2025-05-22,M,H,1,2,2
2025-05-22,T,H,1,2,2
2025-05-22,M,I,2,3,3
2025-05-22,T,I,0,1,1
2025-05-22,M,J,1,2,2
2025-05-22,T,J,1,2,2
2025-05-22,M,K,1,2,2
2025-05-22,T,K,1,2,2
2025-05-22,M,L,1,2,2
2025-05-22,T,L,2,3,3
2025-05-22,M,M,1,2,2
2025-05-22,T,M,1,2,2
2025-05-22,M,N,1,2,2
2025-05-22,T,N,2,3,3
2025-05-22,M,O,1,2,2
2025-05-22,T,O,1,2,2
2025-05-22,M,P,1,2,2
2025-05-22,T,P,1,2,2
2025-05-22,M,Q,1,2,2
2025-05-22,T,Q,1,2,2
2025-05-22,M,R,2,3,3
2025-05-22,T,R,1,2,2
2025-05-22,M,S,1,2,2
2025-05-22,T,S,1,2,2
2025-05-22,M,T,1,2,2
2025-05-22,T,T,1,2,2
2025-05-22,M,U,1,2,2
2025-05-22,T,U,2,3,3
2025-05-22,M,V,1,2,2
2025-05-22,T,V,1,2,2
2025-05-22,M,W,2,3,3
2025-05-22,T,W,1,2,2
2025-05-22,M,X,2,3,3
2025-05-22,T,X,1,2,2
2025-05-22,M,Y,1,2,2
2025-05-22,T,Y,1,2,2
2025-05-22,M,Z,1,2,2
2025-05-22,T,Z,1,2,2
2025-05-23,M,A,1,2,2
2025-05-23,T,A,1,2,2
2025-05-23,M,AA,1,2,2
2025-05-23,T,AA,1,2,2
2025-05-23,M,AB,1,2,2
2025-05-23,T,AB,1,2,2
2025-05-23,M,AC,1,2,2
2025-05-23,T,AC,1,2,2
2025-05-23,M,AD,1,2,2
2025-05-23,T,AD,1,2,2
2025-05-23,M,AE,1,2,2
2025-05-23,T,AE,1,2,2
2025-05-23,M,AF,1,2,2
2025-05-23,T,AF,1,2,2
2025-05-23,M,B,1,2,2
2025-05-23,T,B,1,2,2
2025-05-23,M,C,1,2,2
2025-05-23,T,C,1,2,2
2025-05-23,M,D,1,2,2
2025-05-23,T,D,1,2,2
2025-05-23,M,E,1,2,2
2025-05-23,T,E,1,2,2
2025-05-23,M,F,1,2,2
2025-05-23,T,F,1,2,2
2025-05-23,M,G,1,2,2
2025-05-23,T,G,0,1,1
2025-05-23,M,H,1,2,2
2025-05-23,T,H,1,2,2
2025-05-23,M,I,2,3,3
2025-05-23,T,I,1,2,2
2025-05-23,M,J,1,2,2
2025-05-23,T,J,1,2,2
2025-05-23,M,K,1,2,2
2025-05-23,T,K,1,2,2
2025-05-23,M,L,1,2,2
2025-05-23,T,L,1,2,2
2025-05-23,M,M,1,2,2
2025-05-23,T,M,1,2,2
2025-05-23,M,N,1,2,2
2025-05-23,T,N,1,2,2
2025-05-23,M,O,1,2,2
2025-05-23,T,O,1,2,2
2025-05-23,M,P,2,3,3
2025-05-23,T,P,1,2,2
2025-05-23,M,Q,1,2,2
2025-05-23,T,Q,1,2,2
2025-05-23,M,R,1,2,2
2025-05-23,T,R,1,2,2
2025-05-23,M,S,1,2,2
2025-05-23,T,S,1,2,2
2025-05-23,M,T,1,2,2
2025-05-23,T,T,1,2,2
2025-05-23,M,U,1,2,2
2025-05-23,T,U,1,2,2
2025-05-23,M,V,1,2,2
2025-05-23,T,V,0,1,1
2025-05-23,M,W,1,2,2
2025-05-23,T,W,1,2,2
2025-05-23,M,X,1,2,2
2025-05-23,T,X,1,2,2
2025-05-23,M,Y,1,2,2
2025-05-23,T,Y,2,3,3
2025-05-23,M,Z,1,2,2
2025-05-23,T,Z,1,2,2
2025-05-24,M,A,1,2,2
2025-05-24,T,A,1,2,2
2025-05-24,M,AA,0,1,1
2025-05-24,T,AA,1,2,2
2025-05-24,M,AB,1,2,2
2025-05-24,T,AB,1,2,2
2025-05-24,M,AC,1,2,2
2025-05-24,T,AC,1,2,2
2025-05-24,M,AD,1,2,2
2025-05-24,T,AD,1,2,2
2025-05-24,M,AE,1,2,2
2025-05-24,T,AE,1,2,2
2025-05-24,M,AF,1,2,2
2025-05-24,T,AF,1,2,2
2025-05-24,M,B,1,2,2
2025-05-24,T,B,1,2,2
2025-05-24,M,C,1,2,2
2025-05-24,T,C,1,2,2
2025-05-24,M,D,1,2,2
2025-05-24,T,D,1,2,2
2025-05-24,M,E,1,2,2
2025-05-24,T,E,1,2,2
2025-05-24,M,F,1,2,2
2025-05-24,T,F,1,2,2
2025-05-24,M,G,1,2,2
2025-05-24,T,G,1,2,2
2025-05-24,M,H,1,2,2
2025-05-24,T,H,1,2,2
2025-05-24,M,I,1,2,2
2025-05-24,T,I,1,2,2
2025-05-24,M,J,1,2,2
2025-05-24,T,J,1,2,2
2025-05-24,M,K,1,2,2
2025-05-24,T,K,1,2,2
2025-05-24,M,L,2,3,3
2025-05-24,T,L,1,2,2
2025-05-24,M,M,1,2,2
2025-05-24,T,M,1,2,2
2025-05-24,M,N,1,2,2
2025-05-24,T,N,1,2,2
2025-05-24,M,O,1,2,2
2025-05-24,T,O,1,2,2
2025-05-24,M,P,1,2,2
2025-05-24,T,P,1,2,2
2025-05-24,M,Q,1,2,2
2025-05-24,T,Q,0,1,1
2025-05-24,M,R,1,2,2
2025-05-24,T,R,1,2,2
2025-05-24,M,S,1,2,2
2025-05-24,T,S,1,2,2
2025-05-24,M,T,1,2,2
2025-05-24,T,T,1,2,2
2025-05-24,M,U,1,2,2
2025-05-24,T,U,1,2,2
2025-05-24,M,V,1,2,2
2025-05-24,T,V,1,2,2
2025-05-24,M,W,0,1,1
2025-05-24,T,W,1,2,2
2025-05-24,M,X,2,3,3
2025-05-24,T,X,1,2,2
2025-05-24,M,Y,1,2,2
2025-05-24,T,Y,1,2,2
2025-05-24,M,Z,2,3,3
2025-05-24,T,Z,1,2,2
2025-05-25,M,A,1,2,2
2025-05-25,T,A,1,2,2
2025-05-25,M,AA,1,2,2
2025-05-25,T,AA,1,2,2
2025-05-25,M,AB,1,2,2
2025-05-25,T,AB,1,2,2
2025-05-25,M,AC,1,2,2
2025-05-25,T,AC,1,2,2
2025-05-25,M,AD,1,2,2
2025-05-25,T,AD,1,2,2
2025-05-25,M,AE,1,2,2
2025-05-25,T,AE,1,2,2
2025-05-25,M,AF,1,2,2
2025-05-25,T,AF,0,1,1
2025-05-25,M,B,1,2,2
2025-05-25,T,B,1,2,2
2025-05-25,M,C,1,2,2
2025-05-25,T,C,1,2,2
2025-05-25,M,D,1,2,2
2025-05-25,T,D,1,2,2
2025-05-25,M,E,1,2,2
2025-05-25,T,E,0,1,1
2025-05-25,M,F,2,3,3
2025-05-25,T,F,1,2,2
2025-05-25,M,G,1,2,2
2025-05-25,T,G,1,2,2
2025-05-25,M,H,1,2,2
2025-05-25,T,H,1,2,2
2025-05-25,M,I,0,1,1
2025-05-25,T,I,1,2,2
2025-05-25,M,J,1,2,2
2025-05-25,T,J,1,2,2
2025-05-25,M,K,1,2,2
2025-05-25,T,K,1,2,2
2025-05-25,M,L,1,2,2
2025-05-25,T,L,1,2,2
2025-05-25,M,M,1,2,2
2025-05-25,T,M,1,2,2
2025-05-25,M,N,0,1,1
2025-05-25,T,N,1,2,2
2025-05-25,M,O,1,2,2
2025-05-25,T,O,1,2,2
2025-05-25,M,P,1,2,2
2025-05-25,T,P,1,2,2
2025-05-25,M,Q,1,2,2
2025-05-25,T,Q,1,2,2
2025-05-25,M,R,1,2,2
2025-05-25,T,R,1,2,2
2025-05-25,M,S,1,2,2
2025-05-25,T,S,1,2,2
2025-05-25,M,T,1,2,2
2025-05-25,T,T,1,2,2
2025-05-25,M,U,1,2,2
2025-05-25,T,U,0,1,1
2025-05-25,M,V,1,2,2
2025-05-25,T,V,1,2,2
2025-05-25,M,W,1,2,2
2025-05-25,T,W,1,2,2
2025-05-25,M,X,1,2,2
2025-05-25,T,X,1,2,2
2025-05-25,M,Y,1,2,2
2025-05-25,T,Y,1,2,2
2025-05-25,M,Z,1,2,2
2025-05-25,T,Z,1,2,2
2025-05-26,M,A,1,2,2
2025-05-26,T,A,1,2,2
2025-05-26,M,AA,1,2,2
2025-05-26,T,AA,1,2,2
2025-05-26,M,AB,1,2,2
2025-05-26,T,AB,1,2,2
2025-05-26,M,AC,1,2,2
2025-05-26,T,AC,1,2,2
2025-05-26,M,AD,0,1,1
2025-05-26,T,AD,1,2,2
2025-05-26,M,AE,0,1,1
2025-05-26,T,AE,1,2,2
2025-05-26,M,AF,1,2,2
2025-05-26,T,AF,1,2,2
2025-05-26,M,B,1,2,2
2025-05-26,T,B,1,2,2
2025-05-26,M,C,1,2,2
2025-05-26,T,C,1,2,2
2025-05-26,M,D,0,1,1
2025-05-26,T,D,1,2,2
2025-05-26,M,E,1,2,2
2025-05-26,T,E,1,2,2
2025-05-26,M,F,1,2,2
2025-05-26,T,F,1,2,2
2025-05-26,M,G,1,2,2
2025-05-26,T,G,1,2,2
2025-05-26,M,H,1,2,2
2025-05-26,T,H,0,1,1
2025-05-26,M,I,1,2,2
2025-05-26,T,I,1,2,2
2025-05-26,M,J,1,2,2
2025-05-26,T,J,1,2,2
2025-05-26,M,K,1,2,2
2025-05-26,T,K,1,2,2
2025-05-26,M,L,1,2,2
2025-05-26,T,L,1,2,2
2025-05-26,M,M,1,2,2
2025-05-26,T,M,1,2,2
2025-05-26,M,N,1,2,2
2025-05-26,T,N,1,2,2
2025-05-26,M,O,1,2,2
2025-05-26,T,O,1,2,2
2025-05-26,M,P,1,2,2
2025-05-26,T,P,1,2,2
2025-05-26,M,Q,1,2,2
2025-05-26,T,Q,1,2,2
2025-05-26,M,R,0,1,1
2025-05-26,T,R,1,2,2
2025-05-26,M,S,1,2,2
2025-05-26,T,S,1,2,2
2025-05-26,M,T,1,2,2
2025-05-26,T,T,1,2,2
2025-05-26,M,U,1,2,2
2025-05-26,T,U,1,2,2
2025-05-26,M,V,1,2,2
2025-05-26,T,V,2,3,3
2025-05-26,M,W,1,2,2
2025-05-26,T,W,1,2,2
2025-05-26,M,X,1,2,2
2025-05-26,T,X,1,2,2
2025-05-26,M,Y,1,2,2
2025-05-26,T,Y,1,2,2
2025-05-26,M,Z,1,2,2
2025-05-26,T,Z,1,2,2
2025-05-27,M,A,1,2,2
2025-05-27,T,A,1,2,2
2025-05-27,M,AA,1,2,2
2025-05-27,T,AA,1,2,2
2025-05-27,M,AB,1,2,2
2025-05-27,T,AB,1,2,2
2025-05-27,M,AC,1,2,2
2025-05-27,T,AC,2,3,3
2025-05-27,M,AD,0,1,1
2025-05-27,T,AD,1,2,2
2025-05-27,M,AE,1,2,2
2025-05-27,T,AE,0,1,1
2025-05-27,M,AF,1,2,2
2025-05-27,T,AF,1,2,2
2025-05-27,M,B,1,2,2
2025-05-27,T,B,1,2,2
2025-05-27,M,C,1,2,2
2025-05-27,T,C,1,2,2
2025-05-27,M,D,1,2,2
2025-05-27,T,D,1,2,2
2025-05-27,M,E,1,2,2
2025-05-27,T,E,1,2,2
2025-05-27,M,F,1,2,2
2025-05-27,T,F,1,2,2
2025-05-27,M,G,1,2,2
2025-05-27,T,G,1,2,2
2025-05-27,M,H,1,2,2
2025-05-27,T,H,1,2,2
2025-05-27,M,I,1,2,2
2025-05-27,T,I,1,2,2
2025-05-27,M,J,1,2,2
2025-05-27,T,J,1,2,2
2025-05-27,M,K,1,2,2
2025-05-27,T,K,1,2,2
2025-05-27,M,L,1,2,2
2025-05-27,T,L,1,2,2
2025-05-27,M,M,1,2,2
2025-05-27,T,M,1,2,2
2025-05-27,M,N,1,2,2
2025-05-27,T,N,2,3,3
2025-05-27,M,O,1,2,2
2025-05-27,T,O,1,2,2
2025-05-27,M,P,1,2,2
2025-05-27,T,P,1,2,2
2025-05-27,M,Q,1,2,2
2025-05-27,T,Q,0,1,1
2025-05-27,M,R,1,2,2
2025-05-27,T,R,1,2,2
2025-05-27,M,S,1,2,2
2025-05-27,T,S,1,2,2
2025-05-27,M,T,1,2,2
2025-05-27,T,T,1,2,2
2025-05-27,M,U,1,2,2
2025-05-27,T,U,1,2,2
2025-05-27,M,V,1,2,2
2025-05-27,T,V,1,2,2
2025-05-27,M,W,2,3,3
2025-05-27,T,W,1,2,2
2025-05-27,M,X,1,2,2
2025-05-27,T,X,1,2,2
2025-05-27,M,Y,1,2,2
2025-05-27,T,Y,1,2,2
2025-05-27,M,Z,1,2,2
2025-05-27,T,Z,0,1,1
2025-05-28,M,A,1,2,2
2025-05-28,T,A,1,2,2
2025-05-28,M,AA,1,2,2
2025-05-28,T,AA,1,2,2
2025-05-28,M,AB,1,2,2
2025-05-28,T,AB,1,2,2
2025-05-28,M,AC,1,2,2
2025-05-28,T,AC,1,2,2
2025-05-28,M,AD,1,2,2
2025-05-28,T,AD,1,2,2
2025-05-28,M,AE,1,2,2
2025-05-28,T,AE,1,2,2
2025-05-28,M,AF,0,1,1
2025-05-28,T,AF,1,2,2
2025-05-28,M,B,1,2,2
2025-05-28,T,B,1,2,2
2025-05-28,M,C,1,2,2
2025-05-28,T,C,1,2,2
2025-05-28,M,D,1,2,2
2025-05-28,T,D,1,2,2
2025-05-28,M,E,1,2,2
2025-05-28,T,E,1,2,2
2025-05-28,M,F,1,2,2
2025-05-28,T,F,1,2,2
2025-05-28,M,G,1,2,2
2025-05-28,T,G,1,2,2
2025-05-28,M,H,1,2,2
2025-05-28,T,H,1,2,2
2025-05-28,M,I,1,2,2
2025-05-28,T,I,1,2,2
2025-05-28,M,J,1,2,2
2025-05-28,T,J,1,2,2
2025-05-28,M,K,1,2,2
2025-05-28,T,K,1,2,2
2025-05-28,M,L,1,2,2
2025-05-28,T,L,1,2,2
2025-05-28,M,M,1,2,2
2025-05-28,T,M,1,2,2
2025-05-28,M,N,1,2,2
2025-05-28,T,N,1,2,2
2025-05-28,M,O,1,2,2
2025-05-28,T,O,1,2,2
2025-05-28,M,P,1,2,2
2025-05-28,T,P,1,2,2
2025-05-28,M,Q,1,2,2
2025-05-28,T,Q,2,3,3
2025-05-28,M,R,1,2,2
2025-05-28,T,R,1,2,2
2025-05-28,M,S,1,2,2
2025-05-28,T,S,2,3,3
2025-05-28,M,T,1,2,2
2025-05-28,T,T,1,2,2
2025-05-28,M,U,1,2,2
2025-05-28,T,U,1,2,2
2025-05-28,M,V,1,2,2
2025-05-28,T,V,1,2,2
2025-05-28,M,W,1,2,2
2025-05-28,T,W,1,2,2
2025-05-28,M,X,1,2,2
2025-05-28,T,X,1,2,2
2025-05-28,M,Y,1,2,2
2025-05-28,T,Y,1,2,2
2025-05-28,M,Z,1,2,2
2025-05-28,T,Z,1,2,2
2025-05-29,M,A,1,2,2
2025-05-29,T,A,1,2,2
2025-05-29,M,AA,1,2,2
2025-05-29,T,AA,1,2,2
2025-05-29,M,AB,1,2,2
2025-05-29,T,AB,1,2,2
2025-05-29,M,AC,1,2,2
2025-05-29,T,AC,1,2,2
2025-05-29,M,AD,1,2,2
2025-05-29,T,AD,1,2,2
2025-05-29,M,AE,1,2,2
2025-05-29,T,AE,1,2,2
2025-05-29,M,AF,1,2,2
2025-05-29,T,AF,1,2,2
2025-05-29,M,B,1,2,2
2025-05-29,T,B,1,2,2
2025-05-29,M,C,1,2,2
2025-05-29,T,C,1,2,2
2025-05-29,M,D,1,2,2
2025-05-29,T,D,1,2,2
2025-05-29,M,E,1,2,2
2025-05-29,T,E,1,2,2
2025-05-29,M,F,1,2,2
2025-05-29,T,F,1,2,2
2025-05-29,M,G,1,2,2
2025-05-29,T,G,1,2,2
2025-05-29,M,H,1,2,2
2025-05-29,T,H,1,2,2
2025-05-29,M,I,1,2,2
2025-05-29,T,I,1,2,2
2025-05-29,M,J,1,2,2
2025-05-29,T,J,1,2,2
2025-05-29,M,K,1,2,2
2025-05-29,T,K,1,2,2
2025-05-29,M,L,2,3,3
2025-05-29,T,L,1,2,2
2025-05-29,M,M,1,2,2
2025-05-29,T,M,1,2,2
2025-05-29,M,N,1,2,2
2025-05-29,T,N,1,2,2
2025-05-29,M,O,1,2,2
2025-05-29,T,O,1,2,2
2025-05-29,M,P,1,2,2
2025-05-29,T,P,1,2,2
2025-05-29,M,Q,1,2,2
2025-05-29,T,Q,1,2,2
2025-05-29,M,R,0,1,1
2025-05-29,T,R,1,2,2
2025-05-29,M,S,1,2,2
2025-05-29,T,S,1,2,2
2025-05-29,M,T,1,2,2
2025-05-29,T,T,1,2,2
2025-05-29,M,U,1,2,2
2025-05-29,T,U,1,2,2
2025-05-29,M,V,1,2,2
2025-05-29,T,V,1,2,2
2025-05-29,M,W,1,2,2
2025-05-29,T,W,1,2,2
2025-05-29,M,X,1,2,2
2025-05-29,T,X,1,2,2
2025-05-29,M,Y,1,2,2
2025-05-29,T,Y,1,2,2
2025-05-29,M,Z,1,2,2
2025-05-29,T,Z,1,2,2
2025-05-30,M,A,2,3,3
2025-05-30,T,A,1,2,2
2025-05-30,M,AA,1,2,2
2025-05-30,T,AA,1,2,2
2025-05-30,M,AB,1,2,2
2025-05-30,T,AB,1,2,2
2025-05-30,M,AC,1,2,2
2025-05-30,T,AC,2,3,3
2025-05-30,M,AD,2,3,3
2025-05-30,T,AD,1,2,2
2025-05-30,M,AE,1,2,2
2025-05-30,T,AE,1,2,2
2025-05-30,M,AF,1,2,2
2025-05-30,T,AF,1,2,2
2025-05-30,M,B,1,2,2
2025-05-30,T,B,1,2,2
2025-05-30,M,C,1,2,2
2025-05-30,T,C,1,2,2
2025-05-30,M,D,1,2,2
2025-05-30,T,D,1,2,2
2025-05-30,M,E,1,2,2
2025-05-30,T,E,2,3,3
2025-05-30,M,F,1,2,2
2025-05-30,T,F,1,2,2
2025-05-30,M,G,1,2,2
2025-05-30,T,G,1,2,2
2025-05-30,M,H,1,2,2
2025-05-30,T,H,1,2,2
2025-05-30,M,I,1,2,2
2025-05-30,T,I,1,2,2
2025-05-30,M,J,1,2,2
2025-05-30,T,J,1,2,2
2025-05-30,M,K,1,2,2
2025-05-30,T,K,1,2,2
2025-05-30,M,L,1,2,2
2025-05-30,T,L,1,2,2
2025-05-30,M,M,1,2,2
2025-05-30,T,M,1,2,2
2025-05-30,M,N,1,2,2
2025-05-30,T,N,1,2,2
2025-05-30,M,O,1,2,2
2025-05-30,T,O,1,2,2
2025-05-30,M,P,1,2,2
2025-05-30,T,P,1,2,2
2025-05-30,M,Q,1,2,2
2025-05-30,T,Q,1,2,2
2025-05-30,M,R,1,2,2
2025-05-30,T,R,1,2,2
2025-05-30,M,S,1,2,2
2025-05-30,T,S,1,2,2
2025-05-30,M,T,1,2,2
2025-05-30,T,T,1,2,2
2025-05-30,M,U,1,2,2
2025-05-30,T,U,1,2,2
2025-05-30,M,V,1,2,2
2025-05-30,T,V,1,2,2
2025-05-30,M,W,1,2,2
2025-05-30,T,W,1,2,2
2025-05-30,M,X,1,2,2
2025-05-30,T,X,1,2,2
2025-05-30,M,Y,1,2,2
2025-05-30,T,Y,1,2,2
2025-05-30,M,Z,1,2,2
2025-05-30,T,Z,1,2,2
2025-05-31,M,A,1,2,2
2025-05-31,T,A,1,2,2
2025-05-31,M,AA,1,2,2
2025-05-31,T,AA,1,2,2
2025-05-31,M,AB,1,2,2
2025-05-31,T,AB,1,2,2
2025-05-31,M,AC,1,2,2
2025-05-31,T,AC,1,2,2
2025-05-31,M,AD,1,2,2
2025-05-31,T,AD,1,2,2
2025-05-31,M,AE,1,2,2
2025-05-31,T,AE,1,2,2
2025-05-31,M,AF,1,2,2
2025-05-31,T,AF,1,2,2
2025-05-31,M,B,1,2,2
2025-05-31,T,B,1,2,2
2025-05-31,M,C,1,2,2
2025-05-31,T,C,1,2,2
2025-05-31,M,D,1,2,2
2025-05-31,T,D,1,2,2
2025-05-31,M,E,1,2,2
2025-05-31,T,E,1,2,2
2025-05-31,M,F,1,2,2
2025-05-31,T,F,1,2,2
2025-05-31,M,G,1,2,2
2025-05-31,T,G,1,2,2
2025-05-31,M,H,1,2,2
2025-05-31,T,H,1,2,2
2025-05-31,M,I,1,2,2
2025-05-31,T,I,1,2,2
2025-05-31,M,J,1,2,2
2025-05-31,T,J,1,2,2
2025-05-31,M,K,1,2,2
2025-05-31,T,K,1,2,2
2025-05-31,M,L,1,2,2
2025-05-31,T,L,1,2,2
2025-05-31,M,M,1,2,2
2025-05-31,T,M,1,2,2
2025-05-31,M,N,1,2,2
2025-05-31,T,N,1,2,2
2025-05-31,M,O,1,2,2
2025-05-31,T,O,1,2,2
2025-05-31,M,P,1,2,2
2025-05-31,T,P,1,2,2
2025-05-31,M,Q,1,2,2
2025-05-31,T,Q,1,2,2
2025-05-31,M,R,1,2,2
2025-05-31,T,R,1,2,2
2025-05-31,M,S,1,2,2
2025-05-31,T,S,1,2,2
2025-05-31,M,T,1,2,2
2025-05-31,T,T,1,2,2
2025-05-31,M,U,1,2,2
2025-05-31,T,U,1,2,2
2025-05-31,M,V,1,2,2
2025-05-31,T,V,1,2,2
2025-05-31,M,W,1,2,2
2025-05-31,T,W,1,2,2
2025-05-31,M,X,1,2,2
2025-05-31,T,X,1,2,2
2025-05-31,M,Y,1,2,2
2025-05-31,T,Y,1,2,2
2025-05-31,M,Z,1,2,2
2025-05-31,T,Z,1,2,2
2025-06-01,M,A,1,2,2
2025-06-01,T,A,1,2,2
2025-06-01,M,AA,1,2,2
2025-06-01,T,AA,1,2,2
2025-06-01,M,AB,1,2,2
2025-06-01,T,AB,1,2,2
2025-06-01,M,AC,1,2,2
2025-06-01,T,AC,1,2,2
2025-06-01,M,AD,1,2,2
2025-06-01,T,AD,2,3,3
2025-06-01,M,AE,1,2,2
2025-06-01,T,AE,1,2,2
2025-06-01,M,AF,1,2,2
2025-06-01,T,AF,0,1,1
2025-06-01,M,B,1,2,2
2025-06-01,T,B,1,2,2
2025-06-01,M,C,1,2,2
2025-06-01,T,C,1,2,2
2025-06-01,M,D,1,2,2
2025-06-01,T,D,1,2,2
2025-06-01,M,E,2,3,3
2025-06-01,T,E,1,2,2
2025-06-01,M,F,1,2,2
2025-06-01,T,F,1,2,2
2025-06-01,M,G,2,3,3
2025-06-01,T,G,1,2,2
2025-06-01,M,H,1,2,2
2025-06-01,T,H,1,2,2
2025-06-01,M,I,1,2,2
2025-06-01,T,I,2,3,3
2025-06-01,M,J,1,2,2
2025-06-01,T,J,1,2,2
2025-06-01,M,K,1,2,2
2025-06-01,T,K,1,2,2
2025-06-01,M,L,1,2,2
2025-06-01,T,L,1,2,2
2025-06-01,M,M,1,2,2
2025-06-01,T,M,1,2,2
2025-06-01,M,N,1,2,2
2025-06-01,T,N,1,2,2
2025-06-01,M,O,1,2,2
2025-06-01,T,O,1,2,2
2025-06-01,M,P,1,2,2
2025-06-01,T,P,1,2,2
2025-06-01,M,Q,1,2,2
2025-06-01,T,Q,1,2,2
2025-06-01,M,R,1,2,2
2025-06-01,T,R,1,2,2
2025-06-01,M,S,2,3,3
2025-06-01,T,S,1,2,2
2025-06-01,M,T,1,2,2
2025-06-01,T,T,1,2,2
2025-06-01,M,U,1,2,2
2025-06-01,T,U,1,2,2
2025-06-01,M,V,1,2,2
2025-06-01,T,V,1,2,2
2025-06-01,M,W,1,2,2
2025-06-01,T,W,1,2,2
2025-06-01,M,X,1,2,2
2025-06-01,T,X,1,2,2
2025-06-01,M,Y,1,2,2
2025-06-01,T,Y,1,2,2
2025-06-01,M,Z,1,2,2
2025-06-01,T,Z,1,2,2
2025-06-02,M,A,1,2,2
2025-06-02,T,A,1,2,2
2025-06-02,M,AA,1,2,2
2025-06-02,T,AA,1,2,2
2025-06-02,M,AB,1,2,2
2025-06-02,T,AB,1,2,2
2025-06-02,M,AC,1,2,2
2025-06-02,T,AC,1,2,2
2025-06-02,M,AD,1,2,2
2025-06-02,T,AD,1,2,2
2025-06-02,M,AE,1,2,2
2025-06-02,T,AE,1,2,2
2025-06-02,M,AF,0,1,1
2025-06-02,T,AF,1,2,2
2025-06-02,M,B,1,2,2
2025-06-02,T,B,1,2,2
2025-06-02,M,C,1,2,2
2025-06-02,T,C,1,2,2
2025-06-02,M,D,1,2,2
2025-06-02,T,D,1,2,2
2025-06-02,M,E,1,2,2
2025-06-02,T,E,1,2,2
2025-06-02,M,F,1,2,2
2025-06-02,T,F,1,2,2
2025-06-02,M,G,1,2,2
2025-06-02,T,G,1,2,2
2025-06-02,M,H,1,2,2
2025-06-02,T,H,1,2,2
2025-06-02,M,I,1,2,2
2025-06-02,T,I,1,2,2
2025-06-02,M,J,1,2,2
2025-06-02,T,J,1,2,2
2025-06-02,M,K,1,2,2
2025-06-02,T,K,1,2,2
2025-06-02,M,L,1,2,2
2025-06-02,T,L,1,2,2
2025-06-02,M,M,0,1,1
2025-06-02,T,M,1,2,2
2025-06-02,M,N,1,2,2
2025-06-02,T,N,1,2,2
2025-06-02,M,O,1,2,2
2025-06-02,T,O,1,2,2
2025-06-02,M,P,1,2,2
2025-06-02,T,P,1,2,2
2025-06-02,M,Q,1,2,2
2025-06-02,T,Q,1,2,2
2025-06-02,M,R,1,2,2
2025-06-02,T,R,2,3,3
2025-06-02,M,S,1,2,2
2025-06-02,T,S,1,2,2
2025-06-02,M,T,1,2,2
2025-06-02,T,T,1,2,2
2025-06-02,M,U,1,2,2
2025-06-02,T,U,1,2,2
2025-06-02,M,V,1,2,2
2025-06-02,T,V,1,2,2
2025-06-02,M,W,1,2,2
2025-06-02,T,W,1,2,2
2025-06-02,M,X,1,2,2
2025-06-02,T,X,1,2,2
2025-06-02,M,Y,1,2,2
2025-06-02,T,Y,1,2,2
2025-06-02,M,Z,0,1,1
2025-06-02,T,Z,1,2,2
2025-06-03,M,A,1,2,2
2025-06-03,T,A,1,2,2
2025-06-03,M,AA,1,2,2
2025-06-03,T,AA,0,1,1
2025-06-03,M,AB,1,2,2
2025-06-03,T,AB,1,2,2
2025-06-03,M,AC,1,2,2
2025-06-03,T,AC,1,2,2
2025-06-03,M,AD,2,3,3
2025-06-03,T,AD,2,3,3
2025-06-03,M,AE,0,1,1
2025-06-03,T,AE,1,2,2
2025-06-03,M,AF,1,2,2
2025-06-03,T,AF,1,2,2
2025-06-03,M,B,1,2,2
2025-06-03,T,B,1,2,2
2025-06-03,M,C,1,2,2
2025-06-03,T,C,1,2,2
2025-06-03,M,D,0,1,1
2025-06-03,T,D,1,2,2
2025-06-03,M,E,1,2,2
2025-06-03,T,E,1,2,2
2025-06-03,M,F,1,2,2
2025-06-03,T,F,1,2,2
2025-06-03,M,G,1,2,2
2025-06-03,T,G,1,2,2
2025-06-03,M,H,1,2,2
2025-06-03,T,H,1,2,2
2025-06-03,M,I,1,2,2
2025-06-03,T,I,1,2,2
2025-06-03,M,J,1,2,2
2025-06-03,T,J,1,2,2
2025-06-03,M,K,2,3,3
2025-06-03,T,K,1,2,2
2025-06-03,M,L,1,2,2
2025-06-03,T,L,1,2,2
2025-06-03,M,M,2,3,3
2025-06-03,T,M,1,2,2
2025-06-03,M,N,1,2,2
2025-06-03,T,N,1,2,2
2025-06-03,M,O,1,2,2
2025-06-03,T,O,1,2,2
2025-06-03,M,P,1,2,2
2025-06-03,T,P,2,3,3
2025-06-03,M,Q,1,2,2
2025-06-03,T,Q,1,2,2
2025-06-03,M,R,1,2,2
2025-06-03,T,R,1,2,2
2025-06-03,M,S,1,2,2
2025-06-03,T,S,1,2,2
2025-06-03,M,T,1,2,2
2025-06-03,T,T,1,2,2
2025-06-03,M,U,1,2,2
2025-06-03,T,U,1,2,2
2025-06-03,M,V,1,2,2
2025-06-03,T,V,1,2,2
2025-06-03,M,W,0,1,1
2025-06-03,T,W,2,3,3
2025-06-03,M,X,1,2,2
2025-06-03,T,X,1,2,2
2025-06-03,M,Y,1,2,2
2025-06-03,T,Y,1,2,2
2025-06-03,M,Z,1,2,2
2025-06-03,T,Z,1,2,2
2025-06-04,M,A,1,2,2
2025-06-04,T,A,1,2,2
2025-06-04,M,AA,0,1,1
2025-06-04,T,AA,1,2,2
2025-06-04,M,AB,1,2,2
2025-06-04,T,AB,1,2,2
2025-06-04,M,AC,1,2,2
2025-06-04,T,AC,1,2,2
2025-06-04,M,AD,1,2,2
2025-06-04,T,AD,0,1,1
2025-06-04,M,AE,1,2,2
2025-06-04,T,AE,1,2,2
2025-06-04,M,AF,1,2,2
2025-06-04,T,AF,1,2,2
2025-06-04,M,B,1,2,2
2025-06-04,T,B,1,2,2
2025-06-04,M,C,1,2,2
2025-06-04,T,C,1,2,2
2025-06-04,M,D,1,2,2
2025-06-04,T,D,1,2,2
2025-06-04,M,E,1,2,2
2025-06-04,T,E,1,2,2
2025-06-04,M,F,1,2,2
2025-06-04,T,F,1,2,2
2025-06-04,M,G,1,2,2
2025-06-04,T,G,1,2,2
2025-06-04,M,H,1,2,2
2025-06-04,T,H,1,2,2
2025-06-04,M,I,1,2,2
2025-06-04,T,I,1,2,2
2025-06-04,M,J,1,2,2
2025-06-04,T,J,1,2,2
2025-06-04,M,K,1,2,2
2025-06-04,T,K,1,2,2
2025-06-04,M,L,1,2,2
2025-06-04,T,L,1,2,2
2025-06-04,M,M,1,2,2
2025-06-04,T,M,1,2,2
2025-06-04,M,N,1,2,2
2025-06-04,T,N,1,2,2
2025-06-04,M,O,2,3,3
2025-06-04,T,O,1,2,2
2025-06-04,M,P,1,2,2
2025-06-04,T,P,1,2,2
2025-06-04,M,Q,1,2,2
2025-06-04,T,Q,1,2,2
2025-06-04,M,R,2,3,3
2025-06-04,T,R,1,2,2
2025-06-04,M,S,1,2,2
2025-06-04,T,S,1,2,2
2025-06-04,M,T,1,2,2
2025-06-04,T,T,1,2,2
2025-06-04,M,U,0,1,1
2025-06-04,T,U,1,2,2
2025-06-04,M,V,1,2,2
2025-06-04,T,V,1,2,2
2025-06-04,M,W,1,2,2
2025-06-04,T,W,1,2,2
2025-06-04,M,X,1,2,2
2025-06-04,T,X,1,2,2
2025-06-04,M,Y,0,1,1
2025-06-04,T,Y,1,2,2
2025-06-04,M,Z,1,2,2
2025-06-04,T,Z,1,2,2
2025-06-05,M,A,1,2,2
2025-06-05,T,A,1,2,2
2025-06-05,M,AA,1,2,2
2025-06-05,T,AA,1,2,2
2025-06-05,M,AB,1,2,2
2025-06-05,T,AB,1,2,2
2025-06-05,M,AC,1,2,2
2025-06-05,T,AC,0,1,1
2025-06-05,M,AD,1,2,2
2025-06-05,T,AD,1,2,2
2025-06-05,M,AE,1,2,2
2025-06-05,T,AE,1,2,2
2025-06-05,M,AF,1,2,2
2025-06-05,T,AF,1,2,2
2025-06-05,M,B,1,2,2
2025-06-05,T,B,1,2,2
2025-06-05,M,C,1,2,2
2025-06-05,T,C,1,2,2
2025-06-05,M,D,1,2,2
2025-06-05,T,D,1,2,2
2025-06-05,M,E,1,2,2
2025-06-05,T,E,1,2,2
2025-06-05,M,F,1,2,2
2025-06-05,T,F,1,2,2
2025-06-05,M,G,1,2,2
2025-06-05,T,G,1,2,2
2025-06-05,M,H,1,2,2
2025-06-05,T,H,1,2,2
2025-06-05,M,I,1,2,2
2025-06-05,T,I,1,2,2
2025-06-05,M,J,1,2,2
2025-06-05,T,J,1,2,2
2025-06-05,M,K,0,1,1
2025-06-05,T,K,1,2,2
2025-06-05,M,L,1,2,2
2025-06-05,T,L,1,2,2
2025-06-05,M,M,1,2,2
2025-06-05,T,M,1,2,2
2025-06-05,M,N,1,2,2
2025-06-05,T,N,1,2,2
2025-06-05,M,O,1,2,2
2025-06-05,T,O,1,2,2
2025-06-05,M,P,1,2,2
2025-06-05,T,P,1,2,2
2025-06-05,M,Q,1,2,2
2025-06-05,T,Q,1,2,2
2025-06-05,M,R,1,2,2
2025-06-05,T,R,1,2,2
2025-06-05,M,S,1,2,2
2025-06-05,T,S,1,2,2
2025-06-05,M,T,1,2,2
2025-06-05,T,T,2,3,3
2025-06-05,M,U,1,2,2
2025-06-05,T,U,1,2,2
2025-06-05,M,V,0,1,1
2025-06-05,T,V,1,2,2
2025-06-05,M,W,1,2,2
2025-06-05,T,W,1,2,2
2025-06-05,M,X,1,2,2
2025-06-05,T,X,1,2,2
2025-06-05,M,Y,1,2,2
2025-06-05,T,Y,1,2,2
2025-06-05,M,Z,1,2,2
2025-06-05,T,Z,1,2,2
2025-06-06,M,A,1,2,2
2025-06-06,T,A,1,2,2
2025-06-06,M,AA,2,3,3
2025-06-06,T,AA,1,2,2
2025-06-06,M,AB,1,2,2
2025-06-06,T,AB,1,2,2
2025-06-06,M,AC,1,2,2
2025-06-06,T,AC,1,2,2
2025-06-06,M,AD,1,2,2
2025-06-06,T,AD,1,2,2
2025-06-06,M,AE,1,2,2
2025-06-06,T,AE,1,2,2
2025-06-06,M,AF,1,2,2
2025-06-06,T,AF,1,2,2
2025-06-06,M,B,1,2,2
2025-06-06,T,B,1,2,2
2025-06-06,M,C,1,2,2
2025-06-06,T,C,1,2,2
2025-06-06,M,D,2,3,3
2025-06-06,T,D,1,2,2
2025-06-06,M,E,1,2,2
2025-06-06,T,E,1,2,2
2025-06-06,M,F,1,2,2
2025-06-06,T,F,1,2,2
2025-06-06,M,G,1,2,2
2025-06-06,T,G,1,2,2
2025-06-06,M,H,1,2,2
2025-06-06,T,H,1,2,2
2025-06-06,M,I,1,2,2
2025-06-06,T,I,1,2,2
2025-06-06,M,J,1,2,2
2025-06-06,T,J,1,2,2
2025-06-06,M,K,1,2,2
2025-06-06,T,K,1,2,2
2025-06-06,M,L,1,2,2
2025-06-06,T,L,1,2,2
2025-06-06,M,M,2,3,3
2025-06-06,T,M,0,1,1
2025-06-06,M,N,1,2,2
2025-06-06,T,N,1,2,2
2025-06-06,M,O,1,2,2
2025-06-06,T,O,1,2,2
2025-06-06,M,P,1,2,2
2025-06-06,T,P,1,2,2
2025-06-06,M,Q,1,2,2
2025-06-06,T,Q,1,2,2
2025-06-06,M,R,1,2,2
2025-06-06,T,R,1,2,2
2025-06-06,M,S,1,2,2
2025-06-06,T,S,1,2,2
2025-06-06,M,T,1,2,2
2025-06-06,T,T,1,2,2
2025-06-06,M,U,1,2,2
2025-06-06,T,U,1,2,2
2025-06-06,M,V,1,2,2
2025-06-06,T,V,1,2,2
2025-06-06,M,W,1,2,2
2025-06-06,T,W,1,2,2
2025-06-06,M,X,1,2,2
2025-06-06,T,X,1,2,2
2025-06-06,M,Y,1,2,2
2025-06-06,T,Y,1,2,2
2025-06-06,M,Z,1,2,2
2025-06-06,T,Z,1,2,2
2025-06-07,M,A,1,2,2
2025-06-07,T,A,1,2,2
2025-06-07,M,AA,1,2,2
2025-06-07,T,AA,1,2,2
2025-06-07,M,AB,1,2,2
2025-06-07,T,AB,1,2,2
2025-06-07,M,AC,2,3,3
2025-06-07,T,AC,1,2,2
2025-06-07,M,AD,1,2,2
2025-06-07,T,AD,1,2,2
2025-06-07,M,AE,1,2,2
2025-06-07,T,AE,1,2,2
2025-06-07,M,AF,1,2,2
2025-06-07,T,AF,1,2,2
2025-06-07,M,B,1,2,2
2025-06-07,T,B,1,2,2
2025-06-07,M,C,1,2,2
2025-06-07,T,C,2,3,3
2025-06-07,M,D,1,2,2
2025-06-07,T,D,1,2,2
2025-06-07,M,E,1,2,2
2025-06-07,T,E,1,2,2
2025-06-07,M,F,2,3,3
2025-06-07,T,F,1,2,2
2025-06-07,M,G,1,2,2
2025-06-07,T,G,1,2,2
2025-06-07,M,H,1,2,2
2025-06-07,T,H,1,2,2
2025-06-07,M,I,1,2,2
2025-06-07,T,I,1,2,2
2025-06-07,M,J,1,2,2
2025-06-07,T,J,1,2,2
2025-06-07,M,K,1,2,2
2025-06-07,T,K,1,2,2
2025-06-07,M,L,1,2,2
2025-06-07,T,L,1,2,2
2025-06-07,M,M,1,2,2
2025-06-07,T,M,1,2,2
2025-06-07,M,N,1,2,2
2025-06-07,T,N,0,1,1
2025-06-07,M,O,1,2,2
2025-06-07,T,O,1,2,2
2025-06-07,M,P,1,2,2
2025-06-07,T,P,1,2,2
2025-06-07,M,Q,1,2,2
2025-06-07,T,Q,1,2,2
2025-06-07,M,R,1,2,2
2025-06-07,T,R,1,2,2
2025-06-07,M,S,1,2,2
2025-06-07,T,S,1,2,2
2025-06-07,M,T,1,2,2
2025-06-07,T,T,1,2,2
2025-06-07,M,U,2,3,3
2025-06-07,T,U,1,2,2
2025-06-07,M,V,1,2,2
2025-06-07,T,V,1,2,2
2025-06-07,M,W,1,2,2
2025-06-07,T,W,1,2,2
2025-06-07,M,X,1,2,2
2025-06-07,T,X,1,2,2
2025-06-07,M,Y,1,2,2
2025-06-07,T,Y,2,3,3
2025-06-07,M,Z,1,2,2
2025-06-07,T,Z,1,2,2
2025-06-08,M,A,1,2,2
2025-06-08,T,A,1,2,2
2025-06-08,M,AA,1,2,2
2025-06-08,T,AA,1,2,2
2025-06-08,M,AB,1,2,2
2025-06-08,T,AB,1,2,2
2025-06-08,M,AC,1,2,2
2025-06-08,T,AC,1,2,2
2025-06-08,M,AD,1,2,2
2025-06-08,T,AD,2,3,3
2025-06-08,M,AE,1,2,2
2025-06-08,T,AE,1,2,2
2025-06-08,M,AF,1,2,2
2025-06-08,T,AF,1,2,2
2025-06-08,M,B,1,2,2
2025-06-08,T,B,1,2,2
2025-06-08,M,C,1,2,2
2025-06-08,T,C,1,2,2
2025-06-08,M,D,1,2,2
2025-06-08,T,D,1,2,2
2025-06-08,M,E,1,2,2
2025-06-08,T,E,0,1,1
2025-06-08,M,F,1,2,2
2025-06-08,T,F,1,2,2
2025-06-08,M,G,0,1,1
2025-06-08,T,G,1,2,2
2025-06-08,M,H,1,2,2
2025-06-08,T,H,1,2,2
2025-06-08,M,I,1,2,2
2025-06-08,T,I,1,2,2
2025-06-08,M,J,1,2,2
2025-06-08,T,J,1,2,2
2025-06-08,M,K,1,2,2
2025-06-08,T,K,1,2,2
2025-06-08,M,L,1,2,2
2025-06-08,T,L,1,2,2
2025-06-08,M,M,1,2,2
2025-06-08,T,M,1,2,2
2025-06-08,M,N,1,2,2
2025-06-08,T,N,1,2,2
2025-06-08,M,O,2,3,3
2025-06-08,T,O,1,2,2
2025-06-08,M,P,1,2,2
2025-06-08,T,P,1,2,2
2025-06-08,M,Q,1,2,2
2025-06-08,T,Q,1,2,2
2025-06-08,M,R,1,2,2
2025-06-08,T,R,1,2,2
2025-06-08,M,S,1,2,2
2025-06-08,T,S,1,2,2
2025-06-08,M,T,1,2,2
2025-06-08,T,T,1,2,2
2025-06-08,M,U,0,1,1
2025-06-08,T,U,1,2,2
2025-06-08,M,V,1,2,2
2025-06-08,T,V,1,2,2
2025-06-08,M,W,1,2,2
2025-06-08,T,W,1,2,2
2025-06-08,M,X,1,2,2
2025-06-08,T,X,2,3,3
2025-06-08,M,Y,1,2,2
2025-06-08,T,Y,1,2,2
2025-06-08,M,Z,1,2,2
2025-06-08,T,Z,1,2,2
2025-06-09,M,A,1,2,2
2025-06-09,T,A,1,2,2
2025-06-09,M,AA,2,3,3
2025-06-09,T,AA,1,2,2
2025-06-09,M,AB,1,2,2
2025-06-09,T,AB,0,1,1
2025-06-09,M,AC,1,2,2
2025-06-09,T,AC,1,2,2
2025-06-09,M,AD,1,2,2
2025-06-09,T,AD,1,2,2
2025-06-09,M,AE,0,1,1
2025-06-09,T,AE,1,2,2
2025-06-09,M,AF,1,2,2
2025-06-09,T,AF,1,2,2
2025-06-09,M,B,1,2,2
2025-06-09,T,B,1,2,2
2025-06-09,M,C,1,2,2
2025-06-09,T,C,1,2,2
2025-06-09,M,D,1,2,2
2025-06-09,T,D,1,2,2
2025-06-09,M,E,1,2,2
2025-06-09,T,E,1,2,2
2025-06-09,M,F,1,2,2
2025-06-09,T,F,2,3,3
2025-06-09,M,G,1,2,2
2025-06-09,T,G,1,2,2
2025-06-09,M,H,1,2,2
2025-06-09,T,H,1,2,2
2025-06-09,M,I,1,2,2
2025-06-09,T,I,1,2,2
2025-06-09,M,J,1,2,2
2025-06-09,T,J,1,2,2
2025-06-09,M,K,1,2,2
2025-06-09,T,K,1,2,2
2025-06-09,M,L,1,2,2
2025-06-09,T,L,1,2,2
2025-06-09,M,M,1,2,2
2025-06-09,T,M,1,2,2
2025-06-09,M,N,0,1,1
2025-06-09,T,N,1,2,2
2025-06-09,M,O,1,2,2
2025-06-09,T,O,1,2,2
2025-06-09,M,P,1,2,2
2025-06-09,T,P,1,2,2
2025-06-09,M,Q,2,3,3
2025-06-09,T,Q,0,1,1
2025-06-09,M,R,1,2,2
2025-06-09,T,R,1,2,2
2025-06-09,M,S,1,2,2
2025-06-09,T,S,1,2,2
2025-06-09,M,T,1,2,2
2025-06-09,T,T,1,2,2
2025-06-09,M,U,1,2,2
2025-06-09,T,U,1,2,2
2025-06-09,M,V,1,2,2
2025-06-09,T,V,1,2,2
2025-06-09,M,W,1,2,2
2025-06-09,T,W,1,2,2
2025-06-09,M,X,1,2,2
2025-06-09,T,X,1,2,2
2025-06-09,M,Y,1,2,2
2025-06-09,T,Y,1,2,2
2025-06-09,M,Z,0,1,1
2025-06-09,T,Z,1,2,2
2025-06-10,M,A,1,2,2
2025-06-10,T,A,1,2,2
2025-06-10,M,AA,1,2,2
2025-06-10,T,AA,1,2,2
2025-06-10,M,AB,1,2,2
2025-06-10,T,AB,1,2,2
2025-06-10,M,AC,2,3,3
2025-06-10,T,AC,1,2,2
2025-06-10,M,AD,1,2,2
2025-06-10,T,AD,1,2,2
2025-06-10,M,AE,1,2,2
2025-06-10,T,AE,1,2,2
2025-06-10,M,AF,1,2,2
2025-06-10,T,AF,1,2,2
2025-06-10,M,B,2,3,3
2025-06-10,T,B,1,2,2
2025-06-10,M,C,1,2,2
2025-06-10,T,C,2,3,3
2025-06-10,M,D,1,2,2
2025-06-10,T,D,1,2,2
2025-06-10,M,E,1,2,2
2025-06-10,T,E,1,2,2
2025-06-10,M,F,1,2,2
2025-06-10,T,F,1,2,2
2025-06-10,M,G,1,2,2
2025-06-10,T,G,1,2,2
2025-06-10,M,H,1,2,2
2025-06-10,T,H,1,2,2
2025-06-10,M,I,1,2,2
2025-06-10,T,I,1,2,2
2025-06-10,M,J,1,2,2
2025-06-10,T,J,1,2,2
2025-06-10,M,K,0,1,1
2025-06-10,T,K,1,2,2
2025-06-10,M,L,1,2,2
2025-06-10,T,L,1,2,2
2025-06-10,M,M,1,2,2
2025-06-10,T,M,1,2,2
2025-06-10,M,N,1,2,2
2025-06-10,T,N,1,2,2
2025-06-10,M,O,0,1,1
2025-06-10,T,O,1,2,2
2025-06-10,M,P,1,2,2
2025-06-10,T,P,1,2,2
2025-06-10,M,Q,1,2,2
2025-06-10,T,Q,1,2,2
2025-06-10,M,R,1,2,2
2025-06-10,T,R,1,2,2
2025-06-10,M,S,1,2,2
2025-06-10,T,S,1,2,2
2025-06-10,M,T,1,2,2
2025-06-10,T,T,1,2,2
2025-06-10,M,U,1,2,2
2025-06-10,T,U,1,2,2
2025-06-10,M,V,1,2,2
2025-06-10,T,V,1,2,2
2025-06-10,M,W,2,3,3
2025-06-10,T,W,1,2,2
2025-06-10,M,X,1,2,2
2025-06-10,T,X,1,2,2
2025-06-10,M,Y,1,2,2
2025-06-10,T,Y,1,2,2
2025-06-10,M,Z,1,2,2
2025-06-10,T,Z,1,2,2
2025-06-11,M,A,1,2,2
2025-06-11,T,A,1,2,2
2025-06-11,M,AA,1,2,2
2025-06-11,T,AA,1,2,2
2025-06-11,M,AB,0,1,1
2025-06-11,T,AB,1,2,2
2025-06-11,M,AC,1,2,2
2025-06-11,T,AC,1,2,2
2025-06-11,M,AD,1,2,2
2025-06-11,T,AD,1,2,2
2025-06-11,M,AE,1,2,2
2025-06-11,T,AE,1,2,2
2025-06-11,M,AF,0,1,1
2025-06-11,T,AF,1,2,2
2025-06-11,M,B,1,2,2
2025-06-11,T,B,1,2,2
2025-06-11,M,C,1,2,2
2025-06-11,T,C,1,2,2
2025-06-11,M,D,1,2,2
2025-06-11,T,D,1,2,2
2025-06-11,M,E,2,3,3
2025-06-11,T,E,1,2,2
2025-06-11,M,F,1,2,2
2025-06-11,T,F,1,2,2
2025-06-11,M,G,1,2,2
2025-06-11,T,G,1,2,2
2025-06-11,M,H,1,2,2
2025-06-11,T,H,1,2,2
2025-06-11,M,I,1,2,2
2025-06-11,T,I,1,2,2
2025-06-11,M,J,1,2,2
2025-06-11,T,J,1,2,2
2025-06-11,M,K,1,2,2
2025-06-11,T,K,1,2,2
2025-06-11,M,L,1,2,2
2025-06-11,T,L,1,2,2
2025-06-11,M,M,1,2,2
2025-06-11,T,M,1,2,2
2025-06-11,M,N,1,2,2
2025-06-11,T,N,1,2,2
2025-06-11,M,O,1,2,2
2025-06-11,T,O,1,2,2
2025-06-11,M,P,1,2,2
2025-06-11,T,P,1,2,2
2025-06-11,M,Q,1,2,2
2025-06-11,T,Q,1,2,2
2025-06-11,M,R,1,2,2
2025-06-11,T,R,1,2,2
2025-06-11,M,S,1,2,2
2025-06-11,T,S,1,2,2
2025-06-11,M,T,1,2,2
2025-06-11,T,T,1,2,2
2025-06-11,M,U,1,2,2
2025-06-11,T,U,1,2,2
2025-06-11,M,V,1,2,2
2025-06-11,T,V,1,2,2
2025-06-11,M,W,1,2,2
2025-06-11,T,W,1,2,2
2025-06-11,M,X,1,2,2
2025-06-11,T,X,1,2,2
2025-06-11,M,Y,1,2,2
2025-06-11,T,Y,1,2,2
2025-06-11,M,Z,1,2,2
2025-06-11,T,Z,1,2,2
2025-06-12,M,A,1,2,2
2025-06-12,T,A,1,2,2
2025-06-12,M,AA,1,2,2
2025-06-12,T,AA,1,2,2
2025-06-12,M,AB,1,2,2
2025-06-12,T,AB,1,2,2
2025-06-12,M,AC,1,2,2
2025-06-12,T,AC,1,2,2
2025-06-12,M,AD,1,2,2
2025-06-12,T,AD,1,2,2
2025-06-12,M,AE,1,2,2
2025-06-12,T,AE,1,2,2
2025-06-12,M,AF,1,2,2
2025-06-12,T,AF,1,2,2
2025-06-12,M,B,1,2,2
2025-06-12,T,B,1,2,2
2025-06-12,M,C,1,2,2
2025-06-12,T,C,1,2,2
2025-06-12,M,D,2,3,3
2025-06-12,T,D,1,2,2
2025-06-12,M,E,1,2,2
2025-06-12,T,E,1,2,2
2025-06-12,M,F,1,2,2
2025-06-12,T,F,1,2,2
2025-06-12,M,G,1,2,2
2025-06-12,T,G,1,2,2
2025-06-12,M,H,1,2,2
2025-06-12,T,H,1,2,2
2025-06-12,M,I,1,2,2
2025-06-12,T,I,1,2,2
2025-06-12,M,J,1,2,2
2025-06-12,T,J,0,1,1
2025-06-12,M,K,1,2,2
2025-06-12,T,K,1,2,2
2025-06-12,M,L,1,2,2
2025-06-12,T,L,1,2,2
2025-06-12,M,M,1,2,2
2025-06-12,T,M,1,2,2
2025-06-12,M,N,1,2,2
2025-06-12,T,N,1,2,2
2025-06-12,M,O,0,1,1
2025-06-12,T,O,1,2,2
2025-06-12,M,P,1,2,2
2025-06-12,T,P,1,2,2
2025-06-12,M,Q,1,2,2
2025-06-12,T,Q,1,2,2
2025-06-12,M,R,1,2,2
2025-06-12,T,R,1,2,2
2025-06-12,M,S,1,2,2
2025-06-12,T,S,1,2,2
2025-06-12,M,T,1,2,2
2025-06-12,T,T,1,2,2
2025-06-12,M,U,1,2,2
2025-06-12,T,U,1,2,2
2025-06-12,M,V,1,2,2
2025-06-12,T,V,1,2,2
2025-06-12,M,W,1,2,2
2025-06-12,T,W,1,2,2
2025-06-12,M,X,1,2,2
2025-06-12,T,X,0,1,1
2025-06-12,M,Y,2,3,3
2025-06-12,T,Y,1,2,2
2025-06-12,M,Z,1,2,2
2025-06-12,T,Z,1,2,2
2025-06-13,M,A,1,2,2
2025-06-13,T,A,1,2,2
2025-06-13,M,AA,1,2,2
2025-06-13,T,AA,1,2,2
2025-06-13,M,AB,2,3,3
2025-06-13,T,AB,1,2,2
2025-06-13,M,AC,1,2,2
2025-06-13,T,AC,1,2,2
2025-06-13,M,AD,1,2,2
2025-06-13,T,AD,1,2,2
2025-06-13,M,AE,1,2,2
2025-06-13,T,AE,1,2,2
2025-06-13,M,AF,1,2,2
2025-06-13,T,AF,1,2,2
2025-06-13,M,B,1,2,2
2025-06-13,T,B,0,1,1
2025-06-13,M,C,1,2,2
2025-06-13,T,C,1,2,2
2025-06-13,M,D,1,2,2
2025-06-13,T,D,1,2,2
2025-06-13,M,E,1,2,2
2025-06-13,T,E,1,2,2
2025-06-13,M,F,1,2,2
2025-06-13,T,F,1,2,2
2025-06-13,M,G,1,2,2
2025-06-13,T,G,2,3,3
2025-06-13,M,H,1,2,2
2025-06-13,T,H,1,2,2
2025-06-13,M,I,1,2,2
2025-06-13,T,I,1,2,2
2025-06-13,M,J,1,2,2
2025-06-13,T,J,1,2,2
2025-06-13,M,K,0,1,1
2025-06-13,T,K,1,2,2
2025-06-13,M,L,1,2,2
2025-06-13,T,L,1,2,2
2025-06-13,M,M,1,2,2
2025-06-13,T,M,1,2,2
2025-06-13,M,N,1,2,2
2025-06-13,T,N,1,2,2
2025-06-13,M,O,1,2,2
2025-06-13,T,O,1,2,2
2025-06-13,M,P,1,2,2
2025-06-13,T,P,1,2,2
2025-06-13,M,Q,1,2,2
2025-06-13,T,Q,1,2,2
2025-06-13,M,R,1,2,2
2025-06-13,T,R,1,2,2
2025-06-13,M,S,1,2,2
2025-06-13,T,S,1,2,2
2025-06-13,M,T,1,2,2
2025-06-13,T,T,1,2,2
2025-06-13,M,U,1,2,2
2025-06-13,T,U,1,2,2
2025-06-13,M,V,1,2,2
2025-06-13,T,V,1,2,2
2025-06-13,M,W,1,2,2
2025-06-13,T,W,1,2,2
2025-06-13,M,X,1,2,2
2025-06-13,T,X,1,2,2
2025-06-13,M,Y,1,2,2
2025-06-13,T,Y,1,2,2
2025-06-13,M,Z,1,2,2
2025-06-13,T,Z,1,2,2
2025-06-14,M,A,1,2,2
2025-06-14,T,A,1,2,2
2025-06-14,M,AA,1,2,2
2025-06-14,T,AA,0,1,1
2025-06-14,M,AB,1,2,2
2025-06-14,T,AB,1,2,2
2025-06-14,M,AC,1,2,2
2025-06-14,T,AC,1,2,2
2025-06-14,M,AD,1,2,2
2025-06-14,T,AD,1,2,2
2025-06-14,M,AE,1,2,2
2025-06-14,T,AE,1,2,2
2025-06-14,M,AF,0,1,1
2025-06-14,T,AF,1,2,2
2025-06-14,M,B,1,2,2
2025-06-14,T,B,1,2,2
2025-06-14,M,C,1,2,2
2025-06-14,T,C,1,2,2
2025-06-14,M,D,1,2,2
2025-06-14,T,D,1,2,2
2025-06-14,M,E,1,2,2
2025-06-14,T,E,1,2,2
2025-06-14,M,F,1,2,2
2025-06-14,T,F,1,2,2
2025-06-14,M,G,1,2,2
2025-06-14,T,G,0,1,1
2025-06-14,M,H,1,2,2
2025-06-14,T,H,1,2,2
2025-06-14,M,I,1,2,2
2025-06-14,T,I,1,2,2
2025-06-14,M,J,1,2,2
2025-06-14,T,J,1,2,2
2025-06-14,M,K,1,2,2
2025-06-14,T,K,2,3,3
2025-06-14,M,L,1,2,2
2025-06-14,T,L,1,2,2
2025-06-14,M,M,1,2,2
2025-06-14,T,M,1,2,2
2025-06-14,M,N,1,2,2
2025-06-14,T,N,1,2,2
2025-06-14,M,O,1,2,2
2025-06-14,T,O,1,2,2
2025-06-14,M,P,1,2,2
2025-06-14,T,P,1,2,2
2025-06-14,M,Q,1,2,2
2025-06-14,T,Q,1,2,2
2025-06-14,M,R,1,2,2
2025-06-14,T,R,1,2,2
2025-06-14,M,S,1,2,2
2025-06-14,T,S,1,2,2
2025-06-14,M,T,1,2,2
2025-06-14,T,T,1,2,2
2025-06-14,M,U,1,2,2
2025-06-14,T,U,1,2,2
2025-06-14,M,V,1,2,2
2025-06-14,T,V,1,2,2
2025-06-14,M,W,2,3,3
2025-06-14,T,W,1,2,2
2025-06-14,M,X,1,2,2
2025-06-14,T,X,1,2,2
2025-06-14,M,Y,1,2,2
2025-06-14,T,Y,1,2,2
2025-06-14,M,Z,1,2,2
2025-06-14,T,Z,1,2,2
2025-06-15,M,A,1,2,2
2025-06-15,T,A,0,1,1
2025-06-15,M,AA,1,2,2
2025-06-15,T,AA,1,2,2
2025-06-15,M,AB,1,2,2
2025-06-15,T,AB,1,2,2
2025-06-15,M,AC,1,2,2
2025-06-15,T,AC,1,2,2
2025-06-15,M,AD,1,2,2
2025-06-15,T,AD,1,2,2
2025-06-15,M,AE,1,2,2
2025-06-15,T,AE,1,2,2
2025-06-15,M,AF,1,2,2
2025-06-15,T,AF,1,2,2
2025-06-15,M,B,1,2,2
2025-06-15,T,B,1,2,2
2025-06-15,M,C,0,1,1
2025-06-15,T,C,1,2,2
2025-06-15,M,D,1,2,2
2025-06-15,T,D,1,2,2
2025-06-15,M,E,1,2,2
2025-06-15,T,E,1,2,2
2025-06-15,M,F,1,2,2
2025-06-15,T,F,1,2,2
2025-06-15,M,G,1,2,2
2025-06-15,T,G,1,2,2
2025-06-15,M,H,1,2,2
2025-06-15,T,H,1,2,2
2025-06-15,M,I,1,2,2
2025-06-15,T,I,1,2,2
2025-06-15,M,J,1,2,2
2025-06-15,T,J,1,2,2
2025-06-15,M,K,1,2,2
2025-06-15,T,K,1,2,2
2025-06-15,M,L,1,2,2
2025-06-15,T,L,1,2,2
2025-06-15,M,M,1,2,2
2025-06-15,T,M,1,2,2
2025-06-15,M,N,1,2,2
2025-06-15,T,N,1,2,2
2025-06-15,M,O,1,2,2
2025-06-15,T,O,1,2,2
2025-06-15,M,P,1,2,2
2025-06-15,T,P,1,2,2
2025-06-15,M,Q,1,2,2
2025-06-15,T,Q,1,2,2
2025-06-15,M,R,2,3,3
2025-06-15,T,R,1,2,2
2025-06-15,M,S,1,2,2
2025-06-15,T,S,1,2,2
2025-06-15,M,T,1,2,2
2025-06-15,T,T,1,2,2
2025-06-15,M,U,1,2,2
2025-06-15,T,U,1,2,2
2025-06-15,M,V,1,2,2
2025-06-15,T,V,1,2,2
2025-06-15,M,W,1,2,2
2025-06-15,T,W,1,2,2
2025-06-15,M,X,1,2,2
2025-06-15,T,X,2,3,3
2025-06-15,M,Y,1,2,2
2025-06-15,T,Y,1,2,2
2025-06-15,M,Z,1,2,2
2025-06-15,T,Z,0,1,1
2025-06-16,M,A,1,2,2
2025-06-16,T,A,1,2,2
2025-06-16,M,AA,1,2,2
2025-06-16,T,AA,1,2,2
2025-06-16,M,AB,1,2,2
2025-06-16,T,AB,2,3,3
2025-06-16,M,AC,1,2,2
2025-06-16,T,AC,1,2,2
2025-06-16,M,AD,1,2,2
2025-06-16,T,AD,1,2,2
2025-06-16,M,AE,1,2,2
2025-06-16,T,AE,2,3,3
2025-06-16,M,AF,1,2,2
2025-06-16,T,AF,1,2,2
2025-06-16,M,B,1,2,2
2025-06-16,T,B,1,2,2
2025-06-16,M,C,1,2,2
2025-06-16,T,C,1,2,2
2025-06-16,M,D,2,3,3
2025-06-16,T,D,1,2,2
2025-06-16,M,E,1,2,2
2025-06-16,T,E,1,2,2
2025-06-16,M,F,1,2,2
2025-06-16,T,F,1,2,2
2025-06-16,M,G,1,2,2
2025-06-16,T,G,1,2,2
2025-06-16,M,H,1,2,2
2025-06-16,T,H,1,2,2
2025-06-16,M,I,1,2,2
2025-06-16,T,I,0,1,1
2025-06-16,M,J,1,2,2
2025-06-16,T,J,0,1,1
2025-06-16,M,K,1,2,2
2025-06-16,T,K,1,2,2
2025-06-16,M,L,1,2,2
2025-06-16,T,L,1,2,2
2025-06-16,M,M,1,2,2
2025-06-16,T,M,1,2,2
2025-06-16,M,N,1,2,2
2025-06-16,T,N,1,2,2
2025-06-16,M,O,1,2,2
2025-06-16,T,O,1,2,2
2025-06-16,M,P,1,2,2
2025-06-16,T,P,1,2,2
2025-06-16,M,Q,1,2,2
2025-06-16,T,Q,1,2,2
2025-06-16,M,R,1,2,2
2025-06-16,T,R,1,2,2
2025-06-16,M,S,1,2,2
2025-06-16,T,S,1,2,2
2025-06-16,M,T,1,2,2
2025-06-16,T,T,1,2,2
2025-06-16,M,U,1,2,2
2025-06-16,T,U,1,2,2
2025-06-16,M,V,1,2,2
2025-06-16,T,V,1,2,2
2025-06-16,M,W,1,2,2
2025-06-16,T,W,1,2,2
2025-06-16,M,X,0,1,1
2025-06-16,T,X,1,2,2
2025-06-16,M,Y,1,2,2
2025-06-16,T,Y,1,2,2
2025-06-16,M,Z,1,2,2
2025-06-16,T,Z,1,2,2
2025-06-17,M,A,1,2,2
2025-06-17,T,A,1,2,2
2025-06-17,M,AA,1,2,2
2025-06-17,T,AA,1,2,2
2025-06-17,M,AB,1,2,2
2025-06-17,T,AB,1,2,2
2025-06-17,M,AC,1,2,2
2025-06-17,T,AC,1,2,2
2025-06-17,M,AD,1,2,2
2025-06-17,T,AD,1,2,2
2025-06-17,M,AE,1,2,2
2025-06-17,T,AE,1,2,2
2025-06-17,M,AF,1,2,2
2025-06-17,T,AF,1,2,2
2025-06-17,M,B,1,2,2
2025-06-17,T,B,1,2,2
2025-06-17,M,C,1,2,2
2025-06-17,T,C,1,2,2
2025-06-17,M,D,1,2,2
2025-06-17,T,D,1,2,2
2025-06-17,M,E,1,2,2
2025-06-17,T,E,0,1,1
2025-06-17,M,F,1,2,2
2025-06-17,T,F,0,1,1
2025-06-17,M,G,1,2,2
2025-06-17,T,G,1,2,2
2025-06-17,M,H,2,3,3
2025-06-17,T,H,1,2,2
2025-06-17,M,I,2,3,3
2025-06-17,T,I,1,2,2
2025-06-17,M,J,1,2,2
2025-06-17,T,J,1,2,2
2025-06-17,M,K,1,2,2
2025-06-17,T,K,1,2,2
2025-06-17,M,L,1,2,2
2025-06-17,T,L,1,2,2
2025-06-17,M,M,2,3,3
2025-06-17,T,M,1,2,2
2025-06-17,M,N,1,2,2
2025-06-17,T,N,1,2,2
2025-06-17,M,O,1,2,2
2025-06-17,T,O,1,2,2
2025-06-17,M,P,1,2,2
2025-06-17,T,P,1,2,2
2025-06-17,M,Q,1,2,2
2025-06-17,T,Q,1,2,2
2025-06-17,M,R,2,3,3
2025-06-17,T,R,0,1,1
2025-06-17,M,S,1,2,2
2025-06-17,T,S,1,2,2
2025-06-17,M,T,1,2,2
2025-06-17,T,T,1,2,2
2025-06-17,M,U,1,2,2
2025-06-17,T,U,1,2,2
2025-06-17,M,V,1,2,2
2025-06-17,T,V,1,2,2
2025-06-17,M,W,1,2,2
2025-06-17,T,W,1,2,2
2025-06-17,M,X,1,2,2
2025-06-17,T,X,1,2,2
2025-06-17,M,Y,1,2,2
2025-06-17,T,Y,1,2,2
2025-06-17,M,Z,1,2,2
2025-06-17,T,Z,1,2,2
2025-06-18,M,A,1,2,2
2025-06-18,T,A,1,2,2
2025-06-18,M,AA,1,2,2
2025-06-18,T,AA,1,2,2
2025-06-18,M,AB,1,2,2
2025-06-18,T,AB,1,2,2
2025-06-18,M,AC,1,2,2
2025-06-18,T,AC,1,2,2
2025-06-18,M,AD,1,2,2
2025-06-18,T,AD,1,2,2
2025-06-18,M,AE,1,2,2
2025-06-18,T,AE,2,3,3
2025-06-18,M,AF,1,2,2
2025-06-18,T,AF,1,2,2
2025-06-18,M,B,1,2,2
2025-06-18,T,B,1,2,2
2025-06-18,M,C,1,2,2
2025-06-18,T,C,1,2,2
2025-06-18,M,D,1,2,2
2025-06-18,T,D,1,2,2
2025-06-18,M,E,1,2,2
2025-06-18,T,E,1,2,2
2025-06-18,M,F,1,2,2
2025-06-18,T,F,1,2,2
2025-06-18,M,G,1,2,2
2025-06-18,T,G,1,2,2
2025-06-18,M,H,1,2,2
2025-06-18,T,H,1,2,2
2025-06-18,M,I,1,2,2
2025-06-18,T,I,1,2,2
2025-06-18,M,J,1,2,2
2025-06-18,T,J,1,2,2
2025-06-18,M,K,1,2,2
2025-06-18,T,K,1,2,2
2025-06-18,M,L,1,2,2
2025-06-18,T,L,1,2,2
2025-06-18,M,M,1,2,2
2025-06-18,T,M,1,2,2
2025-06-18,M,N,1,2,2
2025-06-18,T,N,1,2,2
2025-06-18,M,O,1,2,2
2025-06-18,T,O,1,2,2
2025-06-18,M,P,1,2,2
2025-06-18,T,P,1,2,2
2025-06-18,M,Q,1,2,2
2025-06-18,T,Q,1,2,2
2025-06-18,M,R,1,2,2
2025-06-18,T,R,1,2,2
2025-06-18,M,S,1,2,2
2025-06-18,T,S,1,2,2
2025-06-18,M,T,0,1,1
2025-06-18,T,T,1,2,2
2025-06-18,M,U,1,2,2
2025-06-18,T,U,0,1,1
2025-06-18,M,V,1,2,2
2025-06-18,T,V,1,2,2
2025-06-18,M,W,1,2,2
2025-06-18,T,W,1,2,2
2025-06-18,M,X,1,2,2
2025-06-18,T,X,1,2,2
2025-06-18,M,Y,1,2,2
2025-06-18,T,Y,1,2,2
2025-06-18,M,Z,1,2,2
2025-06-18,T,Z,1,2,2
2025-06-19,M,A,1,2,2
2025-06-19,T,A,1,2,2
2025-06-19,M,AA,1,2,2
2025-06-19,T,AA,1,2,2
2025-06-19,M,AB,1,2,2
2025-06-19,T,AB,1,2,2
2025-06-19,M,AC,1,2,2
2025-06-19,T,AC,1,2,2
2025-06-19,M,AD,1,2,2
2025-06-19,T,AD,1,2,2
2025-06-19,M,AE,1,2,2
2025-06-19,T,AE,1,2,2
2025-06-19,M,AF,1,2,2
2025-06-19,T,AF,1,2,2
2025-06-19,M,B,1,2,2
2025-06-19,T,B,1,2,2
2025-06-19,M,C,1,2,2
2025-06-19,T,C,1,2,2
2025-06-19,M,D,1,2,2
2025-06-19,T,D,1,2,2
2025-06-19,M,E,1,2,2
2025-06-19,T,E,1,2,2
2025-06-19,M,F,1,2,2
2025-06-19,T,F,1,2,2
2025-06-19,M,G,1,2,2
2025-06-19,T,G,1,2,2
2025-06-19,M,H,1,2,2
2025-06-19,T,H,1,2,2
2025-06-19,M,I,1,2,2
2025-06-19,T,I,0,1,1
2025-06-19,M,J,1,2,2
2025-06-19,T,J,1,2,2
2025-06-19,M,K,1,2,2
2025-06-19,T,K,1,2,2
2025-06-19,M,L,1,2,2
2025-06-19,T,L,1,2,2
2025-06-19,M,M,2,3,3
2025-06-19,T,M,1,2,2
2025-06-19,M,N,1,2,2
2025-06-19,T,N,1,2,2
2025-06-19,M,O,1,2,2
2025-06-19,T,O,1,2,2
2025-06-19,M,P,1,2,2
2025-06-19,T,P,1,2,2
2025-06-19,M,Q,1,2,2
2025-06-19,T,Q,1,2,2
2025-06-19,M,R,1,2,2
2025-06-19,T,R,1,2,2
2025-06-19,M,S,1,2,2
2025-06-19,T,S,1,2,2
2025-06-19,M,T,1,2,2
2025-06-19,T,T,1,2,2
2025-06-19,M,U,1,2,2
2025-06-19,T,U,1,2,2
2025-06-19,M,V,1,2,2
2025-06-19,T,V,1,2,2
2025-06-19,M,W,1,2,2
2025-06-19,T,W,1,2,2
2025-06-19,M,X,1,2,2
2025-06-19,T,X,1,2,2
2025-06-19,M,Y,1,2,2
2025-06-19,T,Y,1,2,2
2025-06-19,M,Z,1,2,2
2025-06-19,T,Z,1,2,2
2025-06-20,M,A,1,2,2
2025-06-20,T,A,1,2,2
2025-06-20,M,AA,0,1,1
2025-06-20,T,AA,1,2,2
2025-06-20,M,AB,1,2,2
2025-06-20,T,AB,1,2,2
2025-06-20,M,AC,1,2,2
2025-06-20,T,AC,1,2,2
2025-06-20,M,AD,1,2,2
2025-06-20,T,AD,1,2,2
2025-06-20,M,AE,0,1,1
2025-06-20,T,AE,1,2,2
2025-06-20,M,AF,1,2,2
2025-06-20,T,AF,1,2,2
2025-06-20,M,B,1,2,2
2025-06-20,T,B,2,3,3
2025-06-20,M,C,1,2,2
2025-06-20,T,C,1,2,2
2025-06-20,M,D,1,2,2
2025-06-20,T,D,1,2,2
2025-06-20,M,E,1,2,2
2025-06-20,T,E,1,2,2
2025-06-20,M,F,1,2,2
2025-06-20,T,F,1,2,2
2025-06-20,M,G,1,2,2
2025-06-20,T,G,1,2,2
2025-06-20,M,H,1,2,2
2025-06-20,T,H,1,2,2
2025-06-20,M,I,1,2,2
2025-06-20,T,I,1,2,2
2025-06-20,M,J,1,2,2
2025-06-20,T,J,1,2,2
2025-06-20,M,K,1,2,2
2025-06-20,T,K,1,2,2
2025-06-20,M,L,1,2,2
2025-06-20,T,L,1,2,2
2025-06-20,M,M,1,2,2
2025-06-20,T,M,1,2,2
2025-06-20,M,N,1,2,2
2025-06-20,T,N,1,2,2
2025-06-20,M,O,1,2,2
2025-06-20,T,O,1,2,2
2025-06-20,M,P,1,2,2
2025-06-20,T,P,1,2,2
2025-06-20,M,Q,1,2,2
2025-06-20,T,Q,1,2,2
2025-06-20,M,R,1,2,2
2025-06-20,T,R,1,2,2
2025-06-20,M,S,1,2,2
2025-06-20,T,S,1,2,2
2025-06-20,M,T,1,2,2
2025-06-20,T,T,1,2,2
2025-06-20,M,U,1,2,2
2025-06-20,T,U,0,1,1
2025-06-20,M,V,1,2,2
2025-06-20,T,V,1,2,2
2025-06-20,M,W,1,2,2
2025-06-20,T,W,1,2,2
2025-06-20,M,X,1,2,2
2025-06-20,T,X,1,2,2
2025-06-20,M,Y,1,2,2
2025-06-20,T,Y,1,2,2
2025-06-20,M,Z,1,2,2
2025-06-20,T,Z,1,2,2
2025-06-21,M,A,1,2,2
2025-06-21,T,A,1,2,2
2025-06-21,M,AA,0,1,1
2025-06-21,T,AA,1,2,2
2025-06-21,M,AB,1,2,2
2025-06-21,T,AB,1,2,2
2025-06-21,M,AC,1,2,2
2025-06-21,T,AC,1,2,2
2025-06-21,M,AD,1,2,2
2025-06-21,T,AD,2,3,3
2025-06-21,M,AE,2,3,3
2025-06-21,T,AE,1,2,2
2025-06-21,M,AF,1,2,2
2025-06-21,T,AF,1,2,2
2025-06-21,M,B,1,2,2
2025-06-21,T,B,1,2,2
2025-06-21,M,C,1,2,2
2025-06-21,T,C,1,2,2
2025-06-21,M,D,1,2,2
2025-06-21,T,D,1,2,2
2025-06-21,M,E,0,1,1
2025-06-21,T,E,1,2,2
2025-06-21,M,F,1,2,2
2025-06-21,T,F,1,2,2
2025-06-21,M,G,1,2,2
2025-06-21,T,G,1,2,2
2025-06-21,M,H,1,2,2
2025-06-21,T,H,1,2,2
2025-06-21,M,I,1,2,2
2025-06-21,T,I,1,2,2
2025-06-21,M,J,1,2,2
2025-06-21,T,J,1,2,2
2025-06-21,M,K,1,2,2
2025-06-21,T,K,1,2,2
2025-06-21,M,L,1,2,2
2025-06-21,T,L,1,2,2
2025-06-21,M,M,1,2,2
2025-06-21,T,M,1,2,2
2025-06-21,M,N,1,2,2
2025-06-21,T,N,1,2,2
2025-06-21,M,O,1,2,2
2025-06-21,T,O,2,3,3
2025-06-21,M,P,1,2,2
2025-06-21,T,P,1,2,2
2025-06-21,M,Q,1,2,2
2025-06-21,T,Q,1,2,2
2025-06-21,M,R,1,2,2
2025-06-21,T,R,1,2,2
2025-06-21,M,S,1,2,2
2025-06-21,T,S,1,2,2
2025-06-21,M,T,0,1,1
2025-06-21,T,T,1,2,2
2025-06-21,M,U,1,2,2
2025-06-21,T,U,1,2,2
2025-06-21,M,V,1,2,2
2025-06-21,T,V,1,2,2
2025-06-21,M,W,1,2,2
2025-06-21,T,W,1,2,2
2025-06-21,M,X,1,2,2
2025-06-21,T,X,1,2,2
2025-06-21,M,Y,1,2,2
2025-06-21,T,Y,1,2,2
2025-06-21,M,Z,1,2,2
2025-06-21,T,Z,1,2,2
2025-06-22,M,A,1,2,2
2025-06-22,T,A,1,2,2
2025-06-22,M,AA,1,2,2
2025-06-22,T,AA,1,2,2
2025-06-22,M,AB,1,2,2
2025-06-22,T,AB,1,2,2
2025-06-22,M,AC,1,2,2
2025-06-22,T,AC,1,2,2
2025-06-22,M,AD,1,2,2
2025-06-22,T,AD,1,2,2
2025-06-22,M,AE,1,2,2
2025-06-22,T,AE,1,2,2
2025-06-22,M,AF,1,2,2
2025-06-22,T,AF,1,2,2
2025-06-22,M,B,1,2,2
2025-06-22,T,B,0,1,1
2025-06-22,M,C,1,2,2
2025-06-22,T,C,1,2,2
2025-06-22,M,D,1,2,2
2025-06-22,T,D,1,2,2
2025-06-22,M,E,1,2,2
2025-06-22,T,E,1,2,2
2025-06-22,M,F,1,2,2
2025-06-22,T,F,1,2,2
2025-06-22,M,G,1,2,2
2025-06-22,T,G,1,2,2
2025-06-22,M,H,1,2,2
2025-06-22,T,H,1,2,2
2025-06-22,M,I,1,2,2
2025-06-22,T,I,1,2,2
2025-06-22,M,J,0,1,1
2025-06-22,T,J,1,2,2
2025-06-22,M,K,1,2,2
2025-06-22,T,K,1,2,2
2025-06-22,M,L,1,2,2
2025-06-22,T,L,1,2,2
2025-06-22,M,M,1,2,2
2025-06-22,T,M,1,2,2
2025-06-22,M,N,1,2,2
2025-06-22,T,N,1,2,2
2025-06-22,M,O,0,1,1
2025-06-22,T,O,1,2,2
2025-06-22,M,P,1,2,2
2025-06-22,T,P,1,2,2
2025-06-22,M,Q,1,2,2
2025-06-22,T,Q,1,2,2
2025-06-22,M,R,1,2,2
2025-06-22,T,R,1,2,2
2025-06-22,M,S,1,2,2
2025-06-22,T,S,1,2,2
2025-06-22,M,T,1,2,2
2025-06-22,T,T,1,2,2
2025-06-22,M,U,1,2,2
2025-06-22,T,U,1,2,2
2025-06-22,M,V,1,2,2
2025-06-22,T,V,1,2,2
2025-06-22,M,W,1,2,2
2025-06-22,T,W,1,2,2
2025-06-22,M,X,1,2,2
2025-06-22,T,X,1,2,2
2025-06-22,M,Y,2,3,3
2025-06-22,T,Y,0,1,1
2025-06-22,M,Z,1,2,2
2025-06-22,T,Z,1,2,2
2025-06-23,M,A,1,2,2
2025-06-23,T,A,0,1,1
2025-06-23,M,AA,1,2,2
2025-06-23,T,AA,2,3,3
2025-06-23,M,AB,1,2,2
2025-06-23,T,AB,1,2,2
2025-06-23,M,AC,1,2,2
2025-06-23,T,AC,1,2,2
2025-06-23,M,AD,1,2,2
2025-06-23,T,AD,1,2,2
2025-06-23,M,AE,1,2,2
2025-06-23,T,AE,1,2,2
2025-06-23,M,AF,1,2,2
2025-06-23,T,AF,0,1,1
2025-06-23,M,B,1,2,2
2025-06-23,T,B,1,2,2
2025-06-23,M,C,1,2,2
2025-06-23,T,C,1,2,2
2025-06-23,M,D,1,2,2
2025-06-23,T,D,1,2,2
2025-06-23,M,E,1,2,2
2025-06-23,T,E,1,2,2
2025-06-23,M,F,1,2,2
2025-06-23,T,F,1,2,2
2025-06-23,M,G,1,2,2
2025-06-23,T,G,1,2,2
2025-06-23,M,H,1,2,2
2025-06-23,T,H,1,2,2
2025-06-23,M,I,1,2,2
2025-06-23,T,I,1,2,2
2025-06-23,M,J,1,2,2
2025-06-23,T,J,1,2,2
2025-06-23,M,K,1,2,2
2025-06-23,T,K,2,3,3
2025-06-23,M,L,2,3,3
2025-06-23,T,L,1,2,2
2025-06-23,M,M,1,2,2
2025-06-23,T,M,1,2,2
2025-06-23,M,N,1,2,2
2025-06-23,T,N,0,1,1
2025-06-23,M,O,0,1,1
2025-06-23,T,O,1,2,2
2025-06-23,M,P,1,2,2
2025-06-23,T,P,2,3,3
2025-06-23,M,Q,1,2,2
2025-06-23,T,Q,1,2,2
2025-06-23,M,R,0,1,1
2025-06-23,T,R,1,2,2
2025-06-23,M,S,0,1,1
2025-06-23,T,S,1,2,2
2025-06-23,M,T,1,2,2
2025-06-23,T,T,1,2,2
2025-06-23,M,U,1,2,2
2025-06-23,T,U,1,2,2
2025-06-23,M,V,1,2,2
2025-06-23,T,V,1,2,2
2025-06-23,M,W,1,2,2
2025-06-23,T,W,1,2,2
2025-06-23,M,X,1,2,2
2025-06-23,T,X,1,2,2
2025-06-23,M,Y,1,2,2
2025-06-23,T,Y,2,3,3
2025-06-23,M,Z,1,2,2
2025-06-23,T,Z,1,2,2
2025-06-24,M,A,1,2,2
2025-06-24,T,A,1,2,2
2025-06-24,M,AA,1,2,2
2025-06-24,T,AA,1,2,2
2025-06-24,M,AB,1,2,2
2025-06-24,T,AB,1,2,2
2025-06-24,M,AC,1,2,2
2025-06-24,T,AC,1,2,2
2025-06-24,M,AD,1,2,2
2025-06-24,T,AD,1,2,2
2025-06-24,M,AE,1,2,2
2025-06-24,T,AE,1,2,2
2025-06-24,M,AF,1,2,2
2025-06-24,T,AF,1,2,2
2025-06-24,M,B,1,2,2
2025-06-24,T,B,1,2,2
2025-06-24,M,C,1,2,2
2025-06-24,T,C,1,2,2
2025-06-24,M,D,2,3,3
2025-06-24,T,D,1,2,2
2025-06-24,M,E,1,2,2
2025-06-24,T,E,2,3,3
2025-06-24,M,F,1,2,2
2025-06-24,T,F,2,3,3
2025-06-24,M,G,1,2,2
2025-06-24,T,G,1,2,2
2025-06-24,M,H,1,2,2
2025-06-24,T,H,1,2,2
2025-06-24,M,I,1,2,2
2025-06-24,T,I,1,2,2
2025-06-24,M,J,1,2,2
2025-06-24,T,J,1,2,2
2025-06-24,M,K,1,2,2
2025-06-24,T,K,1,2,2
2025-06-24,M,L,1,2,2
2025-06-24,T,L,1,2,2
2025-06-24,M,M,2,3,3
2025-06-24,T,M,1,2,2
2025-06-24,M,N,1,2,2
2025-06-24,T,N,1,2,2
2025-06-24,M,O,1,2,2
2025-06-24,T,O,1,2,2
2025-06-24,M,P,1,2,2
2025-06-24,T,P,1,2,2
2025-06-24,M,Q,1,2,2
2025-06-24,T,Q,1,2,2
2025-06-24,M,R,1,2,2
2025-06-24,T,R,1,2,2
2025-06-24,M,S,1,2,2
2025-06-24,T,S,1,2,2
2025-06-24,M,T,1,2,2
2025-06-24,T,T,1,2,2
2025-06-24,M,U,1,2,2
2025-06-24,T,U,1,2,2
2025-06-24,M,V,1,2,2
2025-06-24,T,V,1,2,2
2025-06-24,M,W,1,2,2
2025-06-24,T,W,1,2,2
2025-06-24,M,X,1,2,2
2025-06-24,T,X,1,2,2
2025-06-24,M,Y,0,1,1
2025-06-24,T,Y,1,2,2
2025-06-24,M,Z,1,2,2
2025-06-24,T,Z,1,2,2
2025-06-25,M,A,1,2,2
2025-06-25,T,A,1,2,2
2025-06-25,M,AA,1,2,2
2025-06-25,T,AA,1,2,2
2025-06-25,M,AB,1,2,2
2025-06-25,T,AB,1,2,2
2025-06-25,M,AC,1,2,2
2025-06-25,T,AC,1,2,2
2025-06-25,M,AD,1,2,2
2025-06-25,T,AD,1,2,2
2025-06-25,M,AE,2,3,3
2025-06-25,T,AE,1,2,2
2025-06-25,M,AF,1,2,2
2025-06-25,T,AF,1,2,2
2025-06-25,M,B,1,2,2
2025-06-25,T,B,1,2,2
2025-06-25,M,C,1,2,2
2025-06-25,T,C,1,2,2
2025-06-25,M,D,1,2,2
2025-06-25,T,D,1,2,2
2025-06-25,M,E,1,2,2
2025-06-25,T,E,0,1,1
2025-06-25,M,F,0,1,1
2025-06-25,T,F,1,2,2
2025-06-25,M,G,1,2,2
2025-06-25,T,G,1,2,2
2025-06-25,M,H,1,2,2
2025-06-25,T,H,1,2,2
2025-06-25,M,I,1,2,2
2025-06-25,T,I,1,2,2
2025-06-25,M,J,1,2,2
2025-06-25,T,J,1,2,2
2025-06-25,M,K,1,2,2
2025-06-25,T,K,1,2,2
2025-06-25,M,L,1,2,2
2025-06-25,T,L,1,2,2
2025-06-25,M,M,1,2,2
2025-06-25,T,M,1,2,2
2025-06-25,M,N,1,2,2
2025-06-25,T,N,1,2,2
2025-06-25,M,O,1,2,2
2025-06-25,T,O,1,2,2
2025-06-25,M,P,1,2,2
2025-06-25,T,P,0,1,1
2025-06-25,M,Q,1,2,2
2025-06-25,T,Q,1,2,2
2025-06-25,M,R,1,2,2
2025-06-25,T,R,1,2,2
2025-06-25,M,S,1,2,2
2025-06-25,T,S,1,2,2
2025-06-25,M,T,1,2,2
2025-06-25,T,T,1,2,2
2025-06-25,M,U,1,2,2
2025-06-25,T,U,1,2,2
2025-06-25,M,V,1,2,2
2025-06-25,T,V,1,2,2
2025-06-25,M,W,1,2,2
2025-06-25,T,W,1,2,2
2025-06-25,M,X,1,2,2
2025-06-25,T,X,1,2,2
2025-06-25,M,Y,1,2,2
2025-06-25,T,Y,1,2,2
2025-06-25,M,Z,0,1,1
2025-06-25,T,Z,1,2,2
2025-06-26,M,A,1,2,2
2025-06-26,T,A,1,2,2
2025-06-26,M,AA,1,2,2
2025-06-26,T,AA,1,2,2
2025-06-26,M,AB,1,2,2
2025-06-26,T,AB,1,2,2
2025-06-26,M,AC,1,2,2
2025-06-26,T,AC,1,2,2
2025-06-26,M,AD,1,2,2
2025-06-26,T,AD,1,2,2
2025-06-26,M,AE,1,2,2
2025-06-26,T,AE,1,2,2
2025-06-26,M,AF,2,3,3
2025-06-26,T,AF,1,2,2
2025-06-26,M,B,1,2,2
2025-06-26,T,B,1,2,2
2025-06-26,M,C,2,3,3
2025-06-26,T,C,1,2,2
2025-06-26,M,D,1,2,2
2025-06-26,T,D,1,2,2
2025-06-26,M,E,1,2,2
2025-06-26,T,E,1,2,2
2025-06-26,M,F,1,2,2
2025-06-26,T,F,1,2,2
2025-06-26,M,G,1,2,2
2025-06-26,T,G,1,2,2
2025-06-26,M,H,1,2,2
2025-06-26,T,H,1,2,2
2025-06-26,M,I,1,2,2
2025-06-26,T,I,1,2,2
2025-06-26,M,J,1,2,2
2025-06-26,T,J,1,2,2
2025-06-26,M,K,1,2,2
2025-06-26,T,K,1,2,2
2025-06-26,M,L,1,2,2
2025-06-26,T,L,1,2,2
2025-06-26,M,M,1,2,2
2025-06-26,T,M,1,2,2
2025-06-26,M,N,1,2,2
2025-06-26,T,N,1,2,2
2025-06-26,M,O,1,2,2
2025-06-26,T,O,1,2,2
2025-06-26,M,P,0,1,1
2025-06-26,T,P,1,2,2
2025-06-26,M,Q,1,2,2
2025-06-26,T,Q,1,2,2
2025-06-26,M,R,1,2,2
2025-06-26,T,R,1,2,2
2025-06-26,M,S,1,2,2
2025-06-26,T,S,1,2,2
2025-06-26,M,T,1,2,2
2025-06-26,T,T,1,2,2
2025-06-26,M,U,1,2,2
2025-06-26,T,U,1,2,2
2025-06-26,M,V,1,2,2
2025-06-26,T,V,1,2,2
2025-06-26,M,W,1,2,2
2025-06-26,T,W,1,2,2
2025-06-26,M,X,1,2,2
2025-06-26,T,X,0,1,1
2025-06-26,M,Y,1,2,2
2025-06-26,T,Y,1,2,2
2025-06-26,M,Z,2,3,3
2025-06-26,T,Z,1,2,2
2025-06-27,M,A,1,2,2
2025-06-27,T,A,1,2,2
2025-06-27,M,AA,1,2,2
2025-06-27,T,AA,1,2,2
2025-06-27,M,AB,0,1,1
2025-06-27,T,AB,1,2,2
2025-06-27,M,AC,1,2,2
2025-06-27,T,AC,1,2,2
2025-06-27,M,AD,1,2,2
2025-06-27,T,AD,1,2,2
2025-06-27,M,AE,1,2,2
2025-06-27,T,AE,1,2,2
2025-06-27,M,AF,1,2,2
2025-06-27,T,AF,1,2,2
2025-06-27,M,B,1,2,2
2025-06-27,T,B,1,2,2
2025-06-27,M,C,1,2,2
2025-06-27,T,C,1,2,2
2025-06-27,M,D,1,2,2
2025-06-27,T,D,1,2,2
2025-06-27,M,E,1,2,2
2025-06-27,T,E,1,2,2
2025-06-27,M,F,1,2,2
2025-06-27,T,F,1,2,2
2025-06-27,M,G,1,2,2
2025-06-27,T,G,1,2,2
2025-06-27,M,H,1,2,2
2025-06-27,T,H,1,2,2
2025-06-27,M,I,1,2,2
2025-06-27,T,I,1,2,2
2025-06-27,M,J,1,2,2
2025-06-27,T,J,0,1,1
2025-06-27,M,K,2,3,3
2025-06-27,T,K,1,2,2
2025-06-27,M,L,1,2,2
2025-06-27,T,L,1,2,2
2025-06-27,M,M,1,2,2
2025-06-27,T,M,1,2,2
2025-06-27,M,N,2,3,3
2025-06-27,T,N,1,2,2
2025-06-27,M,O,1,2,2
2025-06-27,T,O,0,1,1
2025-06-27,M,P,1,2,2
2025-06-27,T,P,0,1,1
2025-06-27,M,Q,1,2,2
2025-06-27,T,Q,1,2,2
2025-06-27,M,R,2,3,3
2025-06-27,T,R,1,2,2
2025-06-27,M,S,1,2,2
2025-06-27,T,S,1,2,2
2025-06-27,M,T,1,2,2
2025-06-27,T,T,1,2,2
2025-06-27,M,U,1,2,2
2025-06-27,T,U,1,2,2
2025-06-27,M,V,1,2,2
2025-06-27,T,V,1,2,2
2025-06-27,M,W,1,2,2
2025-06-27,T,W,1,2,2
2025-06-27,M,X,1,2,2
2025-06-27,T,X,1,2,2
2025-06-27,M,Y,1,2,2
2025-06-27,T,Y,1,2,2
2025-06-27,M,Z,1,2,2
2025-06-27,T,Z,1,2,2
2025-06-28,M,A,1,2,2
2025-06-28,T,A,1,2,2
2025-06-28,M,AA,1,2,2
2025-06-28,T,AA,1,2,2
2025-06-28,M,AB,1,2,2
2025-06-28,T,AB,1,2,2
2025-06-28,M,AC,1,2,2
2025-06-28,T,AC,1,2,2
2025-06-28,M,AD,1,2,2
2025-06-28,T,AD,2,3,3
2025-06-28,M,AE,1,2,2
2025-06-28,T,AE,1,2,2
2025-06-28,M,AF,1,2,2
2025-06-28,T,AF,1,2,2
2025-06-28,M,B,1,2,2
2025-06-28,T,B,1,2,2
2025-06-28,M,C,1,2,2
2025-06-28,T,C,1,2,2
2025-06-28,M,D,1,2,2
2025-06-28,T,D,1,2,2
2025-06-28,M,E,1,2,2
2025-06-28,T,E,1,2,2
2025-06-28,M,F,1,2,2
2025-06-28,T,F,1,2,2
2025-06-28,M,G,1,2,2
2025-06-28,T,G,1,2,2
2025-06-28,M,H,1,2,2
2025-06-28,T,H,1,2,2
2025-06-28,M,I,1,2,2
2025-06-28,T,I,1,2,2
2025-06-28,M,J,1,2,2
2025-06-28,T,J,0,1,1
2025-06-28,M,K,1,2,2
2025-06-28,T,K,1,2,2
2025-06-28,M,L,1,2,2
2025-06-28,T,L,1,2,2
2025-06-28,M,M,1,2,2
2025-06-28,T,M,1,2,2
2025-06-28,M,N,1,2,2
2025-06-28,T,N,1,2,2
2025-06-28,M,O,1,2,2
2025-06-28,T,O,1,2,2
2025-06-28,M,P,1,2,2
2025-06-28,T,P,1,2,2
2025-06-28,M,Q,1,2,2
2025-06-28,T,Q,1,2,2
2025-06-28,M,R,1,2,2
2025-06-28,T,R,1,2,2
2025-06-28,M,S,1,2,2
2025-06-28,T,S,2,3,3
2025-06-28,M,T,1,2,2
2025-06-28,T,T,1,2,2
2025-06-28,M,U,1,2,2
2025-06-28,T,U,1,2,2
2025-06-28,M,V,1,2,2
2025-06-28,T,V,1,2,2
2025-06-28,M,W,1,2,2
2025-06-28,T,W,1,2,2
2025-06-28,M,X,1,2,2
2025-06-28,T,X,0,1,1
2025-06-28,M,Y,1,2,2
2025-06-28,T,Y,1,2,2
2025-06-28,M,Z,1,2,2
2025-06-28,T,Z,1,2,2
2025-06-29,M,A,1,2,2
2025-06-29,T,A,1,2,2
2025-06-29,M,AA,1,2,2
2025-06-29,T,AA,1,2,2
2025-06-29,M,AB,1,2,2
2025-06-29,T,AB,1,2,2
2025-06-29,M,AC,1,2,2
2025-06-29,T,AC,1,2,2
2025-06-29,M,AD,1,2,2
2025-06-29,T,AD,1,2,2
2025-06-29,M,AE,1,2,2
2025-06-29,T,AE,1,2,2
2025-06-29,M,AF,1,2,2
2025-06-29,T,AF,1,2,2
2025-06-29,M,B,1,2,2
2025-06-29,T,B,1,2,2
2025-06-29,M,C,1,2,2
2025-06-29,T,C,1,2,2
2025-06-29,M,D,1,2,2
2025-06-29,T,D,1,2,2
2025-06-29,M,E,1,2,2
2025-06-29,T,E,1,2,2
2025-06-29,M,F,1,2,2
2025-06-29,T,F,1,2,2
2025-06-29,M,G,1,2,2
2025-06-29,T,G,1,2,2
2025-06-29,M,H,1,2,2
2025-06-29,T,H,1,2,2
2025-06-29,M,I,1,2,2
2025-06-29,T,I,1,2,2
2025-06-29,M,J,1,2,2
2025-06-29,T,J,1,2,2
2025-06-29,M,K,1,2,2
2025-06-29,T,K,1,2,2
2025-06-29,M,L,1,2,2
2025-06-29,T,L,1,2,2
2025-06-29,M,M,1,2,2
2025-06-29,T,M,1,2,2
2025-06-29,M,N,1,2,2
2025-06-29,T,N,2,3,3
2025-06-29,M,O,1,2,2
2025-06-29,T,O,1,2,2
2025-06-29,M,P,2,3,3
2025-06-29,T,P,1,2,2
2025-06-29,M,Q,1,2,2
2025-06-29,T,Q,1,2,2
2025-06-29,M,R,1,2,2
2025-06-29,T,R,1,2,2
2025-06-29,M,S,2,3,3
2025-06-29,T,S,1,2,2
2025-06-29,M,T,1,2,2
2025-06-29,T,T,1,2,2
2025-06-29,M,U,1,2,2
2025-06-29,T,U,1,2,2
2025-06-29,M,V,1,2,2
2025-06-29,T,V,1,2,2
2025-06-29,M,W,1,2,2
2025-06-29,T,W,1,2,2
2025-06-29,M,X,1,2,2
2025-06-29,T,X,1,2,2
2025-06-29,M,Y,1,2,2
2025-06-29,T,Y,1,2,2
2025-06-29,M,Z,1,2,2
2025-06-29,T,Z,1,2,2
2025-06-30,M,A,1,2,2
2025-06-30,T,A,1,2,2
2025-06-30,M,AA,1,2,2
2025-06-30,T,AA,1,2,2
2025-06-30,M,AB,1,2,2
2025-06-30,T,AB,1,2,2
2025-06-30,M,AC,1,2,2
2025-06-30,T,AC,1,2,2
2025-06-30,M,AD,1,2,2
2025-06-30,T,AD,1,2,2
2025-06-30,M,AE,1,2,2
2025-06-30,T,AE,1,2,2
2025-06-30,M,AF,1,2,2
2025-06-30,T,AF,1,2,2
2025-06-30,M,B,2,3,3
2025-06-30,T,B,1,2,2
2025-06-30,M,C,1,2,2
2025-06-30,T,C,1,2,2
2025-06-30,M,D,1,2,2
2025-06-30,T,D,1,2,2
2025-06-30,M,E,1,2,2
2025-06-30,T,E,1,2,2
2025-06-30,M,F,1,2,2
2025-06-30,T,F,1,2,2
2025-06-30,M,G,1,2,2
2025-06-30,T,G,1,2,2
2025-06-30,M,H,1,2,2
2025-06-30,T,H,1,2,2
2025-06-30,M,I,1,2,2
2025-06-30,T,I,1,2,2
2025-06-30,M,J,1,2,2
2025-06-30,T,J,1,2,2
2025-06-30,M,K,1,2,2
2025-06-30,T,K,1,2,2
2025-06-30,M,L,1,2,2
2025-06-30,T,L,1,2,2
2025-06-30,M,M,1,2,2
2025-06-30,T,M,1,2,2
2025-06-30,M,N,1,2,2
2025-06-30,T,N,1,2,2
2025-06-30,M,O,1,2,2
2025-06-30,T,O,1,2,2
2025-06-30,M,P,1,2,2
2025-06-30,T,P,1,2,2
2025-06-30,M,Q,2,3,3
2025-06-30,T,Q,1,2,2
2025-06-30,M,R,1,2,2
2025-06-30,T,R,1,2,2
2025-06-30,M,S,1,2,2
2025-06-30,T,S,1,2,2
2025-06-30,M,T,1,2,2
2025-06-30,T,T,1,2,2
2025-06-30,M,U,1,2,2
2025-06-30,T,U,1,2,2
2025-06-30,M,V,1,2,2
2025-06-30,T,V,1,2,2
2025-06-30,M,W,1,2,2
2025-06-30,T,W,1,2,2
2025-06-30,M,X,1,2,2
2025-06-30,T,X,1,2,2
2025-06-30,M,Y,1,2,2
2025-06-30,T,Y,1,2,2
2025-06-30,M,Z,1,2,2
2025-06-30,T,Z,1,2,2
2025-07-01,M,A,1,2,2
2025-07-01,T,A,1,2,2
2025-07-01,M,AA,1,2,2
2025-07-01,T,AA,1,2,2
2025-07-01,M,AB,1,2,2
2025-07-01,T,AB,1,2,2
2025-07-01,M,AC,1,2,2
2025-07-01,T,AC,1,2,2
2025-07-01,M,AD,1,2,2
2025-07-01,T,AD,1,2,2
2025-07-01,M,AE,1,2,2
2025-07-01,T,AE,1,2,2
2025-07-01,M,AF,1,2,2
2025-07-01,T,AF,1,2,2
2025-07-01,M,B,1,2,2
2025-07-01,T,B,1,2,2
2025-07-01,M,C,1,2,2
2025-07-01,T,C,1,2,2
2025-07-01,M,D,2,3,3
2025-07-01,T,D,1,2,2
2025-07-01,M,E,1,2,2
2025-07-01,T,E,1,2,2
2025-07-01,M,F,1,2,2
2025-07-01,T,F,1,2,2
2025-07-01,M,G,1,2,2
2025-07-01,T,G,1,2,2
2025-07-01,M,H,2,3,3
2025-07-01,T,H,1,2,2
2025-07-01,M,I,1,2,2
2025-07-01,T,I,1,2,2
2025-07-01,M,J,1,2,2
2025-07-01,T,J,1,2,2
2025-07-01,M,K,1,2,2
2025-07-01,T,K,1,2,2
2025-07-01,M,L,1,2,2
2025-07-01,T,L,1,2,2
2025-07-01,M,M,1,2,2
2025-07-01,T,M,1,2,2
2025-07-01,M,N,1,2,2
2025-07-01,T,N,1,2,2
2025-07-01,M,O,1,2,2
2025-07-01,T,O,1,2,2
2025-07-01,M,P,1,2,2
2025-07-01,T,P,1,2,2
2025-07-01,M,Q,1,2,2
2025-07-01,T,Q,1,2,2
2025-07-01,M,R,1,2,2
2025-07-01,T,R,1,2,2
2025-07-01,M,S,1,2,2
2025-07-01,T,S,1,2,2
2025-07-01,M,T,1,2,2
2025-07-01,T,T,1,2,2
2025-07-01,M,U,2,3,3
2025-07-01,T,U,1,2,2
2025-07-01,M,V,1,2,2
2025-07-01,T,V,1,2,2
2025-07-01,M,W,1,2,2
2025-07-01,T,W,1,2,2
2025-07-01,M,X,1,2,2
2025-07-01,T,X,1,2,2
2025-07-01,M,Y,1,2,2
2025-07-01,T,Y,1,2,2
2025-07-01,M,Z,1,2,2
2025-07-01,T,Z,1,2,2
2025-07-02,M,A,1,2,2
2025-07-02,T,A,1,2,2
2025-07-02,M,AA,1,2,2
2025-07-02,T,AA,1,2,2
2025-07-02,M,AB,1,2,2
2025-07-02,T,AB,1,2,2
2025-07-02,M,AC,1,2,2
2025-07-02,T,AC,1,2,2
2025-07-02,M,AD,2,3,3
2025-07-02,T,AD,1,2,2
2025-07-02,M,AE,0,1,1
2025-07-02,T,AE,1,2,2
2025-07-02,M,AF,1,2,2
2025-07-02,T,AF,1,2,2
2025-07-02,M,B,1,2,2
2025-07-02,T,B,1,2,2
2025-07-02,M,C,1,2,2
2025-07-02,T,C,1,2,2
2025-07-02,M,D,1,2,2
2025-07-02,T,D,1,2,2
2025-07-02,M,E,1,2,2
2025-07-02,T,E,1,2,2
2025-07-02,M,F,1,2,2
2025-07-02,T,F,1,2,2
2025-07-02,M,G,1,2,2
2025-07-02,T,G,1,2,2
2025-07-02,M,H,1,2,2
2025-07-02,T,H,1,2,2
2025-07-02,M,I,1,2,2
2025-07-02,T,I,1,2,2
2025-07-02,M,J,1,2,2
2025-07-02,T,J,2,3,3
2025-07-02,M,K,1,2,2
2025-07-02,T,K,1,2,2
2025-07-02,M,L,1,2,2
2025-07-02,T,L,1,2,2
2025-07-02,M,M,0,1,1
2025-07-02,T,M,1,2,2
2025-07-02,M,N,1,2,2
2025-07-02,T,N,1,2,2
2025-07-02,M,O,1,2,2
2025-07-02,T,O,1,2,2
2025-07-02,M,P,1,2,2
2025-07-02,T,P,1,2,2
2025-07-02,M,Q,1,2,2
2025-07-02,T,Q,1,2,2
2025-07-02,M,R,1,2,2
2025-07-02,T,R,1,2,2
2025-07-02,M,S,1,2,2
2025-07-02,T,S,1,2,2
2025-07-02,M,T,1,2,2
2025-07-02,T,T,1,2,2
2025-07-02,M,U,1,2,2
2025-07-02,T,U,0,1,1
2025-07-02,M,V,1,2,2
2025-07-02,T,V,1,2,2
2025-07-02,M,W,1,2,2
2025-07-02,T,W,1,2,2
2025-07-02,M,X,1,2,2
2025-07-02,T,X,1,2,2
2025-07-02,M,Y,1,2,2
2025-07-02,T,Y,1,2,2
2025-07-02,M,Z,1,2,2
2025-07-02,T,Z,1,2,2
2025-07-03,M,A,1,2,2
2025-07-03,T,A,1,2,2
2025-07-03,M,AA,1,2,2
2025-07-03,T,AA,1,2,2
2025-07-03,M,AB,1,2,2
2025-07-03,T,AB,0,1,1
2025-07-03,M,AC,1,2,2
2025-07-03,T,AC,1,2,2
2025-07-03,M,AD,1,2,2
2025-07-03,T,AD,1,2,2
2025-07-03,M,AE,1,2,2
2025-07-03,T,AE,1,2,2
2025-07-03,M,AF,1,2,2
2025-07-03,T,AF,1,2,2
2025-07-03,M,B,1,2,2
2025-07-03,T,B,1,2,2
2025-07-03,M,C,1,2,2
2025-07-03,T,C,1,2,2
2025-07-03,M,D,1,2,2
2025-07-03,T,D,1,2,2
2025-07-03,M,E,1,2,2
2025-07-03,T,E,1,2,2
2025-07-03,M,F,1,2,2
2025-07-03,T,F,1,2,2
2025-07-03,M,G,1,2,2
2025-07-03,T,G,1,2,2
2025-07-03,M,H,1,2,2
2025-07-03,T,H,1,2,2
2025-07-03,M,I,1,2,2
2025-07-03,T,I,1,2,2
2025-07-03,M,J,1,2,2
2025-07-03,T,J,1,2,2
2025-07-03,M,K,1,2,2
2025-07-03,T,K,1,2,2
2025-07-03,M,L,2,3,3
2025-07-03,T,L,1,2,2
2025-07-03,M,M,1,2,2
2025-07-03,T,M,1,2,2
2025-07-03,M,N,1,2,2
2025-07-03,T,N,1,2,2
2025-07-03,M,O,1,2,2
2025-07-03,T,O,1,2,2
2025-07-03,M,P,1,2,2
2025-07-03,T,P,1,2,2
2025-07-03,M,Q,1,2,2
2025-07-03,T,Q,1,2,2
2025-07-03,M,R,1,2,2
2025-07-03,T,R,1,2,2
2025-07-03,M,S,1,2,2
2025-07-03,T,S,1,2,2
2025-07-03,M,T,1,2,2
2025-07-03,T,T,1,2,2
2025-07-03,M,U,1,2,2
2025-07-03,T,U,1,2,2
2025-07-03,M,V,1,2,2
2025-07-03,T,V,1,2,2
2025-07-03,M,W,1,2,2
2025-07-03,T,W,1,2,2
2025-07-03,M,X,1,2,2
2025-07-03,T,X,1,2,2
2025-07-03,M,Y,1,2,2
2025-07-03,T,Y,1,2,2
2025-07-03,M,Z,1,2,2
2025-07-03,T,Z,1,2,2
2025-07-04,M,A,1,2,2
2025-07-04,T,A,1,2,2
2025-07-04,M,AA,1,2,2
2025-07-04,T,AA,1,2,2
2025-07-04,M,AB,1,2,2
2025-07-04,T,AB,1,2,2
2025-07-04,M,AC,0,1,1
2025-07-04,T,AC,1,2,2
2025-07-04,M,AD,1,2,2
2025-07-04,T,AD,1,2,2
2025-07-04,M,AE,1,2,2
2025-07-04,T,AE,1,2,2
2025-07-04,M,AF,1,2,2
2025-07-04,T,AF,1,2,2
2025-07-04,M,B,1,2,2
2025-07-04,T,B,1,2,2
2025-07-04,M,C,1,2,2
2025-07-04,T,C,1,2,2
2025-07-04,M,D,1,2,2
2025-07-04,T,D,1,2,2
2025-07-04,M,E,1,2,2
2025-07-04,T,E,1,2,2
2025-07-04,M,F,1,2,2
2025-07-04,T,F,1,2,2
2025-07-04,M,G,1,2,2
2025-07-04,T,G,1,2,2
2025-07-04,M,H,1,2,2
2025-07-04,T,H,1,2,2
2025-07-04,M,I,1,2,2
2025-07-04,T,I,1,2,2
2025-07-04,M,J,1,2,2
2025-07-04,T,J,1,2,2
2025-07-04,M,K,1,2,2
2025-07-04,T,K,1,2,2
2025-07-04,M,L,1,2,2
2025-07-04,T,L,1,2,2
2025-07-04,M,M,1,2,2
2025-07-04,T,M,1,2,2
2025-07-04,M,N,1,2,2
2025-07-04,T,N,1,2,2
2025-07-04,M,O,1,2,2
2025-07-04,T,O,1,2,2
2025-07-04,M,P,1,2,2
2025-07-04,T,P,1,2,2
2025-07-04,M,Q,1,2,2
2025-07-04,T,Q,1,2,2
2025-07-04,M,R,1,2,2
2025-07-04,T,R,1,2,2
2025-07-04,M,S,1,2,2
2025-07-04,T,S,1,2,2
2025-07-04,M,T,1,2,2
2025-07-04,T,T,2,3,3
2025-07-04,M,U,1,2,2
2025-07-04,T,U,1,2,2
2025-07-04,M,V,1,2,2
2025-07-04,T,V,1,2,2
2025-07-04,M,W,1,2,2
2025-07-04,T,W,0,1,1
2025-07-04,M,X,1,2,2
2025-07-04,T,X,1,2,2
2025-07-04,M,Y,2,3,3
2025-07-04,T,Y,1,2,2
2025-07-04,M,Z,1,2,2
2025-07-04,T,Z,1,2,2
2025-07-05,M,A,1,2,2
2025-07-05,T,A,1,2,2
2025-07-05,M,AA,1,2,2
2025-07-05,T,AA,1,2,2
2025-07-05,M,AB,1,2,2
2025-07-05,T,AB,1,2,2
2025-07-05,M,AC,1,2,2
2025-07-05,T,AC,1,2,2
2025-07-05,M,AD,1,2,2
2025-07-05,T,AD,1,2,2
2025-07-05,M,AE,1,2,2
2025-07-05,T,AE,1,2,2
2025-07-05,M,AF,1,2,2
2025-07-05,T,AF,1,2,2
2025-07-05,M,B,0,1,1
2025-07-05,T,B,1,2,2
2025-07-05,M,C,1,2,2
2025-07-05,T,C,1,2,2
2025-07-05,M,D,1,2,2
2025-07-05,T,D,0,1,1
2025-07-05,M,E,2,3,3
2025-07-05,T,E,1,2,2
2025-07-05,M,F,1,2,2
2025-07-05,T,F,1,2,2
2025-07-05,M,G,1,2,2
2025-07-05,T,G,1,2,2
2025-07-05,M,H,1,2,2
2025-07-05,T,H,1,2,2
2025-07-05,M,I,1,2,2
2025-07-05,T,I,1,2,2
2025-07-05,M,J,1,2,2
2025-07-05,T,J,1,2,2
2025-07-05,M,K,1,2,2
2025-07-05,T,K,1,2,2
2025-07-05,M,L,1,2,2
2025-07-05,T,L,1,2,2
2025-07-05,M,M,1,2,2
2025-07-05,T,M,1,2,2
2025-07-05,M,N,1,2,2
2025-07-05,T,N,1,2,2
2025-07-05,M,O,1,2,2
2025-07-05,T,O,1,2,2
2025-07-05,M,P,0,1,1
2025-07-05,T,P,1,2,2
2025-07-05,M,Q,1,2,2
2025-07-05,T,Q,1,2,2
2025-07-05,M,R,1,2,2
2025-07-05,T,R,2,3,3
2025-07-05,M,S,1,2,2
2025-07-05,T,S,1,2,2
2025-07-05,M,T,1,2,2
2025-07-05,T,T,1,2,2
2025-07-05,M,U,1,2,2
2025-07-05,T,U,1,2,2
2025-07-05,M,V,1,2,2
2025-07-05,T,V,1,2,2
2025-07-05,M,W,1,2,2
2025-07-05,T,W,1,2,2
2025-07-05,M,X,1,2,2
2025-07-05,T,X,1,2,2
2025-07-05,M,Y,1,2,2
2025-07-05,T,Y,1,2,2
2025-07-05,M,Z,1,2,2
2025-07-05,T,Z,1,2,2
2025-07-06,M,A,1,2,2
2025-07-06,T,A,1,2,2
2025-07-06,M,AA,1,2,2
2025-07-06,T,AA,1,2,2
2025-07-06,M,AB,1,2,2
2025-07-06,T,AB,1,2,2
2025-07-06,M,AC,1,2,2
2025-07-06,T,AC,1,2,2
2025-07-06,M,AD,1,2,2
2025-07-06,T,AD,1,2,2
2025-07-06,M,AE,1,2,2
2025-07-06,T,AE,1,2,2
2025-07-06,M,AF,1,2,2
2025-07-06,T,AF,0,1,1
2025-07-06,M,B,1,2,2
2025-07-06,T,B,1,2,2
2025-07-06,M,C,1,2,2
2025-07-06,T,C,1,2,2
2025-07-06,M,D,1,2,2
2025-07-06,T,D,1,2,2
2025-07-06,M,E,1,2,2
2025-07-06,T,E,1,2,2
2025-07-06,M,F,1,2,2
2025-07-06,T,F,1,2,2
2025-07-06,M,G,1,2,2
2025-07-06,T,G,1,2,2
2025-07-06,M,H,1,2,2
2025-07-06,T,H,1,2,2
2025-07-06,M,I,1,2,2
2025-07-06,T,I,1,2,2
2025-07-06,M,J,1,2,2
2025-07-06,T,J,2,3,3
2025-07-06,M,K,1,2,2
2025-07-06,T,K,1,2,2
2025-07-06,M,L,1,2,2
2025-07-06,T,L,1,2,2
2025-07-06,M,M,1,2,2
2025-07-06,T,M,1,2,2
2025-07-06,M,N,1,2,2
2025-07-06,T,N,1,2,2
2025-07-06,M,O,0,1,1
2025-07-06,T,O,0,1,1
2025-07-06,M,P,1,2,2
2025-07-06,T,P,1,2,2
2025-07-06,M,Q,1,2,2
2025-07-06,T,Q,1,2,2
2025-07-06,M,R,0,1,1
2025-07-06,T,R,1,2,2
2025-07-06,M,S,1,2,2
2025-07-06,T,S,1,2,2
2025-07-06,M,T,1,2,2
2025-07-06,T,T,1,2,2
2025-07-06,M,U,1,2,2
2025-07-06,T,U,1,2,2
2025-07-06,M,V,1,2,2
2025-07-06,T,V,1,2,2
2025-07-06,M,W,1,2,2
2025-07-06,T,W,1,2,2
2025-07-06,M,X,1,2,2
2025-07-06,T,X,1,2,2
2025-07-06,M,Y,1,2,2
2025-07-06,T,Y,1,2,2
2025-07-06,M,Z,1,2,2
2025-07-06,T,Z,1,2,2
2025-07-07,M,A,1,2,2
2025-07-07,T,A,1,2,2
2025-07-07,M,AA,0,1,1
2025-07-07,T,AA,1,2,2
2025-07-07,M,AB,1,2,2
2025-07-07,T,AB,1,2,2
2025-07-07,M,AC,1,2,2
2025-07-07,T,AC,1,2,2
2025-07-07,M,AD,1,2,2
2025-07-07,T,AD,1,2,2
2025-07-07,M,AE,1,2,2
2025-07-07,T,AE,1,2,2
2025-07-07,M,AF,1,2,2
2025-07-07,T,AF,1,2,2
2025-07-07,M,B,1,2,2
2025-07-07,T,B,2,3,3
2025-07-07,M,C,1,2,2
2025-07-07,T,C,1,2,2
2025-07-07,M,D,1,2,2
2025-07-07,T,D,1,2,2
2025-07-07,M,E,1,2,2
2025-07-07,T,E,1,2,2
2025-07-07,M,F,1,2,2
2025-07-07,T,F,1,2,2
2025-07-07,M,G,1,2,2
2025-07-07,T,G,1,2,2
2025-07-07,M,H,0,1,1
2025-07-07,T,H,1,2,2
2025-07-07,M,I,1,2,2
2025-07-07,T,I,1,2,2
2025-07-07,M,J,1,2,2
2025-07-07,T,J,1,2,2
2025-07-07,M,K,1,2,2
2025-07-07,T,K,1,2,2
2025-07-07,M,L,1,2,2
2025-07-07,T,L,1,2,2
2025-07-07,M,M,1,2,2
2025-07-07,T,M,1,2,2
2025-07-07,M,N,1,2,2
2025-07-07,T,N,1,2,2
2025-07-07,M,O,1,2,2
2025-07-07,T,O,1,2,2
2025-07-07,M,P,1,2,2
2025-07-07,T,P,1,2,2
2025-07-07,M,Q,1,2,2
2025-07-07,T,Q,1,2,2
2025-07-07,M,R,0,1,1
2025-07-07,T,R,1,2,2
2025-07-07,M,S,1,2,2
2025-07-07,T,S,1,2,2
2025-07-07,M,T,1,2,2
2025-07-07,T,T,1,2,2
2025-07-07,M,U,1,2,2
2025-07-07,T,U,1,2,2
2025-07-07,M,V,1,2,2
2025-07-07,T,V,1,2,2
2025-07-07,M,W,1,2,2
2025-07-07,T,W,1,2,2
2025-07-07,M,X,1,2,2
2025-07-07,T,X,1,2,2
2025-07-07,M,Y,1,2,2
2025-07-07,T,Y,1,2,2
2025-07-07,M,Z,1,2,2
2025-07-07,T,Z,1,2,2
2025-07-08,M,A,1,2,2
2025-07-08,T,A,1,2,2
2025-07-08,M,AA,1,2,2
2025-07-08,T,AA,1,2,2
2025-07-08,M,AB,1,2,2
2025-07-08,T,AB,1,2,2
2025-07-08,M,AC,1,2,2
2025-07-08,T,AC,1,2,2
2025-07-08,M,AD,1,2,2
2025-07-08,T,AD,1,2,2
2025-07-08,M,AE,1,2,2
2025-07-08,T,AE,1,2,2
2025-07-08,M,AF,1,2,2
2025-07-08,T,AF,1,2,2
2025-07-08,M,B,1,2,2
2025-07-08,T,B,2,3,3
2025-07-08,M,C,1,2,2
2025-07-08,T,C,1,2,2
2025-07-08,M,D,1,2,2
2025-07-08,T,D,1,2,2
2025-07-08,M,E,1,2,2
2025-07-08,T,E,1,2,2
2025-07-08,M,F,1,2,2
2025-07-08,T,F,1,2,2
2025-07-08,M,G,1,2,2
2025-07-08,T,G,1,2,2
2025-07-08,M,H,1,2,2
2025-07-08,T,H,1,2,2
2025-07-08,M,I,1,2,2
2025-07-08,T,I,1,2,2
2025-07-08,M,J,1,2,2
2025-07-08,T,J,1,2,2
2025-07-08,M,K,1,2,2
2025-07-08,T,K,1,2,2
2025-07-08,M,L,1,2,2
2025-07-08,T,L,1,2,2
2025-07-08,M,M,1,2,2
2025-07-08,T,M,1,2,2
2025-07-08,M,N,1,2,2
2025-07-08,T,N,1,2,2
2025-07-08,M,O,1,2,2
2025-07-08,T,O,1,2,2
2025-07-08,M,P,1,2,2
2025-07-08,T,P,1,2,2
2025-07-08,M,Q,1,2,2
2025-07-08,T,Q,1,2,2
2025-07-08,M,R,1,2,2
2025-07-08,T,R,1,2,2
2025-07-08,M,S,1,2,2
2025-07-08,T,S,1,2,2
2025-07-08,M,T,1,2,2
2025-07-08,T,T,1,2,2
2025-07-08,M,U,1,2,2
2025-07-08,T,U,1,2,2
2025-07-08,M,V,1,2,2
2025-07-08,T,V,1,2,2
2025-07-08,M,W,1,2,2
2025-07-08,T,W,0,1,1
2025-07-08,M,X,1,2,2
2025-07-08,T,X,1,2,2
2025-07-08,M,Y,0,1,1
2025-07-08,T,Y,1,2,2
2025-07-08,M,Z,1,2,2
2025-07-08,T,Z,2,3,3
2025-07-09,M,A,1,2,2
2025-07-09,T,A,1,2,2
2025-07-09,M,AA,1,2,2
2025-07-09,T,AA,0,1,1
2025-07-09,M,AB,1,2,2
2025-07-09,T,AB,1,2,2
2025-07-09,M,AC,1,2,2
2025-07-09,T,AC,1,2,2
2025-07-09,M,AD,1,2,2
2025-07-09,T,AD,1,2,2
2025-07-09,M,AE,1,2,2
2025-07-09,T,AE,1,2,2
2025-07-09,M,AF,1,2,2
2025-07-09,T,AF,1,2,2
2025-07-09,M,B,1,2,2
2025-07-09,T,B,1,2,2
2025-07-09,M,C,1,2,2
2025-07-09,T,C,1,2,2
2025-07-09,M,D,1,2,2
2025-07-09,T,D,0,1,1
2025-07-09,M,E,1,2,2
2025-07-09,T,E,1,2,2
2025-07-09,M,F,1,2,2
2025-07-09,T,F,1,2,2
2025-07-09,M,G,1,2,2
2025-07-09,T,G,1,2,2
2025-07-09,M,H,1,2,2
2025-07-09,T,H,1,2,2
2025-07-09,M,I,1,2,2
2025-07-09,T,I,1,2,2
2025-07-09,M,J,1,2,2
2025-07-09,T,J,1,2,2
2025-07-09,M,K,1,2,2
2025-07-09,T,K,1,2,2
2025-07-09,M,L,1,2,2
2025-07-09,T,L,1,2,2
2025-07-09,M,M,1,2,2
2025-07-09,T,M,1,2,2
2025-07-09,M,N,1,2,2
2025-07-09,T,N,1,2,2
2025-07-09,M,O,1,2,2
2025-07-09,T,O,1,2,2
2025-07-09,M,P,2,3,3
2025-07-09,T,P,0,1,1
2025-07-09,M,Q,1,2,2
2025-07-09,T,Q,1,2,2
2025-07-09,M,R,1,2,2
2025-07-09,T,R,1,2,2
2025-07-09,M,S,1,2,2
2025-07-09,T,S,1,2,2
2025-07-09,M,T,1,2,2
2025-07-09,T,T,1,2,2
2025-07-09,M,U,1,2,2
2025-07-09,T,U,1,2,2
2025-07-09,M,V,1,2,2
2025-07-09,T,V,1,2,2
2025-07-09,M,W,1,2,2
2025-07-09,T,W,1,2,2
2025-07-09,M,X,1,2,2
2025-07-09,T,X,1,2,2
2025-07-09,M,Y,1,2,2
2025-07-09,T,Y,1,2,2
2025-07-09,M,Z,1,2,2
2025-07-09,T,Z,1,2,2
2025-07-10,M,A,1,2,2
2025-07-10,T,A,1,2,2
2025-07-10,M,AA,1,2,2
2025-07-10,T,AA,1,2,2
2025-07-10,M,AB,1,2,2
2025-07-10,T,AB,1,2,2
2025-07-10,M,AC,1,2,2
2025-07-10,T,AC,1,2,2
2025-07-10,M,AD,1,2,2
2025-07-10,T,AD,1,2,2
2025-07-10,M,AE,1,2,2
2025-07-10,T,AE,1,2,2
2025-07-10,M,AF,1,2,2
2025-07-10,T,AF,1,2,2
2025-07-10,M,B,1,2,2
2025-07-10,T,B,1,2,2
2025-07-10,M,C,1,2,2
2025-07-10,T,C,1,2,2
2025-07-10,M,D,1,2,2
2025-07-10,T,D,1,2,2
2025-07-10,M,E,1,2,2
2025-07-10,T,E,1,2,2
2025-07-10,M,F,1,2,2
2025-07-10,T,F,0,1,1
2025-07-10,M,G,0,1,1
2025-07-10,T,G,1,2,2
2025-07-10,M,H,1,2,2
2025-07-10,T,H,1,2,2
2025-07-10,M,I,1,2,2
2025-07-10,T,I,0,1,1
2025-07-10,M,J,1,2,2
2025-07-10,T,J,1,2,2
2025-07-10,M,K,1,2,2
2025-07-10,T,K,1,2,2
2025-07-10,M,L,1,2,2
2025-07-10,T,L,1,2,2
2025-07-10,M,M,2,3,3
2025-07-10,T,M,1,2,2
2025-07-10,M,N,2,3,3
2025-07-10,T,N,1,2,2
2025-07-10,M,O,1,2,2
2025-07-10,T,O,1,2,2
2025-07-10,M,P,1,2,2
2025-07-10,T,P,1,2,2
2025-07-10,M,Q,0,1,1
2025-07-10,T,Q,0,1,1
2025-07-10,M,R,1,2,2
2025-07-10,T,R,1,2,2
2025-07-10,M,S,1,2,2
2025-07-10,T,S,1,2,2
2025-07-10,M,T,1,2,2
2025-07-10,T,T,1,2,2
2025-07-10,M,U,1,2,2
2025-07-10,T,U,1,2,2
2025-07-10,M,V,1,2,2
2025-07-10,T,V,1,2,2
2025-07-10,M,W,1,2,2
2025-07-10,T,W,1,2,2
2025-07-10,M,X,1,2,2
2025-07-10,T,X,1,2,2
2025-07-10,M,Y,1,2,2
2025-07-10,T,Y,1,2,2
2025-07-10,M,Z,1,2,2
2025-07-10,T,Z,1,2,2
2025-07-11,M,A,1,2,2
2025-07-11,T,A,1,2,2
2025-07-11,M,AA,1,2,2
2025-07-11,T,AA,1,2,2
2025-07-11,M,AB,1,2,2
2025-07-11,T,AB,1,2,2
2025-07-11,M,AC,1,2,2
2025-07-11,T,AC,1,2,2
2025-07-11,M,AD,1,2,2
2025-07-11,T,AD,1,2,2
2025-07-11,M,AE,1,2,2
2025-07-11,T,AE,1,2,2
2025-07-11,M,AF,1,2,2
2025-07-11,T,AF,1,2,2
2025-07-11,M,B,1,2,2
2025-07-11,T,B,1,2,2
2025-07-11,M,C,1,2,2
2025-07-11,T,C,1,2,2
2025-07-11,M,D,1,2,2
2025-07-11,T,D,1,2,2
2025-07-11,M,E,2,3,3
2025-07-11,T,E,1,2,2
2025-07-11,M,F,1,2,2
2025-07-11,T,F,1,2,2
2025-07-11,M,G,1,2,2
2025-07-11,T,G,1,2,2
2025-07-11,M,H,1,2,2
2025-07-11,T,H,1,2,2
2025-07-11,M,I,1,2,2
2025-07-11,T,I,1,2,2
2025-07-11,M,J,1,2,2
2025-07-11,T,J,1,2,2
2025-07-11,M,K,2,3,3
2025-07-11,T,K,1,2,2
2025-07-11,M,L,1,2,2
2025-07-11,T,L,1,2,2
2025-07-11,M,M,1,2,2
2025-07-11,T,M,2,3,3
2025-07-11,M,N,1,2,2
2025-07-11,T,N,1,2,2
2025-07-11,M,O,2,3,3
2025-07-11,T,O,1,2,2
2025-07-11,M,P,1,2,2
2025-07-11,T,P,1,2,2
2025-07-11,M,Q,1,2,2
2025-07-11,T,Q,1,2,2
2025-07-11,M,R,1,2,2
2025-07-11,T,R,1,2,2
2025-07-11,M,S,1,2,2
2025-07-11,T,S,1,2,2
2025-07-11,M,T,1,2,2
2025-07-11,T,T,1,2,2
2025-07-11,M,U,1,2,2
2025-07-11,T,U,1,2,2
2025-07-11,M,V,1,2,2
2025-07-11,T,V,1,2,2
2025-07-11,M,W,1,2,2
2025-07-11,T,W,1,2,2
2025-07-11,M,X,1,2,2
2025-07-11,T,X,1,2,2
2025-07-11,M,Y,1,2,2
2025-07-11,T,Y,0,1,1
2025-07-11,M,Z,1,2,2
2025-07-11,T,Z,1,2,2
2025-07-12,M,A,1,2,2
2025-07-12,T,A,1,2,2
2025-07-12,M,AA,1,2,2
2025-07-12,T,AA,1,2,2
2025-07-12,M,AB,1,2,2
2025-07-12,T,AB,1,2,2
2025-07-12,M,AC,1,2,2
2025-07-12,T,AC,1,2,2
2025-07-12,M,AD,1,2,2
2025-07-12,T,AD,1,2,2
2025-07-12,M,AE,1,2,2
2025-07-12,T,AE,1,2,2
2025-07-12,M,AF,1,2,2
2025-07-12,T,AF,1,2,2
2025-07-12,M,B,1,2,2
2025-07-12,T,B,1,2,2
2025-07-12,M,C,1,2,2
2025-07-12,T,C,1,2,2
2025-07-12,M,D,1,2,2
2025-07-12,T,D,1,2,2
2025-07-12,M,E,1,2,2
2025-07-12,T,E,1,2,2
2025-07-12,M,F,1,2,2
2025-07-12,T,F,1,2,2
2025-07-12,M,G,1,2,2
2025-07-12,T,G,1,2,2
2025-07-12,M,H,1,2,2
2025-07-12,T,H,1,2,2
2025-07-12,M,I,1,2,2
2025-07-12,T,I,2,3,3
2025-07-12,M,J,1,2,2
2025-07-12,T,J,1,2,2
2025-07-12,M,K,1,2,2
2025-07-12,T,K,1,2,2
2025-07-12,M,L,1,2,2
2025-07-12,T,L,1,2,2
2025-07-12,M,M,1,2,2
2025-07-12,T,M,1,2,2
2025-07-12,M,N,1,2,2
2025-07-12,T,N,1,2,2
2025-07-12,M,O,1,2,2
2025-07-12,T,O,1,2,2
2025-07-12,M,P,1,2,2
2025-07-12,T,P,1,2,2
2025-07-12,M,Q,1,2,2
2025-07-12,T,Q,1,2,2
2025-07-12,M,R,2,3,3
2025-07-12,T,R,1,2,2
2025-07-12,M,S,1,2,2
2025-07-12,T,S,1,2,2
2025-07-12,M,T,1,2,2
2025-07-12,T,T,1,2,2
2025-07-12,M,U,1,2,2
2025-07-12,T,U,0,1,1
2025-07-12,M,V,1,2,2
2025-07-12,T,V,1,2,2
2025-07-12,M,W,1,2,2
2025-07-12,T,W,1,2,2
2025-07-12,M,X,1,2,2
2025-07-12,T,X,1,2,2
2025-07-12,M,Y,1,2,2
2025-07-12,T,Y,1,2,2
2025-07-12,M,Z,1,2,2
2025-07-12,T,Z,1,2,2
2025-07-13,M,A,1,2,2
2025-07-13,T,A,1,2,2
2025-07-13,M,AA,1,2,2
2025-07-13,T,AA,1,2,2
2025-07-13,M,AB,1,2,2
2025-07-13,T,AB,2,3,3
2025-07-13,M,AC,1,2,2
2025-07-13,T,AC,1,2,2
2025-07-13,M,AD,1,2,2
2025-07-13,T,AD,1,2,2
2025-07-13,M,AE,1,2,2
2025-07-13,T,AE,1,2,2
2025-07-13,M,AF,1,2,2
2025-07-13,T,AF,1,2,2
2025-07-13,M,B,1,2,2
2025-07-13,T,B,1,2,2
2025-07-13,M,C,1,2,2
2025-07-13,T,C,0,1,1
2025-07-13,M,D,1,2,2
2025-07-13,T,D,1,2,2
2025-07-13,M,E,1,2,2
2025-07-13,T,E,1,2,2
2025-07-13,M,F,1,2,2
2025-07-13,T,F,1,2,2
2025-07-13,M,G,1,2,2
2025-07-13,T,G,1,2,2
2025-07-13,M,H,1,2,2
2025-07-13,T,H,0,1,1
2025-07-13,M,I,1,2,2
2025-07-13,T,I,0,1,1
2025-07-13,M,J,1,2,2
2025-07-13,T,J,1,2,2
2025-07-13,M,K,1,2,2
2025-07-13,T,K,0,1,1
2025-07-13,M,L,1,2,2
2025-07-13,T,L,1,2,2
2025-07-13,M,M,1,2,2
2025-07-13,T,M,1,2,2
2025-07-13,M,N,1,2,2
2025-07-13,T,N,1,2,2
2025-07-13,M,O,1,2,2
2025-07-13,T,O,1,2,2
2025-07-13,M,P,1,2,2
2025-07-13,T,P,1,2,2
2025-07-13,M,Q,1,2,2
2025-07-13,T,Q,1,2,2
2025-07-13,M,R,1,2,2
2025-07-13,T,R,1,2,2
2025-07-13,M,S,1,2,2
2025-07-13,T,S,1,2,2
2025-07-13,M,T,1,2,2
2025-07-13,T,T,1,2,2
2025-07-13,M,U,0,1,1
2025-07-13,T,U,1,2,2
2025-07-13,M,V,1,2,2
2025-07-13,T,V,1,2,2
2025-07-13,M,W,1,2,2
2025-07-13,T,W,1,2,2
2025-07-13,M,X,1,2,2
2025-07-13,T,X,1,2,2
2025-07-13,M,Y,1,2,2
2025-07-13,T,Y,1,2,2
2025-07-13,M,Z,1,2,2
2025-07-13,T,Z,1,2,2
2025-07-14,M,A,1,2,2
2025-07-14,T,A,1,2,2
2025-07-14,M,AA,1,2,2
2025-07-14,T,AA,1,2,2
2025-07-14,M,AB,1,2,2
2025-07-14,T,AB,1,2,2
2025-07-14,M,AC,1,2,2
2025-07-14,T,AC,1,2,2
2025-07-14,M,AD,1,2,2
2025-07-14,T,AD,1,2,2
2025-07-14,M,AE,1,2,2
2025-07-14,T,AE,1,2,2
2025-07-14,M,AF,1,2,2
2025-07-14,T,AF,1,2,2
2025-07-14,M,B,1,2,2
2025-07-14,T,B,1,2,2
2025-07-14,M,C,1,2,2
2025-07-14,T,C,1,2,2
2025-07-14,M,D,1,2,2
2025-07-14,T,D,1,2,2
2025-07-14,M,E,1,2,2
2025-07-14,T,E,1,2,2
2025-07-14,M,F,1,2,2
2025-07-14,T,F,1,2,2
2025-07-14,M,G,1,2,2
2025-07-14,T,G,1,2,2
2025-07-14,M,H,1,2,2
2025-07-14,T,H,1,2,2
2025-07-14,M,I,1,2,2
2025-07-14,T,I,1,2,2
2025-07-14,M,J,1,2,2
2025-07-14,T,J,1,2,2
2025-07-14,M,K,1,2,2
2025-07-14,T,K,1,2,2
2025-07-14,M,L,1,2,2
2025-07-14,T,L,1,2,2
2025-07-14,M,M,1,2,2
2025-07-14,T,M,1,2,2
2025-07-14,M,N,1,2,2
2025-07-14,T,N,1,2,2
2025-07-14,M,O,1,2,2
2025-07-14,T,O,1,2,2
2025-07-14,M,P,1,2,2
2025-07-14,T,P,1,2,2
2025-07-14,M,Q,2,3,3
2025-07-14,T,Q,1,2,2
2025-07-14,M,R,1,2,2
2025-07-14,T,R,1,2,2
2025-07-14,M,S,1,2,2
2025-07-14,T,S,1,2,2
2025-07-14,M,T,1,2,2
2025-07-14,T,T,1,2,2
2025-07-14,M,U,1,2,2
2025-07-14,T,U,1,2,2
2025-07-14,M,V,1,2,2
2025-07-14,T,V,1,2,2
2025-07-14,M,W,1,2,2
2025-07-14,T,W,1,2,2
2025-07-14,M,X,1,2,2
2025-07-14,T,X,1,2,2
2025-07-14,M,Y,1,2,2
2025-07-14,T,Y,1,2,2
2025-07-14,M,Z,1,2,2
2025-07-14,T,Z,1,2,2
2025-07-15,M,A,0,1,1
2025-07-15,T,A,1,2,2
2025-07-15,M,AA,1,2,2
2025-07-15,T,AA,1,2,2
2025-07-15,M,AB,1,2,2
2025-07-15,T,AB,1,2,2
2025-07-15,M,AC,1,2,2
2025-07-15,T,AC,1,2,2
2025-07-15,M,AD,1,2,2
2025-07-15,T,AD,1,2,2
2025-07-15,M,AE,0,1,1
2025-07-15,T,AE,1,2,2
2025-07-15,M,AF,1,2,2
2025-07-15,T,AF,1,2,2
2025-07-15,M,B,1,2,2
2025-07-15,T,B,1,2,2
2025-07-15,M,C,1,2,2
2025-07-15,T,C,1,2,2
2025-07-15,M,D,1,2,2
2025-07-15,T,D,1,2,2
2025-07-15,M,E,1,2,2
2025-07-15,T,E,1,2,2
2025-07-15,M,F,1,2,2
2025-07-15,T,F,1,2,2
2025-07-15,M,G,1,2,2
2025-07-15,T,G,1,2,2
2025-07-15,M,H,1,2,2
2025-07-15,T,H,1,2,2
2025-07-15,M,I,0,1,1
2025-07-15,T,I,1,2,2
2025-07-15,M,J,1,2,2
2025-07-15,T,J,1,2,2
2025-07-15,M,K,0,1,1
2025-07-15,T,K,1,2,2
2025-07-15,M,L,1,2,2
2025-07-15,T,L,1,2,2
2025-07-15,M,M,1,2,2
2025-07-15,T,M,1,2,2
2025-07-15,M,N,1,2,2
2025-07-15,T,N,1,2,2
2025-07-15,M,O,1,2,2
2025-07-15,T,O,1,2,2
2025-07-15,M,P,2,3,3
2025-07-15,T,P,1,2,2
2025-07-15,M,Q,1,2,2
2025-07-15,T,Q,1,2,2
2025-07-15,M,R,1,2,2
2025-07-15,T,R,1,2,2
2025-07-15,M,S,2,3,3
2025-07-15,T,S,1,2,2
2025-07-15,M,T,1,2,2
2025-07-15,T,T,1,2,2
2025-07-15,M,U,1,2,2
2025-07-15,T,U,1,2,2
2025-07-15,M,V,1,2,2
2025-07-15,T,V,1,2,2
2025-07-15,M,W,1,2,2
2025-07-15,T,W,1,2,2
2025-07-15,M,X,1,2,2
2025-07-15,T,X,1,2,2
2025-07-15,M,Y,1,2,2
2025-07-15,T,Y,1,2,2
2025-07-15,M,Z,1,2,2
2025-07-15,T,Z,1,2,2
2025-07-16,M,A,1,2,2
2025-07-16,T,A,1,2,2
2025-07-16,M,AA,1,2,2
2025-07-16,T,AA,1,2,2
2025-07-16,M,AB,1,2,2
2025-07-16,T,AB,1,2,2
2025-07-16,M,AC,1,2,2
2025-07-16,T,AC,1,2,2
2025-07-16,M,AD,1,2,2
2025-07-16,T,AD,1,2,2
2025-07-16,M,AE,2,3,3
2025-07-16,T,AE,1,2,2
2025-07-16,M,AF,1,2,2
2025-07-16,T,AF,1,2,2
2025-07-16,M,B,1,2,2
2025-07-16,T,B,1,2,2
2025-07-16,M,C,1,2,2
2025-07-16,T,C,1,2,2
2025-07-16,M,D,1,2,2
2025-07-16,T,D,1,2,2
2025-07-16,M,E,1,2,2
2025-07-16,T,E,1,2,2
2025-07-16,M,F,1,2,2
2025-07-16,T,F,1,2,2
2025-07-16,M,G,1,2,2
2025-07-16,T,G,1,2,2
2025-07-16,M,H,1,2,2
2025-07-16,T,H,1,2,2
2025-07-16,M,I,1,2,2
2025-07-16,T,I,1,2,2
2025-07-16,M,J,1,2,2
2025-07-16,T,J,1,2,2
2025-07-16,M,K,1,2,2
2025-07-16,T,K,1,2,2
2025-07-16,M,L,1,2,2
2025-07-16,T,L,1,2,2
2025-07-16,M,M,1,2,2
2025-07-16,T,M,2,3,3
2025-07-16,M,N,2,3,3
2025-07-16,T,N,1,2,2
2025-07-16,M,O,1,2,2
2025-07-16,T,O,1,2,2
2025-07-16,M,P,1,2,2
2025-07-16,T,P,1,2,2
2025-07-16,M,Q,1,2,2
2025-07-16,T,Q,1,2,2
2025-07-16,M,R,1,2,2
2025-07-16,T,R,2,3,3
2025-07-16,M,S,1,2,2
2025-07-16,T,S,1,2,2
2025-07-16,M,T,1,2,2
2025-07-16,T,T,1,2,2
2025-07-16,M,U,1,2,2
2025-07-16,T,U,1,2,2
2025-07-16,M,V,2,3,3
2025-07-16,T,V,1,2,2
2025-07-16,M,W,1,2,2
2025-07-16,T,W,1,2,2
2025-07-16,M,X,1,2,2
2025-07-16,T,X,1,2,2
2025-07-16,M,Y,1,2,2
2025-07-16,T,Y,1,2,2
2025-07-16,M,Z,1,2,2
2025-07-16,T,Z,1,2,2
2025-07-17,M,A,1,2,2
2025-07-17,T,A,1,2,2
2025-07-17,M,AA,1,2,2
2025-07-17,T,AA,1,2,2
2025-07-17,M,AB,1,2,2
2025-07-17,T,AB,2,3,3
2025-07-17,M,AC,1,2,2
2025-07-17,T,AC,1,2,2
2025-07-17,M,AD,1,2,2
2025-07-17,T,AD,1,2,2
2025-07-17,M,AE,1,2,2
2025-07-17,T,AE,1,2,2
2025-07-17,M,AF,1,2,2
2025-07-17,T,AF,1,2,2
2025-07-17,M,B,1,2,2
2025-07-17,T,B,1,2,2
2025-07-17,M,C,1,2,2
2025-07-17,T,C,1,2,2
2025-07-17,M,D,1,2,2
2025-07-17,T,D,1,2,2
2025-07-17,M,E,1,2,2
2025-07-17,T,E,1,2,2
2025-07-17,M,F,1,2,2
2025-07-17,T,F,1,2,2
2025-07-17,M,G,1,2,2
2025-07-17,T,G,1,2,2
2025-07-17,M,H,1,2,2
2025-07-17,T,H,1,2,2
2025-07-17,M,I,1,2,2
2025-07-17,T,I,1,2,2
2025-07-17,M,J,2,3,3
2025-07-17,T,J,1,2,2
2025-07-17,M,K,1,2,2
2025-07-17,T,K,1,2,2
2025-07-17,M,L,1,2,2
2025-07-17,T,L,1,2,2
2025-07-17,M,M,1,2,2
2025-07-17,T,M,1,2,2
2025-07-17,M,N,1,2,2
2025-07-17,T,N,1,2,2
2025-07-17,M,O,1,2,2
2025-07-17,T,O,1,2,2
2025-07-17,M,P,2,3,3
2025-07-17,T,P,1,2,2
2025-07-17,M,Q,1,2,2
2025-07-17,T,Q,1,2,2
2025-07-17,M,R,1,2,2
2025-07-17,T,R,1,2,2
2025-07-17,M,S,1,2,2
2025-07-17,T,S,1,2,2
2025-07-17,M,T,1,2,2
2025-07-17,T,T,1,2,2
2025-07-17,M,U,1,2,2
2025-07-17,T,U,1,2,2
2025-07-17,M,V,1,2,2
2025-07-17,T,V,0,1,1
2025-07-17,M,W,1,2,2
2025-07-17,T,W,1,2,2
2025-07-17,M,X,1,2,2
2025-07-17,T,X,1,2,2
2025-07-17,M,Y,1,2,2
2025-07-17,T,Y,1,2,2
2025-07-17,M,Z,1,2,2
2025-07-17,T,Z,1,2,2
2025-07-18,M,A,1,2,2
2025-07-18,T,A,2,3,3
2025-07-18,M,AA,1,2,2
2025-07-18,T,AA,1,2,2
2025-07-18,M,AB,1,2,2
2025-07-18,T,AB,1,2,2
2025-07-18,M,AC,1,2,2
2025-07-18,T,AC,1,2,2
2025-07-18,M,AD,1,2,2
2025-07-18,T,AD,1,2,2
2025-07-18,M,AE,1,2,2
2025-07-18,T,AE,1,2,2
2025-07-18,M,AF,2,3,3
2025-07-18,T,AF,1,2,2
2025-07-18,M,B,1,2,2
2025-07-18,T,B,1,2,2
2025-07-18,M,C,1,2,2
2025-07-18,T,C,1,2,2
2025-07-18,M,D,1,2,2
2025-07-18,T,D,1,2,2
2025-07-18,M,E,1,2,2
2025-07-18,T,E,1,2,2
2025-07-18,M,F,1,2,2
2025-07-18,T,F,1,2,2
2025-07-18,M,G,1,2,2
2025-07-18,T,G,1,2,2
2025-07-18,M,H,1,2,2
2025-07-18,T,H,1,2,2
2025-07-18,M,I,1,2,2
2025-07-18,T,I,1,2,2
2025-07-18,M,J,1,2,2
2025-07-18,T,J,1,2,2
2025-07-18,M,K,1,2,2
2025-07-18,T,K,1,2,2
2025-07-18,M,L,1,2,2
2025-07-18,T,L,1,2,2
2025-07-18,M,M,1,2,2
2025-07-18,T,M,1,2,2
2025-07-18,M,N,1,2,2
2025-07-18,T,N,1,2,2
2025-07-18,M,O,1,2,2
2025-07-18,T,O,1,2,2
2025-07-18,M,P,1,2,2
2025-07-18,T,P,1,2,2
2025-07-18,M,Q,1,2,2
2025-07-18,T,Q,1,2,2
2025-07-18,M,R,1,2,2
2025-07-18,T,R,1,2,2
2025-07-18,M,S,1,2,2
2025-07-18,T,S,1,2,2
2025-07-18,M,T,1,2,2
2025-07-18,T,T,1,2,2
2025-07-18,M,U,0,1,1
2025-07-18,T,U,1,2,2
2025-07-18,M,V,0,1,1
2025-07-18,T,V,1,2,2
2025-07-18,M,W,1,2,2
2025-07-18,T,W,1,2,2
2025-07-18,M,X,1,2,2
2025-07-18,T,X,1,2,2
2025-07-18,M,Y,1,2,2
2025-07-18,T,Y,0,1,1
2025-07-18,M,Z,1,2,2
2025-07-18,T,Z,1,2,2
2025-07-19,M,A,1,2,2
2025-07-19,T,A,1,2,2
2025-07-19,M,AA,1,2,2
2025-07-19,T,AA,1,2,2
2025-07-19,M,AB,1,2,2
2025-07-19,T,AB,1,2,2
2025-07-19,M,AC,1,2,2
2025-07-19,T,AC,1,2,2
2025-07-19,M,AD,1,2,2
2025-07-19,T,AD,1,2,2
2025-07-19,M,AE,1,2,2
2025-07-19,T,AE,1,2,2
2025-07-19,M,AF,1,2,2
2025-07-19,T,AF,2,3,3
2025-07-19,M,B,1,2,2
2025-07-19,T,B,1,2,2
2025-07-19,M,C,2,3,3
2025-07-19,T,C,1,2,2
2025-07-19,M,D,2,3,3
2025-07-19,T,D,1,2,2
2025-07-19,M,E,1,2,2
2025-07-19,T,E,1,2,2
2025-07-19,M,F,1,2,2
2025-07-19,T,F,1,2,2
2025-07-19,M,G,1,2,2
2025-07-19,T,G,1,2,2
2025-07-19,M,H,1,2,2
2025-07-19,T,H,1,2,2
2025-07-19,M,I,1,2,2
2025-07-19,T,I,1,2,2
2025-07-19,M,J,1,2,2
2025-07-19,T,J,1,2,2
2025-07-19,M,K,1,2,2
2025-07-19,T,K,1,2,2
2025-07-19,M,L,1,2,2
2025-07-19,T,L,1,2,2
2025-07-19,M,M,1,2,2
2025-07-19,T,M,1,2,2
2025-07-19,M,N,1,2,2
2025-07-19,T,N,1,2,2
2025-07-19,M,O,1,2,2
2025-07-19,T,O,1,2,2
2025-07-19,M,P,1,2,2
2025-07-19,T,P,1,2,2
2025-07-19,M,Q,1,2,2
2025-07-19,T,Q,1,2,2
2025-07-19,M,R,1,2,2
2025-07-19,T,R,1,2,2
2025-07-19,M,S,1,2,2
2025-07-19,T,S,0,1,1
2025-07-19,M,T,1,2,2
2025-07-19,T,T,1,2,2
2025-07-19,M,U,1,2,2
2025-07-19,T,U,1,2,2
2025-07-19,M,V,1,2,2
2025-07-19,T,V,1,2,2
2025-07-19,M,W,1,2,2
2025-07-19,T,W,1,2,2
2025-07-19,M,X,1,2,2
2025-07-19,T,X,1,2,2
2025-07-19,M,Y,1,2,2
2025-07-19,T,Y,1,2,2
2025-07-19,M,Z,1,2,2
2025-07-19,T,Z,1,2,2
2025-07-20,M,A,2,3,3
2025-07-20,T,A,1,2,2
2025-07-20,M,AA,1,2,2
2025-07-20,T,AA,1,2,2
2025-07-20,M,AB,1,2,2
2025-07-20,T,AB,1,2,2
2025-07-20,M,AC,1,2,2
2025-07-20,T,AC,0,1,1
2025-07-20,M,AD,1,2,2
2025-07-20,T,AD,1,2,2
2025-07-20,M,AE,1,2,2
2025-07-20,T,AE,1,2,2
2025-07-20,M,AF,1,2,2
2025-07-20,T,AF,1,2,2
2025-07-20,M,B,1,2,2
2025-07-20,T,B,1,2,2
2025-07-20,M,C,1,2,2
2025-07-20,T,C,1,2,2
2025-07-20,M,D,1,2,2
2025-07-20,T,D,2,3,3
2025-07-20,M,E,1,2,2
2025-07-20,T,E,1,2,2
2025-07-20,M,F,1,2,2
2025-07-20,T,F,1,2,2
2025-07-20,M,G,1,2,2
2025-07-20,T,G,2,3,3
2025-07-20,M,H,1,2,2
2025-07-20,T,H,1,2,2
2025-07-20,M,I,1,2,2
2025-07-20,T,I,1,2,2
2025-07-20,M,J,1,2,2
2025-07-20,T,J,1,2,2
2025-07-20,M,K,1,2,2
2025-07-20,T,K,1,2,2
2025-07-20,M,L,1,2,2
2025-07-20,T,L,1,2,2
2025-07-20,M,M,1,2,2
2025-07-20,T,M,1,2,2
2025-07-20,M,N,1,2,2
2025-07-20,T,N,2,3,3
2025-07-20,M,O,1,2,2
2025-07-20,T,O,1,2,2
2025-07-20,M,P,1,2,2
2025-07-20,T,P,1,2,2
2025-07-20,M,Q,1,2,2
2025-07-20,T,Q,2,3,3
2025-07-20,M,R,1,2,2
2025-07-20,T,R,1,2,2
2025-07-20,M,S,1,2,2
2025-07-20,T,S,1,2,2
2025-07-20,M,T,1,2,2
2025-07-20,T,T,1,2,2
2025-07-20,M,U,1,2,2
2025-07-20,T,U,1,2,2
2025-07-20,M,V,2,3,3
2025-07-20,T,V,1,2,2
2025-07-20,M,W,1,2,2
2025-07-20,T,W,1,2,2
2025-07-20,M,X,1,2,2
2025-07-20,T,X,1,2,2
2025-07-20,M,Y,1,2,2
2025-07-20,T,Y,1,2,2
2025-07-20,M,Z,1,2,2
2025-07-20,T,Z,1,2,2
2025-07-21,M,A,1,2,2
2025-07-21,T,A,1,2,2
2025-07-21,M,AA,2,3,3
2025-07-21,T,AA,1,2,2
2025-07-21,M,AB,1,2,2
2025-07-21,T,AB,1,2,2
2025-07-21,M,AC,1,2,2
2025-07-21,T,AC,0,1,1
2025-07-21,M,AD,1,2,2
2025-07-21,T,AD,1,2,2
2025-07-21,M,AE,1,2,2
2025-07-21,T,AE,1,2,2
2025-07-21,M,AF,1,2,2
2025-07-21,T,AF,1,2,2
2025-07-21,M,B,1,2,2
2025-07-21,T,B,1,2,2
2025-07-21,M,C,1,2,2
2025-07-21,T,C,1,2,2
2025-07-21,M,D,1,2,2
2025-07-21,T,D,1,2,2
2025-07-21,M,E,1,2,2
2025-07-21,T,E,1,2,2
2025-07-21,M,F,1,2,2
2025-07-21,T,F,1,2,2
2025-07-21,M,G,1,2,2
2025-07-21,T,G,1,2,2
2025-07-21,M,H,1,2,2
2025-07-21,T,H,1,2,2
2025-07-21,M,I,1,2,2
2025-07-21,T,I,1,2,2
2025-07-21,M,J,1,2,2
2025-07-21,T,J,1,2,2
2025-07-21,M,K,1,2,2
2025-07-21,T,K,1,2,2
2025-07-21,M,L,1,2,2
2025-07-21,T,L,1,2,2
2025-07-21,M,M,1,2,2
2025-07-21,T,M,1,2,2
2025-07-21,M,N,1,2,2
2025-07-21,T,N,2,3,3
2025-07-21,M,O,1,2,2
2025-07-21,T,O,1,2,2
2025-07-21,M,P,1,2,2
2025-07-21,T,P,0,1,1
2025-07-21,M,Q,1,2,2
2025-07-21,T,Q,1,2,2
2025-07-21,M,R,1,2,2
2025-07-21,T,R,1,2,2
2025-07-21,M,S,1,2,2
2025-07-21,T,S,1,2,2
2025-07-21,M,T,1,2,2
2025-07-21,T,T,1,2,2
2025-07-21,M,U,1,2,2
2025-07-21,T,U,1,2,2
2025-07-21,M,V,1,2,2
2025-07-21,T,V,1,2,2
2025-07-21,M,W,1,2,2
2025-07-21,T,W,1,2,2
2025-07-21,M,X,1,2,2
2025-07-21,T,X,1,2,2
2025-07-21,M,Y,1,2,2
2025-07-21,T,Y,1,2,2
2025-07-21,M,Z,1,2,2
2025-07-21,T,Z,1,2,2
2025-07-22,M,A,1,2,2
2025-07-22,T,A,1,2,2
2025-07-22,M,AA,1,2,2
2025-07-22,T,AA,1,2,2
2025-07-22,M,AB,1,2,2
2025-07-22,T,AB,1,2,2
2025-07-22,M,AC,1,2,2
2025-07-22,T,AC,1,2,2
2025-07-22,M,AD,2,3,3
2025-07-22,T,AD,1,2,2
2025-07-22,M,AE,1,2,2
2025-07-22,T,AE,1,2,2
2025-07-22,M,AF,1,2,2
2025-07-22,T,AF,1,2,2
2025-07-22,M,B,1,2,2
2025-07-22,T,B,1,2,2
2025-07-22,M,C,1,2,2
2025-07-22,T,C,1,2,2
2025-07-22,M,D,1,2,2
2025-07-22,T,D,1,2,2
2025-07-22,M,E,1,2,2
2025-07-22,T,E,0,1,1
2025-07-22,M,F,1,2,2
2025-07-22,T,F,1,2,2
2025-07-22,M,G,1,2,2
2025-07-22,T,G,1,2,2
2025-07-22,M,H,0,1,1
2025-07-22,T,H,1,2,2
2025-07-22,M,I,1,2,2
2025-07-22,T,I,1,2,2
2025-07-22,M,J,1,2,2
2025-07-22,T,J,1,2,2
2025-07-22,M,K,1,2,2
2025-07-22,T,K,1,2,2
2025-07-22,M,L,1,2,2
2025-07-22,T,L,1,2,2
2025-07-22,M,M,1,2,2
2025-07-22,T,M,1,2,2
2025-07-22,M,N,1,2,2
2025-07-22,T,N,1,2,2
2025-07-22,M,O,1,2,2
2025-07-22,T,O,2,3,3
2025-07-22,M,P,1,2,2
2025-07-22,T,P,1,2,2
2025-07-22,M,Q,1,2,2
2025-07-22,T,Q,1,2,2
2025-07-22,M,R,1,2,2
2025-07-22,T,R,1,2,2
2025-07-22,M,S,1,2,2
2025-07-22,T,S,1,2,2
2025-07-22,M,T,1,2,2
2025-07-22,T,T,1,2,2
2025-07-22,M,U,1,2,2
2025-07-22,T,U,1,2,2
2025-07-22,M,V,1,2,2
2025-07-22,T,V,1,2,2
2025-07-22,M,W,1,2,2
2025-07-22,T,W,1,2,2
2025-07-22,M,X,1,2,2
2025-07-22,T,X,1,2,2
2025-07-22,M,Y,1,2,2
2025-07-22,T,Y,1,2,2
2025-07-22,M,Z,1,2,2
2025-07-22,T,Z,1,2,2
2025-07-23,M,A,1,2,2
2025-07-23,T,A,1,2,2
2025-07-23,M,AA,1,2,2
2025-07-23,T,AA,1,2,2
2025-07-23,M,AB,1,2,2
2025-07-23,T,AB,1,2,2
2025-07-23,M,AC,1,2,2
2025-07-23,T,AC,1,2,2
2025-07-23,M,AD,1,2,2
2025-07-23,T,AD,1,2,2
2025-07-23,M,AE,1,2,2
2025-07-23,T,AE,1,2,2
2025-07-23,M,AF,1,2,2
2025-07-23,T,AF,1,2,2
2025-07-23,M,B,1,2,2
2025-07-23,T,B,1,2,2
2025-07-23,M,C,1,2,2
2025-07-23,T,C,1,2,2
2025-07-23,M,D,1,2,2
2025-07-23,T,D,2,3,3
2025-07-23,M,E,1,2,2
2025-07-23,T,E,1,2,2
2025-07-23,M,F,1,2,2
2025-07-23,T,F,1,2,2
2025-07-23,M,G,1,2,2
2025-07-23,T,G,1,2,2
2025-07-23,M,H,1,2,2
2025-07-23,T,H,1,2,2
2025-07-23,M,I,1,2,2
2025-07-23,T,I,1,2,2
2025-07-23,M,J,1,2,2
2025-07-23,T,J,0,1,1
2025-07-23,M,K,1,2,2
2025-07-23,T,K,1,2,2
2025-07-23,M,L,1,2,2
2025-07-23,T,L,1,2,2
2025-07-23,M,M,1,2,2
2025-07-23,T,M,1,2,2
2025-07-23,M,N,1,2,2
2025-07-23,T,N,1,2,2
2025-07-23,M,O,2,3,3
2025-07-23,T,O,1,2,2
2025-07-23,M,P,1,2,2
2025-07-23,T,P,1,2,2
2025-07-23,M,Q,1,2,2
2025-07-23,T,Q,1,2,2
2025-07-23,M,R,1,2,2
2025-07-23,T,R,1,2,2
2025-07-23,M,S,0,1,1
2025-07-23,T,S,1,2,2
2025-07-23,M,T,1,2,2
2025-07-23,T,T,1,2,2
2025-07-23,M,U,1,2,2
2025-07-23,T,U,1,2,2
2025-07-23,M,V,1,2,2
2025-07-23,T,V,1,2,2
2025-07-23,M,W,1,2,2
2025-07-23,T,W,1,2,2
2025-07-23,M,X,1,2,2
2025-07-23,T,X,1,2,2
2025-07-23,M,Y,1,2,2
2025-07-23,T,Y,1,2,2
2025-07-23,M,Z,1,2,2
2025-07-23,T,Z,1,2,2
2025-07-24,M,A,1,2,2
2025-07-24,T,A,1,2,2
2025-07-24,M,AA,1,2,2
2025-07-24,T,AA,1,2,2
2025-07-24,M,AB,1,2,2
2025-07-24,T,AB,1,2,2
2025-07-24,M,AC,1,2,2
2025-07-24,T,AC,1,2,2
2025-07-24,M,AD,1,2,2
2025-07-24,T,AD,1,2,2
2025-07-24,M,AE,1,2,2
2025-07-24,T,AE,1,2,2
2025-07-24,M,AF,1,2,2
2025-07-24,T,AF,1,2,2
2025-07-24,M,B,1,2,2
2025-07-24,T,B,1,2,2
2025-07-24,M,C,1,2,2
2025-07-24,T,C,1,2,2
2025-07-24,M,D,1,2,2
2025-07-24,T,D,1,2,2
2025-07-24,M,E,0,1,1
2025-07-24,T,E,1,2,2
2025-07-24,M,F,1,2,2
2025-07-24,T,F,1,2,2
2025-07-24,M,G,1,2,2
2025-07-24,T,G,1,2,2
2025-07-24,M,H,1,2,2
2025-07-24,T,H,1,2,2
2025-07-24,M,I,1,2,2
2025-07-24,T,I,2,3,3
2025-07-24,M,J,1,2,2
2025-07-24,T,J,1,2,2
2025-07-24,M,K,1,2,2
2025-07-24,T,K,1,2,2
2025-07-24,M,L,1,2,2
2025-07-24,T,L,1,2,2
2025-07-24,M,M,1,2,2
2025-07-24,T,M,1,2,2
2025-07-24,M,N,1,2,2
2025-07-24,T,N,1,2,2
2025-07-24,M,O,1,2,2
2025-07-24,T,O,1,2,2
2025-07-24,M,P,1,2,2
2025-07-24,T,P,1,2,2
2025-07-24,M,Q,1,2,2
2025-07-24,T,Q,1,2,2
2025-07-24,M,R,2,3,3
2025-07-24,T,R,1,2,2
2025-07-24,M,S,1,2,2
2025-07-24,T,S,1,2,2
2025-07-24,M,T,1,2,2
2025-07-24,T,T,0,1,1
2025-07-24,M,U,1,2,2
2025-07-24,T,U,1,2,2
2025-07-24,M,V,1,2,2
2025-07-24,T,V,1,2,2
2025-07-24,M,W,1,2,2
2025-07-24,T,W,1,2,2
2025-07-24,M,X,1,2,2
2025-07-24,T,X,1,2,2
2025-07-24,M,Y,1,2,2
2025-07-24,T,Y,1,2,2
2025-07-24,M,Z,1,2,2
2025-07-24,T,Z,1,2,2
2025-07-25,M,A,1,2,2
2025-07-25,T,A,1,2,2
2025-07-25,M,AA,1,2,2
2025-07-25,T,AA,1,2,2
2025-07-25,M,AB,0,1,1
2025-07-25,T,AB,1,2,2
2025-07-25,M,AC,1,2,2
2025-07-25,T,AC,1,2,2
2025-07-25,M,AD,0,1,1
2025-07-25,T,AD,1,2,2
2025-07-25,M,AE,1,2,2
2025-07-25,T,AE,1,2,2
2025-07-25,M,AF,1,2,2
2025-07-25,T,AF,1,2,2
2025-07-25,M,B,1,2,2
2025-07-25,T,B,1,2,2
2025-07-25,M,C,1,2,2
2025-07-25,T,C,0,1,1
2025-07-25,M,D,1,2,2
2025-07-25,T,D,1,2,2
2025-07-25,M,E,1,2,2
2025-07-25,T,E,1,2,2
2025-07-25,M,F,1,2,2
2025-07-25,T,F,1,2,2
2025-07-25,M,G,1,2,2
2025-07-25,T,G,1,2,2
2025-07-25,M,H,1,2,2
2025-07-25,T,H,0,1,1
2025-07-25,M,I,1,2,2
2025-07-25,T,I,1,2,2
2025-07-25,M,J,2,3,3
2025-07-25,T,J,1,2,2
2025-07-25,M,K,1,2,2
2025-07-25,T,K,1,2,2
2025-07-25,M,L,1,2,2
2025-07-25,T,L,1,2,2
2025-07-25,M,M,1,2,2
2025-07-25,T,M,1,2,2
2025-07-25,M,N,1,2,2
2025-07-25,T,N,1,2,2
2025-07-25,M,O,1,2,2
2025-07-25,T,O,1,2,2
2025-07-25,M,P,1,2,2
2025-07-25,T,P,1,2,2
2025-07-25,M,Q,1,2,2
2025-07-25,T,Q,0,1,1
2025-07-25,M,R,1,2,2
2025-07-25,T,R,1,2,2
2025-07-25,M,S,1,2,2
2025-07-25,T,S,2,3,3
2025-07-25,M,T,1,2,2
2025-07-25,T,T,1,2,2
2025-07-25,M,U,1,2,2
2025-07-25,T,U,1,2,2
2025-07-25,M,V,1,2,2
2025-07-25,T,V,1,2,2
2025-07-25,M,W,1,2,2
2025-07-25,T,W,1,2,2
2025-07-25,M,X,1,2,2
2025-07-25,T,X,1,2,2
2025-07-25,M,Y,1,2,2
2025-07-25,T,Y,1,2,2
2025-07-25,M,Z,1,2,2
2025-07-25,T,Z,1,2,2
2025-07-26,M,A,1,2,2
2025-07-26,T,A,1,2,2
2025-07-26,M,AA,2,3,3
2025-07-26,T,AA,1,2,2
2025-07-26,M,AB,1,2,2
2025-07-26,T,AB,1,2,2
2025-07-26,M,AC,1,2,2
2025-07-26,T,AC,1,2,2
2025-07-26,M,AD,0,1,1
2025-07-26,T,AD,1,2,2
2025-07-26,M,AE,1,2,2
2025-07-26,T,AE,1,2,2
2025-07-26,M,AF,1,2,2
2025-07-26,T,AF,1,2,2
2025-07-26,M,B,1,2,2
2025-07-26,T,B,0,1,1
2025-07-26,M,C,1,2,2
2025-07-26,T,C,1,2,2
2025-07-26,M,D,1,2,2
2025-07-26,T,D,2,3,3
2025-07-26,M,E,1,2,2
2025-07-26,T,E,1,2,2
2025-07-26,M,F,1,2,2
2025-07-26,T,F,1,2,2
2025-07-26,M,G,1,2,2
2025-07-26,T,G,1,2,2
2025-07-26,M,H,0,1,1
2025-07-26,T,H,1,2,2
2025-07-26,M,I,1,2,2
2025-07-26,T,I,1,2,2
2025-07-26,M,J,1,2,2
2025-07-26,T,J,1,2,2
2025-07-26,M,K,1,2,2
2025-07-26,T,K,1,2,2
2025-07-26,M,L,1,2,2
2025-07-26,T,L,2,3,3
2025-07-26,M,M,1,2,2
2025-07-26,T,M,1,2,2
2025-07-26,M,N,1,2,2
2025-07-26,T,N,2,3,3
2025-07-26,M,O,1,2,2
2025-07-26,T,O,1,2,2
2025-07-26,M,P,1,2,2
2025-07-26,T,P,1,2,2
2025-07-26,M,Q,0,1,1
2025-07-26,T,Q,1,2,2
2025-07-26,M,R,0,1,1
2025-07-26,T,R,0,1,1
2025-07-26,M,S,1,2,2
2025-07-26,T,S,1,2,2
2025-07-26,M,T,1,2,2
2025-07-26,T,T,0,1,1
2025-07-26,M,U,1,2,2
2025-07-26,T,U,1,2,2
2025-07-26,M,V,1,2,2
2025-07-26,T,V,1,2,2
2025-07-26,M,W,0,1,1
2025-07-26,T,W,1,2,2
2025-07-26,M,X,1,2,2
2025-07-26,T,X,1,2,2
2025-07-26,M,Y,1,2,2
2025-07-26,T,Y,1,2,2
2025-07-26,M,Z,1,2,2
2025-07-26,T,Z,1,2,2
2025-07-27,M,A,1,2,2
2025-07-27,T,A,1,2,2
2025-07-27,M,AA,1,2,2
2025-07-27,T,AA,1,2,2
2025-07-27,M,AB,1,2,2
2025-07-27,T,AB,1,2,2
2025-07-27,M,AC,2,3,3
2025-07-27,T,AC,1,2,2
2025-07-27,M,AD,1,2,2
2025-07-27,T,AD,1,2,2
2025-07-27,M,AE,1,2,2
2025-07-27,T,AE,2,3,3
2025-07-27,M,AF,1,2,2
2025-07-27,T,AF,1,2,2
2025-07-27,M,B,1,2,2
2025-07-27,T,B,1,2,2
2025-07-27,M,C,1,2,2
2025-07-27,T,C,1,2,2
2025-07-27,M,D,1,2,2
2025-07-27,T,D,1,2,2
2025-07-27,M,E,1,2,2
2025-07-27,T,E,1,2,2
2025-07-27,M,F,1,2,2
2025-07-27,T,F,1,2,2
2025-07-27,M,G,1,2,2
2025-07-27,T,G,1,2,2
2025-07-27,M,H,1,2,2
2025-07-27,T,H,1,2,2
2025-07-27,M,I,1,2,2
2025-07-27,T,I,1,2,2
2025-07-27,M,J,1,2,2
2025-07-27,T,J,1,2,2
2025-07-27,M,K,1,2,2
2025-07-27,T,K,1,2,2
2025-07-27,M,L,1,2,2
2025-07-27,T,L,1,2,2
2025-07-27,M,M,2,3,3
2025-07-27,T,M,1,2,2
2025-07-27,M,N,1,2,2
2025-07-27,T,N,1,2,2
2025-07-27,M,O,1,2,2
2025-07-27,T,O,1,2,2
2025-07-27,M,P,1,2,2
2025-07-27,T,P,0,1,1
2025-07-27,M,Q,1,2,2
2025-07-27,T,Q,1,2,2
2025-07-27,M,R,1,2,2
2025-07-27,T,R,1,2,2
2025-07-27,M,S,1,2,2
2025-07-27,T,S,1,2,2
2025-07-27,M,T,1,2,2
2025-07-27,T,T,1,2,2
2025-07-27,M,U,1,2,2
2025-07-27,T,U,1,2,2
2025-07-27,M,V,1,2,2
2025-07-27,T,V,0,1,1
2025-07-27,M,W,1,2,2
2025-07-27,T,W,1,2,2
2025-07-27,M,X,1,2,2
2025-07-27,T,X,1,2,2
2025-07-27,M,Y,0,1,1
2025-07-27,T,Y,1,2,2
2025-07-27,M,Z,1,2,2
2025-07-27,T,Z,1,2,2
2025-07-28,M,A,1,2,2
2025-07-28,T,A,1,2,2
2025-07-28,M,AA,1,2,2
2025-07-28,T,AA,1,2,2
2025-07-28,M,AB,1,2,2
2025-07-28,T,AB,1,2,2
2025-07-28,M,AC,1,2,2
2025-07-28,T,AC,1,2,2
2025-07-28,M,AD,1,2,2
2025-07-28,T,AD,1,2,2
2025-07-28,M,AE,2,3,3
2025-07-28,T,AE,1,2,2
2025-07-28,M,AF,1,2,2
2025-07-28,T,AF,1,2,2
2025-07-28,M,B,1,2,2
2025-07-28,T,B,1,2,2
2025-07-28,M,C,1,2,2
2025-07-28,T,C,1,2,2
2025-07-28,M,D,1,2,2
2025-07-28,T,D,2,3,3
2025-07-28,M,E,1,2,2
2025-07-28,T,E,1,2,2
2025-07-28,M,F,1,2,2
2025-07-28,T,F,2,3,3
2025-07-28,M,G,1,2,2
2025-07-28,T,G,1,2,2
2025-07-28,M,H,1,2,2
2025-07-28,T,H,1,2,2
2025-07-28,M,I,1,2,2
2025-07-28,T,I,1,2,2
2025-07-28,M,J,1,2,2
2025-07-28,T,J,1,2,2
2025-07-28,M,K,1,2,2
2025-07-28,T,K,1,2,2
2025-07-28,M,L,1,2,2
2025-07-28,T,L,1,2,2
2025-07-28,M,M,1,2,2
2025-07-28,T,M,1,2,2
2025-07-28,M,N,1,2,2
2025-07-28,T,N,1,2,2
2025-07-28,M,O,1,2,2
2025-07-28,T,O,1,2,2
2025-07-28,M,P,1,2,2
2025-07-28,T,P,1,2,2
2025-07-28,M,Q,1,2,2
2025-07-28,T,Q,1,2,2
2025-07-28,M,R,1,2,2
2025-07-28,T,R,1,2,2
2025-07-28,M,S,1,2,2
2025-07-28,T,S,2,3,3
2025-07-28,M,T,1,2,2
2025-07-28,T,T,1,2,2
2025-07-28,M,U,1,2,2
2025-07-28,T,U,1,2,2
2025-07-28,M,V,0,1,1
2025-07-28,T,V,2,3,3
2025-07-28,M,W,1,2,2
2025-07-28,T,W,1,2,2
2025-07-28,M,X,1,2,2
2025-07-28,T,X,1,2,2
2025-07-28,M,Y,1,2,2
2025-07-28,T,Y,1,2,2
2025-07-28,M,Z,1,2,2
2025-07-28,T,Z,1,2,2
2025-07-29,M,A,1,2,2
2025-07-29,T,A,1,2,2
2025-07-29,M,AA,1,2,2
2025-07-29,T,AA,1,2,2
2025-07-29,M,AB,1,2,2
2025-07-29,T,AB,0,1,1
2025-07-29,M,AC,0,1,1
2025-07-29,T,AC,1,2,2
2025-07-29,M,AD,1,2,2
2025-07-29,T,AD,1,2,2
2025-07-29,M,AE,1,2,2
2025-07-29,T,AE,0,1,1
2025-07-29,M,AF,1,2,2
2025-07-29,T,AF,1,2,2
2025-07-29,M,B,1,2,2
2025-07-29,T,B,1,2,2
2025-07-29,M,C,1,2,2
2025-07-29,T,C,1,2,2
2025-07-29,M,D,1,2,2
2025-07-29,T,D,1,2,2
2025-07-29,M,E,1,2,2
2025-07-29,T,E,1,2,2
2025-07-29,M,F,1,2,2
2025-07-29,T,F,1,2,2
2025-07-29,M,G,1,2,2
2025-07-29,T,G,1,2,2
2025-07-29,M,H,1,2,2
2025-07-29,T,H,1,2,2
2025-07-29,M,I,1,2,2
2025-07-29,T,I,1,2,2
2025-07-29,M,J,1,2,2
2025-07-29,T,J,1,2,2
2025-07-29,M,K,1,2,2
2025-07-29,T,K,1,2,2
2025-07-29,M,L,1,2,2
2025-07-29,T,L,0,1,1
2025-07-29,M,M,1,2,2
2025-07-29,T,M,1,2,2
2025-07-29,M,N,1,2,2
2025-07-29,T,N,1,2,2
2025-07-29,M,O,1,2,2
2025-07-29,T,O,1,2,2
2025-07-29,M,P,1,2,2
2025-07-29,T,P,1,2,2
2025-07-29,M,Q,2,3,3
2025-07-29,T,Q,1,2,2
2025-07-29,M,R,1,2,2
2025-07-29,T,R,1,2,2
2025-07-29,M,S,1,2,2
2025-07-29,T,S,0,1,1
2025-07-29,M,T,1,2,2
2025-07-29,T,T,1,2,2
2025-07-29,M,U,1,2,2
2025-07-29,T,U,0,1,1
2025-07-29,M,V,1,2,2
2025-07-29,T,V,1,2,2
2025-07-29,M,W,1,2,2
2025-07-29,T,W,1,2,2
2025-07-29,M,X,1,2,2
2025-07-29,T,X,1,2,2
2025-07-29,M,Y,1,2,2
2025-07-29,T,Y,1,2,2
2025-07-29,M,Z,0,1,1
2025-07-29,T,Z,1,2,2
2025-07-30,M,A,1,2,2
2025-07-30,T,A,2,3,3
2025-07-30,M,AA,1,2,2
2025-07-30,T,AA,1,2,2
2025-07-30,M,AB,1,2,2
2025-07-30,T,AB,1,2,2
2025-07-30,M,AC,1,2,2
2025-07-30,T,AC,1,2,2
2025-07-30,M,AD,1,2,2
2025-07-30,T,AD,1,2,2
2025-07-30,M,AE,1,2,2
2025-07-30,T,AE,1,2,2
2025-07-30,M,AF,1,2,2
2025-07-30,T,AF,1,2,2
2025-07-30,M,B,1,2,2
2025-07-30,T,B,1,2,2
2025-07-30,M,C,1,2,2
2025-07-30,T,C,1,2,2
2025-07-30,M,D,1,2,2
2025-07-30,T,D,1,2,2
2025-07-30,M,E,1,2,2
2025-07-30,T,E,1,2,2
2025-07-30,M,F,1,2,2
2025-07-30,T,F,1,2,2
2025-07-30,M,G,1,2,2
2025-07-30,T,G,1,2,2
2025-07-30,M,H,1,2,2
2025-07-30,T,H,1,2,2
2025-07-30,M,I,1,2,2
2025-07-30,T,I,1,2,2
2025-07-30,M,J,1,2,2
2025-07-30,T,J,1,2,2
2025-07-30,M,K,1,2,2
2025-07-30,T,K,1,2,2
2025-07-30,M,L,0,1,1
2025-07-30,T,L,1,2,2
2025-07-30,M,M,1,2,2
2025-07-30,T,M,1,2,2
2025-07-30,M,N,1,2,2
2025-07-30,T,N,1,2,2
2025-07-30,M,O,0,1,1
2025-07-30,T,O,1,2,2
2025-07-30,M,P,1,2,2
2025-07-30,T,P,0,1,1
2025-07-30,M,Q,1,2,2
2025-07-30,T,Q,1,2,2
2025-07-30,M,R,1,2,2
2025-07-30,T,R,1,2,2
2025-07-30,M,S,0,1,1
2025-07-30,T,S,1,2,2
2025-07-30,M,T,1,2,2
2025-07-30,T,T,1,2,2
2025-07-30,M,U,1,2,2
2025-07-30,T,U,1,2,2
2025-07-30,M,V,1,2,2
2025-07-30,T,V,1,2,2
2025-07-30,M,W,1,2,2
2025-07-30,T,W,1,2,2
2025-07-30,M,X,1,2,2
2025-07-30,T,X,2,3,3
2025-07-30,M,Y,0,1,1
2025-07-30,T,Y,1,2,2
2025-07-30,M,Z,1,2,2
2025-07-30,T,Z,1,2,2
2025-07-31,M,A,1,2,2
2025-07-31,T,A,1,2,2
2025-07-31,M,AA,1,2,2
2025-07-31,T,AA,1,2,2
2025-07-31,M,AB,1,2,2
2025-07-31,T,AB,1,2,2
2025-07-31,M,AC,1,2,2
2025-07-31,T,AC,1,2,2
2025-07-31,M,AD,1,2,2
2025-07-31,T,AD,1,2,2
2025-07-31,M,AE,2,3,3
2025-07-31,T,AE,1,2,2
2025-07-31,M,AF,1,2,2
2025-07-31,T,AF,1,2,2
2025-07-31,M,B,0,1,1
2025-07-31,T,B,1,2,2
2025-07-31,M,C,1,2,2
2025-07-31,T,C,1,2,2
2025-07-31,M,D,1,2,2
2025-07-31,T,D,1,2,2
2025-07-31,M,E,1,2,2
2025-07-31,T,E,1,2,2
2025-07-31,M,F,0,1,1
2025-07-31,T,F,1,2,2
2025-07-31,M,G,1,2,2
2025-07-31,T,G,1,2,2
2025-07-31,M,H,1,2,2
2025-07-31,T,H,1,2,2
2025-07-31,M,I,1,2,2
2025-07-31,T,I,1,2,2
2025-07-31,M,J,1,2,2
2025-07-31,T,J,1,2,2
2025-07-31,M,K,1,2,2
2025-07-31,T,K,0,1,1
2025-07-31,M,L,1,2,2
2025-07-31,T,L,1,2,2
2025-07-31,M,M,1,2,2
2025-07-31,T,M,1,2,2
2025-07-31,M,N,1,2,2
2025-07-31,T,N,1,2,2
2025-07-31,M,O,1,2,2
2025-07-31,T,O,1,2,2
2025-07-31,M,P,1,2,2
2025-07-31,T,P,1,2,2
2025-07-31,M,Q,1,2,2
2025-07-31,T,Q,1,2,2
2025-07-31,M,R,1,2,2
2025-07-31,T,R,1,2,2
2025-07-31,M,S,1,2,2
2025-07-31,T,S,1,2,2
2025-07-31,M,T,1,2,2
2025-07-31,T,T,1,2,2
2025-07-31,M,U,1,2,2
2025-07-31,T,U,1,2,2
2025-07-31,M,V,1,2,2
2025-07-31,T,V,1,2,2
2025-07-31,M,W,1,2,2
2025-07-31,T,W,1,2,2
2025-07-31,M,X,1,2,2
2025-07-31,T,X,1,2,2
2025-07-31,M,Y,1,2,2
2025-07-31,T,Y,0,1,1
2025-07-31,M,Z,1,2,2
2025-07-31,T,Z,1,2,2
2025-08-01,M,A,1,2,2
2025-08-01,T,A,1,2,2
2025-08-01,M,AA,1,2,2
2025-08-01,T,AA,1,2,2
2025-08-01,M,AB,1,2,2
2025-08-01,T,AB,1,2,2
2025-08-01,M,AC,1,2,2
2025-08-01,T,AC,1,2,2
2025-08-01,M,AD,1,2,2
2025-08-01,T,AD,1,2,2
2025-08-01,M,AE,1,2,2
2025-08-01,T,AE,2,3,3
2025-08-01,M,AF,1,2,2
2025-08-01,T,AF,1,2,2
2025-08-01,M,B,1,2,2
2025-08-01,T,B,1,2,2
2025-08-01,M,C,1,2,2
2025-08-01,T,C,1,2,2
2025-08-01,M,D,1,2,2
2025-08-01,T,D,1,2,2
2025-08-01,M,E,1,2,2
2025-08-01,T,E,1,2,2
2025-08-01,M,F,1,2,2
2025-08-01,T,F,1,2,2
2025-08-01,M,G,1,2,2
2025-08-01,T,G,1,2,2
2025-08-01,M,H,1,2,2
2025-08-01,T,H,0,1,1
2025-08-01,M,I,1,2,2
2025-08-01,T,I,1,2,2
2025-08-01,M,J,1,2,2
2025-08-01,T,J,1,2,2
2025-08-01,M,K,1,2,2
2025-08-01,T,K,1,2,2
2025-08-01,M,L,1,2,2
2025-08-01,T,L,1,2,2
2025-08-01,M,M,1,2,2
2025-08-01,T,M,1,2,2
2025-08-01,M,N,1,2,2
2025-08-01,T,N,1,2,2
2025-08-01,M,O,1,2,2
2025-08-01,T,O,2,3,3
2025-08-01,M,P,1,2,2
2025-08-01,T,P,1,2,2
2025-08-01,M,Q,1,2,2
2025-08-01,T,Q,0,1,1
2025-08-01,M,R,1,2,2
2025-08-01,T,R,1,2,2
2025-08-01,M,S,1,2,2
2025-08-01,T,S,1,2,2
2025-08-01,M,T,1,2,2
2025-08-01,T,T,1,2,2
2025-08-01,M,U,1,2,2
2025-08-01,T,U,1,2,2
2025-08-01,M,V,0,1,1
2025-08-01,T,V,1,2,2
2025-08-01,M,W,1,2,2
2025-08-01,T,W,1,2,2
2025-08-01,M,X,1,2,2
2025-08-01,T,X,1,2,2
2025-08-01,M,Y,1,2,2
2025-08-01,T,Y,1,2,2
2025-08-01,M,Z,1,2,2
2025-08-01,T,Z,1,2,2
2025-08-02,M,A,1,2,2
2025-08-02,T,A,1,2,2
2025-08-02,M,AA,1,2,2
2025-08-02,T,AA,1,2,2
2025-08-02,M,AB,1,2,2
2025-08-02,T,AB,1,2,2
2025-08-02,M,AC,1,2,2
2025-08-02,T,AC,2,3,3
2025-08-02,M,AD,1,2,2
2025-08-02,T,AD,1,2,2
2025-08-02,M,AE,1,2,2
2025-08-02,T,AE,1,2,2
2025-08-02,M,AF,1,2,2
2025-08-02,T,AF,1,2,2
2025-08-02,M,B,1,2,2
2025-08-02,T,B,1,2,2
2025-08-02,M,C,1,2,2
2025-08-02,T,C,1,2,2
2025-08-02,M,D,1,2,2
2025-08-02,T,D,1,2,2
2025-08-02,M,E,1,2,2
2025-08-02,T,E,1,2,2
2025-08-02,M,F,1,2,2
2025-08-02,T,F,1,2,2
2025-08-02,M,G,1,2,2
2025-08-02,T,G,1,2,2
2025-08-02,M,H,1,2,2
2025-08-02,T,H,1,2,2
2025-08-02,M,I,1,2,2
2025-08-02,T,I,1,2,2
2025-08-02,M,J,1,2,2
2025-08-02,T,J,1,2,2
2025-08-02,M,K,1,2,2
2025-08-02,T,K,1,2,2
2025-08-02,M,L,1,2,2
2025-08-02,T,L,2,3,3
2025-08-02,M,M,1,2,2
2025-08-02,T,M,1,2,2
2025-08-02,M,N,1,2,2
2025-08-02,T,N,1,2,2
2025-08-02,M,O,1,2,2
2025-08-02,T,O,1,2,2
2025-08-02,M,P,1,2,2
2025-08-02,T,P,1,2,2
2025-08-02,M,Q,1,2,2
2025-08-02,T,Q,1,2,2
2025-08-02,M,R,1,2,2
2025-08-02,T,R,1,2,2
2025-08-02,M,S,1,2,2
2025-08-02,T,S,1,2,2
2025-08-02,M,T,1,2,2
2025-08-02,T,T,1,2,2
2025-08-02,M,U,1,2,2
2025-08-02,T,U,1,2,2
2025-08-02,M,V,1,2,2
2025-08-02,T,V,1,2,2
2025-08-02,M,W,0,1,1
2025-08-02,T,W,1,2,2
2025-08-02,M,X,2,3,3
2025-08-02,T,X,1,2,2
2025-08-02,M,Y,1,2,2
2025-08-02,T,Y,1,2,2
2025-08-02,M,Z,1,2,2
2025-08-02,T,Z,1,2,2
2025-08-03,M,A,1,2,2
2025-08-03,T,A,1,2,2
2025-08-03,M,AA,1,2,2
2025-08-03,T,AA,1,2,2
2025-08-03,M,AB,1,2,2
2025-08-03,T,AB,1,2,2
2025-08-03,M,AC,1,2,2
2025-08-03,T,AC,0,1,1
2025-08-03,M,AD,1,2,2
2025-08-03,T,AD,1,2,2
2025-08-03,M,AE,1,2,2
2025-08-03,T,AE,1,2,2
2025-08-03,M,AF,1,2,2
2025-08-03,T,AF,1,2,2
2025-08-03,M,B,1,2,2
2025-08-03,T,B,1,2,2
2025-08-03,M,C,1,2,2
2025-08-03,T,C,1,2,2
2025-08-03,M,D,1,2,2
2025-08-03,T,D,1,2,2
2025-08-03,M,E,1,2,2
2025-08-03,T,E,1,2,2
2025-08-03,M,F,1,2,2
2025-08-03,T,F,1,2,2
2025-08-03,M,G,1,2,2
2025-08-03,T,G,1,2,2
2025-08-03,M,H,1,2,2
2025-08-03,T,H,1,2,2
2025-08-03,M,I,1,2,2
2025-08-03,T,I,1,2,2
2025-08-03,M,J,1,2,2
2025-08-03,T,J,1,2,2
2025-08-03,M,K,1,2,2
2025-08-03,T,K,1,2,2
2025-08-03,M,L,1,2,2
2025-08-03,T,L,1,2,2
2025-08-03,M,M,1,2,2
2025-08-03,T,M,1,2,2
2025-08-03,M,N,1,2,2
2025-08-03,T,N,1,2,2
2025-08-03,M,O,1,2,2
2025-08-03,T,O,1,2,2
2025-08-03,M,P,1,2,2
2025-08-03,T,P,1,2,2
2025-08-03,M,Q,1,2,2
2025-08-03,T,Q,1,2,2
2025-08-03,M,R,1,2,2
2025-08-03,T,R,1,2,2
2025-08-03,M,S,1,2,2
2025-08-03,T,S,1,2,2
2025-08-03,M,T,1,2,2
2025-08-03,T,T,1,2,2
2025-08-03,M,U,1,2,2
2025-08-03,T,U,1,2,2
2025-08-03,M,V,1,2,2
2025-08-03,T,V,1,2,2
2025-08-03,M,W,1,2,2
2025-08-03,T,W,1,2,2
2025-08-03,M,X,1,2,2
2025-08-03,T,X,1,2,2
2025-08-03,M,Y,1,2,2
2025-08-03,T,Y,1,2,2
2025-08-03,M,Z,1,2,2
2025-08-03,T,Z,1,2,2
2025-08-04,M,A,1,2,2
2025-08-04,T,A,1,2,2
2025-08-04,M,AA,1,2,2
2025-08-04,T,AA,1,2,2
2025-08-04,M,AB,1,2,2
2025-08-04,T,AB,1,2,2
2025-08-04,M,AC,1,2,2
2025-08-04,T,AC,1,2,2
2025-08-04,M,AD,1,2,2
2025-08-04,T,AD,1,2,2
2025-08-04,M,AE,1,2,2
2025-08-04,T,AE,1,2,2
2025-08-04,M,AF,1,2,2
2025-08-04,T,AF,1,2,2
2025-08-04,M,B,1,2,2
2025-08-04,T,B,1,2,2
2025-08-04,M,C,2,3,3
2025-08-04,T,C,1,2,2
2025-08-04,M,D,1,2,2
2025-08-04,T,D,2,3,3
2025-08-04,M,E,1,2,2
2025-08-04,T,E,1,2,2
2025-08-04,M,F,1,2,2
2025-08-04,T,F,1,2,2
2025-08-04,M,G,1,2,2
2025-08-04,T,G,2,3,3
2025-08-04,M,H,1,2,2
2025-08-04,T,H,1,2,2
2025-08-04,M,I,1,2,2
2025-08-04,T,I,1,2,2
2025-08-04,M,J,1,2,2
2025-08-04,T,J,1,2,2
2025-08-04,M,K,1,2,2
2025-08-04,T,K,1,2,2
2025-08-04,M,L,0,1,1
2025-08-04,T,L,1,2,2
2025-08-04,M,M,1,2,2
2025-08-04,T,M,1,2,2
2025-08-04,M,N,1,2,2
2025-08-04,T,N,1,2,2
2025-08-04,M,O,1,2,2
2025-08-04,T,O,1,2,2
2025-08-04,M,P,1,2,2
2025-08-04,T,P,1,2,2
2025-08-04,M,Q,1,2,2
2025-08-04,T,Q,1,2,2
2025-08-04,M,R,1,2,2
2025-08-04,T,R,1,2,2
2025-08-04,M,S,1,2,2
2025-08-04,T,S,1,2,2
2025-08-04,M,T,1,2,2
2025-08-04,T,T,1,2,2
2025-08-04,M,U,1,2,2
2025-08-04,T,U,1,2,2
2025-08-04,M,V,1,2,2
2025-08-04,T,V,1,2,2
2025-08-04,M,W,1,2,2
2025-08-04,T,W,1,2,2
2025-08-04,M,X,1,2,2
2025-08-04,T,X,1,2,2
2025-08-04,M,Y,1,2,2
2025-08-04,T,Y,1,2,2
2025-08-04,M,Z,1,2,2
2025-08-04,T,Z,1,2,2
2025-08-05,M,A,1,2,2
2025-08-05,T,A,1,2,2
2025-08-05,M,AA,1,2,2
2025-08-05,T,AA,1,2,2
2025-08-05,M,AB,1,2,2
2025-08-05,T,AB,1,2,2
2025-08-05,M,AC,1,2,2
2025-08-05,T,AC,1,2,2
2025-08-05,M,AD,1,2,2
2025-08-05,T,AD,1,2,2
2025-08-05,M,AE,1,2,2
2025-08-05,T,AE,1,2,2
2025-08-05,M,AF,1,2,2
2025-08-05,T,AF,1,2,2
2025-08-05,M,B,1,2,2
2025-08-05,T,B,1,2,2
2025-08-05,M,C,1,2,2
2025-08-05,T,C,1,2,2
2025-08-05,M,D,1,2,2
2025-08-05,T,D,1,2,2
2025-08-05,M,E,1,2,2
2025-08-05,T,E,1,2,2
2025-08-05,M,F,1,2,2
2025-08-05,T,F,1,2,2
2025-08-05,M,G,1,2,2
2025-08-05,T,G,1,2,2
2025-08-05,M,H,1,2,2
2025-08-05,T,H,1,2,2
2025-08-05,M,I,1,2,2
2025-08-05,T,I,1,2,2
2025-08-05,M,J,1,2,2
2025-08-05,T,J,1,2,2
2025-08-05,M,K,1,2,2
2025-08-05,T,K,1,2,2
2025-08-05,M,L,1,2,2
2025-08-05,T,L,1,2,2
2025-08-05,M,M,1,2,2
2025-08-05,T,M,1,2,2
2025-08-05,M,N,1,2,2
2025-08-05,T,N,1,2,2
2025-08-05,M,O,1,2,2
2025-08-05,T,O,1,2,2
2025-08-05,M,P,1,2,2
2025-08-05,T,P,1,2,2
2025-08-05,M,Q,1,2,2
2025-08-05,T,Q,1,2,2
2025-08-05,M,R,1,2,2
2025-08-05,T,R,1,2,2
2025-08-05,M,S,1,2,2
2025-08-05,T,S,1,2,2
2025-08-05,M,T,1,2,2
2025-08-05,T,T,1,2,2
2025-08-05,M,U,1,2,2
2025-08-05,T,U,1,2,2
2025-08-05,M,V,1,2,2
2025-08-05,T,V,1,2,2
2025-08-05,M,W,1,2,2
2025-08-05,T,W,1,2,2
2025-08-05,M,X,1,2,2
2025-08-05,T,X,1,2,2
2025-08-05,M,Y,1,2,2
2025-08-05,T,Y,1,2,2
2025-08-05,M,Z,1,2,2
2025-08-05,T,Z,1,2,2
2025-08-06,M,A,1,2,2
2025-08-06,T,A,1,2,2
2025-08-06,M,AA,0,1,1
2025-08-06,T,AA,1,2,2
2025-08-06,M,AB,1,2,2
2025-08-06,T,AB,1,2,2
2025-08-06,M,AC,2,3,3
2025-08-06,T,AC,1,2,2
2025-08-06,M,AD,1,2,2
2025-08-06,T,AD,1,2,2
2025-08-06,M,AE,1,2,2
2025-08-06,T,AE,0,1,1
2025-08-06,M,AF,1,2,2
2025-08-06,T,AF,1,2,2
2025-08-06,M,B,2,3,3
2025-08-06,T,B,1,2,2
2025-08-06,M,C,1,2,2
2025-08-06,T,C,1,2,2
2025-08-06,M,D,1,2,2
2025-08-06,T,D,1,2,2
2025-08-06,M,E,1,2,2
2025-08-06,T,E,1,2,2
2025-08-06,M,F,1,2,2
2025-08-06,T,F,1,2,2
2025-08-06,M,G,1,2,2
2025-08-06,T,G,1,2,2
2025-08-06,M,H,1,2,2
2025-08-06,T,H,1,2,2
2025-08-06,M,I,1,2,2
2025-08-06,T,I,1,2,2
2025-08-06,M,J,1,2,2
2025-08-06,T,J,1,2,2
2025-08-06,M,K,1,2,2
2025-08-06,T,K,1,2,2
2025-08-06,M,L,1,2,2
2025-08-06,T,L,1,2,2
2025-08-06,M,M,1,2,2
2025-08-06,T,M,1,2,2
2025-08-06,M,N,0,1,1
2025-08-06,T,N,0,1,1
2025-08-06,M,O,1,2,2
2025-08-06,T,O,1,2,2
2025-08-06,M,P,1,2,2
2025-08-06,T,P,1,2,2
2025-08-06,M,Q,1,2,2
2025-08-06,T,Q,1,2,2
2025-08-06,M,R,1,2,2
2025-08-06,T,R,1,2,2
2025-08-06,M,S,0,1,1
2025-08-06,T,S,1,2,2
2025-08-06,M,T,1,2,2
2025-08-06,T,T,1,2,2
2025-08-06,M,U,1,2,2
2025-08-06,T,U,1,2,2
2025-08-06,M,V,1,2,2
2025-08-06,T,V,1,2,2
2025-08-06,M,W,1,2,2
2025-08-06,T,W,1,2,2
2025-08-06,M,X,1,2,2
2025-08-06,T,X,1,2,2
2025-08-06,M,Y,1,2,2
2025-08-06,T,Y,1,2,2
2025-08-06,M,Z,1,2,2
2025-08-06,T,Z,2,3,3
2025-08-07,M,A,1,2,2
2025-08-07,T,A,1,2,2
2025-08-07,M,AA,1,2,2
2025-08-07,T,AA,1,2,2
2025-08-07,M,AB,1,2,2
2025-08-07,T,AB,1,2,2
2025-08-07,M,AC,1,2,2
2025-08-07,T,AC,1,2,2
2025-08-07,M,AD,1,2,2
2025-08-07,T,AD,1,2,2
2025-08-07,M,AE,1,2,2
2025-08-07,T,AE,1,2,2
2025-08-07,M,AF,1,2,2
2025-08-07,T,AF,1,2,2
2025-08-07,M,B,1,2,2
2025-08-07,T,B,1,2,2
2025-08-07,M,C,1,2,2
2025-08-07,T,C,1,2,2
2025-08-07,M,D,1,2,2
2025-08-07,T,D,1,2,2
2025-08-07,M,E,1,2,2
2025-08-07,T,E,1,2,2
2025-08-07,M,F,1,2,2
2025-08-07,T,F,1,2,2
2025-08-07,M,G,1,2,2
2025-08-07,T,G,1,2,2
2025-08-07,M,H,1,2,2
2025-08-07,T,H,1,2,2
2025-08-07,M,I,1,2,2
2025-08-07,T,I,1,2,2
2025-08-07,M,J,2,3,3
2025-08-07,T,J,1,2,2
2025-08-07,M,K,1,2,2
2025-08-07,T,K,1,2,2
2025-08-07,M,L,1,2,2
2025-08-07,T,L,1,2,2
2025-08-07,M,M,0,1,1
2025-08-07,T,M,0,1,1
2025-08-07,M,N,1,2,2
2025-08-07,T,N,1,2,2
2025-08-07,M,O,1,2,2
2025-08-07,T,O,2,3,3
2025-08-07,M,P,1,2,2
2025-08-07,T,P,1,2,2
2025-08-07,M,Q,1,2,2
2025-08-07,T,Q,1,2,2
2025-08-07,M,R,1,2,2
2025-08-07,T,R,1,2,2
2025-08-07,M,S,1,2,2
2025-08-07,T,S,1,2,2
2025-08-07,M,T,1,2,2
2025-08-07,T,T,1,2,2
2025-08-07,M,U,1,2,2
2025-08-07,T,U,1,2,2
2025-08-07,M,V,1,2,2
2025-08-07,T,V,1,2,2
2025-08-07,M,W,1,2,2
2025-08-07,T,W,1,2,2
2025-08-07,M,X,1,2,2
2025-08-07,T,X,1,2,2
2025-08-07,M,Y,1,2,2
2025-08-07,T,Y,1,2,2
2025-08-07,M,Z,1,2,2
2025-08-07,T,Z,1,2,2
2025-08-08,M,A,1,2,2
2025-08-08,T,A,1,2,2
2025-08-08,M,AA,1,2,2
2025-08-08,T,AA,1,2,2
2025-08-08,M,AB,1,2,2
2025-08-08,T,AB,1,2,2
2025-08-08,M,AC,1,2,2
2025-08-08,T,AC,1,2,2
2025-08-08,M,AD,1,2,2
2025-08-08,T,AD,1,2,2
2025-08-08,M,AE,1,2,2
2025-08-08,T,AE,1,2,2
2025-08-08,M,AF,1,2,2
2025-08-08,T,AF,1,2,2
2025-08-08,M,B,1,2,2
2025-08-08,T,B,1,2,2
2025-08-08,M,C,1,2,2
2025-08-08,T,C,1,2,2
2025-08-08,M,D,1,2,2
2025-08-08,T,D,1,2,2
2025-08-08,M,E,1,2,2
2025-08-08,T,E,1,2,2
2025-08-08,M,F,1,2,2
2025-08-08,T,F,1,2,2
2025-08-08,M,G,0,1,1
2025-08-08,T,G,1,2,2
2025-08-08,M,H,1,2,2
2025-08-08,T,H,1,2,2
2025-08-08,M,I,0,1,1
2025-08-08,T,I,1,2,2
2025-08-08,M,J,1,2,2
2025-08-08,T,J,2,3,3
2025-08-08,M,K,1,2,2
2025-08-08,T,K,1,2,2
2025-08-08,M,L,1,2,2
2025-08-08,T,L,1,2,2
2025-08-08,M,M,1,2,2
2025-08-08,T,M,1,2,2
2025-08-08,M,N,1,2,2
2025-08-08,T,N,1,2,2
2025-08-08,M,O,1,2,2
2025-08-08,T,O,1,2,2
2025-08-08,M,P,1,2,2
2025-08-08,T,P,1,2,2
2025-08-08,M,Q,1,2,2
2025-08-08,T,Q,1,2,2
2025-08-08,M,R,1,2,2
2025-08-08,T,R,1,2,2
2025-08-08,M,S,1,2,2
2025-08-08,T,S,1,2,2
2025-08-08,M,T,1,2,2
2025-08-08,T,T,1,2,2
2025-08-08,M,U,1,2,2
2025-08-08,T,U,1,2,2
2025-08-08,M,V,0,1,1
2025-08-08,T,V,1,2,2
2025-08-08,M,W,1,2,2
2025-08-08,T,W,0,1,1
2025-08-08,M,X,1,2,2
2025-08-08,T,X,1,2,2
2025-08-08,M,Y,1,2,2
2025-08-08,T,Y,1,2,2
2025-08-08,M,Z,1,2,2
2025-08-08,T,Z,1,2,2
2025-08-09,M,A,1,2,2
2025-08-09,T,A,1,2,2
2025-08-09,M,AA,1,2,2
2025-08-09,T,AA,1,2,2
2025-08-09,M,AB,1,2,2
2025-08-09,T,AB,1,2,2
2025-08-09,M,AC,1,2,2
2025-08-09,T,AC,1,2,2
2025-08-09,M,AD,1,2,2
2025-08-09,T,AD,2,3,3
2025-08-09,M,AE,1,2,2
2025-08-09,T,AE,1,2,2
2025-08-09,M,AF,1,2,2
2025-08-09,T,AF,1,2,2
2025-08-09,M,B,1,2,2
2025-08-09,T,B,1,2,2
2025-08-09,M,C,1,2,2
2025-08-09,T,C,1,2,2
2025-08-09,M,D,0,1,1
2025-08-09,T,D,1,2,2
2025-08-09,M,E,1,2,2
2025-08-09,T,E,1,2,2
2025-08-09,M,F,1,2,2
2025-08-09,T,F,1,2,2
2025-08-09,M,G,1,2,2
2025-08-09,T,G,1,2,2
2025-08-09,M,H,1,2,2
2025-08-09,T,H,1,2,2
2025-08-09,M,I,1,2,2
2025-08-09,T,I,1,2,2
2025-08-09,M,J,2,3,3
2025-08-09,T,J,1,2,2
2025-08-09,M,K,1,2,2
2025-08-09,T,K,1,2,2
2025-08-09,M,L,1,2,2
2025-08-09,T,L,1,2,2
2025-08-09,M,M,1,2,2
2025-08-09,T,M,1,2,2
2025-08-09,M,N,1,2,2
2025-08-09,T,N,1,2,2
2025-08-09,M,O,1,2,2
2025-08-09,T,O,1,2,2
2025-08-09,M,P,1,2,2
2025-08-09,T,P,1,2,2
2025-08-09,M,Q,1,2,2
2025-08-09,T,Q,1,2,2
2025-08-09,M,R,1,2,2
2025-08-09,T,R,1,2,2
2025-08-09,M,S,1,2,2
2025-08-09,T,S,1,2,2
2025-08-09,M,T,1,2,2
2025-08-09,T,T,1,2,2
2025-08-09,M,U,1,2,2
2025-08-09,T,U,1,2,2
2025-08-09,M,V,1,2,2
2025-08-09,T,V,0,1,1
2025-08-09,M,W,1,2,2
2025-08-09,T,W,1,2,2
2025-08-09,M,X,1,2,2
2025-08-09,T,X,1,2,2
2025-08-09,M,Y,1,2,2
2025-08-09,T,Y,1,2,2
2025-08-09,M,Z,1,2,2
2025-08-09,T,Z,1,2,2
2025-08-10,M,A,1,2,2
2025-08-10,T,A,1,2,2
2025-08-10,M,AA,1,2,2
2025-08-10,T,AA,1,2,2
2025-08-10,M,AB,1,2,2
2025-08-10,T,AB,2,3,3
2025-08-10,M,AC,1,2,2
2025-08-10,T,AC,1,2,2
2025-08-10,M,AD,1,2,2
2025-08-10,T,AD,1,2,2
2025-08-10,M,AE,1,2,2
2025-08-10,T,AE,1,2,2
2025-08-10,M,AF,1,2,2
2025-08-10,T,AF,1,2,2
2025-08-10,M,B,1,2,2
2025-08-10,T,B,1,2,2
2025-08-10,M,C,1,2,2
2025-08-10,T,C,1,2,2
2025-08-10,M,D,1,2,2
2025-08-10,T,D,1,2,2
2025-08-10,M,E,1,2,2
2025-08-10,T,E,1,2,2
2025-08-10,M,F,1,2,2
2025-08-10,T,F,1,2,2
2025-08-10,M,G,1,2,2
2025-08-10,T,G,1,2,2
2025-08-10,M,H,1,2,2
2025-08-10,T,H,1,2,2
2025-08-10,M,I,1,2,2
2025-08-10,T,I,1,2,2
2025-08-10,M,J,1,2,2
2025-08-10,T,J,1,2,2
2025-08-10,M,K,1,2,2
2025-08-10,T,K,1,2,2
2025-08-10,M,L,1,2,2
2025-08-10,T,L,1,2,2
2025-08-10,M,M,1,2,2
2025-08-10,T,M,1,2,2
2025-08-10,M,N,1,2,2
2025-08-10,T,N,1,2,2
2025-08-10,M,O,1,2,2
2025-08-10,T,O,1,2,2
2025-08-10,M,P,1,2,2
2025-08-10,T,P,1,2,2
2025-08-10,M,Q,1,2,2
2025-08-10,T,Q,1,2,2
2025-08-10,M,R,0,1,1
2025-08-10,T,R,1,2,2
2025-08-10,M,S,1,2,2
2025-08-10,T,S,1,2,2
2025-08-10,M,T,0,1,1
2025-08-10,T,T,2,3,3
2025-08-10,M,U,1,2,2
2025-08-10,T,U,1,2,2
2025-08-10,M,V,1,2,2
2025-08-10,T,V,1,2,2
2025-08-10,M,W,1,2,2
2025-08-10,T,W,1,2,2
2025-08-10,M,X,0,1,1
2025-08-10,T,X,1,2,2
2025-08-10,M,Y,1,2,2
2025-08-10,T,Y,1,2,2
2025-08-10,M,Z,1,2,2
2025-08-10,T,Z,1,2,2
2025-08-11,M,A,1,2,2
2025-08-11,T,A,1,2,2
2025-08-11,M,AA,1,2,2
2025-08-11,T,AA,1,2,2
2025-08-11,M,AB,1,2,2
2025-08-11,T,AB,1,2,2
2025-08-11,M,AC,1,2,2
2025-08-11,T,AC,1,2,2
2025-08-11,M,AD,1,2,2
2025-08-11,T,AD,1,2,2
2025-08-11,M,AE,1,2,2
2025-08-11,T,AE,1,2,2
2025-08-11,M,AF,1,2,2
2025-08-11,T,AF,1,2,2
2025-08-11,M,B,1,2,2
2025-08-11,T,B,1,2,2
2025-08-11,M,C,1,2,2
2025-08-11,T,C,1,2,2
2025-08-11,M,D,1,2,2
2025-08-11,T,D,1,2,2
2025-08-11,M,E,1,2,2
2025-08-11,T,E,1,2,2
2025-08-11,M,F,1,2,2
2025-08-11,T,F,1,2,2
2025-08-11,M,G,0,1,1
2025-08-11,T,G,1,2,2
2025-08-11,M,H,1,2,2
2025-08-11,T,H,1,2,2
2025-08-11,M,I,1,2,2
2025-08-11,T,I,0,1,1
2025-08-11,M,J,1,2,2
2025-08-11,T,J,1,2,2
2025-08-11,M,K,1,2,2
2025-08-11,T,K,1,2,2
2025-08-11,M,L,1,2,2
2025-08-11,T,L,1,2,2
2025-08-11,M,M,1,2,2
2025-08-11,T,M,1,2,2
2025-08-11,M,N,1,2,2
2025-08-11,T,N,1,2,2
2025-08-11,M,O,1,2,2
2025-08-11,T,O,1,2,2
2025-08-11,M,P,1,2,2
2025-08-11,T,P,2,3,3
2025-08-11,M,Q,1,2,2
2025-08-11,T,Q,1,2,2
2025-08-11,M,R,1,2,2
2025-08-11,T,R,1,2,2
2025-08-11,M,S,1,2,2
2025-08-11,T,S,1,2,2
2025-08-11,M,T,1,2,2
2025-08-11,T,T,1,2,2
2025-08-11,M,U,1,2,2
2025-08-11,T,U,1,2,2
2025-08-11,M,V,1,2,2
2025-08-11,T,V,1,2,2
2025-08-11,M,W,1,2,2
2025-08-11,T,W,1,2,2
2025-08-11,M,X,1,2,2
2025-08-11,T,X,1,2,2
2025-08-11,M,Y,1,2,2
2025-08-11,T,Y,1,2,2
2025-08-11,M,Z,1,2,2
2025-08-11,T,Z,1,2,2
2025-08-12,M,A,1,2,2
2025-08-12,T,A,1,2,2
2025-08-12,M,AA,1,2,2
2025-08-12,T,AA,1,2,2
2025-08-12,M,AB,1,2,2
2025-08-12,T,AB,1,2,2
2025-08-12,M,AC,1,2,2
2025-08-12,T,AC,1,2,2
2025-08-12,M,AD,0,1,1
2025-08-12,T,AD,1,2,2
2025-08-12,M,AE,1,2,2
2025-08-12,T,AE,1,2,2
2025-08-12,M,AF,1,2,2
2025-08-12,T,AF,1,2,2
2025-08-12,M,B,1,2,2
2025-08-12,T,B,1,2,2
2025-08-12,M,C,1,2,2
2025-08-12,T,C,1,2,2
2025-08-12,M,D,1,2,2
2025-08-12,T,D,1,2,2
2025-08-12,M,E,1,2,2
2025-08-12,T,E,1,2,2
2025-08-12,M,F,1,2,2
2025-08-12,T,F,1,2,2
2025-08-12,M,G,2,3,3
2025-08-12,T,G,1,2,2
2025-08-12,M,H,1,2,2
2025-08-12,T,H,1,2,2
2025-08-12,M,I,1,2,2
2025-08-12,T,I,1,2,2
2025-08-12,M,J,1,2,2
2025-08-12,T,J,1,2,2
2025-08-12,M,K,1,2,2
2025-08-12,T,K,1,2,2
2025-08-12,M,L,1,2,2
2025-08-12,T,L,0,1,1
2025-08-12,M,M,1,2,2
2025-08-12,T,M,1,2,2
2025-08-12,M,N,1,2,2
2025-08-12,T,N,0,1,1
2025-08-12,M,O,1,2,2
2025-08-12,T,O,1,2,2
2025-08-12,M,P,2,3,3
2025-08-12,T,P,1,2,2
2025-08-12,M,Q,1,2,2
2025-08-12,T,Q,1,2,2
2025-08-12,M,R,1,2,2
2025-08-12,T,R,1,2,2
2025-08-12,M,S,1,2,2
2025-08-12,T,S,1,2,2
2025-08-12,M,T,1,2,2
2025-08-12,T,T,1,2,2
2025-08-12,M,U,1,2,2
2025-08-12,T,U,1,2,2
2025-08-12,M,V,1,2,2
2025-08-12,T,V,1,2,2
2025-08-12,M,W,1,2,2
2025-08-12,T,W,1,2,2
2025-08-12,M,X,1,2,2
2025-08-12,T,X,1,2,2
2025-08-12,M,Y,1,2,2
2025-08-12,T,Y,1,2,2
2025-08-12,M,Z,1,2,2
2025-08-12,T,Z,1,2,2
2025-08-13,M,A,1,2,2
2025-08-13,T,A,1,2,2
2025-08-13,M,AA,1,2,2
2025-08-13,T,AA,1,2,2
2025-08-13,M,AB,2,3,3
2025-08-13,T,AB,1,2,2
2025-08-13,M,AC,1,2,2
2025-08-13,T,AC,1,2,2
2025-08-13,M,AD,1,2,2
2025-08-13,T,AD,1,2,2
2025-08-13,M,AE,1,2,2
2025-08-13,T,AE,1,2,2
2025-08-13,M,AF,1,2,2
2025-08-13,T,AF,1,2,2
2025-08-13,M,B,1,2,2
2025-08-13,T,B,1,2,2
2025-08-13,M,C,1,2,2
2025-08-13,T,C,1,2,2
2025-08-13,M,D,1,2,2
2025-08-13,T,D,1,2,2
2025-08-13,M,E,1,2,2
2025-08-13,T,E,1,2,2
2025-08-13,M,F,2,3,3
2025-08-13,T,F,1,2,2
2025-08-13,M,G,1,2,2
2025-08-13,T,G,1,2,2
2025-08-13,M,H,1,2,2
2025-08-13,T,H,1,2,2
2025-08-13,M,I,1,2,2
2025-08-13,T,I,1,2,2
2025-08-13,M,J,1,2,2
2025-08-13,T,J,1,2,2
2025-08-13,M,K,1,2,2
2025-08-13,T,K,1,2,2
2025-08-13,M,L,1,2,2
2025-08-13,T,L,1,2,2
2025-08-13,M,M,0,1,1
2025-08-13,T,M,1,2,2
2025-08-13,M,N,1,2,2
2025-08-13,T,N,1,2,2
2025-08-13,M,O,1,2,2
2025-08-13,T,O,1,2,2
2025-08-13,M,P,2,3,3
2025-08-13,T,P,1,2,2
2025-08-13,M,Q,1,2,2
2025-08-13,T,Q,1,2,2
2025-08-13,M,R,1,2,2
2025-08-13,T,R,2,3,3
2025-08-13,M,S,1,2,2
2025-08-13,T,S,1,2,2
2025-08-13,M,T,1,2,2
2025-08-13,T,T,1,2,2
2025-08-13,M,U,1,2,2
2025-08-13,T,U,1,2,2
2025-08-13,M,V,1,2,2
2025-08-13,T,V,1,2,2
2025-08-13,M,W,1,2,2
2025-08-13,T,W,1,2,2
2025-08-13,M,X,1,2,2
2025-08-13,T,X,1,2,2
2025-08-13,M,Y,1,2,2
2025-08-13,T,Y,1,2,2
2025-08-13,M,Z,1,2,2
2025-08-13,T,Z,1,2,2
2025-08-14,M,A,1,2,2
2025-08-14,T,A,1,2,2
2025-08-14,M,AA,1,2,2
2025-08-14,T,AA,1,2,2
2025-08-14,M,AB,1,2,2
2025-08-14,T,AB,1,2,2
2025-08-14,M,AC,2,3,3
2025-08-14,T,AC,1,2,2
2025-08-14,M,AD,1,2,2
2025-08-14,T,AD,1,2,2
2025-08-14,M,AE,1,2,2
2025-08-14,T,AE,1,2,2
2025-08-14,M,AF,1,2,2
2025-08-14,T,AF,1,2,2
2025-08-14,M,B,1,2,2
2025-08-14,T,B,1,2,2
2025-08-14,M,C,1,2,2
2025-08-14,T,C,0,1,1
2025-08-14,M,D,1,2,2
2025-08-14,T,D,1,2,2
2025-08-14,M,E,1,2,2
2025-08-14,T,E,1,2,2
2025-08-14,M,F,1,2,2
2025-08-14,T,F,1,2,2
2025-08-14,M,G,1,2,2
2025-08-14,T,G,1,2,2
2025-08-14,M,H,1,2,2
2025-08-14,T,H,1,2,2
2025-08-14,M,I,1,2,2
2025-08-14,T,I,1,2,2
2025-08-14,M,J,1,2,2
2025-08-14,T,J,1,2,2
2025-08-14,M,K,1,2,2
2025-08-14,T,K,1,2,2
2025-08-14,M,L,1,2,2
2025-08-14,T,L,1,2,2
2025-08-14,M,M,1,2,2
2025-08-14,T,M,1,2,2
2025-08-14,M,N,0,1,1
2025-08-14,T,N,1,2,2
2025-08-14,M,O,1,2,2
2025-08-14,T,O,2,3,3
2025-08-14,M,P,1,2,2
2025-08-14,T,P,1,2,2
2025-08-14,M,Q,1,2,2
2025-08-14,T,Q,1,2,2
2025-08-14,M,R,1,2,2
2025-08-14,T,R,1,2,2
2025-08-14,M,S,1,2,2
2025-08-14,T,S,1,2,2
2025-08-14,M,T,1,2,2
2025-08-14,T,T,1,2,2
2025-08-14,M,U,1,2,2
2025-08-14,T,U,1,2,2
2025-08-14,M,V,1,2,2
2025-08-14,T,V,1,2,2
2025-08-14,M,W,1,2,2
2025-08-14,T,W,1,2,2
2025-08-14,M,X,1,2,2
2025-08-14,T,X,1,2,2
2025-08-14,M,Y,1,2,2
2025-08-14,T,Y,1,2,2
2025-08-14,M,Z,2,3,3
2025-08-14,T,Z,1,2,2
2025-08-15,M,A,2,3,3
2025-08-15,T,A,1,2,2
2025-08-15,M,AA,1,2,2
2025-08-15,T,AA,1,2,2
2025-08-15,M,AB,1,2,2
2025-08-15,T,AB,1,2,2
2025-08-15,M,AC,1,2,2
2025-08-15,T,AC,1,2,2
2025-08-15,M,AD,1,2,2
2025-08-15,T,AD,1,2,2
2025-08-15,M,AE,1,2,2
2025-08-15,T,AE,1,2,2
2025-08-15,M,AF,0,1,1
2025-08-15,T,AF,1,2,2
2025-08-15,M,B,1,2,2
2025-08-15,T,B,1,2,2
2025-08-15,M,C,1,2,2
2025-08-15,T,C,1,2,2
2025-08-15,M,D,1,2,2
2025-08-15,T,D,1,2,2
2025-08-15,M,E,1,2,2
2025-08-15,T,E,1,2,2
2025-08-15,M,F,2,3,3
2025-08-15,T,F,1,2,2
2025-08-15,M,G,1,2,2
2025-08-15,T,G,1,2,2
2025-08-15,M,H,1,2,2
2025-08-15,T,H,1,2,2
2025-08-15,M,I,1,2,2
2025-08-15,T,I,1,2,2
2025-08-15,M,J,1,2,2
2025-08-15,T,J,1,2,2
2025-08-15,M,K,1,2,2
2025-08-15,T,K,2,3,3
2025-08-15,M,L,1,2,2
2025-08-15,T,L,1,2,2
2025-08-15,M,M,1,2,2
2025-08-15,T,M,1,2,2
2025-08-15,M,N,1,2,2
2025-08-15,T,N,1,2,2
2025-08-15,M,O,1,2,2
2025-08-15,T,O,1,2,2
2025-08-15,M,P,1,2,2
2025-08-15,T,P,1,2,2
2025-08-15,M,Q,1,2,2
2025-08-15,T,Q,1,2,2
2025-08-15,M,R,1,2,2
2025-08-15,T,R,1,2,2
2025-08-15,M,S,1,2,2
2025-08-15,T,S,1,2,2
2025-08-15,M,T,1,2,2
2025-08-15,T,T,1,2,2
2025-08-15,M,U,1,2,2
2025-08-15,T,U,1,2,2
2025-08-15,M,V,1,2,2
2025-08-15,T,V,1,2,2
2025-08-15,M,W,1,2,2
2025-08-15,T,W,1,2,2
2025-08-15,M,X,1,2,2
2025-08-15,T,X,1,2,2
2025-08-15,M,Y,1,2,2
2025-08-15,T,Y,1,2,2
2025-08-15,M,Z,1,2,2
2025-08-15,T,Z,1,2,2
2025-08-16,M,A,1,2,2
2025-08-16,T,A,1,2,2
2025-08-16,M,AA,1,2,2
2025-08-16,T,AA,1,2,2
2025-08-16,M,AB,1,2,2
2025-08-16,T,AB,1,2,2
2025-08-16,M,AC,1,2,2
2025-08-16,T,AC,1,2,2
2025-08-16,M,AD,1,2,2
2025-08-16,T,AD,1,2,2
2025-08-16,M,AE,1,2,2
2025-08-16,T,AE,1,2,2
2025-08-16,M,AF,1,2,2
2025-08-16,T,AF,1,2,2
2025-08-16,M,B,1,2,2
2025-08-16,T,B,1,2,2
2025-08-16,M,C,1,2,2
2025-08-16,T,C,1,2,2
2025-08-16,M,D,1,2,2
2025-08-16,T,D,1,2,2
2025-08-16,M,E,1,2,2
2025-08-16,T,E,1,2,2
2025-08-16,M,F,1,2,2
2025-08-16,T,F,1,2,2
2025-08-16,M,G,1,2,2
2025-08-16,T,G,1,2,2
2025-08-16,M,H,1,2,2
2025-08-16,T,H,1,2,2
2025-08-16,M,I,1,2,2
2025-08-16,T,I,1,2,2
2025-08-16,M,J,1,2,2
2025-08-16,T,J,1,2,2
2025-08-16,M,K,1,2,2
2025-08-16,T,K,1,2,2
2025-08-16,M,L,1,2,2
2025-08-16,T,L,1,2,2
2025-08-16,M,M,1,2,2
2025-08-16,T,M,1,2,2
2025-08-16,M,N,2,3,3
2025-08-16,T,N,1,2,2
2025-08-16,M,O,1,2,2
2025-08-16,T,O,1,2,2
2025-08-16,M,P,1,2,2
2025-08-16,T,P,1,2,2
2025-08-16,M,Q,1,2,2
2025-08-16,T,Q,1,2,2
2025-08-16,M,R,1,2,2
2025-08-16,T,R,1,2,2
2025-08-16,M,S,1,2,2
2025-08-16,T,S,1,2,2
2025-08-16,M,T,1,2,2
2025-08-16,T,T,2,3,3
2025-08-16,M,U,1,2,2
2025-08-16,T,U,1,2,2
2025-08-16,M,V,1,2,2
2025-08-16,T,V,1,2,2
2025-08-16,M,W,1,2,2
2025-08-16,T,W,1,2,2
2025-08-16,M,X,1,2,2
2025-08-16,T,X,0,1,1
2025-08-16,M,Y,1,2,2
2025-08-16,T,Y,1,2,2
2025-08-16,M,Z,1,2,2
2025-08-16,T,Z,1,2,2
2025-08-17,M,A,1,2,2
2025-08-17,T,A,1,2,2
2025-08-17,M,AA,1,2,2
2025-08-17,T,AA,1,2,2
2025-08-17,M,AB,1,2,2
2025-08-17,T,AB,1,2,2
2025-08-17,M,AC,1,2,2
2025-08-17,T,AC,1,2,2
2025-08-17,M,AD,1,2,2
2025-08-17,T,AD,1,2,2
2025-08-17,M,AE,1,2,2
2025-08-17,T,AE,0,1,1
2025-08-17,M,AF,1,2,2
2025-08-17,T,AF,1,2,2
2025-08-17,M,B,2,3,3
2025-08-17,T,B,2,3,3
2025-08-17,M,C,1,2,2
2025-08-17,T,C,1,2,2
2025-08-17,M,D,1,2,2
2025-08-17,T,D,1,2,2
2025-08-17,M,E,1,2,2
2025-08-17,T,E,1,2,2
2025-08-17,M,F,1,2,2
2025-08-17,T,F,1,2,2
2025-08-17,M,G,1,2,2
2025-08-17,T,G,1,2,2
2025-08-17,M,H,1,2,2
2025-08-17,T,H,1,2,2
2025-08-17,M,I,1,2,2
2025-08-17,T,I,0,1,1
2025-08-17,M,J,1,2,2
2025-08-17,T,J,1,2,2
2025-08-17,M,K,1,2,2
2025-08-17,T,K,1,2,2
2025-08-17,M,L,1,2,2
2025-08-17,T,L,1,2,2
2025-08-17,M,M,0,1,1
2025-08-17,T,M,1,2,2
2025-08-17,M,N,1,2,2
2025-08-17,T,N,1,2,2
2025-08-17,M,O,1,2,2
2025-08-17,T,O,1,2,2
2025-08-17,M,P,1,2,2
2025-08-17,T,P,1,2,2
2025-08-17,M,Q,1,2,2
2025-08-17,T,Q,1,2,2
2025-08-17,M,R,1,2,2
2025-08-17,T,R,1,2,2
2025-08-17,M,S,1,2,2
2025-08-17,T,S,1,2,2
2025-08-17,M,T,0,1,1
2025-08-17,T,T,1,2,2
2025-08-17,M,U,1,2,2
2025-08-17,T,U,1,2,2
2025-08-17,M,V,1,2,2
2025-08-17,T,V,1,2,2
2025-08-17,M,W,1,2,2
2025-08-17,T,W,1,2,2
2025-08-17,M,X,1,2,2
2025-08-17,T,X,1,2,2
2025-08-17,M,Y,1,2,2
2025-08-17,T,Y,1,2,2
2025-08-17,M,Z,1,2,2
2025-08-17,T,Z,1,2,2
2025-08-18,M,A,1,2,2
2025-08-18,T,A,1,2,2
2025-08-18,M,AA,2,3,3
2025-08-18,T,AA,1,2,2
2025-08-18,M,AB,1,2,2
2025-08-18,T,AB,1,2,2
2025-08-18,M,AC,1,2,2
2025-08-18,T,AC,1,2,2
2025-08-18,M,AD,1,2,2
2025-08-18,T,AD,0,1,1
2025-08-18,M,AE,1,2,2
2025-08-18,T,AE,1,2,2
2025-08-18,M,AF,1,2,2
2025-08-18,T,AF,1,2,2
2025-08-18,M,B,1,2,2
2025-08-18,T,B,0,1,1
2025-08-18,M,C,1,2,2
2025-08-18,T,C,1,2,2
2025-08-18,M,D,1,2,2
2025-08-18,T,D,1,2,2
2025-08-18,M,E,0,1,1
2025-08-18,T,E,1,2,2
2025-08-18,M,F,1,2,2
2025-08-18,T,F,1,2,2
2025-08-18,M,G,1,2,2
2025-08-18,T,G,1,2,2
2025-08-18,M,H,1,2,2
2025-08-18,T,H,1,2,2
2025-08-18,M,I,1,2,2
2025-08-18,T,I,1,2,2
2025-08-18,M,J,1,2,2
2025-08-18,T,J,1,2,2
2025-08-18,M,K,1,2,2
2025-08-18,T,K,1,2,2
2025-08-18,M,L,1,2,2
2025-08-18,T,L,1,2,2
2025-08-18,M,M,1,2,2
2025-08-18,T,M,1,2,2
2025-08-18,M,N,0,1,1
2025-08-18,T,N,0,1,1
2025-08-18,M,O,1,2,2
2025-08-18,T,O,1,2,2
2025-08-18,M,P,1,2,2
2025-08-18,T,P,1,2,2
2025-08-18,M,Q,1,2,2
2025-08-18,T,Q,1,2,2
2025-08-18,M,R,1,2,2
2025-08-18,T,R,1,2,2
2025-08-18,M,S,1,2,2
2025-08-18,T,S,1,2,2
2025-08-18,M,T,1,2,2
2025-08-18,T,T,1,2,2
2025-08-18,M,U,1,2,2
2025-08-18,T,U,1,2,2
2025-08-18,M,V,1,2,2
2025-08-18,T,V,1,2,2
2025-08-18,M,W,1,2,2
2025-08-18,T,W,1,2,2
2025-08-18,M,X,1,2,2
2025-08-18,T,X,1,2,2
2025-08-18,M,Y,1,2,2
2025-08-18,T,Y,1,2,2
2025-08-18,M,Z,1,2,2
2025-08-18,T,Z,1,2,2
2025-08-19,M,A,1,2,2
2025-08-19,T,A,1,2,2
2025-08-19,M,AA,1,2,2
2025-08-19,T,AA,1,2,2
2025-08-19,M,AB,1,2,2
2025-08-19,T,AB,1,2,2
2025-08-19,M,AC,1,2,2
2025-08-19,T,AC,1,2,2
2025-08-19,M,AD,1,2,2
2025-08-19,T,AD,1,2,2
2025-08-19,M,AE,1,2,2
2025-08-19,T,AE,1,2,2
2025-08-19,M,AF,1,2,2
2025-08-19,T,AF,1,2,2
2025-08-19,M,B,1,2,2
2025-08-19,T,B,1,2,2
2025-08-19,M,C,1,2,2
2025-08-19,T,C,1,2,2
2025-08-19,M,D,1,2,2
2025-08-19,T,D,1,2,2
2025-08-19,M,E,1,2,2
2025-08-19,T,E,1,2,2
2025-08-19,M,F,1,2,2
2025-08-19,T,F,1,2,2
2025-08-19,M,G,2,3,3
2025-08-19,T,G,1,2,2
2025-08-19,M,H,1,2,2
2025-08-19,T,H,1,2,2
2025-08-19,M,I,1,2,2
2025-08-19,T,I,1,2,2
2025-08-19,M,J,1,2,2
2025-08-19,T,J,1,2,2
2025-08-19,M,K,1,2,2
2025-08-19,T,K,1,2,2
2025-08-19,M,L,1,2,2
2025-08-19,T,L,1,2,2
2025-08-19,M,M,1,2,2
2025-08-19,T,M,1,2,2
2025-08-19,M,N,1,2,2
2025-08-19,T,N,1,2,2
2025-08-19,M,O,1,2,2
2025-08-19,T,O,1,2,2
2025-08-19,M,P,1,2,2
2025-08-19,T,P,1,2,2
2025-08-19,M,Q,1,2,2
2025-08-19,T,Q,1,2,2
2025-08-19,M,R,1,2,2
2025-08-19,T,R,1,2,2
2025-08-19,M,S,2,3,3
2025-08-19,T,S,1,2,2
2025-08-19,M,T,0,1,1
2025-08-19,T,T,1,2,2
2025-08-19,M,U,1,2,2
2025-08-19,T,U,1,2,2
2025-08-19,M,V,1,2,2
2025-08-19,T,V,1,2,2
2025-08-19,M,W,1,2,2
2025-08-19,T,W,1,2,2
2025-08-19,M,X,1,2,2
2025-08-19,T,X,1,2,2
2025-08-19,M,Y,1,2,2
2025-08-19,T,Y,1,2,2
2025-08-19,M,Z,1,2,2
2025-08-19,T,Z,1,2,2
2025-08-20,M,A,1,2,2
2025-08-20,T,A,1,2,2
2025-08-20,M,AA,1,2,2
2025-08-20,T,AA,1,2,2
2025-08-20,M,AB,2,3,3
2025-08-20,T,AB,1,2,2
2025-08-20,M,AC,1,2,2
2025-08-20,T,AC,1,2,2
2025-08-20,M,AD,1,2,2
2025-08-20,T,AD,1,2,2
2025-08-20,M,AE,1,2,2
2025-08-20,T,AE,1,2,2
2025-08-20,M,AF,1,2,2
2025-08-20,T,AF,1,2,2
2025-08-20,M,B,2,3,3
2025-08-20,T,B,1,2,2
2025-08-20,M,C,1,2,2
2025-08-20,T,C,1,2,2
2025-08-20,M,D,1,2,2
2025-08-20,T,D,1,2,2
2025-08-20,M,E,1,2,2
2025-08-20,T,E,1,2,2
2025-08-20,M,F,1,2,2
2025-08-20,T,F,1,2,2
2025-08-20,M,G,1,2,2
2025-08-20,T,G,1,2,2
2025-08-20,M,H,1,2,2
2025-08-20,T,H,1,2,2
2025-08-20,M,I,1,2,2
2025-08-20,T,I,1,2,2
2025-08-20,M,J,1,2,2
2025-08-20,T,J,1,2,2
2025-08-20,M,K,1,2,2
2025-08-20,T,K,0,1,1
2025-08-20,M,L,1,2,2
2025-08-20,T,L,1,2,2
2025-08-20,M,M,1,2,2
2025-08-20,T,M,1,2,2
2025-08-20,M,N,2,3,3
2025-08-20,T,N,1,2,2
2025-08-20,M,O,1,2,2
2025-08-20,T,O,1,2,2
2025-08-20,M,P,1,2,2
2025-08-20,T,P,1,2,2
2025-08-20,M,Q,1,2,2
2025-08-20,T,Q,2,3,3
2025-08-20,M,R,1,2,2
2025-08-20,T,R,1,2,2
2025-08-20,M,S,1,2,2
2025-08-20,T,S,1,2,2
2025-08-20,M,T,1,2,2
2025-08-20,T,T,1,2,2
2025-08-20,M,U,1,2,2
2025-08-20,T,U,1,2,2
2025-08-20,M,V,1,2,2
2025-08-20,T,V,1,2,2
2025-08-20,M,W,1,2,2
2025-08-20,T,W,1,2,2
2025-08-20,M,X,1,2,2
2025-08-20,T,X,1,2,2
2025-08-20,M,Y,0,1,1
2025-08-20,T,Y,0,1,1
2025-08-20,M,Z,1,2,2
2025-08-20,T,Z,1,2,2
2025-08-21,M,A,1,2,2
2025-08-21,T,A,1,2,2
2025-08-21,M,AA,1,2,2
2025-08-21,T,AA,1,2,2
2025-08-21,M,AB,1,2,2
2025-08-21,T,AB,1,2,2
2025-08-21,M,AC,1,2,2
2025-08-21,T,AC,1,2,2
2025-08-21,M,AD,1,2,2
2025-08-21,T,AD,1,2,2
2025-08-21,M,AE,1,2,2
2025-08-21,T,AE,1,2,2
2025-08-21,M,AF,1,2,2
2025-08-21,T,AF,1,2,2
2025-08-21,M,B,1,2,2
2025-08-21,T,B,1,2,2
2025-08-21,M,C,1,2,2
2025-08-21,T,C,1,2,2
2025-08-21,M,D,0,1,1
2025-08-21,T,D,1,2,2
2025-08-21,M,E,1,2,2
2025-08-21,T,E,1,2,2
2025-08-21,M,F,1,2,2
2025-08-21,T,F,1,2,2
2025-08-21,M,G,1,2,2
2025-08-21,T,G,1,2,2
2025-08-21,M,H,1,2,2
2025-08-21,T,H,1,2,2
2025-08-21,M,I,2,3,3
2025-08-21,T,I,1,2,2
2025-08-21,M,J,1,2,2
2025-08-21,T,J,1,2,2
2025-08-21,M,K,1,2,2
2025-08-21,T,K,1,2,2
2025-08-21,M,L,1,2,2
2025-08-21,T,L,1,2,2
2025-08-21,M,M,1,2,2
2025-08-21,T,M,1,2,2
2025-08-21,M,N,1,2,2
2025-08-21,T,N,1,2,2
2025-08-21,M,O,1,2,2
2025-08-21,T,O,1,2,2
2025-08-21,M,P,1,2,2
2025-08-21,T,P,1,2,2
2025-08-21,M,Q,1,2,2
2025-08-21,T,Q,1,2,2
2025-08-21,M,R,1,2,2
2025-08-21,T,R,1,2,2
2025-08-21,M,S,0,1,1
2025-08-21,T,S,1,2,2
2025-08-21,M,T,1,2,2
2025-08-21,T,T,1,2,2
2025-08-21,M,U,1,2,2
2025-08-21,T,U,1,2,2
2025-08-21,M,V,1,2,2
2025-08-21,T,V,1,2,2
2025-08-21,M,W,1,2,2
2025-08-21,T,W,1,2,2
2025-08-21,M,X,1,2,2
2025-08-21,T,X,1,2,2
2025-08-21,M,Y,1,2,2
2025-08-21,T,Y,1,2,2
2025-08-21,M,Z,1,2,2
2025-08-21,T,Z,1,2,2
2025-08-22,M,A,1,2,2
2025-08-22,T,A,1,2,2
2025-08-22,M,AA,1,2,2
2025-08-22,T,AA,1,2,2
2025-08-22,M,AB,1,2,2
2025-08-22,T,AB,1,2,2
2025-08-22,M,AC,1,2,2
2025-08-22,T,AC,2,3,3
2025-08-22,M,AD,1,2,2
2025-08-22,T,AD,1,2,2
2025-08-22,M,AE,1,2,2
2025-08-22,T,AE,2,3,3
2025-08-22,M,AF,1,2,2
2025-08-22,T,AF,1,2,2
2025-08-22,M,B,1,2,2
2025-08-22,T,B,1,2,2
2025-08-22,M,C,1,2,2
2025-08-22,T,C,2,3,3
2025-08-22,M,D,1,2,2
2025-08-22,T,D,1,2,2
2025-08-22,M,E,1,2,2
2025-08-22,T,E,1,2,2
2025-08-22,M,F,1,2,2
2025-08-22,T,F,1,2,2
2025-08-22,M,G,1,2,2
2025-08-22,T,G,1,2,2
2025-08-22,M,H,1,2,2
2025-08-22,T,H,1,2,2
2025-08-22,M,I,1,2,2
2025-08-22,T,I,1,2,2
2025-08-22,M,J,0,1,1
2025-08-22,T,J,1,2,2
2025-08-22,M,K,1,2,2
2025-08-22,T,K,1,2,2
2025-08-22,M,L,1,2,2
2025-08-22,T,L,1,2,2
2025-08-22,M,M,1,2,2
2025-08-22,T,M,1,2,2
2025-08-22,M,N,1,2,2
2025-08-22,T,N,1,2,2
2025-08-22,M,O,1,2,2
2025-08-22,T,O,1,2,2
2025-08-22,M,P,1,2,2
2025-08-22,T,P,1,2,2
2025-08-22,M,Q,0,1,1
2025-08-22,T,Q,1,2,2
2025-08-22,M,R,1,2,2
2025-08-22,T,R,1,2,2
2025-08-22,M,S,1,2,2
2025-08-22,T,S,1,2,2
2025-08-22,M,T,1,2,2
2025-08-22,T,T,1,2,2
2025-08-22,M,U,1,2,2
2025-08-22,T,U,1,2,2
2025-08-22,M,V,1,2,2
2025-08-22,T,V,1,2,2
2025-08-22,M,W,2,3,3
2025-08-22,T,W,1,2,2
2025-08-22,M,X,1,2,2
2025-08-22,T,X,1,2,2
2025-08-22,M,Y,1,2,2
2025-08-22,T,Y,1,2,2
2025-08-22,M,Z,1,2,2
2025-08-22,T,Z,1,2,2
2025-08-23,M,A,1,2,2
2025-08-23,T,A,1,2,2
2025-08-23,M,AA,1,2,2
2025-08-23,T,AA,1,2,2
2025-08-23,M,AB,1,2,2
2025-08-23,T,AB,1,2,2
2025-08-23,M,AC,1,2,2
2025-08-23,T,AC,1,2,2
2025-08-23,M,AD,1,2,2
2025-08-23,T,AD,1,2,2
2025-08-23,M,AE,1,2,2
2025-08-23,T,AE,1,2,2
2025-08-23,M,AF,1,2,2
2025-08-23,T,AF,1,2,2
2025-08-23,M,B,1,2,2
2025-08-23,T,B,1,2,2
2025-08-23,M,C,1,2,2
2025-08-23,T,C,2,3,3
2025-08-23,M,D,1,2,2
2025-08-23,T,D,1,2,2
2025-08-23,M,E,1,2,2
2025-08-23,T,E,1,2,2
2025-08-23,M,F,1,2,2
2025-08-23,T,F,1,2,2
2025-08-23,M,G,1,2,2
2025-08-23,T,G,1,2,2
2025-08-23,M,H,1,2,2
2025-08-23,T,H,1,2,2
2025-08-23,M,I,2,3,3
2025-08-23,T,I,1,2,2
2025-08-23,M,J,1,2,2
2025-08-23,T,J,1,2,2
2025-08-23,M,K,1,2,2
2025-08-23,T,K,1,2,2
2025-08-23,M,L,1,2,2
2025-08-23,T,L,1,2,2
2025-08-23,M,M,1,2,2
2025-08-23,T,M,0,1,1
2025-08-23,M,N,1,2,2
2025-08-23,T,N,1,2,2
2025-08-23,M,O,1,2,2
2025-08-23,T,O,1,2,2
2025-08-23,M,P,1,2,2
2025-08-23,T,P,1,2,2
2025-08-23,M,Q,1,2,2
2025-08-23,T,Q,1,2,2
2025-08-23,M,R,1,2,2
2025-08-23,T,R,1,2,2
2025-08-23,M,S,1,2,2
2025-08-23,T,S,1,2,2
2025-08-23,M,T,1,2,2
2025-08-23,T,T,1,2,2
2025-08-23,M,U,1,2,2
2025-08-23,T,U,1,2,2
2025-08-23,M,V,1,2,2
2025-08-23,T,V,1,2,2
2025-08-23,M,W,1,2,2
2025-08-23,T,W,1,2,2
2025-08-23,M,X,1,2,2
2025-08-23,T,X,1,2,2
2025-08-23,M,Y,1,2,2
2025-08-23,T,Y,1,2,2
2025-08-23,M,Z,1,2,2
2025-08-23,T,Z,1,2,2
2025-08-24,M,A,1,2,2
2025-08-24,T,A,1,2,2
2025-08-24,M,AA,1,2,2
2025-08-24,T,AA,1,2,2
2025-08-24,M,AB,1,2,2
2025-08-24,T,AB,1,2,2
2025-08-24,M,AC,1,2,2
2025-08-24,T,AC,1,2,2
2025-08-24,M,AD,1,2,2
2025-08-24,T,AD,1,2,2
2025-08-24,M,AE,1,2,2
2025-08-24,T,AE,1,2,2
2025-08-24,M,AF,1,2,2
2025-08-24,T,AF,1,2,2
2025-08-24,M,B,1,2,2
2025-08-24,T,B,1,2,2
2025-08-24,M,C,1,2,2
2025-08-24,T,C,1,2,2
2025-08-24,M,D,1,2,2
2025-08-24,T,D,1,2,2
2025-08-24,M,E,1,2,2
2025-08-24,T,E,1,2,2
2025-08-24,M,F,1,2,2
2025-08-24,T,F,2,3,3
2025-08-24,M,G,1,2,2
2025-08-24,T,G,1,2,2
2025-08-24,M,H,1,2,2
2025-08-24,T,H,1,2,2
2025-08-24,M,I,0,1,1
2025-08-24,T,I,2,3,3
2025-08-24,M,J,1,2,2
2025-08-24,T,J,1,2,2
2025-08-24,M,K,1,2,2
2025-08-24,T,K,1,2,2
2025-08-24,M,L,1,2,2
2025-08-24,T,L,1,2,2
2025-08-24,M,M,1,2,2
2025-08-24,T,M,1,2,2
2025-08-24,M,N,1,2,2
2025-08-24,T,N,1,2,2
2025-08-24,M,O,1,2,2
2025-08-24,T,O,1,2,2
2025-08-24,M,P,1,2,2
2025-08-24,T,P,1,2,2
2025-08-24,M,Q,2,3,3
2025-08-24,T,Q,1,2,2
2025-08-24,M,R,1,2,2
2025-08-24,T,R,1,2,2
2025-08-24,M,S,1,2,2
2025-08-24,T,S,1,2,2
2025-08-24,M,T,1,2,2
2025-08-24,T,T,1,2,2
2025-08-24,M,U,1,2,2
2025-08-24,T,U,1,2,2
2025-08-24,M,V,1,2,2
2025-08-24,T,V,1,2,2
2025-08-24,M,W,1,2,2
2025-08-24,T,W,1,2,2
2025-08-24,M,X,1,2,2
2025-08-24,T,X,1,2,2
2025-08-24,M,Y,1,2,2
2025-08-24,T,Y,1,2,2
2025-08-24,M,Z,1,2,2
2025-08-24,T,Z,1,2,2
2025-08-25,M,A,1,2,2
2025-08-25,T,A,1,2,2
2025-08-25,M,AA,1,2,2
2025-08-25,T,AA,1,2,2
2025-08-25,M,AB,1,2,2
2025-08-25,T,AB,1,2,2
2025-08-25,M,AC,1,2,2
2025-08-25,T,AC,1,2,2
2025-08-25,M,AD,1,2,2
2025-08-25,T,AD,0,1,1
2025-08-25,M,AE,1,2,2
2025-08-25,T,AE,1,2,2
2025-08-25,M,AF,1,2,2
2025-08-25,T,AF,1,2,2
2025-08-25,M,B,1,2,2
2025-08-25,T,B,1,2,2
2025-08-25,M,C,1,2,2
2025-08-25,T,C,1,2,2
2025-08-25,M,D,1,2,2
2025-08-25,T,D,1,2,2
2025-08-25,M,E,2,3,3
2025-08-25,T,E,1,2,2
2025-08-25,M,F,1,2,2
2025-08-25,T,F,1,2,2
2025-08-25,M,G,1,2,2
2025-08-25,T,G,1,2,2
2025-08-25,M,H,1,2,2
2025-08-25,T,H,1,2,2
2025-08-25,M,I,1,2,2
2025-08-25,T,I,1,2,2
2025-08-25,M,J,1,2,2
2025-08-25,T,J,2,3,3
2025-08-25,M,K,1,2,2
2025-08-25,T,K,1,2,2
2025-08-25,M,L,1,2,2
2025-08-25,T,L,1,2,2
2025-08-25,M,M,1,2,2
2025-08-25,T,M,1,2,2
2025-08-25,M,N,1,2,2
2025-08-25,T,N,1,2,2
2025-08-25,M,O,1,2,2
2025-08-25,T,O,1,2,2
2025-08-25,M,P,1,2,2
2025-08-25,T,P,1,2,2
2025-08-25,M,Q,1,2,2
2025-08-25,T,Q,1,2,2
2025-08-25,M,R,1,2,2
2025-08-25,T,R,1,2,2
2025-08-25,M,S,1,2,2
2025-08-25,T,S,1,2,2
2025-08-25,M,T,1,2,2
2025-08-25,T,T,1,2,2
2025-08-25,M,U,2,3,3
2025-08-25,T,U,2,3,3
2025-08-25,M,V,1,2,2
2025-08-25,T,V,2,3,3
2025-08-25,M,W,1,2,2
2025-08-25,T,W,1,2,2
2025-08-25,M,X,1,2,2
2025-08-25,T,X,1,2,2
2025-08-25,M,Y,1,2,2
2025-08-25,T,Y,1,2,2
2025-08-25,M,Z,1,2,2
2025-08-25,T,Z,1,2,2
2025-08-26,M,A,1,2,2
2025-08-26,T,A,1,2,2
2025-08-26,M,AA,1,2,2
2025-08-26,T,AA,1,2,2
2025-08-26,M,AB,0,1,1
2025-08-26,T,AB,1,2,2
2025-08-26,M,AC,1,2,2
2025-08-26,T,AC,1,2,2
2025-08-26,M,AD,1,2,2
2025-08-26,T,AD,1,2,2
2025-08-26,M,AE,2,3,3
2025-08-26,T,AE,1,2,2
2025-08-26,M,AF,1,2,2
2025-08-26,T,AF,1,2,2
2025-08-26,M,B,1,2,2
2025-08-26,T,B,1,2,2
2025-08-26,M,C,1,2,2
2025-08-26,T,C,1,2,2
2025-08-26,M,D,1,2,2
2025-08-26,T,D,2,3,3
2025-08-26,M,E,1,2,2
2025-08-26,T,E,0,1,1
2025-08-26,M,F,1,2,2
2025-08-26,T,F,1,2,2
2025-08-26,M,G,1,2,2
2025-08-26,T,G,1,2,2
2025-08-26,M,H,1,2,2
2025-08-26,T,H,1,2,2
2025-08-26,M,I,1,2,2
2025-08-26,T,I,1,2,2
2025-08-26,M,J,1,2,2
2025-08-26,T,J,1,2,2
2025-08-26,M,K,1,2,2
2025-08-26,T,K,1,2,2
2025-08-26,M,L,1,2,2
2025-08-26,T,L,1,2,2
2025-08-26,M,M,1,2,2
2025-08-26,T,M,1,2,2
2025-08-26,M,N,1,2,2
2025-08-26,T,N,0,1,1
2025-08-26,M,O,1,2,2
2025-08-26,T,O,1,2,2
2025-08-26,M,P,1,2,2
2025-08-26,T,P,1,2,2
2025-08-26,M,Q,1,2,2
2025-08-26,T,Q,1,2,2
2025-08-26,M,R,1,2,2
2025-08-26,T,R,1,2,2
2025-08-26,M,S,1,2,2
2025-08-26,T,S,1,2,2
2025-08-26,M,T,1,2,2
2025-08-26,T,T,1,2,2
2025-08-26,M,U,1,2,2
2025-08-26,T,U,1,2,2
2025-08-26,M,V,1,2,2
2025-08-26,T,V,2,3,3
2025-08-26,M,W,1,2,2
2025-08-26,T,W,1,2,2
2025-08-26,M,X,1,2,2
2025-08-26,T,X,2,3,3
2025-08-26,M,Y,1,2,2
2025-08-26,T,Y,1,2,2
2025-08-26,M,Z,2,3,3
2025-08-26,T,Z,0,1,1
2025-08-27,M,A,1,2,2
2025-08-27,T,A,1,2,2
2025-08-27,M,AA,1,2,2
2025-08-27,T,AA,1,2,2
2025-08-27,M,AB,1,2,2
2025-08-27,T,AB,1,2,2
2025-08-27,M,AC,1,2,2
2025-08-27,T,AC,1,2,2
2025-08-27,M,AD,1,2,2
2025-08-27,T,AD,1,2,2
2025-08-27,M,AE,1,2,2
2025-08-27,T,AE,1,2,2
2025-08-27,M,AF,1,2,2
2025-08-27,T,AF,1,2,2
2025-08-27,M,B,1,2,2
2025-08-27,T,B,1,2,2
2025-08-27,M,C,1,2,2
2025-08-27,T,C,1,2,2
2025-08-27,M,D,1,2,2
2025-08-27,T,D,1,2,2
2025-08-27,M,E,1,2,2
2025-08-27,T,E,1,2,2
2025-08-27,M,F,1,2,2
2025-08-27,T,F,1,2,2
2025-08-27,M,G,1,2,2
2025-08-27,T,G,1,2,2
2025-08-27,M,H,1,2,2
2025-08-27,T,H,1,2,2
2025-08-27,M,I,1,2,2
2025-08-27,T,I,1,2,2
2025-08-27,M,J,1,2,2
2025-08-27,T,J,1,2,2
2025-08-27,M,K,1,2,2
2025-08-27,T,K,2,3,3
2025-08-27,M,L,1,2,2
2025-08-27,T,L,1,2,2
2025-08-27,M,M,1,2,2
2025-08-27,T,M,1,2,2
2025-08-27,M,N,1,2,2
2025-08-27,T,N,1,2,2
2025-08-27,M,O,1,2,2
2025-08-27,T,O,1,2,2
2025-08-27,M,P,1,2,2
2025-08-27,T,P,1,2,2
2025-08-27,M,Q,1,2,2
2025-08-27,T,Q,1,2,2
2025-08-27,M,R,1,2,2
2025-08-27,T,R,1,2,2
2025-08-27,M,S,1,2,2
2025-08-27,T,S,1,2,2
2025-08-27,M,T,1,2,2
2025-08-27,T,T,1,2,2
2025-08-27,M,U,1,2,2
2025-08-27,T,U,1,2,2
2025-08-27,M,V,1,2,2
2025-08-27,T,V,1,2,2
2025-08-27,M,W,1,2,2
2025-08-27,T,W,1,2,2
2025-08-27,M,X,1,2,2
2025-08-27,T,X,1,2,2
2025-08-27,M,Y,1,2,2
2025-08-27,T,Y,1,2,2
2025-08-27,M,Z,1,2,2
2025-08-27,T,Z,1,2,2
2025-08-28,M,A,1,2,2
2025-08-28,T,A,1,2,2
2025-08-28,M,AA,1,2,2
2025-08-28,T,AA,1,2,2
2025-08-28,M,AB,1,2,2
2025-08-28,T,AB,1,2,2
2025-08-28,M,AC,1,2,2
2025-08-28,T,AC,1,2,2
2025-08-28,M,AD,2,3,3
2025-08-28,T,AD,1,2,2
2025-08-28,M,AE,0,1,1
2025-08-28,T,AE,1,2,2
2025-08-28,M,AF,1,2,2
2025-08-28,T,AF,1,2,2
2025-08-28,M,B,1,2,2
2025-08-28,T,B,1,2,2
2025-08-28,M,C,1,2,2
2025-08-28,T,C,1,2,2
2025-08-28,M,D,1,2,2
2025-08-28,T,D,1,2,2
2025-08-28,M,E,1,2,2
2025-08-28,T,E,1,2,2
2025-08-28,M,F,1,2,2
2025-08-28,T,F,2,3,3
2025-08-28,M,G,1,2,2
2025-08-28,T,G,1,2,2
2025-08-28,M,H,1,2,2
2025-08-28,T,H,1,2,2
2025-08-28,M,I,1,2,2
2025-08-28,T,I,2,3,3
2025-08-28,M,J,1,2,2
2025-08-28,T,J,1,2,2
2025-08-28,M,K,1,2,2
2025-08-28,T,K,1,2,2
2025-08-28,M,L,1,2,2
2025-08-28,T,L,1,2,2
2025-08-28,M,M,1,2,2
2025-08-28,T,M,1,2,2
2025-08-28,M,N,1,2,2
2025-08-28,T,N,1,2,2
2025-08-28,M,O,1,2,2
2025-08-28,T,O,1,2,2
2025-08-28,M,P,1,2,2
2025-08-28,T,P,1,2,2
2025-08-28,M,Q,0,1,1
2025-08-28,T,Q,1,2,2
2025-08-28,M,R,1,2,2
2025-08-28,T,R,1,2,2
2025-08-28,M,S,1,2,2
2025-08-28,T,S,1,2,2
2025-08-28,M,T,1,2,2
2025-08-28,T,T,1,2,2
2025-08-28,M,U,1,2,2
2025-08-28,T,U,1,2,2
2025-08-28,M,V,1,2,2
2025-08-28,T,V,1,2,2
2025-08-28,M,W,1,2,2
2025-08-28,T,W,1,2,2
2025-08-28,M,X,1,2,2
2025-08-28,T,X,1,2,2
2025-08-28,M,Y,1,2,2
2025-08-28,T,Y,1,2,2
2025-08-28,M,Z,1,2,2
2025-08-28,T,Z,1,2,2
2025-08-29,M,A,1,2,2
2025-08-29,T,A,1,2,2
2025-08-29,M,AA,1,2,2
2025-08-29,T,AA,2,3,3
2025-08-29,M,AB,1,2,2
2025-08-29,T,AB,1,2,2
2025-08-29,M,AC,1,2,2
2025-08-29,T,AC,1,2,2
2025-08-29,M,AD,1,2,2
2025-08-29,T,AD,1,2,2
2025-08-29,M,AE,1,2,2
2025-08-29,T,AE,1,2,2
2025-08-29,M,AF,1,2,2
2025-08-29,T,AF,1,2,2
2025-08-29,M,B,1,2,2
2025-08-29,T,B,1,2,2
2025-08-29,M,C,0,1,1
2025-08-29,T,C,1,2,2
2025-08-29,M,D,1,2,2
2025-08-29,T,D,0,1,1
2025-08-29,M,E,1,2,2
2025-08-29,T,E,1,2,2
2025-08-29,M,F,1,2,2
2025-08-29,T,F,1,2,2
2025-08-29,M,G,1,2,2
2025-08-29,T,G,1,2,2
2025-08-29,M,H,1,2,2
2025-08-29,T,H,1,2,2
2025-08-29,M,I,1,2,2
2025-08-29,T,I,2,3,3
2025-08-29,M,J,1,2,2
2025-08-29,T,J,1,2,2
2025-08-29,M,K,1,2,2
2025-08-29,T,K,1,2,2
2025-08-29,M,L,1,2,2
2025-08-29,T,L,1,2,2
2025-08-29,M,M,1,2,2
2025-08-29,T,M,1,2,2
2025-08-29,M,N,1,2,2
2025-08-29,T,N,1,2,2
2025-08-29,M,O,1,2,2
2025-08-29,T,O,1,2,2
2025-08-29,M,P,1,2,2
2025-08-29,T,P,1,2,2
2025-08-29,M,Q,1,2,2
2025-08-29,T,Q,1,2,2
2025-08-29,M,R,1,2,2
2025-08-29,T,R,1,2,2
2025-08-29,M,S,1,2,2
2025-08-29,T,S,0,1,1
2025-08-29,M,T,1,2,2
2025-08-29,T,T,1,2,2
2025-08-29,M,U,1,2,2
2025-08-29,T,U,1,2,2
2025-08-29,M,V,1,2,2
2025-08-29,T,V,1,2,2
2025-08-29,M,W,1,2,2
2025-08-29,T,W,1,2,2
2025-08-29,M,X,1,2,2
2025-08-29,T,X,1,2,2
2025-08-29,M,Y,1,2,2
2025-08-29,T,Y,1,2,2
2025-08-29,M,Z,1,2,2
2025-08-29,T,Z,1,2,2
2025-08-30,M,A,1,2,2
2025-08-30,T,A,2,3,3
2025-08-30,M,AA,1,2,2
2025-08-30,T,AA,1,2,2
2025-08-30,M,AB,1,2,2
2025-08-30,T,AB,1,2,2
2025-08-30,M,AC,1,2,2
2025-08-30,T,AC,1,2,2
2025-08-30,M,AD,1,2,2
2025-08-30,T,AD,1,2,2
2025-08-30,M,AE,1,2,2
2025-08-30,T,AE,1,2,2
2025-08-30,M,AF,1,2,2
2025-08-30,T,AF,1,2,2
2025-08-30,M,B,1,2,2
2025-08-30,T,B,1,2,2
2025-08-30,M,C,1,2,2
2025-08-30,T,C,1,2,2
2025-08-30,M,D,1,2,2
2025-08-30,T,D,1,2,2
2025-08-30,M,E,1,2,2
2025-08-30,T,E,1,2,2
2025-08-30,M,F,1,2,2
2025-08-30,T,F,1,2,2
2025-08-30,M,G,1,2,2
2025-08-30,T,G,1,2,2
2025-08-30,M,H,1,2,2
2025-08-30,T,H,1,2,2
2025-08-30,M,I,1,2,2
2025-08-30,T,I,1,2,2
2025-08-30,M,J,1,2,2
2025-08-30,T,J,1,2,2
2025-08-30,M,K,1,2,2
2025-08-30,T,K,1,2,2
2025-08-30,M,L,1,2,2
2025-08-30,T,L,1,2,2
2025-08-30,M,M,1,2,2
2025-08-30,T,M,1,2,2
2025-08-30,M,N,1,2,2
2025-08-30,T,N,1,2,2
2025-08-30,M,O,1,2,2
2025-08-30,T,O,1,2,2
2025-08-30,M,P,1,2,2
2025-08-30,T,P,2,3,3
2025-08-30,M,Q,1,2,2
2025-08-30,T,Q,1,2,2
2025-08-30,M,R,1,2,2
2025-08-30,T,R,1,2,2
2025-08-30,M,S,1,2,2
2025-08-30,T,S,1,2,2
2025-08-30,M,T,1,2,2
2025-08-30,T,T,1,2,2
2025-08-30,M,U,1,2,2
2025-08-30,T,U,1,2,2
2025-08-30,M,V,1,2,2
2025-08-30,T,V,1,2,2
2025-08-30,M,W,1,2,2
2025-08-30,T,W,1,2,2
2025-08-30,M,X,1,2,2
2025-08-30,T,X,1,2,2
2025-08-30,M,Y,1,2,2
2025-08-30,T,Y,1,2,2
2025-08-30,M,Z,1,2,2
2025-08-30,T,Z,1,2,2
2025-08-31,M,A,1,2,2
2025-08-31,T,A,1,2,2
2025-08-31,M,AA,1,2,2
2025-08-31,T,AA,1,2,2
2025-08-31,M,AB,1,2,2
2025-08-31,T,AB,1,2,2
2025-08-31,M,AC,1,2,2
2025-08-31,T,AC,1,2,2
2025-08-31,M,AD,1,2,2
2025-08-31,T,AD,1,2,2
2025-08-31,M,AE,1,2,2
2025-08-31,T,AE,1,2,2
2025-08-31,M,AF,1,2,2
2025-08-31,T,AF,1,2,2
2025-08-31,M,B,0,1,1
2025-08-31,T,B,1,2,2
2025-08-31,M,C,1,2,2
2025-08-31,T,C,1,2,2
2025-08-31,M,D,0,1,1
2025-08-31,T,D,1,2,2
2025-08-31,M,E,1,2,2
2025-08-31,T,E,2,3,3
2025-08-31,M,F,1,2,2
2025-08-31,T,F,1,2,2
2025-08-31,M,G,1,2,2
2025-08-31,T,G,1,2,2
2025-08-31,M,H,1,2,2
2025-08-31,T,H,1,2,2
2025-08-31,M,I,1,2,2
2025-08-31,T,I,1,2,2
2025-08-31,M,J,1,2,2
2025-08-31,T,J,1,2,2
2025-08-31,M,K,0,1,1
2025-08-31,T,K,1,2,2
2025-08-31,M,L,1,2,2
2025-08-31,T,L,1,2,2
2025-08-31,M,M,1,2,2
2025-08-31,T,M,1,2,2
2025-08-31,M,N,1,2,2
2025-08-31,T,N,1,2,2
2025-08-31,M,O,1,2,2
2025-08-31,T,O,1,2,2
2025-08-31,M,P,1,2,2
2025-08-31,T,P,1,2,2
2025-08-31,M,Q,1,2,2
2025-08-31,T,Q,1,2,2
2025-08-31,M,R,1,2,2
2025-08-31,T,R,1,2,2
2025-08-31,M,S,1,2,2
2025-08-31,T,S,1,2,2
2025-08-31,M,T,1,2,2
2025-08-31,T,T,1,2,2
2025-08-31,M,U,1,2,2
2025-08-31,T,U,1,2,2
2025-08-31,M,V,1,2,2
2025-08-31,T,V,1,2,2
2025-08-31,M,W,1,2,2
2025-08-31,T,W,1,2,2
2025-08-31,M,X,1,2,2
2025-08-31,T,X,1,2,2
2025-08-31,M,Y,1,2,2
2025-08-31,T,Y,1,2,2
2025-08-31,M,Z,1,2,2
2025-08-31,T,Z,1,2,2
2025-09-01,M,A,1,2,2
2025-09-01,T,A,1,2,2
2025-09-01,M,AA,1,2,2
2025-09-01,T,AA,1,2,2
2025-09-01,M,AB,1,2,2
2025-09-01,T,AB,1,2,2
2025-09-01,M,AC,1,2,2
2025-09-01,T,AC,1,2,2
2025-09-01,M,AD,1,2,2
2025-09-01,T,AD,1,2,2
2025-09-01,M,AE,1,2,2
2025-09-01,T,AE,1,2,2
2025-09-01,M,AF,1,2,2
2025-09-01,T,AF,1,2,2
2025-09-01,M,B,1,2,2
2025-09-01,T,B,1,2,2
2025-09-01,M,C,1,2,2
2025-09-01,T,C,1,2,2
2025-09-01,M,D,1,2,2
2025-09-01,T,D,2,3,3
2025-09-01,M,E,1,2,2
2025-09-01,T,E,1,2,2
2025-09-01,M,F,1,2,2
2025-09-01,T,F,0,1,1
2025-09-01,M,G,1,2,2
2025-09-01,T,G,1,2,2
2025-09-01,M,H,1,2,2
2025-09-01,T,H,2,3,3
2025-09-01,M,I,1,2,2
2025-09-01,T,I,1,2,2
2025-09-01,M,J,1,2,2
2025-09-01,T,J,1,2,2
2025-09-01,M,K,0,1,1
2025-09-01,T,K,1,2,2
2025-09-01,M,L,1,2,2
2025-09-01,T,L,1,2,2
2025-09-01,M,M,1,2,2
2025-09-01,T,M,1,2,2
2025-09-01,M,N,1,2,2
2025-09-01,T,N,1,2,2
2025-09-01,M,O,1,2,2
2025-09-01,T,O,1,2,2
2025-09-01,M,P,1,2,2
2025-09-01,T,P,1,2,2
2025-09-01,M,Q,1,2,2
2025-09-01,T,Q,1,2,2
2025-09-01,M,R,1,2,2
2025-09-01,T,R,1,2,2
2025-09-01,M,S,2,3,3
2025-09-01,T,S,1,2,2
2025-09-01,M,T,1,2,2
2025-09-01,T,T,1,2,2
2025-09-01,M,U,1,2,2
2025-09-01,T,U,1,2,2
2025-09-01,M,V,1,2,2
2025-09-01,T,V,1,2,2
2025-09-01,M,W,1,2,2
2025-09-01,T,W,1,2,2
2025-09-01,M,X,1,2,2
2025-09-01,T,X,1,2,2
2025-09-01,M,Y,1,2,2
2025-09-01,T,Y,1,2,2
2025-09-01,M,Z,1,2,2
2025-09-01,T,Z,1,2,2
2025-09-02,M,A,1,2,2
2025-09-02,T,A,1,2,2
2025-09-02,M,AA,1,2,2
2025-09-02,T,AA,1,2,2
2025-09-02,M,AB,1,2,2
2025-09-02,T,AB,1,2,2
2025-09-02,M,AC,1,2,2
2025-09-02,T,AC,1,2,2
2025-09-02,M,AD,1,2,2
2025-09-02,T,AD,1,2,2
2025-09-02,M,AE,1,2,2
2025-09-02,T,AE,1,2,2
2025-09-02,M,AF,1,2,2
2025-09-02,T,AF,1,2,2
2025-09-02,M,B,1,2,2
2025-09-02,T,B,1,2,2
2025-09-02,M,C,1,2,2
2025-09-02,T,C,1,2,2
2025-09-02,M,D,0,1,1
2025-09-02,T,D,1,2,2
2025-09-02,M,E,1,2,2
2025-09-02,T,E,1,2,2
2025-09-02,M,F,1,2,2
2025-09-02,T,F,1,2,2
2025-09-02,M,G,1,2,2
2025-09-02,T,G,1,2,2
2025-09-02,M,H,1,2,2
2025-09-02,T,H,1,2,2
2025-09-02,M,I,1,2,2
2025-09-02,T,I,1,2,2
2025-09-02,M,J,1,2,2
2025-09-02,T,J,1,2,2
2025-09-02,M,K,1,2,2
2025-09-02,T,K,1,2,2
2025-09-02,M,L,1,2,2
2025-09-02,T,L,1,2,2
2025-09-02,M,M,1,2,2
2025-09-02,T,M,1,2,2
2025-09-02,M,N,1,2,2
2025-09-02,T,N,2,3,3
2025-09-02,M,O,1,2,2
2025-09-02,T,O,1,2,2
2025-09-02,M,P,0,1,1
2025-09-02,T,P,1,2,2
2025-09-02,M,Q,1,2,2
2025-09-02,T,Q,1,2,2
2025-09-02,M,R,0,1,1
2025-09-02,T,R,1,2,2
2025-09-02,M,S,1,2,2
2025-09-02,T,S,2,3,3
2025-09-02,M,T,1,2,2
2025-09-02,T,T,1,2,2
2025-09-02,M,U,1,2,2
2025-09-02,T,U,1,2,2
2025-09-02,M,V,1,2,2
2025-09-02,T,V,1,2,2
2025-09-02,M,W,1,2,2
2025-09-02,T,W,1,2,2
2025-09-02,M,X,1,2,2
2025-09-02,T,X,1,2,2
2025-09-02,M,Y,1,2,2
2025-09-02,T,Y,1,2,2
2025-09-02,M,Z,1,2,2
2025-09-02,T,Z,1,2,2
2025-09-03,M,A,1,2,2
2025-09-03,T,A,1,2,2
2025-09-03,M,AA,1,2,2
2025-09-03,T,AA,1,2,2
2025-09-03,M,AB,1,2,2
2025-09-03,T,AB,1,2,2
2025-09-03,M,AC,1,2,2
2025-09-03,T,AC,1,2,2
2025-09-03,M,AD,1,2,2
2025-09-03,T,AD,1,2,2
2025-09-03,M,AE,1,2,2
2025-09-03,T,AE,1,2,2
2025-09-03,M,AF,1,2,2
2025-09-03,T,AF,1,2,2
2025-09-03,M,B,1,2,2
2025-09-03,T,B,1,2,2
2025-09-03,M,C,1,2,2
2025-09-03,T,C,1,2,2
2025-09-03,M,D,1,2,2
2025-09-03,T,D,1,2,2
2025-09-03,M,E,1,2,2
2025-09-03,T,E,1,2,2
2025-09-03,M,F,1,2,2
2025-09-03,T,F,1,2,2
2025-09-03,M,G,1,2,2
2025-09-03,T,G,1,2,2
2025-09-03,M,H,1,2,2
2025-09-03,T,H,1,2,2
2025-09-03,M,I,1,2,2
2025-09-03,T,I,1,2,2
2025-09-03,M,J,1,2,2
2025-09-03,T,J,1,2,2
2025-09-03,M,K,0,1,1
2025-09-03,T,K,1,2,2
2025-09-03,M,L,1,2,2
2025-09-03,T,L,1,2,2
2025-09-03,M,M,1,2,2
2025-09-03,T,M,1,2,2
2025-09-03,M,N,0,1,1
2025-09-03,T,N,1,2,2
2025-09-03,M,O,1,2,2
2025-09-03,T,O,1,2,2
2025-09-03,M,P,1,2,2
2025-09-03,T,P,1,2,2
2025-09-03,M,Q,1,2,2
2025-09-03,T,Q,1,2,2
2025-09-03,M,R,1,2,2
2025-09-03,T,R,2,3,3
2025-09-03,M,S,1,2,2
2025-09-03,T,S,1,2,2
2025-09-03,M,T,1,2,2
2025-09-03,T,T,2,3,3
2025-09-03,M,U,1,2,2
2025-09-03,T,U,1,2,2
2025-09-03,M,V,1,2,2
2025-09-03,T,V,1,2,2
2025-09-03,M,W,1,2,2
2025-09-03,T,W,1,2,2
2025-09-03,M,X,1,2,2
2025-09-03,T,X,1,2,2
2025-09-03,M,Y,1,2,2
2025-09-03,T,Y,1,2,2
2025-09-03,M,Z,1,2,2
2025-09-03,T,Z,1,2,2
2025-09-04,M,A,1,2,2
2025-09-04,T,A,1,2,2
2025-09-04,M,AA,1,2,2
2025-09-04,T,AA,1,2,2
2025-09-04,M,AB,1,2,2
2025-09-04,T,AB,1,2,2
2025-09-04,M,AC,1,2,2
2025-09-04,T,AC,0,1,1
2025-09-04,M,AD,1,2,2
2025-09-04,T,AD,1,2,2
2025-09-04,M,AE,1,2,2
2025-09-04,T,AE,1,2,2
2025-09-04,M,AF,1,2,2
2025-09-04,T,AF,1,2,2
2025-09-04,M,B,1,2,2
2025-09-04,T,B,1,2,2
2025-09-04,M,C,1,2,2
2025-09-04,T,C,1,2,2
2025-09-04,M,D,1,2,2
2025-09-04,T,D,1,2,2
2025-09-04,M,E,1,2,2
2025-09-04,T,E,1,2,2
2025-09-04,M,F,1,2,2
2025-09-04,T,F,1,2,2
2025-09-04,M,G,1,2,2
2025-09-04,T,G,1,2,2
2025-09-04,M,H,0,1,1
2025-09-04,T,H,1,2,2
2025-09-04,M,I,1,2,2
2025-09-04,T,I,1,2,2
2025-09-04,M,J,0,1,1
2025-09-04,T,J,1,2,2
2025-09-04,M,K,1,2,2
2025-09-04,T,K,1,2,2
2025-09-04,M,L,1,2,2
2025-09-04,T,L,1,2,2
2025-09-04,M,M,1,2,2
2025-09-04,T,M,1,2,2
2025-09-04,M,N,0,1,1
2025-09-04,T,N,1,2,2
2025-09-04,M,O,1,2,2
2025-09-04,T,O,0,1,1
2025-09-04,M,P,1,2,2
2025-09-04,T,P,0,1,1
2025-09-04,M,Q,1,2,2
2025-09-04,T,Q,1,2,2
2025-09-04,M,R,1,2,2
2025-09-04,T,R,1,2,2
2025-09-04,M,S,1,2,2
2025-09-04,T,S,1,2,2
2025-09-04,M,T,1,2,2
2025-09-04,T,T,1,2,2
2025-09-04,M,U,1,2,2
2025-09-04,T,U,1,2,2
2025-09-04,M,V,1,2,2
2025-09-04,T,V,1,2,2
2025-09-04,M,W,1,2,2
2025-09-04,T,W,1,2,2
2025-09-04,M,X,1,2,2
2025-09-04,T,X,1,2,2
2025-09-04,M,Y,1,2,2
2025-09-04,T,Y,1,2,2
2025-09-04,M,Z,1,2,2
2025-09-04,T,Z,1,2,2
2025-09-05,M,A,1,2,2
2025-09-05,T,A,1,2,2
2025-09-05,M,AA,1,2,2
2025-09-05,T,AA,1,2,2
2025-09-05,M,AB,1,2,2
2025-09-05,T,AB,1,2,2
2025-09-05,M,AC,1,2,2
2025-09-05,T,AC,1,2,2
2025-09-05,M,AD,1,2,2
2025-09-05,T,AD,1,2,2
2025-09-05,M,AE,1,2,2
2025-09-05,T,AE,1,2,2
2025-09-05,M,AF,1,2,2
2025-09-05,T,AF,1,2,2
2025-09-05,M,B,1,2,2
2025-09-05,T,B,1,2,2
2025-09-05,M,C,1,2,2
2025-09-05,T,C,1,2,2
2025-09-05,M,D,0,1,1
2025-09-05,T,D,1,2,2
2025-09-05,M,E,1,2,2
2025-09-05,T,E,1,2,2
2025-09-05,M,F,1,2,2
2025-09-05,T,F,1,2,2
2025-09-05,M,G,1,2,2
2025-09-05,T,G,1,2,2
2025-09-05,M,H,1,2,2
2025-09-05,T,H,2,3,3
2025-09-05,M,I,1,2,2
2025-09-05,T,I,1,2,2
2025-09-05,M,J,0,1,1
2025-09-05,T,J,1,2,2
2025-09-05,M,K,1,2,2
2025-09-05,T,K,1,2,2
2025-09-05,M,L,1,2,2
2025-09-05,T,L,1,2,2
2025-09-05,M,M,1,2,2
2025-09-05,T,M,1,2,2
2025-09-05,M,N,1,2,2
2025-09-05,T,N,1,2,2
2025-09-05,M,O,1,2,2
2025-09-05,T,O,1,2,2
2025-09-05,M,P,1,2,2
2025-09-05,T,P,1,2,2
2025-09-05,M,Q,1,2,2
2025-09-05,T,Q,1,2,2
2025-09-05,M,R,1,2,2
2025-09-05,T,R,1,2,2
2025-09-05,M,S,1,2,2
2025-09-05,T,S,1,2,2
2025-09-05,M,T,1,2,2
2025-09-05,T,T,1,2,2
2025-09-05,M,U,1,2,2
2025-09-05,T,U,1,2,2
2025-09-05,M,V,1,2,2
2025-09-05,T,V,1,2,2
2025-09-05,M,W,1,2,2
2025-09-05,T,W,1,2,2
2025-09-05,M,X,1,2,2
2025-09-05,T,X,1,2,2
2025-09-05,M,Y,1,2,2
2025-09-05,T,Y,1,2,2
2025-09-05,M,Z,1,2,2
2025-09-05,T,Z,1,2,2
2025-09-06,M,A,2,3,3
2025-09-06,T,A,1,2,2
2025-09-06,M,AA,1,2,2
2025-09-06,T,AA,1,2,2
2025-09-06,M,AB,1,2,2
2025-09-06,T,AB,1,2,2
2025-09-06,M,AC,1,2,2
2025-09-06,T,AC,1,2,2
2025-09-06,M,AD,1,2,2
2025-09-06,T,AD,1,2,2
2025-09-06,M,AE,1,2,2
2025-09-06,T,AE,1,2,2
2025-09-06,M,AF,1,2,2
2025-09-06,T,AF,1,2,2
2025-09-06,M,B,1,2,2
2025-09-06,T,B,1,2,2
2025-09-06,M,C,1,2,2
2025-09-06,T,C,1,2,2
2025-09-06,M,D,2,3,3
2025-09-06,T,D,1,2,2
2025-09-06,M,E,1,2,2
2025-09-06,T,E,1,2,2
2025-09-06,M,F,1,2,2
2025-09-06,T,F,1,2,2
2025-09-06,M,G,1,2,2
2025-09-06,T,G,1,2,2
2025-09-06,M,H,1,2,2
2025-09-06,T,H,1,2,2
2025-09-06,M,I,1,2,2
2025-09-06,T,I,1,2,2
2025-09-06,M,J,1,2,2
2025-09-06,T,J,1,2,2
2025-09-06,M,K,1,2,2
2025-09-06,T,K,1,2,2
2025-09-06,M,L,0,1,1
2025-09-06,T,L,1,2,2
2025-09-06,M,M,1,2,2
2025-09-06,T,M,1,2,2
2025-09-06,M,N,1,2,2
2025-09-06,T,N,1,2,2
2025-09-06,M,O,1,2,2
2025-09-06,T,O,1,2,2
2025-09-06,M,P,1,2,2
2025-09-06,T,P,1,2,2
2025-09-06,M,Q,0,1,1
2025-09-06,T,Q,1,2,2
2025-09-06,M,R,1,2,2
2025-09-06,T,R,0,1,1
2025-09-06,M,S,1,2,2
2025-09-06,T,S,1,2,2
2025-09-06,M,T,1,2,2
2025-09-06,T,T,1,2,2
2025-09-06,M,U,1,2,2
2025-09-06,T,U,1,2,2
2025-09-06,M,V,1,2,2
2025-09-06,T,V,0,1,1
2025-09-06,M,W,1,2,2
2025-09-06,T,W,2,3,3
2025-09-06,M,X,0,1,1
2025-09-06,T,X,1,2,2
2025-09-06,M,Y,1,2,2
2025-09-06,T,Y,1,2,2
2025-09-06,M,Z,1,2,2
2025-09-06,T,Z,2,3,3
2025-09-07,M,A,1,2,2
2025-09-07,T,A,1,2,2
2025-09-07,M,AA,1,2,2
2025-09-07,T,AA,2,3,3
2025-09-07,M,AB,1,2,2
2025-09-07,T,AB,1,2,2
2025-09-07,M,AC,1,2,2
2025-09-07,T,AC,1,2,2
2025-09-07,M,AD,1,2,2
2025-09-07,T,AD,1,2,2
2025-09-07,M,AE,1,2,2
2025-09-07,T,AE,2,3,3
2025-09-07,M,AF,1,2,2
2025-09-07,T,AF,0,1,1
2025-09-07,M,B,1,2,2
2025-09-07,T,B,1,2,2
2025-09-07,M,C,1,2,2
2025-09-07,T,C,1,2,2
2025-09-07,M,D,1,2,2
2025-09-07,T,D,2,3,3
2025-09-07,M,E,1,2,2
2025-09-07,T,E,1,2,2
2025-09-07,M,F,1,2,2
2025-09-07,T,F,1,2,2
2025-09-07,M,G,1,2,2
2025-09-07,T,G,1,2,2
2025-09-07,M,H,1,2,2
2025-09-07,T,H,1,2,2
2025-09-07,M,I,1,2,2
2025-09-07,T,I,1,2,2
2025-09-07,M,J,1,2,2
2025-09-07,T,J,1,2,2
2025-09-07,M,K,0,1,1
2025-09-07,T,K,0,1,1
2025-09-07,M,L,1,2,2
2025-09-07,T,L,1,2,2
2025-09-07,M,M,1,2,2
2025-09-07,T,M,1,2,2
2025-09-07,M,N,1,2,2
2025-09-07,T,N,1,2,2
2025-09-07,M,O,1,2,2
2025-09-07,T,O,1,2,2
2025-09-07,M,P,1,2,2
2025-09-07,T,P,1,2,2
2025-09-07,M,Q,1,2,2
2025-09-07,T,Q,1,2,2
2025-09-07,M,R,1,2,2
2025-09-07,T,R,1,2,2
2025-09-07,M,S,1,2,2
2025-09-07,T,S,1,2,2
2025-09-07,M,T,1,2,2
2025-09-07,T,T,1,2,2
2025-09-07,M,U,1,2,2
2025-09-07,T,U,1,2,2
2025-09-07,M,V,1,2,2
2025-09-07,T,V,1,2,2
2025-09-07,M,W,1,2,2
2025-09-07,T,W,1,2,2
2025-09-07,M,X,1,2,2
2025-09-07,T,X,1,2,2
2025-09-07,M,Y,1,2,2
2025-09-07,T,Y,1,2,2
2025-09-07,M,Z,1,2,2
2025-09-07,T,Z,1,2,2
2025-09-08,M,A,1,2,2
2025-09-08,T,A,0,1,1
2025-09-08,M,AA,1,2,2
2025-09-08,T,AA,1,2,2
2025-09-08,M,AB,1,2,2
2025-09-08,T,AB,1,2,2
2025-09-08,M,AC,1,2,2
2025-09-08,T,AC,1,2,2
2025-09-08,M,AD,1,2,2
2025-09-08,T,AD,1,2,2
2025-09-08,M,AE,1,2,2
2025-09-08,T,AE,1,2,2
2025-09-08,M,AF,1,2,2
2025-09-08,T,AF,0,1,1
2025-09-08,M,B,1,2,2
2025-09-08,T,B,1,2,2
2025-09-08,M,C,1,2,2
2025-09-08,T,C,1,2,2
2025-09-08,M,D,1,2,2
2025-09-08,T,D,0,1,1
2025-09-08,M,E,1,2,2
2025-09-08,T,E,1,2,2
2025-09-08,M,F,1,2,2
2025-09-08,T,F,1,2,2
2025-09-08,M,G,1,2,2
2025-09-08,T,G,1,2,2
2025-09-08,M,H,1,2,2
2025-09-08,T,H,1,2,2
2025-09-08,M,I,1,2,2
2025-09-08,T,I,1,2,2
2025-09-08,M,J,1,2,2
2025-09-08,T,J,1,2,2
2025-09-08,M,K,1,2,2
2025-09-08,T,K,2,3,3
2025-09-08,M,L,0,1,1
2025-09-08,T,L,1,2,2
2025-09-08,M,M,1,2,2
2025-09-08,T,M,0,1,1
2025-09-08,M,N,1,2,2
2025-09-08,T,N,1,2,2
2025-09-08,M,O,2,3,3
2025-09-08,T,O,1,2,2
2025-09-08,M,P,1,2,2
2025-09-08,T,P,1,2,2
2025-09-08,M,Q,1,2,2
2025-09-08,T,Q,1,2,2
2025-09-08,M,R,1,2,2
2025-09-08,T,R,1,2,2
2025-09-08,M,S,0,1,1
2025-09-08,T,S,1,2,2
2025-09-08,M,T,1,2,2
2025-09-08,T,T,1,2,2
2025-09-08,M,U,1,2,2
2025-09-08,T,U,1,2,2
2025-09-08,M,V,1,2,2
2025-09-08,T,V,1,2,2
2025-09-08,M,W,1,2,2
2025-09-08,T,W,0,1,1
2025-09-08,M,X,1,2,2
2025-09-08,T,X,1,2,2
2025-09-08,M,Y,1,2,2
2025-09-08,T,Y,1,2,2
2025-09-08,M,Z,1,2,2
2025-09-08,T,Z,1,2,2
2025-09-09,M,A,0,1,1
2025-09-09,T,A,1,2,2
2025-09-09,M,AA,1,2,2
2025-09-09,T,AA,1,2,2
2025-09-09,M,AB,1,2,2
2025-09-09,T,AB,1,2,2
2025-09-09,M,AC,1,2,2
2025-09-09,T,AC,1,2,2
2025-09-09,M,AD,1,2,2
2025-09-09,T,AD,1,2,2
2025-09-09,M,AE,1,2,2
2025-09-09,T,AE,1,2,2
2025-09-09,M,AF,1,2,2
2025-09-09,T,AF,1,2,2
2025-09-09,M,B,1,2,2
2025-09-09,T,B,1,2,2
2025-09-09,M,C,1,2,2
2025-09-09,T,C,1,2,2
2025-09-09,M,D,1,2,2
2025-09-09,T,D,1,2,2
2025-09-09,M,E,1,2,2
2025-09-09,T,E,1,2,2
2025-09-09,M,F,1,2,2
2025-09-09,T,F,1,2,2
2025-09-09,M,G,1,2,2
2025-09-09,T,G,1,2,2
2025-09-09,M,H,1,2,2
2025-09-09,T,H,1,2,2
2025-09-09,M,I,1,2,2
2025-09-09,T,I,1,2,2
2025-09-09,M,J,1,2,2
2025-09-09,T,J,1,2,2
2025-09-09,M,K,1,2,2
2025-09-09,T,K,1,2,2
2025-09-09,M,L,1,2,2
2025-09-09,T,L,1,2,2
2025-09-09,M,M,1,2,2
2025-09-09,T,M,1,2,2
2025-09-09,M,N,1,2,2
2025-09-09,T,N,1,2,2
2025-09-09,M,O,1,2,2
2025-09-09,T,O,1,2,2
2025-09-09,M,P,1,2,2
2025-09-09,T,P,1,2,2
2025-09-09,M,Q,1,2,2
2025-09-09,T,Q,1,2,2
2025-09-09,M,R,1,2,2
2025-09-09,T,R,1,2,2
2025-09-09,M,S,1,2,2
2025-09-09,T,S,1,2,2
2025-09-09,M,T,1,2,2
2025-09-09,T,T,1,2,2
2025-09-09,M,U,1,2,2
2025-09-09,T,U,1,2,2
2025-09-09,M,V,1,2,2
2025-09-09,T,V,1,2,2
2025-09-09,M,W,2,3,3
2025-09-09,T,W,1,2,2
2025-09-09,M,X,2,3,3
2025-09-09,T,X,1,2,2
2025-09-09,M,Y,1,2,2
2025-09-09,T,Y,1,2,2
2025-09-09,M,Z,1,2,2
2025-09-09,T,Z,1,2,2
2025-09-10,M,A,1,2,2
2025-09-10,T,A,1,2,2
2025-09-10,M,AA,1,2,2
2025-09-10,T,AA,2,3,3
2025-09-10,M,AB,1,2,2
2025-09-10,T,AB,1,2,2
2025-09-10,M,AC,0,1,1
2025-09-10,T,AC,1,2,2
2025-09-10,M,AD,1,2,2
2025-09-10,T,AD,1,2,2
2025-09-10,M,AE,1,2,2
2025-09-10,T,AE,1,2,2
2025-09-10,M,AF,1,2,2
2025-09-10,T,AF,1,2,2
2025-09-10,M,B,1,2,2
2025-09-10,T,B,2,3,3
2025-09-10,M,C,1,2,2
2025-09-10,T,C,1,2,2
2025-09-10,M,D,1,2,2
2025-09-10,T,D,1,2,2
2025-09-10,M,E,1,2,2
2025-09-10,T,E,1,2,2
2025-09-10,M,F,1,2,2
2025-09-10,T,F,1,2,2
2025-09-10,M,G,1,2,2
2025-09-10,T,G,1,2,2
2025-09-10,M,H,1,2,2
2025-09-10,T,H,1,2,2
2025-09-10,M,I,1,2,2
2025-09-10,T,I,1,2,2
2025-09-10,M,J,1,2,2
2025-09-10,T,J,1,2,2
2025-09-10,M,K,2,3,3
2025-09-10,T,K,1,2,2
2025-09-10,M,L,1,2,2
2025-09-10,T,L,1,2,2
2025-09-10,M,M,1,2,2
2025-09-10,T,M,1,2,2
2025-09-10,M,N,1,2,2
2025-09-10,T,N,1,2,2
2025-09-10,M,O,1,2,2
2025-09-10,T,O,1,2,2
2025-09-10,M,P,1,2,2
2025-09-10,T,P,1,2,2
2025-09-10,M,Q,1,2,2
2025-09-10,T,Q,1,2,2
2025-09-10,M,R,1,2,2
2025-09-10,T,R,1,2,2
2025-09-10,M,S,1,2,2
2025-09-10,T,S,0,1,1
2025-09-10,M,T,1,2,2
2025-09-10,T,T,1,2,2
2025-09-10,M,U,1,2,2
2025-09-10,T,U,0,1,1
2025-09-10,M,V,1,2,2
2025-09-10,T,V,1,2,2
2025-09-10,M,W,1,2,2
2025-09-10,T,W,1,2,2
2025-09-10,M,X,1,2,2
2025-09-10,T,X,1,2,2
2025-09-10,M,Y,1,2,2
2025-09-10,T,Y,1,2,2
2025-09-10,M,Z,2,3,3
2025-09-10,T,Z,1,2,2
2025-09-11,M,A,1,2,2
2025-09-11,T,A,0,1,1
2025-09-11,M,AA,1,2,2
2025-09-11,T,AA,0,1,1
2025-09-11,M,AB,1,2,2
2025-09-11,T,AB,1,2,2
2025-09-11,M,AC,2,3,3
2025-09-11,T,AC,1,2,2
2025-09-11,M,AD,1,2,2
2025-09-11,T,AD,1,2,2
2025-09-11,M,AE,1,2,2
2025-09-11,T,AE,1,2,2
2025-09-11,M,AF,1,2,2
2025-09-11,T,AF,1,2,2
2025-09-11,M,B,1,2,2
2025-09-11,T,B,1,2,2
2025-09-11,M,C,1,2,2
2025-09-11,T,C,1,2,2
2025-09-11,M,D,1,2,2
2025-09-11,T,D,1,2,2
2025-09-11,M,E,1,2,2
2025-09-11,T,E,1,2,2
2025-09-11,M,F,1,2,2
2025-09-11,T,F,1,2,2
2025-09-11,M,G,1,2,2
2025-09-11,T,G,1,2,2
2025-09-11,M,H,1,2,2
2025-09-11,T,H,1,2,2
2025-09-11,M,I,1,2,2
2025-09-11,T,I,1,2,2
2025-09-11,M,J,1,2,2
2025-09-11,T,J,1,2,2
2025-09-11,M,K,1,2,2
2025-09-11,T,K,1,2,2
2025-09-11,M,L,1,2,2
2025-09-11,T,L,1,2,2
2025-09-11,M,M,1,2,2
2025-09-11,T,M,1,2,2
2025-09-11,M,N,1,2,2
2025-09-11,T,N,1,2,2
2025-09-11,M,O,1,2,2
2025-09-11,T,O,1,2,2
2025-09-11,M,P,1,2,2
2025-09-11,T,P,0,1,1
2025-09-11,M,Q,1,2,2
2025-09-11,T,Q,1,2,2
2025-09-11,M,R,1,2,2
2025-09-11,T,R,1,2,2
2025-09-11,M,S,1,2,2
2025-09-11,T,S,1,2,2
2025-09-11,M,T,1,2,2
2025-09-11,T,T,1,2,2
2025-09-11,M,U,1,2,2
2025-09-11,T,U,1,2,2
2025-09-11,M,V,1,2,2
2025-09-11,T,V,1,2,2
2025-09-11,M,W,1,2,2
2025-09-11,T,W,1,2,2
2025-09-11,M,X,1,2,2
2025-09-11,T,X,1,2,2
2025-09-11,M,Y,1,2,2
2025-09-11,T,Y,1,2,2
2025-09-11,M,Z,1,2,2
2025-09-11,T,Z,1,2,2
2025-09-12,M,A,1,2,2
2025-09-12,T,A,1,2,2
2025-09-12,M,AA,1,2,2
2025-09-12,T,AA,0,1,1
2025-09-12,M,AB,1,2,2
2025-09-12,T,AB,1,2,2
2025-09-12,M,AC,1,2,2
2025-09-12,T,AC,1,2,2
2025-09-12,M,AD,1,2,2
2025-09-12,T,AD,1,2,2
2025-09-12,M,AE,1,2,2
2025-09-12,T,AE,1,2,2
2025-09-12,M,AF,1,2,2
2025-09-12,T,AF,1,2,2
2025-09-12,M,B,1,2,2
2025-09-12,T,B,1,2,2
2025-09-12,M,C,1,2,2
2025-09-12,T,C,1,2,2
2025-09-12,M,D,1,2,2
2025-09-12,T,D,1,2,2
2025-09-12,M,E,1,2,2
2025-09-12,T,E,1,2,2
2025-09-12,M,F,1,2,2
2025-09-12,T,F,1,2,2
2025-09-12,M,G,1,2,2
2025-09-12,T,G,0,1,1
2025-09-12,M,H,1,2,2
2025-09-12,T,H,1,2,2
2025-09-12,M,I,1,2,2
2025-09-12,T,I,1,2,2
2025-09-12,M,J,1,2,2
2025-09-12,T,J,1,2,2
2025-09-12,M,K,1,2,2
2025-09-12,T,K,1,2,2
2025-09-12,M,L,1,2,2
2025-09-12,T,L,1,2,2
2025-09-12,M,M,1,2,2
2025-09-12,T,M,1,2,2
2025-09-12,M,N,1,2,2
2025-09-12,T,N,1,2,2
2025-09-12,M,O,1,2,2
2025-09-12,T,O,1,2,2
2025-09-12,M,P,1,2,2
2025-09-12,T,P,1,2,2
2025-09-12,M,Q,2,3,3
2025-09-12,T,Q,1,2,2
2025-09-12,M,R,1,2,2
2025-09-12,T,R,1,2,2
2025-09-12,M,S,1,2,2
2025-09-12,T,S,1,2,2
2025-09-12,M,T,2,3,3
2025-09-12,T,T,2,3,3
2025-09-12,M,U,1,2,2
2025-09-12,T,U,2,3,3
2025-09-12,M,V,1,2,2
2025-09-12,T,V,2,3,3
2025-09-12,M,W,1,2,2
2025-09-12,T,W,1,2,2
2025-09-12,M,X,1,2,2
2025-09-12,T,X,2,3,3
2025-09-12,M,Y,1,2,2
2025-09-12,T,Y,1,2,2
2025-09-12,M,Z,1,2,2
2025-09-12,T,Z,1,2,2
2025-09-13,M,A,1,2,2
2025-09-13,T,A,1,2,2
2025-09-13,M,AA,1,2,2
2025-09-13,T,AA,1,2,2
2025-09-13,M,AB,1,2,2
2025-09-13,T,AB,1,2,2
2025-09-13,M,AC,1,2,2
2025-09-13,T,AC,1,2,2
2025-09-13,M,AD,1,2,2
2025-09-13,T,AD,1,2,2
2025-09-13,M,AE,1,2,2
2025-09-13,T,AE,1,2,2
2025-09-13,M,AF,1,2,2
2025-09-13,T,AF,1,2,2
2025-09-13,M,B,1,2,2
2025-09-13,T,B,1,2,2
2025-09-13,M,C,1,2,2
2025-09-13,T,C,1,2,2
2025-09-13,M,D,1,2,2
2025-09-13,T,D,1,2,2
2025-09-13,M,E,1,2,2
2025-09-13,T,E,1,2,2
2025-09-13,M,F,1,2,2
2025-09-13,T,F,1,2,2
2025-09-13,M,G,0,1,1
2025-09-13,T,G,1,2,2
2025-09-13,M,H,1,2,2
2025-09-13,T,H,0,1,1
2025-09-13,M,I,1,2,2
2025-09-13,T,I,1,2,2
2025-09-13,M,J,0,1,1
2025-09-13,T,J,1,2,2
2025-09-13,M,K,2,3,3
2025-09-13,T,K,1,2,2
2025-09-13,M,L,1,2,2
2025-09-13,T,L,0,1,1
2025-09-13,M,M,1,2,2
2025-09-13,T,M,1,2,2
2025-09-13,M,N,1,2,2
2025-09-13,T,N,1,2,2
2025-09-13,M,O,1,2,2
2025-09-13,T,O,1,2,2
2025-09-13,M,P,1,2,2
2025-09-13,T,P,1,2,2
2025-09-13,M,Q,1,2,2
2025-09-13,T,Q,1,2,2
2025-09-13,M,R,1,2,2
2025-09-13,T,R,1,2,2
2025-09-13,M,S,1,2,2
2025-09-13,T,S,2,3,3
2025-09-13,M,T,1,2,2
2025-09-13,T,T,1,2,2
2025-09-13,M,U,1,2,2
2025-09-13,T,U,2,3,3
2025-09-13,M,V,1,2,2
2025-09-13,T,V,1,2,2
2025-09-13,M,W,1,2,2
2025-09-13,T,W,1,2,2
2025-09-13,M,X,1,2,2
2025-09-13,T,X,1,2,2
2025-09-13,M,Y,1,2,2
2025-09-13,T,Y,1,2,2
2025-09-13,M,Z,1,2,2
2025-09-13,T,Z,1,2,2
2025-09-14,M,A,1,2,2
2025-09-14,T,A,1,2,2
2025-09-14,M,AA,1,2,2
2025-09-14,T,AA,1,2,2
2025-09-14,M,AB,1,2,2
2025-09-14,T,AB,1,2,2
2025-09-14,M,AC,1,2,2
2025-09-14,T,AC,1,2,2
2025-09-14,M,AD,1,2,2
2025-09-14,T,AD,1,2,2
2025-09-14,M,AE,1,2,2
2025-09-14,T,AE,1,2,2
2025-09-14,M,AF,1,2,2
2025-09-14,T,AF,1,2,2
2025-09-14,M,B,1,2,2
2025-09-14,T,B,1,2,2
2025-09-14,M,C,1,2,2
2025-09-14,T,C,1,2,2
2025-09-14,M,D,1,2,2
2025-09-14,T,D,2,3,3
2025-09-14,M,E,1,2,2
2025-09-14,T,E,1,2,2
2025-09-14,M,F,1,2,2
2025-09-14,T,F,1,2,2
2025-09-14,M,G,1,2,2
2025-09-14,T,G,0,1,1
2025-09-14,M,H,1,2,2
2025-09-14,T,H,1,2,2
2025-09-14,M,I,1,2,2
2025-09-14,T,I,1,2,2
2025-09-14,M,J,1,2,2
2025-09-14,T,J,1,2,2
2025-09-14,M,K,1,2,2
2025-09-14,T,K,1,2,2
2025-09-14,M,L,1,2,2
2025-09-14,T,L,1,2,2
2025-09-14,M,M,1,2,2
2025-09-14,T,M,1,2,2
2025-09-14,M,N,1,2,2
2025-09-14,T,N,1,2,2
2025-09-14,M,O,1,2,2
2025-09-14,T,O,1,2,2
2025-09-14,M,P,1,2,2
2025-09-14,T,P,1,2,2
2025-09-14,M,Q,1,2,2
2025-09-14,T,Q,1,2,2
2025-09-14,M,R,1,2,2
2025-09-14,T,R,1,2,2
2025-09-14,M,S,1,2,2
2025-09-14,T,S,1,2,2
2025-09-14,M,T,1,2,2
2025-09-14,T,T,1,2,2
2025-09-14,M,U,1,2,2
2025-09-14,T,U,1,2,2
2025-09-14,M,V,1,2,2
2025-09-14,T,V,1,2,2
2025-09-14,M,W,1,2,2
2025-09-14,T,W,1,2,2
2025-09-14,M,X,1,2,2
2025-09-14,T,X,1,2,2
2025-09-14,M,Y,1,2,2
2025-09-14,T,Y,1,2,2
2025-09-14,M,Z,1,2,2
2025-09-14,T,Z,1,2,2
2025-09-15,M,A,1,2,2
2025-09-15,T,A,1,2,2
2025-09-15,M,AA,1,2,2
2025-09-15,T,AA,1,2,2
2025-09-15,M,AB,1,2,2
2025-09-15,T,AB,1,2,2
2025-09-15,M,AC,1,2,2
2025-09-15,T,AC,1,2,2
2025-09-15,M,AD,1,2,2
2025-09-15,T,AD,1,2,2
2025-09-15,M,AE,1,2,2
2025-09-15,T,AE,1,2,2
2025-09-15,M,AF,1,2,2
2025-09-15,T,AF,1,2,2
2025-09-15,M,B,1,2,2
2025-09-15,T,B,1,2,2
2025-09-15,M,C,1,2,2
2025-09-15,T,C,1,2,2
2025-09-15,M,D,1,2,2
2025-09-15,T,D,1,2,2
2025-09-15,M,E,1,2,2
2025-09-15,T,E,2,3,3
2025-09-15,M,F,1,2,2
2025-09-15,T,F,1,2,2
2025-09-15,M,G,1,2,2
2025-09-15,T,G,1,2,2
2025-09-15,M,H,1,2,2
2025-09-15,T,H,1,2,2
2025-09-15,M,I,1,2,2
2025-09-15,T,I,1,2,2
2025-09-15,M,J,1,2,2
2025-09-15,T,J,1,2,2
2025-09-15,M,K,1,2,2
2025-09-15,T,K,1,2,2
2025-09-15,M,L,1,2,2
2025-09-15,T,L,1,2,2
2025-09-15,M,M,1,2,2
2025-09-15,T,M,1,2,2
2025-09-15,M,N,1,2,2
2025-09-15,T,N,1,2,2
2025-09-15,M,O,1,2,2
2025-09-15,T,O,1,2,2
2025-09-15,M,P,1,2,2
2025-09-15,T,P,1,2,2
2025-09-15,M,Q,1,2,2
2025-09-15,T,Q,1,2,2
2025-09-15,M,R,1,2,2
2025-09-15,T,R,2,3,3
2025-09-15,M,S,1,2,2
2025-09-15,T,S,1,2,2
2025-09-15,M,T,1,2,2
2025-09-15,T,T,1,2,2
2025-09-15,M,U,1,2,2
2025-09-15,T,U,1,2,2
2025-09-15,M,V,1,2,2
2025-09-15,T,V,1,2,2
2025-09-15,M,W,0,1,1
2025-09-15,T,W,1,2,2
2025-09-15,M,X,1,2,2
2025-09-15,T,X,1,2,2
2025-09-15,M,Y,1,2,2
2025-09-15,T,Y,1,2,2
2025-09-15,M,Z,1,2,2
2025-09-15,T,Z,1,2,2
2025-09-16,M,A,1,2,2
2025-09-16,T,A,1,2,2
2025-09-16,M,AA,1,2,2
2025-09-16,T,AA,1,2,2
2025-09-16,M,AB,1,2,2
2025-09-16,T,AB,1,2,2
2025-09-16,M,AC,1,2,2
2025-09-16,T,AC,1,2,2
2025-09-16,M,AD,1,2,2
2025-09-16,T,AD,1,2,2
2025-09-16,M,AE,1,2,2
2025-09-16,T,AE,1,2,2
2025-09-16,M,AF,1,2,2
2025-09-16,T,AF,1,2,2
2025-09-16,M,B,1,2,2
2025-09-16,T,B,1,2,2
2025-09-16,M,C,1,2,2
2025-09-16,T,C,2,3,3
2025-09-16,M,D,1,2,2
2025-09-16,T,D,1,2,2
2025-09-16,M,E,0,1,1
2025-09-16,T,E,1,2,2
2025-09-16,M,F,1,2,2
2025-09-16,T,F,1,2,2
2025-09-16,M,G,1,2,2
2025-09-16,T,G,1,2,2
2025-09-16,M,H,0,1,1
2025-09-16,T,H,2,3,3
2025-09-16,M,I,1,2,2
2025-09-16,T,I,1,2,2
2025-09-16,M,J,1,2,2
2025-09-16,T,J,2,3,3
2025-09-16,M,K,1,2,2
2025-09-16,T,K,1,2,2
2025-09-16,M,L,1,2,2
2025-09-16,T,L,1,2,2
2025-09-16,M,M,1,2,2
2025-09-16,T,M,1,2,2
2025-09-16,M,N,1,2,2
2025-09-16,T,N,0,1,1
2025-09-16,M,O,1,2,2
2025-09-16,T,O,1,2,2
2025-09-16,M,P,1,2,2
2025-09-16,T,P,1,2,2
2025-09-16,M,Q,1,2,2
2025-09-16,T,Q,1,2,2
2025-09-16,M,R,1,2,2
2025-09-16,T,R,1,2,2
2025-09-16,M,S,1,2,2
2025-09-16,T,S,1,2,2
2025-09-16,M,T,1,2,2
2025-09-16,T,T,1,2,2
2025-09-16,M,U,1,2,2
2025-09-16,T,U,1,2,2
2025-09-16,M,V,1,2,2
2025-09-16,T,V,2,3,3
2025-09-16,M,W,1,2,2
2025-09-16,T,W,0,1,1
2025-09-16,M,X,1,2,2
2025-09-16,T,X,1,2,2
2025-09-16,M,Y,1,2,2
2025-09-16,T,Y,1,2,2
2025-09-16,M,Z,1,2,2
2025-09-16,T,Z,1,2,2
2025-09-17,M,A,1,2,2
2025-09-17,T,A,1,2,2
2025-09-17,M,AA,1,2,2
2025-09-17,T,AA,1,2,2
2025-09-17,M,AB,1,2,2
2025-09-17,T,AB,0,1,1
2025-09-17,M,AC,1,2,2
2025-09-17,T,AC,1,2,2
2025-09-17,M,AD,1,2,2
2025-09-17,T,AD,1,2,2
2025-09-17,M,AE,1,2,2
2025-09-17,T,AE,1,2,2
2025-09-17,M,AF,1,2,2
2025-09-17,T,AF,1,2,2
2025-09-17,M,B,1,2,2
2025-09-17,T,B,1,2,2
2025-09-17,M,C,1,2,2
2025-09-17,T,C,1,2,2
2025-09-17,M,D,1,2,2
2025-09-17,T,D,1,2,2
2025-09-17,M,E,1,2,2
2025-09-17,T,E,1,2,2
2025-09-17,M,F,1,2,2
2025-09-17,T,F,1,2,2
2025-09-17,M,G,1,2,2
2025-09-17,T,G,1,2,2
2025-09-17,M,H,1,2,2
2025-09-17,T,H,1,2,2
2025-09-17,M,I,1,2,2
2025-09-17,T,I,1,2,2
2025-09-17,M,J,1,2,2
2025-09-17,T,J,1,2,2
2025-09-17,M,K,1,2,2
2025-09-17,T,K,1,2,2
2025-09-17,M,L,1,2,2
2025-09-17,T,L,1,2,2
2025-09-17,M,M,1,2,2
2025-09-17,T,M,1,2,2
2025-09-17,M,N,1,2,2
2025-09-17,T,N,1,2,2
2025-09-17,M,O,1,2,2
2025-09-17,T,O,1,2,2
2025-09-17,M,P,1,2,2
2025-09-17,T,P,1,2,2
2025-09-17,M,Q,1,2,2
2025-09-17,T,Q,1,2,2
2025-09-17,M,R,1,2,2
2025-09-17,T,R,1,2,2
2025-09-17,M,S,0,1,1
2025-09-17,T,S,1,2,2
2025-09-17,M,T,1,2,2
2025-09-17,T,T,1,2,2
2025-09-17,M,U,0,1,1
2025-09-17,T,U,1,2,2
2025-09-17,M,V,1,2,2
2025-09-17,T,V,1,2,2
2025-09-17,M,W,1,2,2
2025-09-17,T,W,0,1,1
2025-09-17,M,X,1,2,2
2025-09-17,T,X,1,2,2
2025-09-17,M,Y,1,2,2
2025-09-17,T,Y,1,2,2
2025-09-17,M,Z,1,2,2
2025-09-17,T,Z,1,2,2
2025-09-18,M,A,1,2,2
2025-09-18,T,A,1,2,2
2025-09-18,M,AA,0,1,1
2025-09-18,T,AA,1,2,2
2025-09-18,M,AB,1,2,2
2025-09-18,T,AB,1,2,2
2025-09-18,M,AC,1,2,2
2025-09-18,T,AC,1,2,2
2025-09-18,M,AD,1,2,2
2025-09-18,T,AD,1,2,2
2025-09-18,M,AE,1,2,2
2025-09-18,T,AE,1,2,2
2025-09-18,M,AF,1,2,2
2025-09-18,T,AF,1,2,2
2025-09-18,M,B,1,2,2
2025-09-18,T,B,1,2,2
2025-09-18,M,C,1,2,2
2025-09-18,T,C,1,2,2
2025-09-18,M,D,1,2,2
2025-09-18,T,D,0,1,1
2025-09-18,M,E,1,2,2
2025-09-18,T,E,1,2,2
2025-09-18,M,F,1,2,2
2025-09-18,T,F,1,2,2
2025-09-18,M,G,1,2,2
2025-09-18,T,G,1,2,2
2025-09-18,M,H,1,2,2
2025-09-18,T,H,1,2,2
2025-09-18,M,I,1,2,2
2025-09-18,T,I,1,2,2
2025-09-18,M,J,1,2,2
2025-09-18,T,J,1,2,2
2025-09-18,M,K,1,2,2
2025-09-18,T,K,1,2,2
2025-09-18,M,L,0,1,1
2025-09-18,T,L,1,2,2
2025-09-18,M,M,1,2,2
2025-09-18,T,M,1,2,2
2025-09-18,M,N,1,2,2
2025-09-18,T,N,1,2,2
2025-09-18,M,O,2,3,3
2025-09-18,T,O,1,2,2
2025-09-18,M,P,1,2,2
2025-09-18,T,P,1,2,2
2025-09-18,M,Q,1,2,2
2025-09-18,T,Q,1,2,2
2025-09-18,M,R,1,2,2
2025-09-18,T,R,0,1,1
2025-09-18,M,S,1,2,2
2025-09-18,T,S,1,2,2
2025-09-18,M,T,1,2,2
2025-09-18,T,T,1,2,2
2025-09-18,M,U,1,2,2
2025-09-18,T,U,1,2,2
2025-09-18,M,V,1,2,2
2025-09-18,T,V,1,2,2
2025-09-18,M,W,1,2,2
2025-09-18,T,W,1,2,2
2025-09-18,M,X,1,2,2
2025-09-18,T,X,1,2,2
2025-09-18,M,Y,1,2,2
2025-09-18,T,Y,1,2,2
2025-09-18,M,Z,1,2,2
2025-09-18,T,Z,1,2,2
2025-09-19,M,A,1,2,2
2025-09-19,T,A,1,2,2
2025-09-19,M,AA,1,2,2
2025-09-19,T,AA,1,2,2
2025-09-19,M,AB,1,2,2
2025-09-19,T,AB,1,2,2
2025-09-19,M,AC,1,2,2
2025-09-19,T,AC,1,2,2
2025-09-19,M,AD,1,2,2
2025-09-19,T,AD,1,2,2
2025-09-19,M,AE,1,2,2
2025-09-19,T,AE,1,2,2
2025-09-19,M,AF,0,1,1
2025-09-19,T,AF,1,2,2
2025-09-19,M,B,1,2,2
2025-09-19,T,B,1,2,2
2025-09-19,M,C,2,3,3
2025-09-19,T,C,1,2,2
2025-09-19,M,D,1,2,2
2025-09-19,T,D,1,2,2
2025-09-19,M,E,1,2,2
2025-09-19,T,E,1,2,2
2025-09-19,M,F,1,2,2
2025-09-19,T,F,1,2,2
2025-09-19,M,G,1,2,2
2025-09-19,T,G,1,2,2
2025-09-19,M,H,0,1,1
2025-09-19,T,H,1,2,2
2025-09-19,M,I,1,2,2
2025-09-19,T,I,1,2,2
2025-09-19,M,J,1,2,2
2025-09-19,T,J,1,2,2
2025-09-19,M,K,0,1,1
2025-09-19,T,K,1,2,2
2025-09-19,M,L,1,2,2
2025-09-19,T,L,1,2,2
2025-09-19,M,M,1,2,2
2025-09-19,T,M,1,2,2
2025-09-19,M,N,1,2,2
2025-09-19,T,N,1,2,2
2025-09-19,M,O,1,2,2
2025-09-19,T,O,1,2,2
2025-09-19,M,P,0,1,1
2025-09-19,T,P,1,2,2
2025-09-19,M,Q,1,2,2
2025-09-19,T,Q,1,2,2
2025-09-19,M,R,1,2,2
2025-09-19,T,R,1,2,2
2025-09-19,M,S,1,2,2
2025-09-19,T,S,1,2,2
2025-09-19,M,T,1,2,2
2025-09-19,T,T,1,2,2
2025-09-19,M,U,1,2,2
2025-09-19,T,U,1,2,2
2025-09-19,M,V,0,1,1
2025-09-19,T,V,1,2,2
2025-09-19,M,W,1,2,2
2025-09-19,T,W,1,2,2
2025-09-19,M,X,1,2,2
2025-09-19,T,X,1,2,2
2025-09-19,M,Y,1,2,2
2025-09-19,T,Y,1,2,2
2025-09-19,M,Z,1,2,2
2025-09-19,T,Z,1,2,2
2025-09-20,M,A,1,2,2
2025-09-20,T,A,1,2,2
2025-09-20,M,AA,1,2,2
2025-09-20,T,AA,1,2,2
2025-09-20,M,AB,1,2,2
2025-09-20,T,AB,1,2,2
2025-09-20,M,AC,1,2,2
2025-09-20,T,AC,1,2,2
2025-09-20,M,AD,1,2,2
2025-09-20,T,AD,1,2,2
2025-09-20,M,AE,1,2,2
2025-09-20,T,AE,1,2,2
2025-09-20,M,AF,1,2,2
2025-09-20,T,AF,1,2,2
2025-09-20,M,B,1,2,2
2025-09-20,T,B,1,2,2
2025-09-20,M,C,1,2,2
2025-09-20,T,C,1,2,2
2025-09-20,M,D,1,2,2
2025-09-20,T,D,1,2,2
2025-09-20,M,E,1,2,2
2025-09-20,T,E,1,2,2
2025-09-20,M,F,1,2,2
2025-09-20,T,F,1,2,2
2025-09-20,M,G,1,2,2
2025-09-20,T,G,1,2,2
2025-09-20,M,H,1,2,2
2025-09-20,T,H,1,2,2
2025-09-20,M,I,1,2,2
2025-09-20,T,I,1,2,2
2025-09-20,M,J,1,2,2
2025-09-20,T,J,1,2,2
2025-09-20,M,K,1,2,2
2025-09-20,T,K,1,2,2
2025-09-20,M,L,1,2,2
2025-09-20,T,L,1,2,2
2025-09-20,M,M,1,2,2
2025-09-20,T,M,1,2,2
2025-09-20,M,N,1,2,2
2025-09-20,T,N,1,2,2
2025-09-20,M,O,1,2,2
2025-09-20,T,O,1,2,2
2025-09-20,M,P,1,2,2
2025-09-20,T,P,1,2,2
2025-09-20,M,Q,2,3,3
2025-09-20,T,Q,1,2,2
2025-09-20,M,R,1,2,2
2025-09-20,T,R,1,2,2
2025-09-20,M,S,1,2,2
2025-09-20,T,S,2,3,3
2025-09-20,M,T,1,2,2
2025-09-20,T,T,0,1,1
2025-09-20,M,U,2,3,3
2025-09-20,T,U,1,2,2
2025-09-20,M,V,1,2,2
2025-09-20,T,V,1,2,2
2025-09-20,M,W,1,2,2
2025-09-20,T,W,1,2,2
2025-09-20,M,X,1,2,2
2025-09-20,T,X,1,2,2
2025-09-20,M,Y,1,2,2
2025-09-20,T,Y,1,2,2
2025-09-20,M,Z,2,3,3
2025-09-20,T,Z,1,2,2
2025-09-21,M,A,1,2,2
2025-09-21,T,A,1,2,2
2025-09-21,M,AA,0,1,1
2025-09-21,T,AA,1,2,2
2025-09-21,M,AB,1,2,2
2025-09-21,T,AB,1,2,2
2025-09-21,M,AC,2,3,3
2025-09-21,T,AC,1,2,2
2025-09-21,M,AD,1,2,2
2025-09-21,T,AD,1,2,2
2025-09-21,M,AE,1,2,2
2025-09-21,T,AE,0,1,1
2025-09-21,M,AF,1,2,2
2025-09-21,T,AF,1,2,2
2025-09-21,M,B,1,2,2
2025-09-21,T,B,1,2,2
2025-09-21,M,C,0,1,1
2025-09-21,T,C,1,2,2
2025-09-21,M,D,1,2,2
2025-09-21,T,D,1,2,2
2025-09-21,M,E,1,2,2
2025-09-21,T,E,1,2,2
2025-09-21,M,F,1,2,2
2025-09-21,T,F,1,2,2
2025-09-21,M,G,1,2,2
2025-09-21,T,G,1,2,2
2025-09-21,M,H,1,2,2
2025-09-21,T,H,1,2,2
2025-09-21,M,I,1,2,2
2025-09-21,T,I,1,2,2
2025-09-21,M,J,1,2,2
2025-09-21,T,J,1,2,2
2025-09-21,M,K,1,2,2
2025-09-21,T,K,1,2,2
2025-09-21,M,L,1,2,2
2025-09-21,T,L,1,2,2
2025-09-21,M,M,1,2,2
2025-09-21,T,M,2,3,3
2025-09-21,M,N,1,2,2
2025-09-21,T,N,1,2,2
2025-09-21,M,O,1,2,2
2025-09-21,T,O,1,2,2
2025-09-21,M,P,1,2,2
2025-09-21,T,P,1,2,2
2025-09-21,M,Q,1,2,2
2025-09-21,T,Q,1,2,2
2025-09-21,M,R,1,2,2
2025-09-21,T,R,1,2,2
2025-09-21,M,S,1,2,2
2025-09-21,T,S,1,2,2
2025-09-21,M,T,1,2,2
2025-09-21,T,T,1,2,2
2025-09-21,M,U,1,2,2
2025-09-21,T,U,1,2,2
2025-09-21,M,V,1,2,2
2025-09-21,T,V,1,2,2
2025-09-21,M,W,1,2,2
2025-09-21,T,W,1,2,2
2025-09-21,M,X,1,2,2
2025-09-21,T,X,1,2,2
2025-09-21,M,Y,1,2,2
2025-09-21,T,Y,1,2,2
2025-09-21,M,Z,1,2,2
2025-09-21,T,Z,1,2,2
2025-09-22,M,A,1,2,2
2025-09-22,T,A,1,2,2
2025-09-22,M,AA,1,2,2
2025-09-22,T,AA,1,2,2
2025-09-22,M,AB,1,2,2
2025-09-22,T,AB,1,2,2
2025-09-22,M,AC,1,2,2
2025-09-22,T,AC,1,2,2
2025-09-22,M,AD,1,2,2
2025-09-22,T,AD,1,2,2
2025-09-22,M,AE,1,2,2
2025-09-22,T,AE,1,2,2
2025-09-22,M,AF,1,2,2
2025-09-22,T,AF,1,2,2
2025-09-22,M,B,1,2,2
2025-09-22,T,B,1,2,2
2025-09-22,M,C,1,2,2
2025-09-22,T,C,0,1,1
2025-09-22,M,D,1,2,2
2025-09-22,T,D,1,2,2
2025-09-22,M,E,1,2,2
2025-09-22,T,E,1,2,2
2025-09-22,M,F,1,2,2
2025-09-22,T,F,1,2,2
2025-09-22,M,G,1,2,2
2025-09-22,T,G,1,2,2
2025-09-22,M,H,1,2,2
2025-09-22,T,H,1,2,2
2025-09-22,M,I,1,2,2
2025-09-22,T,I,1,2,2
2025-09-22,M,J,1,2,2
2025-09-22,T,J,1,2,2
2025-09-22,M,K,1,2,2
2025-09-22,T,K,1,2,2
2025-09-22,M,L,1,2,2
2025-09-22,T,L,1,2,2
2025-09-22,M,M,1,2,2
2025-09-22,T,M,1,2,2
2025-09-22,M,N,1,2,2
2025-09-22,T,N,1,2,2
2025-09-22,M,O,1,2,2
2025-09-22,T,O,1,2,2
2025-09-22,M,P,1,2,2
2025-09-22,T,P,1,2,2
2025-09-22,M,Q,1,2,2
2025-09-22,T,Q,1,2,2
2025-09-22,M,R,1,2,2
2025-09-22,T,R,1,2,2
2025-09-22,M,S,1,2,2
2025-09-22,T,S,0,1,1
2025-09-22,M,T,1,2,2
2025-09-22,T,T,1,2,2
2025-09-22,M,U,1,2,2
2025-09-22,T,U,1,2,2
2025-09-22,M,V,1,2,2
2025-09-22,T,V,2,3,3
2025-09-22,M,W,1,2,2
2025-09-22,T,W,1,2,2
2025-09-22,M,X,1,2,2
2025-09-22,T,X,1,2,2
2025-09-22,M,Y,1,2,2
2025-09-22,T,Y,1,2,2
2025-09-22,M,Z,1,2,2
2025-09-22,T,Z,1,2,2
2025-09-23,M,A,1,2,2
2025-09-23,T,A,1,2,2
2025-09-23,M,AA,1,2,2
2025-09-23,T,AA,2,3,3
2025-09-23,M,AB,1,2,2
2025-09-23,T,AB,2,3,3
2025-09-23,M,AC,1,2,2
2025-09-23,T,AC,1,2,2
2025-09-23,M,AD,1,2,2
2025-09-23,T,AD,1,2,2
2025-09-23,M,AE,1,2,2
2025-09-23,T,AE,1,2,2
2025-09-23,M,AF,1,2,2
2025-09-23,T,AF,1,2,2
2025-09-23,M,B,1,2,2
2025-09-23,T,B,1,2,2
2025-09-23,M,C,1,2,2
2025-09-23,T,C,1,2,2
2025-09-23,M,D,1,2,2
2025-09-23,T,D,1,2,2
2025-09-23,M,E,2,3,3
2025-09-23,T,E,1,2,2
2025-09-23,M,F,1,2,2
2025-09-23,T,F,1,2,2
2025-09-23,M,G,1,2,2
2025-09-23,T,G,1,2,2
2025-09-23,M,H,1,2,2
2025-09-23,T,H,1,2,2
2025-09-23,M,I,1,2,2
2025-09-23,T,I,1,2,2
2025-09-23,M,J,1,2,2
2025-09-23,T,J,1,2,2
2025-09-23,M,K,1,2,2
2025-09-23,T,K,1,2,2
2025-09-23,M,L,1,2,2
2025-09-23,T,L,1,2,2
2025-09-23,M,M,1,2,2
2025-09-23,T,M,1,2,2
2025-09-23,M,N,1,2,2
2025-09-23,T,N,1,2,2
2025-09-23,M,O,1,2,2
2025-09-23,T,O,1,2,2
2025-09-23,M,P,1,2,2
2025-09-23,T,P,1,2,2
2025-09-23,M,Q,1,2,2
2025-09-23,T,Q,1,2,2
2025-09-23,M,R,1,2,2
2025-09-23,T,R,1,2,2
2025-09-23,M,S,1,2,2
2025-09-23,T,S,1,2,2
2025-09-23,M,T,1,2,2
2025-09-23,T,T,1,2,2
2025-09-23,M,U,1,2,2
2025-09-23,T,U,1,2,2
2025-09-23,M,V,1,2,2
2025-09-23,T,V,1,2,2
2025-09-23,M,W,1,2,2
2025-09-23,T,W,1,2,2
2025-09-23,M,X,1,2,2
2025-09-23,T,X,1,2,2
2025-09-23,M,Y,1,2,2
2025-09-23,T,Y,1,2,2
2025-09-23,M,Z,1,2,2
2025-09-23,T,Z,1,2,2
2025-09-24,M,A,2,3,3
2025-09-24,T,A,1,2,2
2025-09-24,M,AA,1,2,2
2025-09-24,T,AA,2,3,3
2025-09-24,M,AB,1,2,2
2025-09-24,T,AB,1,2,2
2025-09-24,M,AC,1,2,2
2025-09-24,T,AC,1,2,2
2025-09-24,M,AD,1,2,2
2025-09-24,T,AD,1,2,2
2025-09-24,M,AE,1,2,2
2025-09-24,T,AE,1,2,2
2025-09-24,M,AF,1,2,2
2025-09-24,T,AF,1,2,2
2025-09-24,M,B,1,2,2
2025-09-24,T,B,1,2,2
2025-09-24,M,C,1,2,2
2025-09-24,T,C,1,2,2
2025-09-24,M,D,1,2,2
2025-09-24,T,D,1,2,2
2025-09-24,M,E,1,2,2
2025-09-24,T,E,0,1,1
2025-09-24,M,F,1,2,2
2025-09-24,T,F,1,2,2
2025-09-24,M,G,1,2,2
2025-09-24,T,G,1,2,2
2025-09-24,M,H,1,2,2
2025-09-24,T,H,1,2,2
2025-09-24,M,I,0,1,1
2025-09-24,T,I,1,2,2
2025-09-24,M,J,1,2,2
2025-09-24,T,J,1,2,2
2025-09-24,M,K,1,2,2
2025-09-24,T,K,1,2,2
2025-09-24,M,L,1,2,2
2025-09-24,T,L,1,2,2
2025-09-24,M,M,1,2,2
2025-09-24,T,M,1,2,2
2025-09-24,M,N,1,2,2
2025-09-24,T,N,1,2,2
2025-09-24,M,O,1,2,2
2025-09-24,T,O,1,2,2
2025-09-24,M,P,1,2,2
2025-09-24,T,P,1,2,2
2025-09-24,M,Q,1,2,2
2025-09-24,T,Q,1,2,2
2025-09-24,M,R,1,2,2
2025-09-24,T,R,1,2,2
2025-09-24,M,S,1,2,2
2025-09-24,T,S,1,2,2
2025-09-24,M,T,1,2,2
2025-09-24,T,T,1,2,2
2025-09-24,M,U,1,2,2
2025-09-24,T,U,1,2,2
2025-09-24,M,V,1,2,2
2025-09-24,T,V,1,2,2
2025-09-24,M,W,1,2,2
2025-09-24,T,W,1,2,2
2025-09-24,M,X,1,2,2
2025-09-24,T,X,1,2,2
2025-09-24,M,Y,2,3,3
2025-09-24,T,Y,1,2,2
2025-09-24,M,Z,1,2,2
2025-09-24,T,Z,1,2,2
2025-09-25,M,A,1,2,2
2025-09-25,T,A,2,3,3
2025-09-25,M,AA,1,2,2
2025-09-25,T,AA,1,2,2
2025-09-25,M,AB,1,2,2
2025-09-25,T,AB,1,2,2
2025-09-25,M,AC,1,2,2
2025-09-25,T,AC,1,2,2
2025-09-25,M,AD,1,2,2
2025-09-25,T,AD,1,2,2
2025-09-25,M,AE,1,2,2
2025-09-25,T,AE,1,2,2
2025-09-25,M,AF,1,2,2
2025-09-25,T,AF,1,2,2
2025-09-25,M,B,1,2,2
2025-09-25,T,B,1,2,2
2025-09-25,M,C,1,2,2
2025-09-25,T,C,1,2,2
2025-09-25,M,D,1,2,2
2025-09-25,T,D,1,2,2
2025-09-25,M,E,1,2,2
2025-09-25,T,E,1,2,2
2025-09-25,M,F,1,2,2
2025-09-25,T,F,1,2,2
2025-09-25,M,G,1,2,2
2025-09-25,T,G,1,2,2
2025-09-25,M,H,1,2,2
2025-09-25,T,H,1,2,2
2025-09-25,M,I,1,2,2
2025-09-25,T,I,1,2,2
2025-09-25,M,J,1,2,2
2025-09-25,T,J,1,2,2
2025-09-25,M,K,1,2,2
2025-09-25,T,K,1,2,2
2025-09-25,M,L,1,2,2
2025-09-25,T,L,1,2,2
2025-09-25,M,M,1,2,2
2025-09-25,T,M,1,2,2
2025-09-25,M,N,1,2,2
2025-09-25,T,N,2,3,3
2025-09-25,M,O,1,2,2
2025-09-25,T,O,1,2,2
2025-09-25,M,P,1,2,2
2025-09-25,T,P,1,2,2
2025-09-25,M,Q,1,2,2
2025-09-25,T,Q,1,2,2
2025-09-25,M,R,1,2,2
2025-09-25,T,R,1,2,2
2025-09-25,M,S,1,2,2
2025-09-25,T,S,1,2,2
2025-09-25,M,T,2,3,3
2025-09-25,T,T,1,2,2
2025-09-25,M,U,1,2,2
2025-09-25,T,U,2,3,3
2025-09-25,M,V,1,2,2
2025-09-25,T,V,1,2,2
2025-09-25,M,W,1,2,2
2025-09-25,T,W,1,2,2
2025-09-25,M,X,1,2,2
2025-09-25,T,X,1,2,2
2025-09-25,M,Y,1,2,2
2025-09-25,T,Y,1,2,2
2025-09-25,M,Z,1,2,2
2025-09-25,T,Z,1,2,2
2025-09-26,M,A,1,2,2
2025-09-26,T,A,1,2,2
2025-09-26,M,AA,1,2,2
2025-09-26,T,AA,1,2,2
2025-09-26,M,AB,1,2,2
2025-09-26,T,AB,1,2,2
2025-09-26,M,AC,0,1,1
2025-09-26,T,AC,0,1,1
2025-09-26,M,AD,1,2,2
2025-09-26,T,AD,1,2,2
2025-09-26,M,AE,1,2,2
2025-09-26,T,AE,1,2,2
2025-09-26,M,AF,1,2,2
2025-09-26,T,AF,1,2,2
2025-09-26,M,B,1,2,2
2025-09-26,T,B,1,2,2
2025-09-26,M,C,1,2,2
2025-09-26,T,C,1,2,2
2025-09-26,M,D,1,2,2
2025-09-26,T,D,0,1,1
2025-09-26,M,E,1,2,2
2025-09-26,T,E,1,2,2
2025-09-26,M,F,1,2,2
2025-09-26,T,F,1,2,2
2025-09-26,M,G,1,2,2
2025-09-26,T,G,1,2,2
2025-09-26,M,H,1,2,2
2025-09-26,T,H,1,2,2
2025-09-26,M,I,1,2,2
2025-09-26,T,I,1,2,2
2025-09-26,M,J,2,3,3
2025-09-26,T,J,1,2,2
2025-09-26,M,K,1,2,2
2025-09-26,T,K,2,3,3
2025-09-26,M,L,1,2,2
2025-09-26,T,L,1,2,2
2025-09-26,M,M,1,2,2
2025-09-26,T,M,1,2,2
2025-09-26,M,N,1,2,2
2025-09-26,T,N,1,2,2
2025-09-26,M,O,1,2,2
2025-09-26,T,O,1,2,2
2025-09-26,M,P,1,2,2
2025-09-26,T,P,2,3,3
2025-09-26,M,Q,2,3,3
2025-09-26,T,Q,1,2,2
2025-09-26,M,R,1,2,2
2025-09-26,T,R,1,2,2
2025-09-26,M,S,1,2,2
2025-09-26,T,S,1,2,2
2025-09-26,M,T,1,2,2
2025-09-26,T,T,1,2,2
2025-09-26,M,U,1,2,2
2025-09-26,T,U,1,2,2
2025-09-26,M,V,1,2,2
2025-09-26,T,V,1,2,2
2025-09-26,M,W,1,2,2
2025-09-26,T,W,1,2,2
2025-09-26,M,X,1,2,2
2025-09-26,T,X,1,2,2
2025-09-26,M,Y,1,2,2
2025-09-26,T,Y,1,2,2
2025-09-26,M,Z,1,2,2
2025-09-26,T,Z,1,2,2
2025-09-27,M,A,1,2,2
2025-09-27,T,A,1,2,2
2025-09-27,M,AA,1,2,2
2025-09-27,T,AA,1,2,2
2025-09-27,M,AB,1,2,2
2025-09-27,T,AB,1,2,2
2025-09-27,M,AC,1,2,2
2025-09-27,T,AC,1,2,2
2025-09-27,M,AD,1,2,2
2025-09-27,T,AD,1,2,2
2025-09-27,M,AE,1,2,2
2025-09-27,T,AE,1,2,2
2025-09-27,M,AF,1,2,2
2025-09-27,T,AF,1,2,2
2025-09-27,M,B,1,2,2
2025-09-27,T,B,1,2,2
2025-09-27,M,C,1,2,2
2025-09-27,T,C,1,2,2
2025-09-27,M,D,1,2,2
2025-09-27,T,D,1,2,2
2025-09-27,M,E,1,2,2
2025-09-27,T,E,1,2,2
2025-09-27,M,F,1,2,2
2025-09-27,T,F,1,2,2
2025-09-27,M,G,1,2,2
2025-09-27,T,G,1,2,2
2025-09-27,M,H,1,2,2
2025-09-27,T,H,1,2,2
2025-09-27,M,I,1,2,2
2025-09-27,T,I,1,2,2
2025-09-27,M,J,1,2,2
2025-09-27,T,J,1,2,2
2025-09-27,M,K,1,2,2
2025-09-27,T,K,1,2,2
2025-09-27,M,L,1,2,2
2025-09-27,T,L,1,2,2
2025-09-27,M,M,1,2,2
2025-09-27,T,M,1,2,2
2025-09-27,M,N,1,2,2
2025-09-27,T,N,1,2,2
2025-09-27,M,O,1,2,2
2025-09-27,T,O,1,2,2
2025-09-27,M,P,0,1,1
2025-09-27,T,P,2,3,3
2025-09-27,M,Q,1,2,2
2025-09-27,T,Q,1,2,2
2025-09-27,M,R,1,2,2
2025-09-27,T,R,1,2,2
2025-09-27,M,S,2,3,3
2025-09-27,T,S,1,2,2
2025-09-27,M,T,1,2,2
2025-09-27,T,T,1,2,2
2025-09-27,M,U,1,2,2
2025-09-27,T,U,1,2,2
2025-09-27,M,V,1,2,2
2025-09-27,T,V,1,2,2
2025-09-27,M,W,1,2,2
2025-09-27,T,W,2,3,3
2025-09-27,M,X,1,2,2
2025-09-27,T,X,1,2,2
2025-09-27,M,Y,1,2,2
2025-09-27,T,Y,1,2,2
2025-09-27,M,Z,1,2,2
2025-09-27,T,Z,2,3,3
2025-09-28,M,A,1,2,2
2025-09-28,T,A,1,2,2
2025-09-28,M,AA,1,2,2
2025-09-28,T,AA,1,2,2
2025-09-28,M,AB,1,2,2
2025-09-28,T,AB,1,2,2
2025-09-28,M,AC,1,2,2
2025-09-28,T,AC,1,2,2
2025-09-28,M,AD,0,1,1
2025-09-28,T,AD,1,2,2
2025-09-28,M,AE,1,2,2
2025-09-28,T,AE,1,2,2
2025-09-28,M,AF,1,2,2
2025-09-28,T,AF,1,2,2
2025-09-28,M,B,1,2,2
2025-09-28,T,B,1,2,2
2025-09-28,M,C,1,2,2
2025-09-28,T,C,1,2,2
2025-09-28,M,D,1,2,2
2025-09-28,T,D,1,2,2
2025-09-28,M,E,1,2,2
2025-09-28,T,E,1,2,2
2025-09-28,M,F,1,2,2
2025-09-28,T,F,0,1,1
2025-09-28,M,G,1,2,2
2025-09-28,T,G,2,3,3
2025-09-28,M,H,1,2,2
2025-09-28,T,H,1,2,2
2025-09-28,M,I,1,2,2
2025-09-28,T,I,1,2,2
2025-09-28,M,J,1,2,2
2025-09-28,T,J,1,2,2
2025-09-28,M,K,1,2,2
2025-09-28,T,K,1,2,2
2025-09-28,M,L,1,2,2
2025-09-28,T,L,0,1,1
2025-09-28,M,M,1,2,2
2025-09-28,T,M,1,2,2
2025-09-28,M,N,1,2,2
2025-09-28,T,N,1,2,2
2025-09-28,M,O,1,2,2
2025-09-28,T,O,1,2,2
2025-09-28,M,P,1,2,2
2025-09-28,T,P,1,2,2
2025-09-28,M,Q,1,2,2
2025-09-28,T,Q,1,2,2
2025-09-28,M,R,1,2,2
2025-09-28,T,R,1,2,2
2025-09-28,M,S,1,2,2
2025-09-28,T,S,1,2,2
2025-09-28,M,T,1,2,2
2025-09-28,T,T,1,2,2
2025-09-28,M,U,1,2,2
2025-09-28,T,U,0,1,1
2025-09-28,M,V,1,2,2
2025-09-28,T,V,1,2,2
2025-09-28,M,W,2,3,3
2025-09-28,T,W,1,2,2
2025-09-28,M,X,0,1,1
2025-09-28,T,X,1,2,2
2025-09-28,M,Y,1,2,2
2025-09-28,T,Y,1,2,2
2025-09-28,M,Z,1,2,2
2025-09-28,T,Z,1,2,2
2025-09-29,M,A,1,2,2
2025-09-29,T,A,1,2,2
2025-09-29,M,AA,1,2,2
2025-09-29,T,AA,1,2,2
2025-09-29,M,AB,1,2,2
2025-09-29,T,AB,1,2,2
2025-09-29,M,AC,1,2,2
2025-09-29,T,AC,1,2,2
2025-09-29,M,AD,1,2,2
2025-09-29,T,AD,1,2,2
2025-09-29,M,AE,1,2,2
2025-09-29,T,AE,1,2,2
2025-09-29,M,AF,1,2,2
2025-09-29,T,AF,1,2,2
2025-09-29,M,B,1,2,2
2025-09-29,T,B,0,1,1
2025-09-29,M,C,1,2,2
2025-09-29,T,C,1,2,2
2025-09-29,M,D,1,2,2
2025-09-29,T,D,1,2,2
2025-09-29,M,E,1,2,2
2025-09-29,T,E,1,2,2
2025-09-29,M,F,1,2,2
2025-09-29,T,F,1,2,2
2025-09-29,M,G,1,2,2
2025-09-29,T,G,1,2,2
2025-09-29,M,H,1,2,2
2025-09-29,T,H,1,2,2
2025-09-29,M,I,1,2,2
2025-09-29,T,I,1,2,2
2025-09-29,M,J,0,1,1
2025-09-29,T,J,0,1,1
2025-09-29,M,K,1,2,2
2025-09-29,T,K,1,2,2
2025-09-29,M,L,1,2,2
2025-09-29,T,L,1,2,2
2025-09-29,M,M,1,2,2
2025-09-29,T,M,1,2,2
2025-09-29,M,N,1,2,2
2025-09-29,T,N,1,2,2
2025-09-29,M,O,1,2,2
2025-09-29,T,O,1,2,2
2025-09-29,M,P,1,2,2
2025-09-29,T,P,1,2,2
2025-09-29,M,Q,1,2,2
2025-09-29,T,Q,0,1,1
2025-09-29,M,R,1,2,2
2025-09-29,T,R,1,2,2
2025-09-29,M,S,1,2,2
2025-09-29,T,S,1,2,2
2025-09-29,M,T,2,3,3
2025-09-29,T,T,1,2,2
2025-09-29,M,U,1,2,2
2025-09-29,T,U,1,2,2
2025-09-29,M,V,1,2,2
2025-09-29,T,V,1,2,2
2025-09-29,M,W,1,2,2
2025-09-29,T,W,1,2,2
2025-09-29,M,X,1,2,2
2025-09-29,T,X,1,2,2
2025-09-29,M,Y,1,2,2
2025-09-29,T,Y,1,2,2
2025-09-29,M,Z,1,2,2
2025-09-29,T,Z,1,2,2
2025-09-30,M,A,1,2,2
2025-09-30,T,A,1,2,2
2025-09-30,M,AA,1,2,2
2025-09-30,T,AA,0,1,1
2025-09-30,M,AB,1,2,2
2025-09-30,T,AB,1,2,2
2025-09-30,M,AC,1,2,2
2025-09-30,T,AC,1,2,2
2025-09-30,M,AD,1,2,2
2025-09-30,T,AD,1,2,2
2025-09-30,M,AE,1,2,2
2025-09-30,T,AE,1,2,2
2025-09-30,M,AF,1,2,2
2025-09-30,T,AF,1,2,2
2025-09-30,M,B,1,2,2
2025-09-30,T,B,2,3,3
2025-09-30,M,C,1,2,2
2025-09-30,T,C,1,2,2
2025-09-30,M,D,1,2,2
2025-09-30,T,D,1,2,2
2025-09-30,M,E,0,1,1
2025-09-30,T,E,1,2,2
2025-09-30,M,F,1,2,2
2025-09-30,T,F,1,2,2
2025-09-30,M,G,2,3,3
2025-09-30,T,G,1,2,2
2025-09-30,M,H,1,2,2
2025-09-30,T,H,1,2,2
2025-09-30,M,I,1,2,2
2025-09-30,T,I,1,2,2
2025-09-30,M,J,1,2,2
2025-09-30,T,J,1,2,2
2025-09-30,M,K,2,3,3
2025-09-30,T,K,1,2,2
2025-09-30,M,L,1,2,2
2025-09-30,T,L,1,2,2
2025-09-30,M,M,1,2,2
2025-09-30,T,M,1,2,2
2025-09-30,M,N,1,2,2
2025-09-30,T,N,0,1,1
2025-09-30,M,O,1,2,2
2025-09-30,T,O,1,2,2
2025-09-30,M,P,1,2,2
2025-09-30,T,P,1,2,2
2025-09-30,M,Q,1,2,2
2025-09-30,T,Q,1,2,2
2025-09-30,M,R,1,2,2
2025-09-30,T,R,1,2,2
2025-09-30,M,S,1,2,2
2025-09-30,T,S,1,2,2
2025-09-30,M,T,1,2,2
2025-09-30,T,T,1,2,2
2025-09-30,M,U,1,2,2
2025-09-30,T,U,2,3,3
2025-09-30,M,V,1,2,2
2025-09-30,T,V,1,2,2
2025-09-30,M,W,1,2,2
2025-09-30,T,W,1,2,2
2025-09-30,M,X,2,3,3
2025-09-30,T,X,1,2,2
2025-09-30,M,Y,1,2,2
2025-09-30,T,Y,1,2,2
2025-09-30,M,Z,1,2,2
2025-09-30,T,Z,1,2,2
2025-10-01,M,A,1,2,2
2025-10-01,T,A,1,2,2
2025-10-01,M,AA,1,2,2
2025-10-01,T,AA,1,2,2
2025-10-01,M,AB,1,2,2
2025-10-01,T,AB,1,2,2
2025-10-01,M,AC,1,2,2
2025-10-01,T,AC,1,2,2
2025-10-01,M,AD,1,2,2
2025-10-01,T,AD,1,2,2
2025-10-01,M,AE,1,2,2
2025-10-01,T,AE,1,2,2
2025-10-01,M,AF,1,2,2
2025-10-01,T,AF,1,2,2
2025-10-01,M,B,1,2,2
2025-10-01,T,B,1,2,2
2025-10-01,M,C,1,2,2
2025-10-01,T,C,1,2,2
2025-10-01,M,D,0,1,1
2025-10-01,T,D,1,2,2
2025-10-01,M,E,1,2,2
2025-10-01,T,E,1,2,2
2025-10-01,M,F,1,2,2
2025-10-01,T,F,1,2,2
2025-10-01,M,G,1,2,2
2025-10-01,T,G,1,2,2
2025-10-01,M,H,1,2,2
2025-10-01,T,H,0,1,1
2025-10-01,M,I,1,2,2
2025-10-01,T,I,1,2,2
2025-10-01,M,J,1,2,2
2025-10-01,T,J,1,2,2
2025-10-01,M,K,0,1,1
2025-10-01,T,K,1,2,2
2025-10-01,M,L,1,2,2
2025-10-01,T,L,1,2,2
2025-10-01,M,M,1,2,2
2025-10-01,T,M,1,2,2
2025-10-01,M,N,1,2,2
2025-10-01,T,N,1,2,2
2025-10-01,M,O,1,2,2
2025-10-01,T,O,0,1,1
2025-10-01,M,P,1,2,2
2025-10-01,T,P,2,3,3
2025-10-01,M,Q,1,2,2
2025-10-01,T,Q,1,2,2
2025-10-01,M,R,1,2,2
2025-10-01,T,R,1,2,2
2025-10-01,M,S,1,2,2
2025-10-01,T,S,1,2,2
2025-10-01,M,T,1,2,2
2025-10-01,T,T,1,2,2
2025-10-01,M,U,1,2,2
2025-10-01,T,U,1,2,2
2025-10-01,M,V,1,2,2
2025-10-01,T,V,1,2,2
2025-10-01,M,W,1,2,2
2025-10-01,T,W,1,2,2
2025-10-01,M,X,1,2,2
2025-10-01,T,X,1,2,2
2025-10-01,M,Y,2,3,3
2025-10-01,T,Y,1,2,2
2025-10-01,M,Z,1,2,2
2025-10-01,T,Z,1,2,2
2025-10-02,M,A,1,2,2
2025-10-02,T,A,1,2,2
2025-10-02,M,AA,1,2,2
2025-10-02,T,AA,1,2,2
2025-10-02,M,AB,1,2,2
2025-10-02,T,AB,1,2,2
2025-10-02,M,AC,1,2,2
2025-10-02,T,AC,1,2,2
2025-10-02,M,AD,1,2,2
2025-10-02,T,AD,1,2,2
2025-10-02,M,AE,1,2,2
2025-10-02,T,AE,1,2,2
2025-10-02,M,AF,1,2,2
2025-10-02,T,AF,1,2,2
2025-10-02,M,B,1,2,2
2025-10-02,T,B,1,2,2
2025-10-02,M,C,1,2,2
2025-10-02,T,C,1,2,2
2025-10-02,M,D,1,2,2
2025-10-02,T,D,1,2,2
2025-10-02,M,E,1,2,2
2025-10-02,T,E,1,2,2
2025-10-02,M,F,1,2,2
2025-10-02,T,F,1,2,2
2025-10-02,M,G,1,2,2
2025-10-02,T,G,1,2,2
2025-10-02,M,H,1,2,2
2025-10-02,T,H,1,2,2
2025-10-02,M,I,1,2,2
2025-10-02,T,I,1,2,2
2025-10-02,M,J,1,2,2
2025-10-02,T,J,1,2,2
2025-10-02,M,K,2,3,3
2025-10-02,T,K,1,2,2
2025-10-02,M,L,1,2,2
2025-10-02,T,L,1,2,2
2025-10-02,M,M,1,2,2
2025-10-02,T,M,1,2,2
2025-10-02,M,N,1,2,2
2025-10-02,T,N,1,2,2
2025-10-02,M,O,1,2,2
2025-10-02,T,O,1,2,2
2025-10-02,M,P,1,2,2
2025-10-02,T,P,1,2,2
2025-10-02,M,Q,1,2,2
2025-10-02,T,Q,1,2,2
2025-10-02,M,R,1,2,2
2025-10-02,T,R,1,2,2
2025-10-02,M,S,1,2,2
2025-10-02,T,S,1,2,2
2025-10-02,M,T,1,2,2
2025-10-02,T,T,1,2,2
2025-10-02,M,U,1,2,2
2025-10-02,T,U,1,2,2
2025-10-02,M,V,1,2,2
2025-10-02,T,V,1,2,2
2025-10-02,M,W,1,2,2
2025-10-02,T,W,2,3,3
2025-10-02,M,X,1,2,2
2025-10-02,T,X,1,2,2
2025-10-02,M,Y,1,2,2
2025-10-02,T,Y,1,2,2
2025-10-02,M,Z,1,2,2
2025-10-02,T,Z,1,2,2
2025-10-03,M,A,1,2,2
2025-10-03,T,A,1,2,2
2025-10-03,M,AA,1,2,2
2025-10-03,T,AA,1,2,2
2025-10-03,M,AB,1,2,2
2025-10-03,T,AB,1,2,2
2025-10-03,M,AC,1,2,2
2025-10-03,T,AC,1,2,2
2025-10-03,M,AD,1,2,2
2025-10-03,T,AD,1,2,2
2025-10-03,M,AE,1,2,2
2025-10-03,T,AE,1,2,2
2025-10-03,M,AF,1,2,2
2025-10-03,T,AF,2,3,3
2025-10-03,M,B,1,2,2
2025-10-03,T,B,1,2,2
2025-10-03,M,C,1,2,2
2025-10-03,T,C,1,2,2
2025-10-03,M,D,1,2,2
2025-10-03,T,D,1,2,2
2025-10-03,M,E,1,2,2
2025-10-03,T,E,1,2,2
2025-10-03,M,F,1,2,2
2025-10-03,T,F,1,2,2
2025-10-03,M,G,1,2,2
2025-10-03,T,G,1,2,2
2025-10-03,M,H,1,2,2
2025-10-03,T,H,1,2,2
2025-10-03,M,I,1,2,2
2025-10-03,T,I,1,2,2
2025-10-03,M,J,1,2,2
2025-10-03,T,J,1,2,2
2025-10-03,M,K,1,2,2
2025-10-03,T,K,1,2,2
2025-10-03,M,L,1,2,2
2025-10-03,T,L,1,2,2
2025-10-03,M,M,1,2,2
2025-10-03,T,M,1,2,2
2025-10-03,M,N,2,3,3
2025-10-03,T,N,1,2,2
2025-10-03,M,O,1,2,2
2025-10-03,T,O,0,1,1
2025-10-03,M,P,1,2,2
2025-10-03,T,P,1,2,2
2025-10-03,M,Q,1,2,2
2025-10-03,T,Q,1,2,2
2025-10-03,M,R,1,2,2
2025-10-03,T,R,0,1,1
2025-10-03,M,S,1,2,2
2025-10-03,T,S,1,2,2
2025-10-03,M,T,1,2,2
2025-10-03,T,T,1,2,2
2025-10-03,M,U,0,1,1
2025-10-03,T,U,1,2,2
2025-10-03,M,V,1,2,2
2025-10-03,T,V,1,2,2
2025-10-03,M,W,1,2,2
2025-10-03,T,W,1,2,2
2025-10-03,M,X,1,2,2
2025-10-03,T,X,1,2,2
2025-10-03,M,Y,1,2,2
2025-10-03,T,Y,1,2,2
2025-10-03,M,Z,1,2,2
2025-10-03,T,Z,1,2,2
2025-10-04,M,A,1,2,2
2025-10-04,T,A,0,1,1
2025-10-04,M,AA,1,2,2
2025-10-04,T,AA,1,2,2
2025-10-04,M,AB,1,2,2
2025-10-04,T,AB,1,2,2
2025-10-04,M,AC,1,2,2
2025-10-04,T,AC,1,2,2
2025-10-04,M,AD,2,3,3
2025-10-04,T,AD,1,2,2
2025-10-04,M,AE,1,2,2
2025-10-04,T,AE,1,2,2
2025-10-04,M,AF,2,3,3
2025-10-04,T,AF,1,2,2
2025-10-04,M,B,1,2,2
2025-10-04,T,B,1,2,2
2025-10-04,M,C,1,2,2
2025-10-04,T,C,1,2,2
2025-10-04,M,D,1,2,2
2025-10-04,T,D,1,2,2
2025-10-04,M,E,1,2,2
2025-10-04,T,E,1,2,2
2025-10-04,M,F,1,2,2
2025-10-04,T,F,1,2,2
2025-10-04,M,G,1,2,2
2025-10-04,T,G,1,2,2
2025-10-04,M,H,0,1,1
2025-10-04,T,H,1,2,2
2025-10-04,M,I,1,2,2
2025-10-04,T,I,1,2,2
2025-10-04,M,J,1,2,2
2025-10-04,T,J,1,2,2
2025-10-04,M,K,1,2,2
2025-10-04,T,K,1,2,2
2025-10-04,M,L,1,2,2
2025-10-04,T,L,1,2,2
2025-10-04,M,M,1,2,2
2025-10-04,T,M,1,2,2
2025-10-04,M,N,1,2,2
2025-10-04,T,N,1,2,2
2025-10-04,M,O,1,2,2
2025-10-04,T,O,1,2,2
2025-10-04,M,P,1,2,2
2025-10-04,T,P,1,2,2
2025-10-04,M,Q,1,2,2
2025-10-04,T,Q,1,2,2
2025-10-04,M,R,1,2,2
2025-10-04,T,R,1,2,2
2025-10-04,M,S,1,2,2
2025-10-04,T,S,1,2,2
2025-10-04,M,T,1,2,2
2025-10-04,T,T,0,1,1
2025-10-04,M,U,1,2,2
2025-10-04,T,U,1,2,2
2025-10-04,M,V,1,2,2
2025-10-04,T,V,1,2,2
2025-10-04,M,W,1,2,2
2025-10-04,T,W,0,1,1
2025-10-04,M,X,1,2,2
2025-10-04,T,X,1,2,2
2025-10-04,M,Y,1,2,2
2025-10-04,T,Y,0,1,1
2025-10-04,M,Z,1,2,2
2025-10-04,T,Z,1,2,2
2025-10-05,M,A,1,2,2
2025-10-05,T,A,1,2,2
2025-10-05,M,AA,1,2,2
2025-10-05,T,AA,1,2,2
2025-10-05,M,AB,1,2,2
2025-10-05,T,AB,1,2,2
2025-10-05,M,AC,2,3,3
2025-10-05,T,AC,1,2,2
2025-10-05,M,AD,1,2,2
2025-10-05,T,AD,1,2,2
2025-10-05,M,AE,1,2,2
2025-10-05,T,AE,1,2,2
2025-10-05,M,AF,1,2,2
2025-10-05,T,AF,1,2,2
2025-10-05,M,B,1,2,2
2025-10-05,T,B,1,2,2
2025-10-05,M,C,1,2,2
2025-10-05,T,C,1,2,2
2025-10-05,M,D,1,2,2
2025-10-05,T,D,1,2,2
2025-10-05,M,E,1,2,2
2025-10-05,T,E,1,2,2
2025-10-05,M,F,1,2,2
2025-10-05,T,F,1,2,2
2025-10-05,M,G,2,3,3
2025-10-05,T,G,1,2,2
2025-10-05,M,H,2,3,3
2025-10-05,T,H,1,2,2
2025-10-05,M,I,1,2,2
2025-10-05,T,I,1,2,2
2025-10-05,M,J,1,2,2
2025-10-05,T,J,1,2,2
2025-10-05,M,K,1,2,2
2025-10-05,T,K,1,2,2
2025-10-05,M,L,1,2,2
2025-10-05,T,L,1,2,2
2025-10-05,M,M,1,2,2
2025-10-05,T,M,1,2,2
2025-10-05,M,N,0,1,1
2025-10-05,T,N,1,2,2
2025-10-05,M,O,1,2,2
2025-10-05,T,O,1,2,2
2025-10-05,M,P,1,2,2
2025-10-05,T,P,1,2,2
2025-10-05,M,Q,1,2,2
2025-10-05,T,Q,1,2,2
2025-10-05,M,R,1,2,2
2025-10-05,T,R,1,2,2
2025-10-05,M,S,1,2,2
2025-10-05,T,S,1,2,2
2025-10-05,M,T,1,2,2
2025-10-05,T,T,1,2,2
2025-10-05,M,U,1,2,2
2025-10-05,T,U,1,2,2
2025-10-05,M,V,1,2,2
2025-10-05,T,V,1,2,2
2025-10-05,M,W,1,2,2
2025-10-05,T,W,1,2,2
2025-10-05,M,X,2,3,3
2025-10-05,T,X,1,2,2
2025-10-05,M,Y,1,2,2
2025-10-05,T,Y,1,2,2
2025-10-05,M,Z,1,2,2
2025-10-05,T,Z,1,2,2
2025-10-06,M,A,1,2,2
2025-10-06,T,A,1,2,2
2025-10-06,M,AA,1,2,2
2025-10-06,T,AA,0,1,1
2025-10-06,M,AB,1,2,2
2025-10-06,T,AB,1,2,2
2025-10-06,M,AC,1,2,2
2025-10-06,T,AC,1,2,2
2025-10-06,M,AD,2,3,3
2025-10-06,T,AD,1,2,2
2025-10-06,M,AE,1,2,2
2025-10-06,T,AE,1,2,2
2025-10-06,M,AF,1,2,2
2025-10-06,T,AF,1,2,2
2025-10-06,M,B,1,2,2
2025-10-06,T,B,1,2,2
2025-10-06,M,C,0,1,1
2025-10-06,T,C,1,2,2
2025-10-06,M,D,1,2,2
2025-10-06,T,D,1,2,2
2025-10-06,M,E,1,2,2
2025-10-06,T,E,1,2,2
2025-10-06,M,F,1,2,2
2025-10-06,T,F,1,2,2
2025-10-06,M,G,1,2,2
2025-10-06,T,G,1,2,2
2025-10-06,M,H,1,2,2
2025-10-06,T,H,1,2,2
2025-10-06,M,I,1,2,2
2025-10-06,T,I,1,2,2
2025-10-06,M,J,1,2,2
2025-10-06,T,J,0,1,1
2025-10-06,M,K,1,2,2
2025-10-06,T,K,1,2,2
2025-10-06,M,L,1,2,2
2025-10-06,T,L,1,2,2
2025-10-06,M,M,1,2,2
2025-10-06,T,M,0,1,1
2025-10-06,M,N,1,2,2
2025-10-06,T,N,1,2,2
2025-10-06,M,O,1,2,2
2025-10-06,T,O,1,2,2
2025-10-06,M,P,1,2,2
2025-10-06,T,P,1,2,2
2025-10-06,M,Q,1,2,2
2025-10-06,T,Q,1,2,2
2025-10-06,M,R,1,2,2
2025-10-06,T,R,1,2,2
2025-10-06,M,S,1,2,2
2025-10-06,T,S,1,2,2
2025-10-06,M,T,1,2,2
2025-10-06,T,T,1,2,2
2025-10-06,M,U,1,2,2
2025-10-06,T,U,1,2,2
2025-10-06,M,V,1,2,2
2025-10-06,T,V,1,2,2
2025-10-06,M,W,1,2,2
2025-10-06,T,W,1,2,2
2025-10-06,M,X,2,3,3
2025-10-06,T,X,0,1,1
2025-10-06,M,Y,1,2,2
2025-10-06,T,Y,1,2,2
2025-10-06,M,Z,1,2,2
2025-10-06,T,Z,1,2,2
2025-10-07,M,A,1,2,2
2025-10-07,T,A,1,2,2
2025-10-07,M,AA,1,2,2
2025-10-07,T,AA,1,2,2
2025-10-07,M,AB,1,2,2
2025-10-07,T,AB,1,2,2
2025-10-07,M,AC,1,2,2
2025-10-07,T,AC,1,2,2
2025-10-07,M,AD,2,3,3
2025-10-07,T,AD,1,2,2
2025-10-07,M,AE,1,2,2
2025-10-07,T,AE,1,2,2
2025-10-07,M,AF,1,2,2
2025-10-07,T,AF,1,2,2
2025-10-07,M,B,1,2,2
2025-10-07,T,B,1,2,2
2025-10-07,M,C,1,2,2
2025-10-07,T,C,1,2,2
2025-10-07,M,D,1,2,2
2025-10-07,T,D,1,2,2
2025-10-07,M,E,1,2,2
2025-10-07,T,E,1,2,2
2025-10-07,M,F,1,2,2
2025-10-07,T,F,1,2,2
2025-10-07,M,G,1,2,2
2025-10-07,T,G,1,2,2
2025-10-07,M,H,1,2,2
2025-10-07,T,H,1,2,2
2025-10-07,M,I,1,2,2
2025-10-07,T,I,1,2,2
2025-10-07,M,J,1,2,2
2025-10-07,T,J,1,2,2
2025-10-07,M,K,1,2,2
2025-10-07,T,K,2,3,3
2025-10-07,M,L,1,2,2
2025-10-07,T,L,1,2,2
2025-10-07,M,M,1,2,2
2025-10-07,T,M,1,2,2
2025-10-07,M,N,1,2,2
2025-10-07,T,N,1,2,2
2025-10-07,M,O,1,2,2
2025-10-07,T,O,1,2,2
2025-10-07,M,P,1,2,2
2025-10-07,T,P,2,3,3
2025-10-07,M,Q,1,2,2
2025-10-07,T,Q,1,2,2
2025-10-07,M,R,1,2,2
2025-10-07,T,R,1,2,2
2025-10-07,M,S,1,2,2
2025-10-07,T,S,1,2,2
2025-10-07,M,T,1,2,2
2025-10-07,T,T,1,2,2
2025-10-07,M,U,2,3,3
2025-10-07,T,U,1,2,2
2025-10-07,M,V,1,2,2
2025-10-07,T,V,1,2,2
2025-10-07,M,W,1,2,2
2025-10-07,T,W,1,2,2
2025-10-07,M,X,1,2,2
2025-10-07,T,X,1,2,2
2025-10-07,M,Y,1,2,2
2025-10-07,T,Y,1,2,2
2025-10-07,M,Z,1,2,2
2025-10-07,T,Z,1,2,2
2025-10-08,M,A,0,1,1
2025-10-08,T,A,1,2,2
2025-10-08,M,AA,1,2,2
2025-10-08,T,AA,1,2,2
2025-10-08,M,AB,1,2,2
2025-10-08,T,AB,1,2,2
2025-10-08,M,AC,1,2,2
2025-10-08,T,AC,1,2,2
2025-10-08,M,AD,1,2,2
2025-10-08,T,AD,1,2,2
2025-10-08,M,AE,1,2,2
2025-10-08,T,AE,1,2,2
2025-10-08,M,AF,1,2,2
2025-10-08,T,AF,1,2,2
2025-10-08,M,B,1,2,2
2025-10-08,T,B,1,2,2
2025-10-08,M,C,1,2,2
2025-10-08,T,C,1,2,2
2025-10-08,M,D,0,1,1
2025-10-08,T,D,1,2,2
2025-10-08,M,E,1,2,2
2025-10-08,T,E,1,2,2
2025-10-08,M,F,1,2,2
2025-10-08,T,F,1,2,2
2025-10-08,M,G,1,2,2
2025-10-08,T,G,1,2,2
2025-10-08,M,H,1,2,2
2025-10-08,T,H,1,2,2
2025-10-08,M,I,1,2,2
2025-10-08,T,I,1,2,2
2025-10-08,M,J,2,3,3
2025-10-08,T,J,1,2,2
2025-10-08,M,K,1,2,2
2025-10-08,T,K,1,2,2
2025-10-08,M,L,2,3,3
2025-10-08,T,L,1,2,2
2025-10-08,M,M,1,2,2
2025-10-08,T,M,1,2,2
2025-10-08,M,N,1,2,2
2025-10-08,T,N,1,2,2
2025-10-08,M,O,1,2,2
2025-10-08,T,O,1,2,2
2025-10-08,M,P,1,2,2
2025-10-08,T,P,1,2,2
2025-10-08,M,Q,1,2,2
2025-10-08,T,Q,1,2,2
2025-10-08,M,R,1,2,2
2025-10-08,T,R,1,2,2
2025-10-08,M,S,1,2,2
2025-10-08,T,S,1,2,2
2025-10-08,M,T,1,2,2
2025-10-08,T,T,1,2,2
2025-10-08,M,U,1,2,2
2025-10-08,T,U,1,2,2
2025-10-08,M,V,1,2,2
2025-10-08,T,V,1,2,2
2025-10-08,M,W,1,2,2
2025-10-08,T,W,1,2,2
2025-10-08,M,X,1,2,2
2025-10-08,T,X,1,2,2
2025-10-08,M,Y,1,2,2
2025-10-08,T,Y,1,2,2
2025-10-08,M,Z,1,2,2
2025-10-08,T,Z,1,2,2
2025-10-09,M,A,1,2,2
2025-10-09,T,A,0,1,1
2025-10-09,M,AA,1,2,2
2025-10-09,T,AA,1,2,2
2025-10-09,M,AB,1,2,2
2025-10-09,T,AB,1,2,2
2025-10-09,M,AC,0,1,1
2025-10-09,T,AC,1,2,2
2025-10-09,M,AD,1,2,2
2025-10-09,T,AD,1,2,2
2025-10-09,M,AE,1,2,2
2025-10-09,T,AE,1,2,2
2025-10-09,M,AF,1,2,2
2025-10-09,T,AF,1,2,2
2025-10-09,M,B,2,3,3
2025-10-09,T,B,1,2,2
2025-10-09,M,C,1,2,2
2025-10-09,T,C,1,2,2
2025-10-09,M,D,1,2,2
2025-10-09,T,D,1,2,2
2025-10-09,M,E,1,2,2
2025-10-09,T,E,1,2,2
2025-10-09,M,F,1,2,2
2025-10-09,T,F,1,2,2
2025-10-09,M,G,1,2,2
2025-10-09,T,G,1,2,2
2025-10-09,M,H,1,2,2
2025-10-09,T,H,1,2,2
2025-10-09,M,I,1,2,2
2025-10-09,T,I,1,2,2
2025-10-09,M,J,1,2,2
2025-10-09,T,J,1,2,2
2025-10-09,M,K,1,2,2
2025-10-09,T,K,1,2,2
2025-10-09,M,L,1,2,2
2025-10-09,T,L,1,2,2
2025-10-09,M,M,1,2,2
2025-10-09,T,M,2,3,3
2025-10-09,M,N,1,2,2
2025-10-09,T,N,1,2,2
2025-10-09,M,O,1,2,2
2025-10-09,T,O,1,2,2
2025-10-09,M,P,1,2,2
2025-10-09,T,P,1,2,2
2025-10-09,M,Q,1,2,2
2025-10-09,T,Q,1,2,2
2025-10-09,M,R,1,2,2
2025-10-09,T,R,1,2,2
2025-10-09,M,S,1,2,2
2025-10-09,T,S,1,2,2
2025-10-09,M,T,1,2,2
2025-10-09,T,T,1,2,2
2025-10-09,M,U,1,2,2
2025-10-09,T,U,1,2,2
2025-10-09,M,V,1,2,2
2025-10-09,T,V,1,2,2
2025-10-09,M,W,1,2,2
2025-10-09,T,W,1,2,2
2025-10-09,M,X,1,2,2
2025-10-09,T,X,1,2,2
2025-10-09,M,Y,1,2,2
2025-10-09,T,Y,1,2,2
2025-10-09,M,Z,2,3,3
2025-10-09,T,Z,1,2,2
2025-10-10,M,A,1,2,2
2025-10-10,T,A,1,2,2
2025-10-10,M,AA,1,2,2
2025-10-10,T,AA,1,2,2
2025-10-10,M,AB,1,2,2
2025-10-10,T,AB,1,2,2
2025-10-10,M,AC,1,2,2
2025-10-10,T,AC,1,2,2
2025-10-10,M,AD,1,2,2
2025-10-10,T,AD,1,2,2
2025-10-10,M,AE,1,2,2
2025-10-10,T,AE,1,2,2
2025-10-10,M,AF,1,2,2
2025-10-10,T,AF,1,2,2
2025-10-10,M,B,1,2,2
2025-10-10,T,B,1,2,2
2025-10-10,M,C,1,2,2
2025-10-10,T,C,1,2,2
2025-10-10,M,D,1,2,2
2025-10-10,T,D,1,2,2
2025-10-10,M,E,1,2,2
2025-10-10,T,E,0,1,1
2025-10-10,M,F,0,1,1
2025-10-10,T,F,2,3,3
2025-10-10,M,G,1,2,2
2025-10-10,T,G,1,2,2
2025-10-10,M,H,2,3,3
2025-10-10,T,H,1,2,2
2025-10-10,M,I,0,1,1
2025-10-10,T,I,1,2,2
2025-10-10,M,J,1,2,2
2025-10-10,T,J,1,2,2
2025-10-10,M,K,1,2,2
2025-10-10,T,K,1,2,2
2025-10-10,M,L,1,2,2
2025-10-10,T,L,1,2,2
2025-10-10,M,M,1,2,2
2025-10-10,T,M,0,1,1
2025-10-10,M,N,1,2,2
2025-10-10,T,N,1,2,2
2025-10-10,M,O,1,2,2
2025-10-10,T,O,1,2,2
2025-10-10,M,P,1,2,2
2025-10-10,T,P,1,2,2
2025-10-10,M,Q,1,2,2
2025-10-10,T,Q,1,2,2
2025-10-10,M,R,1,2,2
2025-10-10,T,R,1,2,2
2025-10-10,M,S,1,2,2
2025-10-10,T,S,1,2,2
2025-10-10,M,T,1,2,2
2025-10-10,T,T,1,2,2
2025-10-10,M,U,1,2,2
2025-10-10,T,U,1,2,2
2025-10-10,M,V,1,2,2
2025-10-10,T,V,1,2,2
2025-10-10,M,W,1,2,2
2025-10-10,T,W,1,2,2
2025-10-10,M,X,1,2,2
2025-10-10,T,X,1,2,2
2025-10-10,M,Y,2,3,3
2025-10-10,T,Y,1,2,2
2025-10-10,M,Z,1,2,2
2025-10-10,T,Z,1,2,2
2025-10-11,M,A,1,2,2
2025-10-11,T,A,1,2,2
2025-10-11,M,AA,1,2,2
2025-10-11,T,AA,1,2,2
2025-10-11,M,AB,1,2,2
2025-10-11,T,AB,1,2,2
2025-10-11,M,AC,0,1,1
2025-10-11,T,AC,1,2,2
2025-10-11,M,AD,1,2,2
2025-10-11,T,AD,0,1,1
2025-10-11,M,AE,1,2,2
2025-10-11,T,AE,1,2,2
2025-10-11,M,AF,1,2,2
2025-10-11,T,AF,2,3,3
2025-10-11,M,B,1,2,2
2025-10-11,T,B,1,2,2
2025-10-11,M,C,1,2,2
2025-10-11,T,C,1,2,2
2025-10-11,M,D,1,2,2
2025-10-11,T,D,1,2,2
2025-10-11,M,E,1,2,2
2025-10-11,T,E,1,2,2
2025-10-11,M,F,1,2,2
2025-10-11,T,F,1,2,2
2025-10-11,M,G,1,2,2
2025-10-11,T,G,1,2,2
2025-10-11,M,H,1,2,2
2025-10-11,T,H,1,2,2
2025-10-11,M,I,1,2,2
2025-10-11,T,I,1,2,2
2025-10-11,M,J,2,3,3
2025-10-11,T,J,1,2,2
2025-10-11,M,K,1,2,2
2025-10-11,T,K,1,2,2
2025-10-11,M,L,1,2,2
2025-10-11,T,L,1,2,2
2025-10-11,M,M,1,2,2
2025-10-11,T,M,1,2,2
2025-10-11,M,N,1,2,2
2025-10-11,T,N,1,2,2
2025-10-11,M,O,1,2,2
2025-10-11,T,O,1,2,2
2025-10-11,M,P,1,2,2
2025-10-11,T,P,1,2,2
2025-10-11,M,Q,1,2,2
2025-10-11,T,Q,1,2,2
2025-10-11,M,R,1,2,2
2025-10-11,T,R,1,2,2
2025-10-11,M,S,1,2,2
2025-10-11,T,S,1,2,2
2025-10-11,M,T,1,2,2
2025-10-11,T,T,1,2,2
2025-10-11,M,U,1,2,2
2025-10-11,T,U,1,2,2
2025-10-11,M,V,1,2,2
2025-10-11,T,V,1,2,2
2025-10-11,M,W,1,2,2
2025-10-11,T,W,1,2,2
2025-10-11,M,X,1,2,2
2025-10-11,T,X,1,2,2
2025-10-11,M,Y,1,2,2
2025-10-11,T,Y,1,2,2
2025-10-11,M,Z,1,2,2
2025-10-11,T,Z,1,2,2
2025-10-12,M,A,0,1,1
2025-10-12,T,A,1,2,2
2025-10-12,M,AA,1,2,2
2025-10-12,T,AA,1,2,2
2025-10-12,M,AB,1,2,2
2025-10-12,T,AB,1,2,2
2025-10-12,M,AC,1,2,2
2025-10-12,T,AC,1,2,2
2025-10-12,M,AD,1,2,2
2025-10-12,T,AD,1,2,2
2025-10-12,M,AE,1,2,2
2025-10-12,T,AE,0,1,1
2025-10-12,M,AF,1,2,2
2025-10-12,T,AF,0,1,1
2025-10-12,M,B,1,2,2
2025-10-12,T,B,1,2,2
2025-10-12,M,C,1,2,2
2025-10-12,T,C,1,2,2
2025-10-12,M,D,1,2,2
2025-10-12,T,D,1,2,2
2025-10-12,M,E,1,2,2
2025-10-12,T,E,2,3,3
2025-10-12,M,F,1,2,2
2025-10-12,T,F,1,2,2
2025-10-12,M,G,1,2,2
2025-10-12,T,G,1,2,2
2025-10-12,M,H,1,2,2
2025-10-12,T,H,1,2,2
2025-10-12,M,I,1,2,2
2025-10-12,T,I,1,2,2
2025-10-12,M,J,1,2,2
2025-10-12,T,J,1,2,2
2025-10-12,M,K,1,2,2
2025-10-12,T,K,1,2,2
2025-10-12,M,L,1,2,2
2025-10-12,T,L,1,2,2
2025-10-12,M,M,1,2,2
2025-10-12,T,M,1,2,2
2025-10-12,M,N,1,2,2
2025-10-12,T,N,1,2,2
2025-10-12,M,O,1,2,2
2025-10-12,T,O,1,2,2
2025-10-12,M,P,1,2,2
2025-10-12,T,P,1,2,2
2025-10-12,M,Q,1,2,2
2025-10-12,T,Q,1,2,2
2025-10-12,M,R,1,2,2
2025-10-12,T,R,1,2,2
2025-10-12,M,S,1,2,2
2025-10-12,T,S,1,2,2
2025-10-12,M,T,0,1,1
2025-10-12,T,T,0,1,1
2025-10-12,M,U,1,2,2
2025-10-12,T,U,1,2,2
2025-10-12,M,V,2,3,3
2025-10-12,T,V,1,2,2
2025-10-12,M,W,1,2,2
2025-10-12,T,W,1,2,2
2025-10-12,M,X,1,2,2
2025-10-12,T,X,1,2,2
2025-10-12,M,Y,1,2,2
2025-10-12,T,Y,1,2,2
2025-10-12,M,Z,1,2,2
2025-10-12,T,Z,1,2,2
2025-10-13,M,A,1,2,2
2025-10-13,T,A,1,2,2
2025-10-13,M,AA,1,2,2
2025-10-13,T,AA,1,2,2
2025-10-13,M,AB,0,1,1
2025-10-13,T,AB,1,2,2
2025-10-13,M,AC,1,2,2
2025-10-13,T,AC,1,2,2
2025-10-13,M,AD,1,2,2
2025-10-13,T,AD,1,2,2
2025-10-13,M,AE,1,2,2
2025-10-13,T,AE,1,2,2
2025-10-13,M,AF,1,2,2
2025-10-13,T,AF,1,2,2
2025-10-13,M,B,1,2,2
2025-10-13,T,B,1,2,2
2025-10-13,M,C,1,2,2
2025-10-13,T,C,1,2,2
2025-10-13,M,D,1,2,2
2025-10-13,T,D,1,2,2
2025-10-13,M,E,1,2,2
2025-10-13,T,E,1,2,2
2025-10-13,M,F,1,2,2
2025-10-13,T,F,2,3,3
2025-10-13,M,G,1,2,2
2025-10-13,T,G,1,2,2
2025-10-13,M,H,1,2,2
2025-10-13,T,H,1,2,2
2025-10-13,M,I,2,3,3
2025-10-13,T,I,1,2,2
2025-10-13,M,J,1,2,2
2025-10-13,T,J,1,2,2
2025-10-13,M,K,1,2,2
2025-10-13,T,K,1,2,2
2025-10-13,M,L,1,2,2
2025-10-13,T,L,1,2,2
2025-10-13,M,M,1,2,2
2025-10-13,T,M,1,2,2
2025-10-13,M,N,1,2,2
2025-10-13,T,N,0,1,1
2025-10-13,M,O,1,2,2
2025-10-13,T,O,1,2,2
2025-10-13,M,P,1,2,2
2025-10-13,T,P,1,2,2
2025-10-13,M,Q,1,2,2
2025-10-13,T,Q,1,2,2
2025-10-13,M,R,1,2,2
2025-10-13,T,R,1,2,2
2025-10-13,M,S,1,2,2
2025-10-13,T,S,1,2,2
2025-10-13,M,T,1,2,2
2025-10-13,T,T,1,2,2
2025-10-13,M,U,1,2,2
2025-10-13,T,U,1,2,2
2025-10-13,M,V,1,2,2
2025-10-13,T,V,1,2,2
2025-10-13,M,W,1,2,2
2025-10-13,T,W,1,2,2
2025-10-13,M,X,1,2,2
2025-10-13,T,X,1,2,2
2025-10-13,M,Y,1,2,2
2025-10-13,T,Y,1,2,2
2025-10-13,M,Z,1,2,2
2025-10-13,T,Z,1,2,2
2025-10-14,M,A,2,3,3
2025-10-14,T,A,1,2,2
2025-10-14,M,AA,2,3,3
2025-10-14,T,AA,1,2,2
2025-10-14,M,AB,1,2,2
2025-10-14,T,AB,1,2,2
2025-10-14,M,AC,1,2,2
2025-10-14,T,AC,2,3,3
2025-10-14,M,AD,2,3,3
2025-10-14,T,AD,1,2,2
2025-10-14,M,AE,1,2,2
2025-10-14,T,AE,1,2,2
2025-10-14,M,AF,1,2,2
2025-10-14,T,AF,1,2,2
2025-10-14,M,B,1,2,2
2025-10-14,T,B,1,2,2
2025-10-14,M,C,1,2,2
2025-10-14,T,C,1,2,2
2025-10-14,M,D,1,2,2
2025-10-14,T,D,1,2,2
2025-10-14,M,E,1,2,2
2025-10-14,T,E,1,2,2
2025-10-14,M,F,1,2,2
2025-10-14,T,F,1,2,2
2025-10-14,M,G,1,2,2
2025-10-14,T,G,0,1,1
2025-10-14,M,H,1,2,2
2025-10-14,T,H,0,1,1
2025-10-14,M,I,1,2,2
2025-10-14,T,I,1,2,2
2025-10-14,M,J,1,2,2
2025-10-14,T,J,1,2,2
2025-10-14,M,K,1,2,2
2025-10-14,T,K,1,2,2
2025-10-14,M,L,1,2,2
2025-10-14,T,L,1,2,2
2025-10-14,M,M,1,2,2
2025-10-14,T,M,1,2,2
2025-10-14,M,N,1,2,2
2025-10-14,T,N,1,2,2
2025-10-14,M,O,1,2,2
2025-10-14,T,O,1,2,2
2025-10-14,M,P,1,2,2
2025-10-14,T,P,1,2,2
2025-10-14,M,Q,1,2,2
2025-10-14,T,Q,1,2,2
2025-10-14,M,R,1,2,2
2025-10-14,T,R,1,2,2
2025-10-14,M,S,1,2,2
2025-10-14,T,S,1,2,2
2025-10-14,M,T,1,2,2
2025-10-14,T,T,1,2,2
2025-10-14,M,U,1,2,2
2025-10-14,T,U,1,2,2
2025-10-14,M,V,1,2,2
2025-10-14,T,V,1,2,2
2025-10-14,M,W,1,2,2
2025-10-14,T,W,1,2,2
2025-10-14,M,X,1,2,2
2025-10-14,T,X,1,2,2
2025-10-14,M,Y,1,2,2
2025-10-14,T,Y,1,2,2
2025-10-14,M,Z,1,2,2
2025-10-14,T,Z,1,2,2
2025-10-15,M,A,1,2,2
2025-10-15,T,A,1,2,2
2025-10-15,M,AA,1,2,2
2025-10-15,T,AA,1,2,2
2025-10-15,M,AB,1,2,2
2025-10-15,T,AB,0,1,1
2025-10-15,M,AC,1,2,2
2025-10-15,T,AC,1,2,2
2025-10-15,M,AD,1,2,2
2025-10-15,T,AD,1,2,2
2025-10-15,M,AE,1,2,2
2025-10-15,T,AE,1,2,2
2025-10-15,M,AF,1,2,2
2025-10-15,T,AF,1,2,2
2025-10-15,M,B,1,2,2
2025-10-15,T,B,1,2,2
2025-10-15,M,C,1,2,2
2025-10-15,T,C,1,2,2
2025-10-15,M,D,1,2,2
2025-10-15,T,D,1,2,2
2025-10-15,M,E,1,2,2
2025-10-15,T,E,1,2,2
2025-10-15,M,F,1,2,2
2025-10-15,T,F,1,2,2
2025-10-15,M,G,1,2,2
2025-10-15,T,G,1,2,2
2025-10-15,M,H,1,2,2
2025-10-15,T,H,1,2,2
2025-10-15,M,I,1,2,2
2025-10-15,T,I,1,2,2
2025-10-15,M,J,1,2,2
2025-10-15,T,J,1,2,2
2025-10-15,M,K,1,2,2
2025-10-15,T,K,1,2,2
2025-10-15,M,L,1,2,2
2025-10-15,T,L,1,2,2
2025-10-15,M,M,1,2,2
2025-10-15,T,M,1,2,2
2025-10-15,M,N,1,2,2
2025-10-15,T,N,1,2,2
2025-10-15,M,O,1,2,2
2025-10-15,T,O,1,2,2
2025-10-15,M,P,1,2,2
2025-10-15,T,P,1,2,2
2025-10-15,M,Q,1,2,2
2025-10-15,T,Q,1,2,2
2025-10-15,M,R,1,2,2
2025-10-15,T,R,1,2,2
2025-10-15,M,S,1,2,2
2025-10-15,T,S,1,2,2
2025-10-15,M,T,2,3,3
2025-10-15,T,T,1,2,2
2025-10-15,M,U,1,2,2
2025-10-15,T,U,1,2,2
2025-10-15,M,V,1,2,2
2025-10-15,T,V,1,2,2
2025-10-15,M,W,1,2,2
2025-10-15,T,W,1,2,2
2025-10-15,M,X,1,2,2
2025-10-15,T,X,1,2,2
2025-10-15,M,Y,1,2,2
2025-10-15,T,Y,1,2,2
2025-10-15,M,Z,1,2,2
2025-10-15,T,Z,1,2,2
2025-10-16,M,A,1,2,2
2025-10-16,T,A,1,2,2
2025-10-16,M,AA,1,2,2
2025-10-16,T,AA,1,2,2
2025-10-16,M,AB,1,2,2
2025-10-16,T,AB,1,2,2
2025-10-16,M,AC,1,2,2
2025-10-16,T,AC,1,2,2
2025-10-16,M,AD,2,3,3
2025-10-16,T,AD,1,2,2
2025-10-16,M,AE,1,2,2
2025-10-16,T,AE,1,2,2
2025-10-16,M,AF,1,2,2
2025-10-16,T,AF,1,2,2
2025-10-16,M,B,1,2,2
2025-10-16,T,B,1,2,2
2025-10-16,M,C,1,2,2
2025-10-16,T,C,1,2,2
2025-10-16,M,D,1,2,2
2025-10-16,T,D,1,2,2
2025-10-16,M,E,1,2,2
2025-10-16,T,E,1,2,2
2025-10-16,M,F,1,2,2
2025-10-16,T,F,1,2,2
2025-10-16,M,G,1,2,2
2025-10-16,T,G,1,2,2
2025-10-16,M,H,1,2,2
2025-10-16,T,H,1,2,2
2025-10-16,M,I,1,2,2
2025-10-16,T,I,1,2,2
2025-10-16,M,J,1,2,2
2025-10-16,T,J,1,2,2
2025-10-16,M,K,1,2,2
2025-10-16,T,K,1,2,2
2025-10-16,M,L,1,2,2
2025-10-16,T,L,1,2,2
2025-10-16,M,M,1,2,2
2025-10-16,T,M,1,2,2
2025-10-16,M,N,1,2,2
2025-10-16,T,N,1,2,2
2025-10-16,M,O,1,2,2
2025-10-16,T,O,1,2,2
2025-10-16,M,P,1,2,2
2025-10-16,T,P,1,2,2
2025-10-16,M,Q,1,2,2
2025-10-16,T,Q,1,2,2
2025-10-16,M,R,1,2,2
2025-10-16,T,R,1,2,2
2025-10-16,M,S,1,2,2
2025-10-16,T,S,1,2,2
2025-10-16,M,T,1,2,2
2025-10-16,T,T,1,2,2
2025-10-16,M,U,1,2,2
2025-10-16,T,U,0,1,1
2025-10-16,M,V,1,2,2
2025-10-16,T,V,1,2,2
2025-10-16,M,W,1,2,2
2025-10-16,T,W,1,2,2
2025-10-16,M,X,1,2,2
2025-10-16,T,X,1,2,2
2025-10-16,M,Y,1,2,2
2025-10-16,T,Y,1,2,2
2025-10-16,M,Z,1,2,2
2025-10-16,T,Z,0,1,1
2025-10-17,M,A,0,1,1
2025-10-17,T,A,1,2,2
2025-10-17,M,AA,1,2,2
2025-10-17,T,AA,1,2,2
2025-10-17,M,AB,1,2,2
2025-10-17,T,AB,1,2,2
2025-10-17,M,AC,1,2,2
2025-10-17,T,AC,1,2,2
2025-10-17,M,AD,1,2,2
2025-10-17,T,AD,1,2,2
2025-10-17,M,AE,1,2,2
2025-10-17,T,AE,1,2,2
2025-10-17,M,AF,1,2,2
2025-10-17,T,AF,1,2,2
2025-10-17,M,B,1,2,2
2025-10-17,T,B,2,3,3
2025-10-17,M,C,1,2,2
2025-10-17,T,C,1,2,2
2025-10-17,M,D,1,2,2
2025-10-17,T,D,1,2,2
2025-10-17,M,E,1,2,2
2025-10-17,T,E,1,2,2
2025-10-17,M,F,1,2,2
2025-10-17,T,F,1,2,2
2025-10-17,M,G,1,2,2
2025-10-17,T,G,1,2,2
2025-10-17,M,H,1,2,2
2025-10-17,T,H,1,2,2
2025-10-17,M,I,1,2,2
2025-10-17,T,I,0,1,1
2025-10-17,M,J,1,2,2
2025-10-17,T,J,1,2,2
2025-10-17,M,K,1,2,2
2025-10-17,T,K,1,2,2
2025-10-17,M,L,1,2,2
2025-10-17,T,L,1,2,2
2025-10-17,M,M,2,3,3
2025-10-17,T,M,1,2,2
2025-10-17,M,N,1,2,2
2025-10-17,T,N,1,2,2
2025-10-17,M,O,1,2,2
2025-10-17,T,O,1,2,2
2025-10-17,M,P,1,2,2
2025-10-17,T,P,1,2,2
2025-10-17,M,Q,1,2,2
2025-10-17,T,Q,1,2,2
2025-10-17,M,R,1,2,2
2025-10-17,T,R,1,2,2
2025-10-17,M,S,1,2,2
2025-10-17,T,S,1,2,2
2025-10-17,M,T,1,2,2
2025-10-17,T,T,1,2,2
2025-10-17,M,U,1,2,2
2025-10-17,T,U,1,2,2
2025-10-17,M,V,1,2,2
2025-10-17,T,V,1,2,2
2025-10-17,M,W,2,3,3
2025-10-17,T,W,1,2,2
2025-10-17,M,X,1,2,2
2025-10-17,T,X,1,2,2
2025-10-17,M,Y,1,2,2
2025-10-17,T,Y,1,2,2
2025-10-17,M,Z,1,2,2
2025-10-17,T,Z,1,2,2
2025-10-18,M,A,1,2,2
2025-10-18,T,A,1,2,2
2025-10-18,M,AA,1,2,2
2025-10-18,T,AA,1,2,2
2025-10-18,M,AB,1,2,2
2025-10-18,T,AB,1,2,2
2025-10-18,M,AC,1,2,2
2025-10-18,T,AC,1,2,2
2025-10-18,M,AD,1,2,2
2025-10-18,T,AD,1,2,2
2025-10-18,M,AE,1,2,2
2025-10-18,T,AE,2,3,3
2025-10-18,M,AF,1,2,2
2025-10-18,T,AF,1,2,2
2025-10-18,M,B,2,3,3
2025-10-18,T,B,1,2,2
2025-10-18,M,C,2,3,3
2025-10-18,T,C,1,2,2
2025-10-18,M,D,1,2,2
2025-10-18,T,D,1,2,2
2025-10-18,M,E,1,2,2
2025-10-18,T,E,2,3,3
2025-10-18,M,F,1,2,2
2025-10-18,T,F,1,2,2
2025-10-18,M,G,0,1,1
2025-10-18,T,G,1,2,2
2025-10-18,M,H,1,2,2
2025-10-18,T,H,1,2,2
2025-10-18,M,I,1,2,2
2025-10-18,T,I,1,2,2
2025-10-18,M,J,1,2,2
2025-10-18,T,J,2,3,3
2025-10-18,M,K,1,2,2
2025-10-18,T,K,1,2,2
2025-10-18,M,L,1,2,2
2025-10-18,T,L,1,2,2
2025-10-18,M,M,1,2,2
2025-10-18,T,M,1,2,2
2025-10-18,M,N,1,2,2
2025-10-18,T,N,1,2,2
2025-10-18,M,O,1,2,2
2025-10-18,T,O,1,2,2
2025-10-18,M,P,2,3,3
2025-10-18,T,P,2,3,3
2025-10-18,M,Q,1,2,2
2025-10-18,T,Q,1,2,2
2025-10-18,M,R,1,2,2
2025-10-18,T,R,1,2,2
2025-10-18,M,S,1,2,2
2025-10-18,T,S,1,2,2
2025-10-18,M,T,1,2,2
2025-10-18,T,T,1,2,2
2025-10-18,M,U,1,2,2
2025-10-18,T,U,1,2,2
2025-10-18,M,V,1,2,2
2025-10-18,T,V,1,2,2
2025-10-18,M,W,1,2,2
2025-10-18,T,W,1,2,2
2025-10-18,M,X,1,2,2
2025-10-18,T,X,1,2,2
2025-10-18,M,Y,1,2,2
2025-10-18,T,Y,2,3,3
2025-10-18,M,Z,1,2,2
2025-10-18,T,Z,1,2,2
2025-10-19,M,A,1,2,2
2025-10-19,T,A,1,2,2
2025-10-19,M,AA,1,2,2
2025-10-19,T,AA,1,2,2
2025-10-19,M,AB,1,2,2
2025-10-19,T,AB,1,2,2
2025-10-19,M,AC,1,2,2
2025-10-19,T,AC,1,2,2
2025-10-19,M,AD,1,2,2
2025-10-19,T,AD,1,2,2
2025-10-19,M,AE,1,2,2
2025-10-19,T,AE,1,2,2
2025-10-19,M,AF,2,3,3
2025-10-19,T,AF,0,1,1
2025-10-19,M,B,1,2,2
2025-10-19,T,B,1,2,2
2025-10-19,M,C,1,2,2
2025-10-19,T,C,0,1,1
2025-10-19,M,D,1,2,2
2025-10-19,T,D,1,2,2
2025-10-19,M,E,1,2,2
2025-10-19,T,E,1,2,2
2025-10-19,M,F,2,3,3
2025-10-19,T,F,1,2,2
2025-10-19,M,G,1,2,2
2025-10-19,T,G,1,2,2
2025-10-19,M,H,1,2,2
2025-10-19,T,H,1,2,2
2025-10-19,M,I,1,2,2
2025-10-19,T,I,1,2,2
2025-10-19,M,J,1,2,2
2025-10-19,T,J,1,2,2
2025-10-19,M,K,1,2,2
2025-10-19,T,K,1,2,2
2025-10-19,M,L,1,2,2
2025-10-19,T,L,1,2,2
2025-10-19,M,M,1,2,2
2025-10-19,T,M,1,2,2
2025-10-19,M,N,2,3,3
2025-10-19,T,N,1,2,2
2025-10-19,M,O,1,2,2
2025-10-19,T,O,1,2,2
2025-10-19,M,P,1,2,2
2025-10-19,T,P,1,2,2
2025-10-19,M,Q,1,2,2
2025-10-19,T,Q,1,2,2
2025-10-19,M,R,1,2,2
2025-10-19,T,R,1,2,2
2025-10-19,M,S,1,2,2
2025-10-19,T,S,0,1,1
2025-10-19,M,T,1,2,2
2025-10-19,T,T,1,2,2
2025-10-19,M,U,1,2,2
2025-10-19,T,U,1,2,2
2025-10-19,M,V,1,2,2
2025-10-19,T,V,1,2,2
2025-10-19,M,W,1,2,2
2025-10-19,T,W,1,2,2
2025-10-19,M,X,1,2,2
2025-10-19,T,X,1,2,2
2025-10-19,M,Y,1,2,2
2025-10-19,T,Y,1,2,2
2025-10-19,M,Z,0,1,1
2025-10-19,T,Z,1,2,2
2025-10-20,M,A,1,2,2
2025-10-20,T,A,1,2,2
2025-10-20,M,AA,1,2,2
2025-10-20,T,AA,1,2,2
2025-10-20,M,AB,1,2,2
2025-10-20,T,AB,1,2,2
2025-10-20,M,AC,1,2,2
2025-10-20,T,AC,1,2,2
2025-10-20,M,AD,1,2,2
2025-10-20,T,AD,1,2,2
2025-10-20,M,AE,1,2,2
2025-10-20,T,AE,1,2,2
2025-10-20,M,AF,0,1,1
2025-10-20,T,AF,1,2,2
2025-10-20,M,B,1,2,2
2025-10-20,T,B,1,2,2
2025-10-20,M,C,1,2,2
2025-10-20,T,C,1,2,2
2025-10-20,M,D,1,2,2
2025-10-20,T,D,1,2,2
2025-10-20,M,E,1,2,2
2025-10-20,T,E,1,2,2
2025-10-20,M,F,1,2,2
2025-10-20,T,F,1,2,2
2025-10-20,M,G,1,2,2
2025-10-20,T,G,1,2,2
2025-10-20,M,H,1,2,2
2025-10-20,T,H,1,2,2
2025-10-20,M,I,1,2,2
2025-10-20,T,I,1,2,2
2025-10-20,M,J,1,2,2
2025-10-20,T,J,1,2,2
2025-10-20,M,K,1,2,2
2025-10-20,T,K,1,2,2
2025-10-20,M,L,1,2,2
2025-10-20,T,L,1,2,2
2025-10-20,M,M,1,2,2
2025-10-20,T,M,1,2,2
2025-10-20,M,N,1,2,2
2025-10-20,T,N,1,2,2
2025-10-20,M,O,1,2,2
2025-10-20,T,O,1,2,2
2025-10-20,M,P,1,2,2
2025-10-20,T,P,1,2,2
2025-10-20,M,Q,1,2,2
2025-10-20,T,Q,1,2,2
2025-10-20,M,R,1,2,2
2025-10-20,T,R,1,2,2
2025-10-20,M,S,1,2,2
2025-10-20,T,S,1,2,2
2025-10-20,M,T,1,2,2
2025-10-20,T,T,2,3,3
2025-10-20,M,U,1,2,2
2025-10-20,T,U,1,2,2
2025-10-20,M,V,1,2,2
2025-10-20,T,V,1,2,2
2025-10-20,M,W,1,2,2
2025-10-20,T,W,1,2,2
2025-10-20,M,X,1,2,2
2025-10-20,T,X,1,2,2
2025-10-20,M,Y,1,2,2
2025-10-20,T,Y,1,2,2
2025-10-20,M,Z,1,2,2
2025-10-20,T,Z,2,3,3
2025-10-21,M,A,1,2,2
2025-10-21,T,A,1,2,2
2025-10-21,M,AA,1,2,2
2025-10-21,T,AA,1,2,2
2025-10-21,M,AB,1,2,2
2025-10-21,T,AB,1,2,2
2025-10-21,M,AC,1,2,2
2025-10-21,T,AC,1,2,2
2025-10-21,M,AD,1,2,2
2025-10-21,T,AD,1,2,2
2025-10-21,M,AE,1,2,2
2025-10-21,T,AE,1,2,2
2025-10-21,M,AF,1,2,2
2025-10-21,T,AF,2,3,3
2025-10-21,M,B,1,2,2
2025-10-21,T,B,1,2,2
2025-10-21,M,C,1,2,2
2025-10-21,T,C,1,2,2
2025-10-21,M,D,1,2,2
2025-10-21,T,D,1,2,2
2025-10-21,M,E,1,2,2
2025-10-21,T,E,1,2,2
2025-10-21,M,F,1,2,2
2025-10-21,T,F,1,2,2
2025-10-21,M,G,1,2,2
2025-10-21,T,G,1,2,2
2025-10-21,M,H,1,2,2
2025-10-21,T,H,1,2,2
2025-10-21,M,I,1,2,2
2025-10-21,T,I,1,2,2
2025-10-21,M,J,1,2,2
2025-10-21,T,J,1,2,2
2025-10-21,M,K,2,3,3
2025-10-21,T,K,1,2,2
2025-10-21,M,L,0,1,1
2025-10-21,T,L,1,2,2
2025-10-21,M,M,1,2,2
2025-10-21,T,M,1,2,2
2025-10-21,M,N,1,2,2
2025-10-21,T,N,1,2,2
2025-10-21,M,O,1,2,2
2025-10-21,T,O,2,3,3
2025-10-21,M,P,1,2,2
2025-10-21,T,P,1,2,2
2025-10-21,M,Q,1,2,2
2025-10-21,T,Q,1,2,2
2025-10-21,M,R,0,1,1
2025-10-21,T,R,1,2,2
2025-10-21,M,S,1,2,2
2025-10-21,T,S,1,2,2
2025-10-21,M,T,1,2,2
2025-10-21,T,T,1,2,2
2025-10-21,M,U,1,2,2
2025-10-21,T,U,0,1,1
2025-10-21,M,V,1,2,2
2025-10-21,T,V,1,2,2
2025-10-21,M,W,2,3,3
2025-10-21,T,W,1,2,2
2025-10-21,M,X,1,2,2
2025-10-21,T,X,1,2,2
2025-10-21,M,Y,1,2,2
2025-10-21,T,Y,1,2,2
2025-10-21,M,Z,1,2,2
2025-10-21,T,Z,1,2,2
2025-10-22,M,A,1,2,2
2025-10-22,T,A,1,2,2
2025-10-22,M,AA,2,3,3
2025-10-22,T,AA,1,2,2
2025-10-22,M,AB,1,2,2
2025-10-22,T,AB,1,2,2
2025-10-22,M,AC,1,2,2
2025-10-22,T,AC,1,2,2
2025-10-22,M,AD,1,2,2
2025-10-22,T,AD,1,2,2
2025-10-22,M,AE,1,2,2
2025-10-22,T,AE,1,2,2
2025-10-22,M,AF,1,2,2
2025-10-22,T,AF,1,2,2
2025-10-22,M,B,1,2,2
2025-10-22,T,B,1,2,2
2025-10-22,M,C,1,2,2
2025-10-22,T,C,1,2,2
2025-10-22,M,D,1,2,2
2025-10-22,T,D,1,2,2
2025-10-22,M,E,1,2,2
2025-10-22,T,E,1,2,2
2025-10-22,M,F,1,2,2
2025-10-22,T,F,1,2,2
2025-10-22,M,G,1,2,2
2025-10-22,T,G,1,2,2
2025-10-22,M,H,1,2,2
2025-10-22,T,H,0,1,1
2025-10-22,M,I,1,2,2
2025-10-22,T,I,1,2,2
2025-10-22,M,J,1,2,2
2025-10-22,T,J,1,2,2
2025-10-22,M,K,1,2,2
2025-10-22,T,K,1,2,2
2025-10-22,M,L,1,2,2
2025-10-22,T,L,1,2,2
2025-10-22,M,M,1,2,2
2025-10-22,T,M,1,2,2
2025-10-22,M,N,1,2,2
2025-10-22,T,N,1,2,2
2025-10-22,M,O,1,2,2
2025-10-22,T,O,1,2,2
2025-10-22,M,P,1,2,2
2025-10-22,T,P,1,2,2
2025-10-22,M,Q,1,2,2
2025-10-22,T,Q,1,2,2
2025-10-22,M,R,1,2,2
2025-10-22,T,R,1,2,2
2025-10-22,M,S,1,2,2
2025-10-22,T,S,1,2,2
2025-10-22,M,T,1,2,2
2025-10-22,T,T,1,2,2
2025-10-22,M,U,1,2,2
2025-10-22,T,U,1,2,2
2025-10-22,M,V,1,2,2
2025-10-22,T,V,1,2,2
2025-10-22,M,W,1,2,2
2025-10-22,T,W,1,2,2
2025-10-22,M,X,1,2,2
2025-10-22,T,X,1,2,2
2025-10-22,M,Y,1,2,2
2025-10-22,T,Y,1,2,2
2025-10-22,M,Z,1,2,2
2025-10-22,T,Z,1,2,2
2025-10-23,M,A,1,2,2
2025-10-23,T,A,1,2,2
2025-10-23,M,AA,1,2,2
2025-10-23,T,AA,0,1,1
2025-10-23,M,AB,1,2,2
2025-10-23,T,AB,1,2,2
2025-10-23,M,AC,1,2,2
2025-10-23,T,AC,1,2,2
2025-10-23,M,AD,1,2,2
2025-10-23,T,AD,1,2,2
2025-10-23,M,AE,0,1,1
2025-10-23,T,AE,0,1,1
2025-10-23,M,AF,1,2,2
2025-10-23,T,AF,1,2,2
2025-10-23,M,B,1,2,2
2025-10-23,T,B,1,2,2
2025-10-23,M,C,1,2,2
2025-10-23,T,C,1,2,2
2025-10-23,M,D,1,2,2
2025-10-23,T,D,1,2,2
2025-10-23,M,E,1,2,2
2025-10-23,T,E,1,2,2
2025-10-23,M,F,1,2,2
2025-10-23,T,F,1,2,2
2025-10-23,M,G,1,2,2
2025-10-23,T,G,2,3,3
2025-10-23,M,H,1,2,2
2025-10-23,T,H,1,2,2
2025-10-23,M,I,1,2,2
2025-10-23,T,I,1,2,2
2025-10-23,M,J,1,2,2
2025-10-23,T,J,1,2,2
2025-10-23,M,K,1,2,2
2025-10-23,T,K,1,2,2
2025-10-23,M,L,1,2,2
2025-10-23,T,L,1,2,2
2025-10-23,M,M,1,2,2
2025-10-23,T,M,1,2,2
2025-10-23,M,N,1,2,2
2025-10-23,T,N,1,2,2
2025-10-23,M,O,1,2,2
2025-10-23,T,O,1,2,2
2025-10-23,M,P,1,2,2
2025-10-23,T,P,1,2,2
2025-10-23,M,Q,1,2,2
2025-10-23,T,Q,1,2,2
2025-10-23,M,R,1,2,2
2025-10-23,T,R,1,2,2
2025-10-23,M,S,1,2,2
2025-10-23,T,S,1,2,2
2025-10-23,M,T,1,2,2
2025-10-23,T,T,1,2,2
2025-10-23,M,U,1,2,2
2025-10-23,T,U,1,2,2
2025-10-23,M,V,1,2,2
2025-10-23,T,V,2,3,3
2025-10-23,M,W,1,2,2
2025-10-23,T,W,1,2,2
2025-10-23,M,X,1,2,2
2025-10-23,T,X,1,2,2
2025-10-23,M,Y,1,2,2
2025-10-23,T,Y,1,2,2
2025-10-23,M,Z,1,2,2
2025-10-23,T,Z,1,2,2
2025-10-24,M,A,1,2,2
2025-10-24,T,A,1,2,2
2025-10-24,M,AA,1,2,2
2025-10-24,T,AA,1,2,2
2025-10-24,M,AB,1,2,2
2025-10-24,T,AB,1,2,2
2025-10-24,M,AC,1,2,2
2025-10-24,T,AC,1,2,2
2025-10-24,M,AD,1,2,2
2025-10-24,T,AD,1,2,2
2025-10-24,M,AE,1,2,2
2025-10-24,T,AE,1,2,2
2025-10-24,M,AF,1,2,2
2025-10-24,T,AF,1,2,2
2025-10-24,M,B,1,2,2
2025-10-24,T,B,0,1,1
2025-10-24,M,C,1,2,2
2025-10-24,T,C,1,2,2
2025-10-24,M,D,1,2,2
2025-10-24,T,D,1,2,2
2025-10-24,M,E,1,2,2
2025-10-24,T,E,1,2,2
2025-10-24,M,F,1,2,2
2025-10-24,T,F,1,2,2
2025-10-24,M,G,1,2,2
2025-10-24,T,G,1,2,2
2025-10-24,M,H,1,2,2
2025-10-24,T,H,1,2,2
2025-10-24,M,I,1,2,2
2025-10-24,T,I,1,2,2
2025-10-24,M,J,1,2,2
2025-10-24,T,J,1,2,2
2025-10-24,M,K,1,2,2
2025-10-24,T,K,2,3,3
2025-10-24,M,L,1,2,2
2025-10-24,T,L,1,2,2
2025-10-24,M,M,1,2,2
2025-10-24,T,M,1,2,2
2025-10-24,M,N,1,2,2
2025-10-24,T,N,1,2,2
2025-10-24,M,O,1,2,2
2025-10-24,T,O,1,2,2
2025-10-24,M,P,1,2,2
2025-10-24,T,P,1,2,2
2025-10-24,M,Q,1,2,2
2025-10-24,T,Q,1,2,2
2025-10-24,M,R,1,2,2
2025-10-24,T,R,1,2,2
2025-10-24,M,S,1,2,2
2025-10-24,T,S,1,2,2
2025-10-24,M,T,2,3,3
2025-10-24,T,T,1,2,2
2025-10-24,M,U,1,2,2
2025-10-24,T,U,1,2,2
2025-10-24,M,V,1,2,2
2025-10-24,T,V,2,3,3
2025-10-24,M,W,1,2,2
2025-10-24,T,W,1,2,2
2025-10-24,M,X,1,2,2
2025-10-24,T,X,1,2,2
2025-10-24,M,Y,1,2,2
2025-10-24,T,Y,1,2,2
2025-10-24,M,Z,1,2,2
2025-10-24,T,Z,1,2,2
2025-10-25,M,A,1,2,2
2025-10-25,T,A,1,2,2
2025-10-25,M,AA,1,2,2
2025-10-25,T,AA,1,2,2
2025-10-25,M,AB,1,2,2
2025-10-25,T,AB,1,2,2
2025-10-25,M,AC,1,2,2
2025-10-25,T,AC,1,2,2
2025-10-25,M,AD,1,2,2
2025-10-25,T,AD,1,2,2
2025-10-25,M,AE,1,2,2
2025-10-25,T,AE,1,2,2
2025-10-25,M,AF,1,2,2
2025-10-25,T,AF,1,2,2
2025-10-25,M,B,1,2,2
2025-10-25,T,B,1,2,2
2025-10-25,M,C,1,2,2
2025-10-25,T,C,1,2,2
2025-10-25,M,D,1,2,2
2025-10-25,T,D,1,2,2
2025-10-25,M,E,1,2,2
2025-10-25,T,E,1,2,2
2025-10-25,M,F,1,2,2
2025-10-25,T,F,1,2,2
2025-10-25,M,G,1,2,2
2025-10-25,T,G,1,2,2
2025-10-25,M,H,1,2,2
2025-10-25,T,H,1,2,2
2025-10-25,M,I,1,2,2
2025-10-25,T,I,1,2,2
2025-10-25,M,J,1,2,2
2025-10-25,T,J,1,2,2
2025-10-25,M,K,1,2,2
2025-10-25,T,K,1,2,2
2025-10-25,M,L,1,2,2
2025-10-25,T,L,1,2,2
2025-10-25,M,M,1,2,2
2025-10-25,T,M,1,2,2
2025-10-25,M,N,1,2,2
2025-10-25,T,N,1,2,2
2025-10-25,M,O,2,3,3
2025-10-25,T,O,1,2,2
2025-10-25,M,P,1,2,2
2025-10-25,T,P,1,2,2
2025-10-25,M,Q,1,2,2
2025-10-25,T,Q,1,2,2
2025-10-25,M,R,1,2,2
2025-10-25,T,R,1,2,2
2025-10-25,M,S,1,2,2
2025-10-25,T,S,1,2,2
2025-10-25,M,T,1,2,2
2025-10-25,T,T,1,2,2
2025-10-25,M,U,1,2,2
2025-10-25,T,U,1,2,2
2025-10-25,M,V,1,2,2
2025-10-25,T,V,1,2,2
2025-10-25,M,W,1,2,2
2025-10-25,T,W,1,2,2
2025-10-25,M,X,2,3,3
2025-10-25,T,X,1,2,2
2025-10-25,M,Y,1,2,2
2025-10-25,T,Y,1,2,2
2025-10-25,M,Z,1,2,2
2025-10-25,T,Z,1,2,2
2025-10-26,M,A,0,1,1
2025-10-26,T,A,1,2,2
2025-10-26,M,AA,1,2,2
2025-10-26,T,AA,1,2,2
2025-10-26,M,AB,1,2,2
2025-10-26,T,AB,1,2,2
2025-10-26,M,AC,1,2,2
2025-10-26,T,AC,1,2,2
2025-10-26,M,AD,1,2,2
2025-10-26,T,AD,1,2,2
2025-10-26,M,AE,1,2,2
2025-10-26,T,AE,1,2,2
2025-10-26,M,AF,1,2,2
2025-10-26,T,AF,1,2,2
2025-10-26,M,B,1,2,2
2025-10-26,T,B,1,2,2
2025-10-26,M,C,1,2,2
2025-10-26,T,C,1,2,2
2025-10-26,M,D,1,2,2
2025-10-26,T,D,1,2,2
2025-10-26,M,E,1,2,2
2025-10-26,T,E,1,2,2
2025-10-26,M,F,2,3,3
2025-10-26,T,F,1,2,2
2025-10-26,M,G,1,2,2
2025-10-26,T,G,1,2,2
2025-10-26,M,H,1,2,2
2025-10-26,T,H,2,3,3
2025-10-26,M,I,1,2,2
2025-10-26,T,I,1,2,2
2025-10-26,M,J,1,2,2
2025-10-26,T,J,1,2,2
2025-10-26,M,K,1,2,2
2025-10-26,T,K,1,2,2
2025-10-26,M,L,1,2,2
2025-10-26,T,L,1,2,2
2025-10-26,M,M,2,3,3
2025-10-26,T,M,1,2,2
2025-10-26,M,N,1,2,2
2025-10-26,T,N,1,2,2
2025-10-26,M,O,1,2,2
2025-10-26,T,O,1,2,2
2025-10-26,M,P,1,2,2
2025-10-26,T,P,1,2,2
2025-10-26,M,Q,1,2,2
2025-10-26,T,Q,1,2,2
2025-10-26,M,R,1,2,2
2025-10-26,T,R,2,3,3
2025-10-26,M,S,1,2,2
2025-10-26,T,S,1,2,2
2025-10-26,M,T,1,2,2
2025-10-26,T,T,1,2,2
2025-10-26,M,U,1,2,2
2025-10-26,T,U,1,2,2
2025-10-26,M,V,1,2,2
2025-10-26,T,V,1,2,2
2025-10-26,M,W,1,2,2
2025-10-26,T,W,1,2,2
2025-10-26,M,X,1,2,2
2025-10-26,T,X,1,2,2
2025-10-26,M,Y,1,2,2
2025-10-26,T,Y,1,2,2
2025-10-26,M,Z,1,2,2
2025-10-26,T,Z,1,2,2
2025-10-27,M,A,1,2,2
2025-10-27,T,A,1,2,2
2025-10-27,M,AA,1,2,2
2025-10-27,T,AA,1,2,2
2025-10-27,M,AB,1,2,2
2025-10-27,T,AB,2,3,3
2025-10-27,M,AC,1,2,2
2025-10-27,T,AC,1,2,2
2025-10-27,M,AD,1,2,2
2025-10-27,T,AD,1,2,2
2025-10-27,M,AE,1,2,2
2025-10-27,T,AE,1,2,2
2025-10-27,M,AF,1,2,2
2025-10-27,T,AF,1,2,2
2025-10-27,M,B,1,2,2
2025-10-27,T,B,1,2,2
2025-10-27,M,C,1,2,2
2025-10-27,T,C,1,2,2
2025-10-27,M,D,1,2,2
2025-10-27,T,D,1,2,2
2025-10-27,M,E,1,2,2
2025-10-27,T,E,1,2,2
2025-10-27,M,F,1,2,2
2025-10-27,T,F,1,2,2
2025-10-27,M,G,1,2,2
2025-10-27,T,G,1,2,2
2025-10-27,M,H,1,2,2
2025-10-27,T,H,1,2,2
2025-10-27,M,I,1,2,2
2025-10-27,T,I,1,2,2
2025-10-27,M,J,1,2,2
2025-10-27,T,J,1,2,2
2025-10-27,M,K,1,2,2
2025-10-27,T,K,1,2,2
2025-10-27,M,L,1,2,2
2025-10-27,T,L,1,2,2
2025-10-27,M,M,1,2,2
2025-10-27,T,M,1,2,2
2025-10-27,M,N,1,2,2
2025-10-27,T,N,0,1,1
2025-10-27,M,O,1,2,2
2025-10-27,T,O,1,2,2
2025-10-27,M,P,1,2,2
2025-10-27,T,P,1,2,2
2025-10-27,M,Q,1,2,2
2025-10-27,T,Q,1,2,2
2025-10-27,M,R,1,2,2
2025-10-27,T,R,1,2,2
2025-10-27,M,S,2,3,3
2025-10-27,T,S,1,2,2
2025-10-27,M,T,1,2,2
2025-10-27,T,T,1,2,2
2025-10-27,M,U,1,2,2
2025-10-27,T,U,1,2,2
2025-10-27,M,V,1,2,2
2025-10-27,T,V,1,2,2
2025-10-27,M,W,1,2,2
2025-10-27,T,W,1,2,2
2025-10-27,M,X,1,2,2
2025-10-27,T,X,1,2,2
2025-10-27,M,Y,1,2,2
2025-10-27,T,Y,2,3,3
2025-10-27,M,Z,1,2,2
2025-10-27,T,Z,1,2,2
2025-10-28,M,A,1,2,2
2025-10-28,T,A,1,2,2
2025-10-28,M,AA,1,2,2
2025-10-28,T,AA,1,2,2
2025-10-28,M,AB,1,2,2
2025-10-28,T,AB,1,2,2
2025-10-28,M,AC,1,2,2
2025-10-28,T,AC,1,2,2
2025-10-28,M,AD,1,2,2
2025-10-28,T,AD,1,2,2
2025-10-28,M,AE,1,2,2
2025-10-28,T,AE,1,2,2
2025-10-28,M,AF,1,2,2
2025-10-28,T,AF,1,2,2
2025-10-28,M,B,1,2,2
2025-10-28,T,B,2,3,3
2025-10-28,M,C,1,2,2
2025-10-28,T,C,1,2,2
2025-10-28,M,D,1,2,2
2025-10-28,T,D,1,2,2
2025-10-28,M,E,1,2,2
2025-10-28,T,E,1,2,2
2025-10-28,M,F,1,2,2
2025-10-28,T,F,1,2,2
2025-10-28,M,G,1,2,2
2025-10-28,T,G,1,2,2
2025-10-28,M,H,1,2,2
2025-10-28,T,H,1,2,2
2025-10-28,M,I,1,2,2
2025-10-28,T,I,1,2,2
2025-10-28,M,J,1,2,2
2025-10-28,T,J,1,2,2
2025-10-28,M,K,1,2,2
2025-10-28,T,K,1,2,2
2025-10-28,M,L,1,2,2
2025-10-28,T,L,1,2,2
2025-10-28,M,M,1,2,2
2025-10-28,T,M,1,2,2
2025-10-28,M,N,1,2,2
2025-10-28,T,N,1,2,2
2025-10-28,M,O,0,1,1
2025-10-28,T,O,1,2,2
2025-10-28,M,P,1,2,2
2025-10-28,T,P,1,2,2
2025-10-28,M,Q,1,2,2
2025-10-28,T,Q,1,2,2
2025-10-28,M,R,1,2,2
2025-10-28,T,R,1,2,2
2025-10-28,M,S,1,2,2
2025-10-28,T,S,1,2,2
2025-10-28,M,T,2,3,3
2025-10-28,T,T,1,2,2
2025-10-28,M,U,1,2,2
2025-10-28,T,U,2,3,3
2025-10-28,M,V,1,2,2
2025-10-28,T,V,0,1,1
2025-10-28,M,W,1,2,2
2025-10-28,T,W,1,2,2
2025-10-28,M,X,1,2,2
2025-10-28,T,X,1,2,2
2025-10-28,M,Y,1,2,2
2025-10-28,T,Y,1,2,2
2025-10-28,M,Z,1,2,2
2025-10-28,T,Z,0,1,1
2025-10-29,M,A,1,2,2
2025-10-29,T,A,1,2,2
2025-10-29,M,AA,1,2,2
2025-10-29,T,AA,1,2,2
2025-10-29,M,AB,2,3,3
2025-10-29,T,AB,1,2,2
2025-10-29,M,AC,1,2,2
2025-10-29,T,AC,1,2,2
2025-10-29,M,AD,1,2,2
2025-10-29,T,AD,1,2,2
2025-10-29,M,AE,1,2,2
2025-10-29,T,AE,1,2,2
2025-10-29,M,AF,1,2,2
2025-10-29,T,AF,1,2,2
2025-10-29,M,B,1,2,2
2025-10-29,T,B,1,2,2
2025-10-29,M,C,1,2,2
2025-10-29,T,C,1,2,2
2025-10-29,M,D,1,2,2
2025-10-29,T,D,1,2,2
2025-10-29,M,E,2,3,3
2025-10-29,T,E,1,2,2
2025-10-29,M,F,1,2,2
2025-10-29,T,F,1,2,2
2025-10-29,M,G,1,2,2
2025-10-29,T,G,1,2,2
2025-10-29,M,H,1,2,2
2025-10-29,T,H,1,2,2
2025-10-29,M,I,1,2,2
2025-10-29,T,I,1,2,2
2025-10-29,M,J,1,2,2
2025-10-29,T,J,1,2,2
2025-10-29,M,K,1,2,2
2025-10-29,T,K,1,2,2
2025-10-29,M,L,1,2,2
2025-10-29,T,L,1,2,2
2025-10-29,M,M,1,2,2
2025-10-29,T,M,1,2,2
2025-10-29,M,N,1,2,2
2025-10-29,T,N,1,2,2
2025-10-29,M,O,1,2,2
2025-10-29,T,O,1,2,2
2025-10-29,M,P,1,2,2
2025-10-29,T,P,1,2,2
2025-10-29,M,Q,2,3,3
2025-10-29,T,Q,1,2,2
2025-10-29,M,R,1,2,2
2025-10-29,T,R,1,2,2
2025-10-29,M,S,1,2,2
2025-10-29,T,S,1,2,2
2025-10-29,M,T,1,2,2
2025-10-29,T,T,1,2,2
2025-10-29,M,U,1,2,2
2025-10-29,T,U,1,2,2
2025-10-29,M,V,1,2,2
2025-10-29,T,V,1,2,2
2025-10-29,M,W,1,2,2
2025-10-29,T,W,1,2,2
2025-10-29,M,X,1,2,2
2025-10-29,T,X,1,2,2
2025-10-29,M,Y,1,2,2
2025-10-29,T,Y,1,2,2
2025-10-29,M,Z,1,2,2
2025-10-29,T,Z,1,2,2
2025-10-30,M,A,1,2,2
2025-10-30,T,A,1,2,2
2025-10-30,M,AA,1,2,2
2025-10-30,T,AA,1,2,2
2025-10-30,M,AB,1,2,2
2025-10-30,T,AB,1,2,2
2025-10-30,M,AC,1,2,2
2025-10-30,T,AC,1,2,2
2025-10-30,M,AD,1,2,2
2025-10-30,T,AD,1,2,2
2025-10-30,M,AE,1,2,2
2025-10-30,T,AE,2,3,3
2025-10-30,M,AF,1,2,2
2025-10-30,T,AF,1,2,2
2025-10-30,M,B,1,2,2
2025-10-30,T,B,1,2,2
2025-10-30,M,C,1,2,2
2025-10-30,T,C,2,3,3
2025-10-30,M,D,1,2,2
2025-10-30,T,D,1,2,2
2025-10-30,M,E,1,2,2
2025-10-30,T,E,1,2,2
2025-10-30,M,F,1,2,2
2025-10-30,T,F,1,2,2
2025-10-30,M,G,1,2,2
2025-10-30,T,G,1,2,2
2025-10-30,M,H,1,2,2
2025-10-30,T,H,1,2,2
2025-10-30,M,I,1,2,2
2025-10-30,T,I,1,2,2
2025-10-30,M,J,1,2,2
2025-10-30,T,J,1,2,2
2025-10-30,M,K,1,2,2
2025-10-30,T,K,1,2,2
2025-10-30,M,L,1,2,2
2025-10-30,T,L,1,2,2
2025-10-30,M,M,1,2,2
2025-10-30,T,M,1,2,2
2025-10-30,M,N,1,2,2
2025-10-30,T,N,1,2,2
2025-10-30,M,O,1,2,2
2025-10-30,T,O,1,2,2
2025-10-30,M,P,1,2,2
2025-10-30,T,P,1,2,2
2025-10-30,M,Q,1,2,2
2025-10-30,T,Q,1,2,2
2025-10-30,M,R,0,1,1
2025-10-30,T,R,1,2,2
2025-10-30,M,S,1,2,2
2025-10-30,T,S,1,2,2
2025-10-30,M,T,1,2,2
2025-10-30,T,T,1,2,2
2025-10-30,M,U,1,2,2
2025-10-30,T,U,1,2,2
2025-10-30,M,V,1,2,2
2025-10-30,T,V,1,2,2
2025-10-30,M,W,1,2,2
2025-10-30,T,W,1,2,2
2025-10-30,M,X,1,2,2
2025-10-30,T,X,1,2,2
2025-10-30,M,Y,1,2,2
2025-10-30,T,Y,2,3,3
2025-10-30,M,Z,1,2,2
2025-10-30,T,Z,1,2,2
2025-10-31,M,A,1,2,2
2025-10-31,T,A,1,2,2
2025-10-31,M,AA,1,2,2
2025-10-31,T,AA,1,2,2
2025-10-31,M,AB,1,2,2
2025-10-31,T,AB,1,2,2
2025-10-31,M,AC,1,2,2
2025-10-31,T,AC,1,2,2
2025-10-31,M,AD,1,2,2
2025-10-31,T,AD,1,2,2
2025-10-31,M,AE,1,2,2
2025-10-31,T,AE,1,2,2
2025-10-31,M,AF,1,2,2
2025-10-31,T,AF,1,2,2
2025-10-31,M,B,1,2,2
2025-10-31,T,B,1,2,2
2025-10-31,M,C,1,2,2
2025-10-31,T,C,1,2,2
2025-10-31,M,D,1,2,2
2025-10-31,T,D,1,2,2
2025-10-31,M,E,1,2,2
2025-10-31,T,E,1,2,2
2025-10-31,M,F,0,1,1
2025-10-31,T,F,2,3,3
2025-10-31,M,G,1,2,2
2025-10-31,T,G,1,2,2
2025-10-31,M,H,1,2,2
2025-10-31,T,H,1,2,2
2025-10-31,M,I,1,2,2
2025-10-31,T,I,1,2,2
2025-10-31,M,J,1,2,2
2025-10-31,T,J,1,2,2
2025-10-31,M,K,1,2,2
2025-10-31,T,K,1,2,2
2025-10-31,M,L,1,2,2
2025-10-31,T,L,1,2,2
2025-10-31,M,M,1,2,2
2025-10-31,T,M,2,3,3
2025-10-31,M,N,1,2,2
2025-10-31,T,N,1,2,2
2025-10-31,M,O,1,2,2
2025-10-31,T,O,1,2,2
2025-10-31,M,P,1,2,2
2025-10-31,T,P,1,2,2
2025-10-31,M,Q,1,2,2
2025-10-31,T,Q,1,2,2
2025-10-31,M,R,1,2,2
2025-10-31,T,R,1,2,2
2025-10-31,M,S,1,2,2
2025-10-31,T,S,1,2,2
2025-10-31,M,T,1,2,2
2025-10-31,T,T,1,2,2
2025-10-31,M,U,1,2,2
2025-10-31,T,U,1,2,2
2025-10-31,M,V,1,2,2
2025-10-31,T,V,1,2,2
2025-10-31,M,W,1,2,2
2025-10-31,T,W,1,2,2
2025-10-31,M,X,1,2,2
2025-10-31,T,X,1,2,2
2025-10-31,M,Y,1,2,2
2025-10-31,T,Y,1,2,2
2025-10-31,M,Z,1,2,2
2025-10-31,T,Z,1,2,2
2025-11-01,M,A,1,2,2
2025-11-01,T,A,1,2,2
2025-11-01,M,AA,1,2,2
2025-11-01,T,AA,1,2,2
2025-11-01,M,AB,1,2,2
2025-11-01,T,AB,1,2,2
2025-11-01,M,AC,1,2,2
2025-11-01,T,AC,2,3,3
2025-11-01,M,AD,1,2,2
2025-11-01,T,AD,1,2,2
2025-11-01,M,AE,1,2,2
2025-11-01,T,AE,1,2,2
2025-11-01,M,AF,1,2,2
2025-11-01,T,AF,1,2,2
2025-11-01,M,B,1,2,2
2025-11-01,T,B,1,2,2
2025-11-01,M,C,1,2,2
2025-11-01,T,C,1,2,2
2025-11-01,M,D,1,2,2
2025-11-01,T,D,1,2,2
2025-11-01,M,E,1,2,2
2025-11-01,T,E,1,2,2
2025-11-01,M,F,1,2,2
2025-11-01,T,F,1,2,2
2025-11-01,M,G,1,2,2
2025-11-01,T,G,1,2,2
2025-11-01,M,H,1,2,2
2025-11-01,T,H,1,2,2
2025-11-01,M,I,1,2,2
2025-11-01,T,I,1,2,2
2025-11-01,M,J,1,2,2
2025-11-01,T,J,1,2,2
2025-11-01,M,K,1,2,2
2025-11-01,T,K,1,2,2
2025-11-01,M,L,1,2,2
2025-11-01,T,L,1,2,2
2025-11-01,M,M,1,2,2
2025-11-01,T,M,1,2,2
2025-11-01,M,N,1,2,2
2025-11-01,T,N,1,2,2
2025-11-01,M,O,1,2,2
2025-11-01,T,O,1,2,2
2025-11-01,M,P,1,2,2
2025-11-01,T,P,1,2,2
2025-11-01,M,Q,1,2,2
2025-11-01,T,Q,1,2,2
2025-11-01,M,R,1,2,2
2025-11-01,T,R,1,2,2
2025-11-01,M,S,1,2,2
2025-11-01,T,S,0,1,1
2025-11-01,M,T,1,2,2
2025-11-01,T,T,1,2,2
2025-11-01,M,U,1,2,2
2025-11-01,T,U,1,2,2
2025-11-01,M,V,1,2,2
2025-11-01,T,V,1,2,2
2025-11-01,M,W,1,2,2
2025-11-01,T,W,1,2,2
2025-11-01,M,X,1,2,2
2025-11-01,T,X,1,2,2
2025-11-01,M,Y,1,2,2
2025-11-01,T,Y,1,2,2
2025-11-01,M,Z,1,2,2
2025-11-01,T,Z,1,2,2
2025-11-02,M,A,1,2,2
2025-11-02,T,A,1,2,2
2025-11-02,M,AA,1,2,2
2025-11-02,T,AA,1,2,2
2025-11-02,M,AB,0,1,1
2025-11-02,T,AB,1,2,2
2025-11-02,M,AC,1,2,2
2025-11-02,T,AC,1,2,2
2025-11-02,M,AD,1,2,2
2025-11-02,T,AD,1,2,2
2025-11-02,M,AE,1,2,2
2025-11-02,T,AE,2,3,3
2025-11-02,M,AF,1,2,2
2025-11-02,T,AF,1,2,2
2025-11-02,M,B,1,2,2
2025-11-02,T,B,1,2,2
2025-11-02,M,C,1,2,2
2025-11-02,T,C,1,2,2
2025-11-02,M,D,1,2,2
2025-11-02,T,D,1,2,2
2025-11-02,M,E,1,2,2
2025-11-02,T,E,1,2,2
2025-11-02,M,F,1,2,2
2025-11-02,T,F,1,2,2
2025-11-02,M,G,1,2,2
2025-11-02,T,G,1,2,2
2025-11-02,M,H,1,2,2
2025-11-02,T,H,1,2,2
2025-11-02,M,I,1,2,2
2025-11-02,T,I,1,2,2
2025-11-02,M,J,1,2,2
2025-11-02,T,J,1,2,2
2025-11-02,M,K,1,2,2
2025-11-02,T,K,1,2,2
2025-11-02,M,L,1,2,2
2025-11-02,T,L,1,2,2
2025-11-02,M,M,1,2,2
2025-11-02,T,M,1,2,2
2025-11-02,M,N,1,2,2
2025-11-02,T,N,1,2,2
2025-11-02,M,O,1,2,2
2025-11-02,T,O,1,2,2
2025-11-02,M,P,1,2,2
2025-11-02,T,P,1,2,2
2025-11-02,M,Q,1,2,2
2025-11-02,T,Q,1,2,2
2025-11-02,M,R,1,2,2
2025-11-02,T,R,1,2,2
2025-11-02,M,S,1,2,2
2025-11-02,T,S,1,2,2
2025-11-02,M,T,1,2,2
2025-11-02,T,T,1,2,2
2025-11-02,M,U,1,2,2
2025-11-02,T,U,1,2,2
2025-11-02,M,V,1,2,2
2025-11-02,T,V,1,2,2
2025-11-02,M,W,1,2,2
2025-11-02,T,W,1,2,2
2025-11-02,M,X,1,2,2
2025-11-02,T,X,1,2,2
2025-11-02,M,Y,1,2,2
2025-11-02,T,Y,1,2,2
2025-11-02,M,Z,1,2,2
2025-11-02,T,Z,1,2,2
2025-11-03,M,A,1,2,2
2025-11-03,T,A,1,2,2
2025-11-03,M,AA,1,2,2
2025-11-03,T,AA,1,2,2
2025-11-03,M,AB,1,2,2
2025-11-03,T,AB,1,2,2
2025-11-03,M,AC,1,2,2
2025-11-03,T,AC,1,2,2
2025-11-03,M,AD,1,2,2
2025-11-03,T,AD,1,2,2
2025-11-03,M,AE,1,2,2
2025-11-03,T,AE,1,2,2
2025-11-03,M,AF,1,2,2
2025-11-03,T,AF,1,2,2
2025-11-03,M,B,1,2,2
2025-11-03,T,B,1,2,2
2025-11-03,M,C,1,2,2
2025-11-03,T,C,1,2,2
2025-11-03,M,D,1,2,2
2025-11-03,T,D,1,2,2
2025-11-03,M,E,1,2,2
2025-11-03,T,E,1,2,2
2025-11-03,M,F,1,2,2
2025-11-03,T,F,1,2,2
2025-11-03,M,G,2,3,3
2025-11-03,T,G,1,2,2
2025-11-03,M,H,1,2,2
2025-11-03,T,H,1,2,2
2025-11-03,M,I,1,2,2
2025-11-03,T,I,0,1,1
2025-11-03,M,J,1,2,2
2025-11-03,T,J,0,1,1
2025-11-03,M,K,1,2,2
2025-11-03,T,K,1,2,2
2025-11-03,M,L,1,2,2
2025-11-03,T,L,1,2,2
2025-11-03,M,M,1,2,2
2025-11-03,T,M,1,2,2
2025-11-03,M,N,1,2,2
2025-11-03,T,N,1,2,2
2025-11-03,M,O,1,2,2
2025-11-03,T,O,1,2,2
2025-11-03,M,P,1,2,2
2025-11-03,T,P,1,2,2
2025-11-03,M,Q,1,2,2
2025-11-03,T,Q,1,2,2
2025-11-03,M,R,1,2,2
2025-11-03,T,R,1,2,2
2025-11-03,M,S,0,1,1
2025-11-03,T,S,1,2,2
2025-11-03,M,T,1,2,2
2025-11-03,T,T,1,2,2
2025-11-03,M,U,1,2,2
2025-11-03,T,U,1,2,2
2025-11-03,M,V,0,1,1
2025-11-03,T,V,1,2,2
2025-11-03,M,W,1,2,2
2025-11-03,T,W,1,2,2
2025-11-03,M,X,1,2,2
2025-11-03,T,X,1,2,2
2025-11-03,M,Y,1,2,2
2025-11-03,T,Y,2,3,3
2025-11-03,M,Z,1,2,2
2025-11-03,T,Z,0,1,1
2025-11-04,M,A,1,2,2
2025-11-04,T,A,1,2,2
2025-11-04,M,AA,1,2,2
2025-11-04,T,AA,1,2,2
2025-11-04,M,AB,1,2,2
2025-11-04,T,AB,1,2,2
2025-11-04,M,AC,1,2,2
2025-11-04,T,AC,1,2,2
2025-11-04,M,AD,1,2,2
2025-11-04,T,AD,1,2,2
2025-11-04,M,AE,1,2,2
2025-11-04,T,AE,1,2,2
2025-11-04,M,AF,1,2,2
2025-11-04,T,AF,1,2,2
2025-11-04,M,B,1,2,2
2025-11-04,T,B,0,1,1
2025-11-04,M,C,1,2,2
2025-11-04,T,C,1,2,2
2025-11-04,M,D,1,2,2
2025-11-04,T,D,1,2,2
2025-11-04,M,E,2,3,3
2025-11-04,T,E,1,2,2
2025-11-04,M,F,1,2,2
2025-11-04,T,F,1,2,2
2025-11-04,M,G,1,2,2
2025-11-04,T,G,1,2,2
2025-11-04,M,H,1,2,2
2025-11-04,T,H,1,2,2
2025-11-04,M,I,1,2,2
2025-11-04,T,I,1,2,2
2025-11-04,M,J,1,2,2
2025-11-04,T,J,1,2,2
2025-11-04,M,K,1,2,2
2025-11-04,T,K,1,2,2
2025-11-04,M,L,1,2,2
2025-11-04,T,L,1,2,2
2025-11-04,M,M,2,3,3
2025-11-04,T,M,1,2,2
2025-11-04,M,N,1,2,2
2025-11-04,T,N,1,2,2
2025-11-04,M,O,1,2,2
2025-11-04,T,O,1,2,2
2025-11-04,M,P,1,2,2
2025-11-04,T,P,1,2,2
2025-11-04,M,Q,1,2,2
2025-11-04,T,Q,1,2,2
2025-11-04,M,R,1,2,2
2025-11-04,T,R,1,2,2
2025-11-04,M,S,1,2,2
2025-11-04,T,S,1,2,2
2025-11-04,M,T,1,2,2
2025-11-04,T,T,0,1,1
2025-11-04,M,U,1,2,2
2025-11-04,T,U,1,2,2
2025-11-04,M,V,1,2,2
2025-11-04,T,V,1,2,2
2025-11-04,M,W,1,2,2
2025-11-04,T,W,1,2,2
2025-11-04,M,X,1,2,2
2025-11-04,T,X,1,2,2
2025-11-04,M,Y,1,2,2
2025-11-04,T,Y,1,2,2
2025-11-04,M,Z,1,2,2
2025-11-04,T,Z,1,2,2
2025-11-05,M,A,1,2,2
2025-11-05,T,A,0,1,1
2025-11-05,M,AA,1,2,2
2025-11-05,T,AA,1,2,2
2025-11-05,M,AB,2,3,3
2025-11-05,T,AB,1,2,2
2025-11-05,M,AC,1,2,2
2025-11-05,T,AC,2,3,3
2025-11-05,M,AD,1,2,2
2025-11-05,T,AD,0,1,1
2025-11-05,M,AE,1,2,2
2025-11-05,T,AE,1,2,2
2025-11-05,M,AF,1,2,2
2025-11-05,T,AF,1,2,2
2025-11-05,M,B,0,1,1
2025-11-05,T,B,1,2,2
2025-11-05,M,C,1,2,2
2025-11-05,T,C,0,1,1
2025-11-05,M,D,1,2,2
2025-11-05,T,D,1,2,2
2025-11-05,M,E,1,2,2
2025-11-05,T,E,1,2,2
2025-11-05,M,F,0,1,1
2025-11-05,T,F,1,2,2
2025-11-05,M,G,1,2,2
2025-11-05,T,G,1,2,2
2025-11-05,M,H,1,2,2
2025-11-05,T,H,1,2,2
2025-11-05,M,I,1,2,2
2025-11-05,T,I,1,2,2
2025-11-05,M,J,1,2,2
2025-11-05,T,J,1,2,2
2025-11-05,M,K,1,2,2
2025-11-05,T,K,1,2,2
2025-11-05,M,L,0,1,1
2025-11-05,T,L,1,2,2
2025-11-05,M,M,1,2,2
2025-11-05,T,M,1,2,2
2025-11-05,M,N,1,2,2
2025-11-05,T,N,1,2,2
2025-11-05,M,O,1,2,2
2025-11-05,T,O,1,2,2
2025-11-05,M,P,1,2,2
2025-11-05,T,P,1,2,2
2025-11-05,M,Q,1,2,2
2025-11-05,T,Q,1,2,2
2025-11-05,M,R,1,2,2
2025-11-05,T,R,2,3,3
2025-11-05,M,S,1,2,2
2025-11-05,T,S,1,2,2
2025-11-05,M,T,1,2,2
2025-11-05,T,T,1,2,2
2025-11-05,M,U,1,2,2
2025-11-05,T,U,1,2,2
2025-11-05,M,V,1,2,2
2025-11-05,T,V,1,2,2
2025-11-05,M,W,1,2,2
2025-11-05,T,W,1,2,2
2025-11-05,M,X,1,2,2
2025-11-05,T,X,1,2,2
2025-11-05,M,Y,2,3,3
2025-11-05,T,Y,0,1,1
2025-11-05,M,Z,1,2,2
2025-11-05,T,Z,1,2,2
2025-11-06,M,A,1,2,2
2025-11-06,T,A,1,2,2
2025-11-06,M,AA,1,2,2
2025-11-06,T,AA,1,2,2
2025-11-06,M,AB,1,2,2
2025-11-06,T,AB,1,2,2
2025-11-06,M,AC,1,2,2
2025-11-06,T,AC,1,2,2
2025-11-06,M,AD,1,2,2
2025-11-06,T,AD,1,2,2
2025-11-06,M,AE,1,2,2
2025-11-06,T,AE,1,2,2
2025-11-06,M,AF,1,2,2
2025-11-06,T,AF,2,3,3
2025-11-06,M,B,1,2,2
2025-11-06,T,B,1,2,2
2025-11-06,M,C,1,2,2
2025-11-06,T,C,1,2,2
2025-11-06,M,D,1,2,2
2025-11-06,T,D,0,1,1
2025-11-06,M,E,1,2,2
2025-11-06,T,E,1,2,2
2025-11-06,M,F,1,2,2
2025-11-06,T,F,1,2,2
2025-11-06,M,G,1,2,2
2025-11-06,T,G,1,2,2
2025-11-06,M,H,1,2,2
2025-11-06,T,H,1,2,2
2025-11-06,M,I,2,3,3
2025-11-06,T,I,1,2,2
2025-11-06,M,J,0,1,1
2025-11-06,T,J,1,2,2
2025-11-06,M,K,1,2,2
2025-11-06,T,K,2,3,3
2025-11-06,M,L,1,2,2
2025-11-06,T,L,1,2,2
2025-11-06,M,M,1,2,2
2025-11-06,T,M,1,2,2
2025-11-06,M,N,1,2,2
2025-11-06,T,N,1,2,2
2025-11-06,M,O,1,2,2
2025-11-06,T,O,1,2,2
2025-11-06,M,P,1,2,2
2025-11-06,T,P,1,2,2
2025-11-06,M,Q,1,2,2
2025-11-06,T,Q,1,2,2
2025-11-06,M,R,1,2,2
2025-11-06,T,R,1,2,2
2025-11-06,M,S,1,2,2
2025-11-06,T,S,1,2,2
2025-11-06,M,T,1,2,2
2025-11-06,T,T,1,2,2
2025-11-06,M,U,1,2,2
2025-11-06,T,U,1,2,2
2025-11-06,M,V,1,2,2
2025-11-06,T,V,1,2,2
2025-11-06,M,W,1,2,2
2025-11-06,T,W,1,2,2
2025-11-06,M,X,1,2,2
2025-11-06,T,X,1,2,2
2025-11-06,M,Y,1,2,2
2025-11-06,T,Y,1,2,2
2025-11-06,M,Z,1,2,2
2025-11-06,T,Z,1,2,2
2025-11-07,M,A,1,2,2
2025-11-07,T,A,1,2,2
2025-11-07,M,AA,1,2,2
2025-11-07,T,AA,1,2,2
2025-11-07,M,AB,1,2,2
2025-11-07,T,AB,1,2,2
2025-11-07,M,AC,1,2,2
2025-11-07,T,AC,1,2,2
2025-11-07,M,AD,1,2,2
2025-11-07,T,AD,1,2,2
2025-11-07,M,AE,2,3,3
2025-11-07,T,AE,1,2,2
2025-11-07,M,AF,1,2,2
2025-11-07,T,AF,1,2,2
2025-11-07,M,B,1,2,2
2025-11-07,T,B,1,2,2
2025-11-07,M,C,1,2,2
2025-11-07,T,C,1,2,2
2025-11-07,M,D,1,2,2
2025-11-07,T,D,1,2,2
2025-11-07,M,E,1,2,2
2025-11-07,T,E,1,2,2
2025-11-07,M,F,1,2,2
2025-11-07,T,F,1,2,2
2025-11-07,M,G,1,2,2
2025-11-07,T,G,1,2,2
2025-11-07,M,H,1,2,2
2025-11-07,T,H,1,2,2
2025-11-07,M,I,1,2,2
2025-11-07,T,I,1,2,2
2025-11-07,M,J,1,2,2
2025-11-07,T,J,1,2,2
2025-11-07,M,K,1,2,2
2025-11-07,T,K,1,2,2
2025-11-07,M,L,1,2,2
2025-11-07,T,L,1,2,2
2025-11-07,M,M,1,2,2
2025-11-07,T,M,1,2,2
2025-11-07,M,N,1,2,2
2025-11-07,T,N,1,2,2
2025-11-07,M,O,1,2,2
2025-11-07,T,O,1,2,2
2025-11-07,M,P,1,2,2
2025-11-07,T,P,1,2,2
2025-11-07,M,Q,1,2,2
2025-11-07,T,Q,1,2,2
2025-11-07,M,R,1,2,2
2025-11-07,T,R,1,2,2
2025-11-07,M,S,1,2,2
2025-11-07,T,S,1,2,2
2025-11-07,M,T,1,2,2
2025-11-07,T,T,1,2,2
2025-11-07,M,U,0,1,1
2025-11-07,T,U,1,2,2
2025-11-07,M,V,1,2,2
2025-11-07,T,V,1,2,2
2025-11-07,M,W,1,2,2
2025-11-07,T,W,1,2,2
2025-11-07,M,X,1,2,2
2025-11-07,T,X,1,2,2
2025-11-07,M,Y,1,2,2
2025-11-07,T,Y,1,2,2
2025-11-07,M,Z,1,2,2
2025-11-07,T,Z,1,2,2
2025-11-08,M,A,1,2,2
2025-11-08,T,A,0,1,1
2025-11-08,M,AA,1,2,2
2025-11-08,T,AA,1,2,2
2025-11-08,M,AB,1,2,2
2025-11-08,T,AB,1,2,2
2025-11-08,M,AC,1,2,2
2025-11-08,T,AC,1,2,2
2025-11-08,M,AD,1,2,2
2025-11-08,T,AD,1,2,2
2025-11-08,M,AE,1,2,2
2025-11-08,T,AE,1,2,2
2025-11-08,M,AF,1,2,2
2025-11-08,T,AF,1,2,2
2025-11-08,M,B,1,2,2
2025-11-08,T,B,1,2,2
2025-11-08,M,C,1,2,2
2025-11-08,T,C,1,2,2
2025-11-08,M,D,1,2,2
2025-11-08,T,D,0,1,1
2025-11-08,M,E,1,2,2
2025-11-08,T,E,1,2,2
2025-11-08,M,F,1,2,2
2025-11-08,T,F,1,2,2
2025-11-08,M,G,1,2,2
2025-11-08,T,G,1,2,2
2025-11-08,M,H,1,2,2
2025-11-08,T,H,1,2,2
2025-11-08,M,I,1,2,2
2025-11-08,T,I,1,2,2
2025-11-08,M,J,1,2,2
2025-11-08,T,J,2,3,3
2025-11-08,M,K,1,2,2
2025-11-08,T,K,1,2,2
2025-11-08,M,L,2,3,3
2025-11-08,T,L,1,2,2
2025-11-08,M,M,0,1,1
2025-11-08,T,M,1,2,2
2025-11-08,M,N,1,2,2
2025-11-08,T,N,2,3,3
2025-11-08,M,O,1,2,2
2025-11-08,T,O,1,2,2
2025-11-08,M,P,1,2,2
2025-11-08,T,P,1,2,2
2025-11-08,M,Q,1,2,2
2025-11-08,T,Q,1,2,2
2025-11-08,M,R,1,2,2
2025-11-08,T,R,1,2,2
2025-11-08,M,S,1,2,2
2025-11-08,T,S,1,2,2
2025-11-08,M,T,1,2,2
2025-11-08,T,T,1,2,2
2025-11-08,M,U,1,2,2
2025-11-08,T,U,1,2,2
2025-11-08,M,V,1,2,2
2025-11-08,T,V,1,2,2
2025-11-08,M,W,0,1,1
2025-11-08,T,W,1,2,2
2025-11-08,M,X,1,2,2
2025-11-08,T,X,1,2,2
2025-11-08,M,Y,1,2,2
2025-11-08,T,Y,1,2,2
2025-11-08,M,Z,1,2,2
2025-11-08,T,Z,1,2,2
2025-11-09,M,A,1,2,2
2025-11-09,T,A,1,2,2
2025-11-09,M,AA,1,2,2
2025-11-09,T,AA,1,2,2
2025-11-09,M,AB,1,2,2
2025-11-09,T,AB,1,2,2
2025-11-09,M,AC,1,2,2
2025-11-09,T,AC,1,2,2
2025-11-09,M,AD,1,2,2
2025-11-09,T,AD,1,2,2
2025-11-09,M,AE,2,3,3
2025-11-09,T,AE,1,2,2
2025-11-09,M,AF,1,2,2
2025-11-09,T,AF,1,2,2
2025-11-09,M,B,1,2,2
2025-11-09,T,B,2,3,3
2025-11-09,M,C,2,3,3
2025-11-09,T,C,1,2,2
2025-11-09,M,D,1,2,2
2025-11-09,T,D,1,2,2
2025-11-09,M,E,1,2,2
2025-11-09,T,E,1,2,2
2025-11-09,M,F,1,2,2
2025-11-09,T,F,1,2,2
2025-11-09,M,G,1,2,2
2025-11-09,T,G,1,2,2
2025-11-09,M,H,0,1,1
2025-11-09,T,H,1,2,2
2025-11-09,M,I,0,1,1
2025-11-09,T,I,1,2,2
2025-11-09,M,J,1,2,2
2025-11-09,T,J,1,2,2
2025-11-09,M,K,0,1,1
2025-11-09,T,K,1,2,2
2025-11-09,M,L,1,2,2
2025-11-09,T,L,1,2,2
2025-11-09,M,M,1,2,2
2025-11-09,T,M,1,2,2
2025-11-09,M,N,1,2,2
2025-11-09,T,N,1,2,2
2025-11-09,M,O,1,2,2
2025-11-09,T,O,1,2,2
2025-11-09,M,P,1,2,2
2025-11-09,T,P,1,2,2
2025-11-09,M,Q,1,2,2
2025-11-09,T,Q,1,2,2
2025-11-09,M,R,1,2,2
2025-11-09,T,R,1,2,2
2025-11-09,M,S,1,2,2
2025-11-09,T,S,1,2,2
2025-11-09,M,T,1,2,2
2025-11-09,T,T,1,2,2
2025-11-09,M,U,1,2,2
2025-11-09,T,U,1,2,2
2025-11-09,M,V,1,2,2
2025-11-09,T,V,1,2,2
2025-11-09,M,W,1,2,2
2025-11-09,T,W,1,2,2
2025-11-09,M,X,1,2,2
2025-11-09,T,X,1,2,2
2025-11-09,M,Y,1,2,2
2025-11-09,T,Y,1,2,2
2025-11-09,M,Z,1,2,2
2025-11-09,T,Z,1,2,2
2025-11-10,M,A,1,2,2
2025-11-10,T,A,1,2,2
2025-11-10,M,AA,1,2,2
2025-11-10,T,AA,1,2,2
2025-11-10,M,AB,1,2,2
2025-11-10,T,AB,1,2,2
2025-11-10,M,AC,1,2,2
2025-11-10,T,AC,1,2,2
2025-11-10,M,AD,1,2,2
2025-11-10,T,AD,1,2,2
2025-11-10,M,AE,0,1,1
2025-11-10,T,AE,1,2,2
2025-11-10,M,AF,1,2,2
2025-11-10,T,AF,1,2,2
2025-11-10,M,B,1,2,2
2025-11-10,T,B,0,1,1
2025-11-10,M,C,1,2,2
2025-11-10,T,C,1,2,2
2025-11-10,M,D,2,3,3
2025-11-10,T,D,1,2,2
2025-11-10,M,E,1,2,2
2025-11-10,T,E,1,2,2
2025-11-10,M,F,1,2,2
2025-11-10,T,F,0,1,1
2025-11-10,M,G,1,2,2
2025-11-10,T,G,1,2,2
2025-11-10,M,H,1,2,2
2025-11-10,T,H,1,2,2
2025-11-10,M,I,1,2,2
2025-11-10,T,I,1,2,2
2025-11-10,M,J,1,2,2
2025-11-10,T,J,1,2,2
2025-11-10,M,K,1,2,2
2025-11-10,T,K,1,2,2
2025-11-10,M,L,1,2,2
2025-11-10,T,L,2,3,3
2025-11-10,M,M,2,3,3
2025-11-10,T,M,0,1,1
2025-11-10,M,N,1,2,2
2025-11-10,T,N,1,2,2
2025-11-10,M,O,1,2,2
2025-11-10,T,O,1,2,2
2025-11-10,M,P,1,2,2
2025-11-10,T,P,1,2,2
2025-11-10,M,Q,1,2,2
2025-11-10,T,Q,1,2,2
2025-11-10,M,R,1,2,2
2025-11-10,T,R,1,2,2
2025-11-10,M,S,1,2,2
2025-11-10,T,S,1,2,2
2025-11-10,M,T,1,2,2
2025-11-10,T,T,1,2,2
2025-11-10,M,U,1,2,2
2025-11-10,T,U,1,2,2
2025-11-10,M,V,1,2,2
2025-11-10,T,V,1,2,2
2025-11-10,M,W,1,2,2
2025-11-10,T,W,1,2,2
2025-11-10,M,X,1,2,2
2025-11-10,T,X,1,2,2
2025-11-10,M,Y,1,2,2
2025-11-10,T,Y,1,2,2
2025-11-10,M,Z,1,2,2
2025-11-10,T,Z,1,2,2
2025-11-11,M,A,1,2,2
2025-11-11,T,A,1,2,2
2025-11-11,M,AA,1,2,2
2025-11-11,T,AA,1,2,2
2025-11-11,M,AB,1,2,2
2025-11-11,T,AB,0,1,1
2025-11-11,M,AC,1,2,2
2025-11-11,T,AC,1,2,2
2025-11-11,M,AD,1,2,2
2025-11-11,T,AD,1,2,2
2025-11-11,M,AE,1,2,2
2025-11-11,T,AE,1,2,2
2025-11-11,M,AF,1,2,2
2025-11-11,T,AF,1,2,2
2025-11-11,M,B,1,2,2
2025-11-11,T,B,1,2,2
2025-11-11,M,C,1,2,2
2025-11-11,T,C,1,2,2
2025-11-11,M,D,1,2,2
2025-11-11,T,D,1,2,2
2025-11-11,M,E,1,2,2
2025-11-11,T,E,1,2,2
2025-11-11,M,F,1,2,2
2025-11-11,T,F,1,2,2
2025-11-11,M,G,1,2,2
2025-11-11,T,G,1,2,2
2025-11-11,M,H,1,2,2
2025-11-11,T,H,2,3,3
2025-11-11,M,I,1,2,2
2025-11-11,T,I,1,2,2
2025-11-11,M,J,1,2,2
2025-11-11,T,J,1,2,2
2025-11-11,M,K,1,2,2
2025-11-11,T,K,1,2,2
2025-11-11,M,L,1,2,2
2025-11-11,T,L,1,2,2
2025-11-11,M,M,1,2,2
2025-11-11,T,M,1,2,2
2025-11-11,M,N,1,2,2
2025-11-11,T,N,1,2,2
2025-11-11,M,O,0,1,1
2025-11-11,T,O,1,2,2
2025-11-11,M,P,1,2,2
2025-11-11,T,P,1,2,2
2025-11-11,M,Q,1,2,2
2025-11-11,T,Q,2,3,3
2025-11-11,M,R,1,2,2
2025-11-11,T,R,1,2,2
2025-11-11,M,S,1,2,2
2025-11-11,T,S,2,3,3
2025-11-11,M,T,1,2,2
2025-11-11,T,T,1,2,2
2025-11-11,M,U,1,2,2
2025-11-11,T,U,1,2,2
2025-11-11,M,V,1,2,2
2025-11-11,T,V,1,2,2
2025-11-11,M,W,1,2,2
2025-11-11,T,W,1,2,2
2025-11-11,M,X,1,2,2
2025-11-11,T,X,1,2,2
2025-11-11,M,Y,1,2,2
2025-11-11,T,Y,1,2,2
2025-11-11,M,Z,1,2,2
2025-11-11,T,Z,1,2,2
2025-11-12,M,A,1,2,2
2025-11-12,T,A,1,2,2
2025-11-12,M,AA,1,2,2
2025-11-12,T,AA,1,2,2
2025-11-12,M,AB,0,1,1
2025-11-12,T,AB,1,2,2
2025-11-12,M,AC,1,2,2
2025-11-12,T,AC,1,2,2
2025-11-12,M,AD,1,2,2
2025-11-12,T,AD,1,2,2
2025-11-12,M,AE,1,2,2
2025-11-12,T,AE,1,2,2
2025-11-12,M,AF,1,2,2
2025-11-12,T,AF,1,2,2
2025-11-12,M,B,1,2,2
2025-11-12,T,B,1,2,2
2025-11-12,M,C,1,2,2
2025-11-12,T,C,1,2,2
2025-11-12,M,D,1,2,2
2025-11-12,T,D,1,2,2
2025-11-12,M,E,0,1,1
2025-11-12,T,E,1,2,2
2025-11-12,M,F,1,2,2
2025-11-12,T,F,1,2,2
2025-11-12,M,G,1,2,2
2025-11-12,T,G,1,2,2
2025-11-12,M,H,1,2,2
2025-11-12,T,H,1,2,2
2025-11-12,M,I,1,2,2
2025-11-12,T,I,1,2,2
2025-11-12,M,J,1,2,2
2025-11-12,T,J,1,2,2
2025-11-12,M,K,1,2,2
2025-11-12,T,K,1,2,2
2025-11-12,M,L,1,2,2
2025-11-12,T,L,1,2,2
2025-11-12,M,M,1,2,2
2025-11-12,T,M,1,2,2
2025-11-12,M,N,1,2,2
2025-11-12,T,N,1,2,2
2025-11-12,M,O,2,3,3
2025-11-12,T,O,1,2,2
2025-11-12,M,P,1,2,2
2025-11-12,T,P,1,2,2
2025-11-12,M,Q,1,2,2
2025-11-12,T,Q,1,2,2
2025-11-12,M,R,1,2,2
2025-11-12,T,R,1,2,2
2025-11-12,M,S,1,2,2
2025-11-12,T,S,1,2,2
2025-11-12,M,T,1,2,2
2025-11-12,T,T,1,2,2
2025-11-12,M,U,1,2,2
2025-11-12,T,U,1,2,2
2025-11-12,M,V,1,2,2
2025-11-12,T,V,1,2,2
2025-11-12,M,W,1,2,2
2025-11-12,T,W,1,2,2
2025-11-12,M,X,1,2,2
2025-11-12,T,X,1,2,2
2025-11-12,M,Y,1,2,2
2025-11-12,T,Y,1,2,2
2025-11-12,M,Z,1,2,2
2025-11-12,T,Z,1,2,2
2025-11-13,M,A,1,2,2
2025-11-13,T,A,1,2,2
2025-11-13,M,AA,1,2,2
2025-11-13,T,AA,1,2,2
2025-11-13,M,AB,1,2,2
2025-11-13,T,AB,1,2,2
2025-11-13,M,AC,1,2,2
2025-11-13,T,AC,1,2,2
2025-11-13,M,AD,0,1,1
2025-11-13,T,AD,1,2,2
2025-11-13,M,AE,1,2,2
2025-11-13,T,AE,1,2,2
2025-11-13,M,AF,1,2,2
2025-11-13,T,AF,2,3,3
2025-11-13,M,B,1,2,2
2025-11-13,T,B,1,2,2
2025-11-13,M,C,1,2,2
2025-11-13,T,C,1,2,2
2025-11-13,M,D,1,2,2
2025-11-13,T,D,1,2,2
2025-11-13,M,E,1,2,2
2025-11-13,T,E,1,2,2
2025-11-13,M,F,1,2,2
2025-11-13,T,F,1,2,2
2025-11-13,M,G,1,2,2
2025-11-13,T,G,1,2,2
2025-11-13,M,H,1,2,2
2025-11-13,T,H,1,2,2
2025-11-13,M,I,1,2,2
2025-11-13,T,I,1,2,2
2025-11-13,M,J,2,3,3
2025-11-13,T,J,1,2,2
2025-11-13,M,K,1,2,2
2025-11-13,T,K,1,2,2
2025-11-13,M,L,1,2,2
2025-11-13,T,L,1,2,2
2025-11-13,M,M,1,2,2
2025-11-13,T,M,1,2,2
2025-11-13,M,N,1,2,2
2025-11-13,T,N,1,2,2
2025-11-13,M,O,1,2,2
2025-11-13,T,O,1,2,2
2025-11-13,M,P,1,2,2
2025-11-13,T,P,1,2,2
2025-11-13,M,Q,1,2,2
2025-11-13,T,Q,1,2,2
2025-11-13,M,R,2,3,3
2025-11-13,T,R,2,3,3
2025-11-13,M,S,1,2,2
2025-11-13,T,S,1,2,2
2025-11-13,M,T,1,2,2
2025-11-13,T,T,2,3,3
2025-11-13,M,U,1,2,2
2025-11-13,T,U,1,2,2
2025-11-13,M,V,1,2,2
2025-11-13,T,V,1,2,2
2025-11-13,M,W,1,2,2
2025-11-13,T,W,1,2,2
2025-11-13,M,X,1,2,2
2025-11-13,T,X,1,2,2
2025-11-13,M,Y,1,2,2
2025-11-13,T,Y,1,2,2
2025-11-13,M,Z,1,2,2
2025-11-13,T,Z,1,2,2
2025-11-14,M,A,0,1,1
2025-11-14,T,A,1,2,2
2025-11-14,M,AA,1,2,2
2025-11-14,T,AA,1,2,2
2025-11-14,M,AB,1,2,2
2025-11-14,T,AB,1,2,2
2025-11-14,M,AC,1,2,2
2025-11-14,T,AC,1,2,2
2025-11-14,M,AD,1,2,2
2025-11-14,T,AD,1,2,2
2025-11-14,M,AE,1,2,2
2025-11-14,T,AE,1,2,2
2025-11-14,M,AF,1,2,2
2025-11-14,T,AF,1,2,2
2025-11-14,M,B,1,2,2
2025-11-14,T,B,1,2,2
2025-11-14,M,C,1,2,2
2025-11-14,T,C,1,2,2
2025-11-14,M,D,1,2,2
2025-11-14,T,D,1,2,2
2025-11-14,M,E,1,2,2
2025-11-14,T,E,1,2,2
2025-11-14,M,F,1,2,2
2025-11-14,T,F,1,2,2
2025-11-14,M,G,1,2,2
2025-11-14,T,G,1,2,2
2025-11-14,M,H,1,2,2
2025-11-14,T,H,1,2,2
2025-11-14,M,I,1,2,2
2025-11-14,T,I,1,2,2
2025-11-14,M,J,1,2,2
2025-11-14,T,J,1,2,2
2025-11-14,M,K,1,2,2
2025-11-14,T,K,1,2,2
2025-11-14,M,L,1,2,2
2025-11-14,T,L,1,2,2
2025-11-14,M,M,1,2,2
2025-11-14,T,M,1,2,2
2025-11-14,M,N,1,2,2
2025-11-14,T,N,1,2,2
2025-11-14,M,O,1,2,2
2025-11-14,T,O,1,2,2
2025-11-14,M,P,1,2,2
2025-11-14,T,P,1,2,2
2025-11-14,M,Q,1,2,2
2025-11-14,T,Q,1,2,2
2025-11-14,M,R,1,2,2
2025-11-14,T,R,1,2,2
2025-11-14,M,S,1,2,2
2025-11-14,T,S,1,2,2
2025-11-14,M,T,1,2,2
2025-11-14,T,T,1,2,2
2025-11-14,M,U,1,2,2
2025-11-14,T,U,1,2,2
2025-11-14,M,V,1,2,2
2025-11-14,T,V,1,2,2
2025-11-14,M,W,1,2,2
2025-11-14,T,W,1,2,2
2025-11-14,M,X,1,2,2
2025-11-14,T,X,1,2,2
2025-11-14,M,Y,1,2,2
2025-11-14,T,Y,1,2,2
2025-11-14,M,Z,1,2,2
2025-11-14,T,Z,1,2,2
2025-11-15,M,A,1,2,2
2025-11-15,T,A,1,2,2
2025-11-15,M,AA,1,2,2
2025-11-15,T,AA,2,3,3
2025-11-15,M,AB,1,2,2
2025-11-15,T,AB,1,2,2
2025-11-15,M,AC,1,2,2
2025-11-15,T,AC,1,2,2
2025-11-15,M,AD,1,2,2
2025-11-15,T,AD,1,2,2
2025-11-15,M,AE,1,2,2
2025-11-15,T,AE,1,2,2
2025-11-15,M,AF,1,2,2
2025-11-15,T,AF,1,2,2
2025-11-15,M,B,2,3,3
2025-11-15,T,B,1,2,2
2025-11-15,M,C,1,2,2
2025-11-15,T,C,1,2,2
2025-11-15,M,D,1,2,2
2025-11-15,T,D,1,2,2
2025-11-15,M,E,1,2,2
2025-11-15,T,E,1,2,2
2025-11-15,M,F,1,2,2
2025-11-15,T,F,1,2,2
2025-11-15,M,G,1,2,2
2025-11-15,T,G,1,2,2
2025-11-15,M,H,1,2,2
2025-11-15,T,H,1,2,2
2025-11-15,M,I,1,2,2
2025-11-15,T,I,1,2,2
2025-11-15,M,J,1,2,2
2025-11-15,T,J,1,2,2
2025-11-15,M,K,2,3,3
2025-11-15,T,K,1,2,2
2025-11-15,M,L,1,2,2
2025-11-15,T,L,1,2,2
2025-11-15,M,M,1,2,2
2025-11-15,T,M,1,2,2
2025-11-15,M,N,0,1,1
2025-11-15,T,N,1,2,2
2025-11-15,M,O,1,2,2
2025-11-15,T,O,1,2,2
2025-11-15,M,P,1,2,2
2025-11-15,T,P,1,2,2
2025-11-15,M,Q,1,2,2
2025-11-15,T,Q,2,3,3
2025-11-15,M,R,1,2,2
2025-11-15,T,R,1,2,2
2025-11-15,M,S,1,2,2
2025-11-15,T,S,1,2,2
2025-11-15,M,T,1,2,2
2025-11-15,T,T,1,2,2
2025-11-15,M,U,2,3,3
2025-11-15,T,U,1,2,2
2025-11-15,M,V,1,2,2
2025-11-15,T,V,1,2,2
2025-11-15,M,W,1,2,2
2025-11-15,T,W,1,2,2
2025-11-15,M,X,1,2,2
2025-11-15,T,X,1,2,2
2025-11-15,M,Y,1,2,2
2025-11-15,T,Y,1,2,2
2025-11-15,M,Z,1,2,2
2025-11-15,T,Z,1,2,2
2025-11-16,M,A,1,2,2
2025-11-16,T,A,1,2,2
2025-11-16,M,AA,1,2,2
2025-11-16,T,AA,1,2,2
2025-11-16,M,AB,1,2,2
2025-11-16,T,AB,1,2,2
2025-11-16,M,AC,1,2,2
2025-11-16,T,AC,1,2,2
2025-11-16,M,AD,1,2,2
2025-11-16,T,AD,1,2,2
2025-11-16,M,AE,1,2,2
2025-11-16,T,AE,1,2,2
2025-11-16,M,AF,1,2,2
2025-11-16,T,AF,1,2,2
2025-11-16,M,B,1,2,2
2025-11-16,T,B,1,2,2
2025-11-16,M,C,1,2,2
2025-11-16,T,C,1,2,2
2025-11-16,M,D,1,2,2
2025-11-16,T,D,1,2,2
2025-11-16,M,E,1,2,2
2025-11-16,T,E,1,2,2
2025-11-16,M,F,1,2,2
2025-11-16,T,F,1,2,2
2025-11-16,M,G,1,2,2
2025-11-16,T,G,1,2,2
2025-11-16,M,H,1,2,2
2025-11-16,T,H,1,2,2
2025-11-16,M,I,1,2,2
2025-11-16,T,I,1,2,2
2025-11-16,M,J,1,2,2
2025-11-16,T,J,1,2,2
2025-11-16,M,K,1,2,2
2025-11-16,T,K,1,2,2
2025-11-16,M,L,1,2,2
2025-11-16,T,L,1,2,2
2025-11-16,M,M,1,2,2
2025-11-16,T,M,1,2,2
2025-11-16,M,N,1,2,2
2025-11-16,T,N,1,2,2
2025-11-16,M,O,1,2,2
2025-11-16,T,O,1,2,2
2025-11-16,M,P,1,2,2
2025-11-16,T,P,1,2,2
2025-11-16,M,Q,1,2,2
2025-11-16,T,Q,0,1,1
2025-11-16,M,R,0,1,1
2025-11-16,T,R,1,2,2
2025-11-16,M,S,1,2,2
2025-11-16,T,S,0,1,1
2025-11-16,M,T,1,2,2
2025-11-16,T,T,1,2,2
2025-11-16,M,U,1,2,2
2025-11-16,T,U,1,2,2
2025-11-16,M,V,1,2,2
2025-11-16,T,V,1,2,2
2025-11-16,M,W,1,2,2
2025-11-16,T,W,1,2,2
2025-11-16,M,X,1,2,2
2025-11-16,T,X,2,3,3
2025-11-16,M,Y,1,2,2
2025-11-16,T,Y,1,2,2
2025-11-16,M,Z,1,2,2
2025-11-16,T,Z,1,2,2
2025-11-17,M,A,1,2,2
2025-11-17,T,A,1,2,2
2025-11-17,M,AA,1,2,2
2025-11-17,T,AA,1,2,2
2025-11-17,M,AB,1,2,2
2025-11-17,T,AB,1,2,2
2025-11-17,M,AC,1,2,2
2025-11-17,T,AC,1,2,2
2025-11-17,M,AD,1,2,2
2025-11-17,T,AD,1,2,2
2025-11-17,M,AE,1,2,2
2025-11-17,T,AE,1,2,2
2025-11-17,M,AF,1,2,2
2025-11-17,T,AF,2,3,3
2025-11-17,M,B,1,2,2
2025-11-17,T,B,1,2,2
2025-11-17,M,C,1,2,2
2025-11-17,T,C,1,2,2
2025-11-17,M,D,1,2,2
2025-11-17,T,D,1,2,2
2025-11-17,M,E,1,2,2
2025-11-17,T,E,1,2,2
2025-11-17,M,F,1,2,2
2025-11-17,T,F,1,2,2
2025-11-17,M,G,1,2,2
2025-11-17,T,G,1,2,2
2025-11-17,M,H,1,2,2
2025-11-17,T,H,1,2,2
2025-11-17,M,I,1,2,2
2025-11-17,T,I,1,2,2
2025-11-17,M,J,1,2,2
2025-11-17,T,J,1,2,2
2025-11-17,M,K,1,2,2
2025-11-17,T,K,1,2,2
2025-11-17,M,L,1,2,2
2025-11-17,T,L,1,2,2
2025-11-17,M,M,1,2,2
2025-11-17,T,M,1,2,2
2025-11-17,M,N,1,2,2
2025-11-17,T,N,1,2,2
2025-11-17,M,O,1,2,2
2025-11-17,T,O,1,2,2
2025-11-17,M,P,1,2,2
2025-11-17,T,P,1,2,2
2025-11-17,M,Q,1,2,2
2025-11-17,T,Q,1,2,2
2025-11-17,M,R,1,2,2
2025-11-17,T,R,1,2,2
2025-11-17,M,S,1,2,2
2025-11-17,T,S,1,2,2
2025-11-17,M,T,1,2,2
2025-11-17,T,T,1,2,2
2025-11-17,M,U,1,2,2
2025-11-17,T,U,1,2,2
2025-11-17,M,V,0,1,1
2025-11-17,T,V,1,2,2
2025-11-17,M,W,1,2,2
2025-11-17,T,W,1,2,2
2025-11-17,M,X,1,2,2
2025-11-17,T,X,1,2,2
2025-11-17,M,Y,1,2,2
2025-11-17,T,Y,1,2,2
2025-11-17,M,Z,1,2,2
2025-11-17,T,Z,1,2,2
2025-11-18,M,A,1,2,2
2025-11-18,T,A,1,2,2
2025-11-18,M,AA,1,2,2
2025-11-18,T,AA,1,2,2
2025-11-18,M,AB,1,2,2
2025-11-18,T,AB,1,2,2
2025-11-18,M,AC,1,2,2
2025-11-18,T,AC,1,2,2
2025-11-18,M,AD,1,2,2
2025-11-18,T,AD,1,2,2
2025-11-18,M,AE,1,2,2
2025-11-18,T,AE,1,2,2
2025-11-18,M,AF,1,2,2
2025-11-18,T,AF,1,2,2
2025-11-18,M,B,1,2,2
2025-11-18,T,B,1,2,2
2025-11-18,M,C,1,2,2
2025-11-18,T,C,1,2,2
2025-11-18,M,D,1,2,2
2025-11-18,T,D,0,1,1
2025-11-18,M,E,1,2,2
2025-11-18,T,E,2,3,3
2025-11-18,M,F,1,2,2
2025-11-18,T,F,1,2,2
2025-11-18,M,G,1,2,2
2025-11-18,T,G,1,2,2
2025-11-18,M,H,1,2,2
2025-11-18,T,H,1,2,2
2025-11-18,M,I,1,2,2
2025-11-18,T,I,1,2,2
2025-11-18,M,J,1,2,2
2025-11-18,T,J,2,3,3
2025-11-18,M,K,1,2,2
2025-11-18,T,K,1,2,2
2025-11-18,M,L,1,2,2
2025-11-18,T,L,1,2,2
2025-11-18,M,M,1,2,2
2025-11-18,T,M,1,2,2
2025-11-18,M,N,1,2,2
2025-11-18,T,N,1,2,2
2025-11-18,M,O,1,2,2
2025-11-18,T,O,1,2,2
2025-11-18,M,P,1,2,2
2025-11-18,T,P,1,2,2
2025-11-18,M,Q,1,2,2
2025-11-18,T,Q,1,2,2
2025-11-18,M,R,1,2,2
2025-11-18,T,R,1,2,2
2025-11-18,M,S,1,2,2
2025-11-18,T,S,1,2,2
2025-11-18,M,T,1,2,2
2025-11-18,T,T,1,2,2
2025-11-18,M,U,1,2,2
2025-11-18,T,U,1,2,2
2025-11-18,M,V,1,2,2
2025-11-18,T,V,1,2,2
2025-11-18,M,W,1,2,2
2025-11-18,T,W,1,2,2
2025-11-18,M,X,1,2,2
2025-11-18,T,X,1,2,2
2025-11-18,M,Y,1,2,2
2025-11-18,T,Y,1,2,2
2025-11-18,M,Z,1,2,2
2025-11-18,T,Z,1,2,2
2025-11-19,M,A,1,2,2
2025-11-19,T,A,1,2,2
2025-11-19,M,AA,1,2,2
2025-11-19,T,AA,1,2,2
2025-11-19,M,AB,1,2,2
2025-11-19,T,AB,1,2,2
2025-11-19,M,AC,1,2,2
2025-11-19,T,AC,1,2,2
2025-11-19,M,AD,1,2,2
2025-11-19,T,AD,1,2,2
2025-11-19,M,AE,1,2,2
2025-11-19,T,AE,1,2,2
2025-11-19,M,AF,1,2,2
2025-11-19,T,AF,1,2,2
2025-11-19,M,B,1,2,2
2025-11-19,T,B,1,2,2
2025-11-19,M,C,1,2,2
2025-11-19,T,C,1,2,2
2025-11-19,M,D,1,2,2
2025-11-19,T,D,1,2,2
2025-11-19,M,E,1,2,2
2025-11-19,T,E,1,2,2
2025-11-19,M,F,1,2,2
2025-11-19,T,F,1,2,2
2025-11-19,M,G,1,2,2
2025-11-19,T,G,1,2,2
2025-11-19,M,H,1,2,2
2025-11-19,T,H,1,2,2
2025-11-19,M,I,1,2,2
2025-11-19,T,I,1,2,2
2025-11-19,M,J,1,2,2
2025-11-19,T,J,1,2,2
2025-11-19,M,K,1,2,2
2025-11-19,T,K,1,2,2
2025-11-19,M,L,1,2,2
2025-11-19,T,L,1,2,2
2025-11-19,M,M,1,2,2
2025-11-19,T,M,1,2,2
2025-11-19,M,N,1,2,2
2025-11-19,T,N,1,2,2
2025-11-19,M,O,1,2,2
2025-11-19,T,O,1,2,2
2025-11-19,M,P,1,2,2
2025-11-19,T,P,1,2,2
2025-11-19,M,Q,0,1,1
2025-11-19,T,Q,1,2,2
2025-11-19,M,R,1,2,2
2025-11-19,T,R,1,2,2
2025-11-19,M,S,1,2,2
2025-11-19,T,S,1,2,2
2025-11-19,M,T,1,2,2
2025-11-19,T,T,1,2,2
2025-11-19,M,U,1,2,2
2025-11-19,T,U,1,2,2
2025-11-19,M,V,0,1,1
2025-11-19,T,V,1,2,2
2025-11-19,M,W,1,2,2
2025-11-19,T,W,1,2,2
2025-11-19,M,X,1,2,2
2025-11-19,T,X,1,2,2
2025-11-19,M,Y,0,1,1
2025-11-19,T,Y,1,2,2
2025-11-19,M,Z,1,2,2
2025-11-19,T,Z,1,2,2
2025-11-20,M,A,1,2,2
2025-11-20,T,A,1,2,2
2025-11-20,M,AA,0,1,1
2025-11-20,T,AA,1,2,2
2025-11-20,M,AB,1,2,2
2025-11-20,T,AB,1,2,2
2025-11-20,M,AC,1,2,2
2025-11-20,T,AC,1,2,2
2025-11-20,M,AD,1,2,2
2025-11-20,T,AD,1,2,2
2025-11-20,M,AE,1,2,2
2025-11-20,T,AE,1,2,2
2025-11-20,M,AF,1,2,2
2025-11-20,T,AF,1,2,2
2025-11-20,M,B,0,1,1
2025-11-20,T,B,1,2,2
2025-11-20,M,C,1,2,2
2025-11-20,T,C,1,2,2
2025-11-20,M,D,1,2,2
2025-11-20,T,D,1,2,2
2025-11-20,M,E,1,2,2
2025-11-20,T,E,1,2,2
2025-11-20,M,F,1,2,2
2025-11-20,T,F,1,2,2
2025-11-20,M,G,1,2,2
2025-11-20,T,G,1,2,2
2025-11-20,M,H,1,2,2
2025-11-20,T,H,1,2,2
2025-11-20,M,I,1,2,2
2025-11-20,T,I,1,2,2
2025-11-20,M,J,1,2,2
2025-11-20,T,J,1,2,2
2025-11-20,M,K,1,2,2
2025-11-20,T,K,1,2,2
2025-11-20,M,L,1,2,2
2025-11-20,T,L,1,2,2
2025-11-20,M,M,1,2,2
2025-11-20,T,M,1,2,2
2025-11-20,M,N,1,2,2
2025-11-20,T,N,1,2,2
2025-11-20,M,O,2,3,3
2025-11-20,T,O,1,2,2
2025-11-20,M,P,1,2,2
2025-11-20,T,P,1,2,2
2025-11-20,M,Q,1,2,2
2025-11-20,T,Q,1,2,2
2025-11-20,M,R,1,2,2
2025-11-20,T,R,1,2,2
2025-11-20,M,S,1,2,2
2025-11-20,T,S,1,2,2
2025-11-20,M,T,2,3,3
2025-11-20,T,T,1,2,2
2025-11-20,M,U,1,2,2
2025-11-20,T,U,1,2,2
2025-11-20,M,V,1,2,2
2025-11-20,T,V,1,2,2
2025-11-20,M,W,1,2,2
2025-11-20,T,W,1,2,2
2025-11-20,M,X,1,2,2
2025-11-20,T,X,1,2,2
2025-11-20,M,Y,1,2,2
2025-11-20,T,Y,1,2,2
2025-11-20,M,Z,1,2,2
2025-11-20,T,Z,1,2,2
2025-11-21,M,A,1,2,2
2025-11-21,T,A,1,2,2
2025-11-21,M,AA,1,2,2
2025-11-21,T,AA,2,3,3
2025-11-21,M,AB,1,2,2
2025-11-21,T,AB,1,2,2
2025-11-21,M,AC,1,2,2
2025-11-21,T,AC,1,2,2
2025-11-21,M,AD,1,2,2
2025-11-21,T,AD,1,2,2
2025-11-21,M,AE,1,2,2
2025-11-21,T,AE,1,2,2
2025-11-21,M,AF,1,2,2
2025-11-21,T,AF,1,2,2
2025-11-21,M,B,1,2,2
2025-11-21,T,B,1,2,2
2025-11-21,M,C,2,3,3
2025-11-21,T,C,1,2,2
2025-11-21,M,D,1,2,2
2025-11-21,T,D,1,2,2
2025-11-21,M,E,1,2,2
2025-11-21,T,E,1,2,2
2025-11-21,M,F,1,2,2
2025-11-21,T,F,1,2,2
2025-11-21,M,G,2,3,3
2025-11-21,T,G,1,2,2
2025-11-21,M,H,2,3,3
2025-11-21,T,H,1,2,2
2025-11-21,M,I,1,2,2
2025-11-21,T,I,1,2,2
2025-11-21,M,J,1,2,2
2025-11-21,T,J,1,2,2
2025-11-21,M,K,2,3,3
2025-11-21,T,K,1,2,2
2025-11-21,M,L,1,2,2
2025-11-21,T,L,1,2,2
2025-11-21,M,M,1,2,2
2025-11-21,T,M,1,2,2
2025-11-21,M,N,1,2,2
2025-11-21,T,N,1,2,2
2025-11-21,M,O,1,2,2
2025-11-21,T,O,1,2,2
2025-11-21,M,P,1,2,2
2025-11-21,T,P,1,2,2
2025-11-21,M,Q,1,2,2
2025-11-21,T,Q,1,2,2
2025-11-21,M,R,1,2,2
2025-11-21,T,R,1,2,2
2025-11-21,M,S,1,2,2
2025-11-21,T,S,1,2,2
2025-11-21,M,T,1,2,2
2025-11-21,T,T,1,2,2
2025-11-21,M,U,1,2,2
2025-11-21,T,U,1,2,2
2025-11-21,M,V,1,2,2
2025-11-21,T,V,1,2,2
2025-11-21,M,W,1,2,2
2025-11-21,T,W,1,2,2
2025-11-21,M,X,1,2,2
2025-11-21,T,X,1,2,2
2025-11-21,M,Y,1,2,2
2025-11-21,T,Y,1,2,2
2025-11-21,M,Z,1,2,2
2025-11-21,T,Z,2,3,3
2025-11-22,M,A,1,2,2
2025-11-22,T,A,1,2,2
2025-11-22,M,AA,1,2,2
2025-11-22,T,AA,1,2,2
2025-11-22,M,AB,1,2,2
2025-11-22,T,AB,1,2,2
2025-11-22,M,AC,1,2,2
2025-11-22,T,AC,1,2,2
2025-11-22,M,AD,1,2,2
2025-11-22,T,AD,1,2,2
2025-11-22,M,AE,1,2,2
2025-11-22,T,AE,1,2,2
2025-11-22,M,AF,1,2,2
2025-11-22,T,AF,1,2,2
2025-11-22,M,B,1,2,2
2025-11-22,T,B,1,2,2
2025-11-22,M,C,0,1,1
2025-11-22,T,C,1,2,2
2025-11-22,M,D,1,2,2
2025-11-22,T,D,1,2,2
2025-11-22,M,E,1,2,2
2025-11-22,T,E,1,2,2
2025-11-22,M,F,1,2,2
2025-11-22,T,F,1,2,2
2025-11-22,M,G,1,2,2
2025-11-22,T,G,2,3,3
2025-11-22,M,H,1,2,2
2025-11-22,T,H,1,2,2
2025-11-22,M,I,1,2,2
2025-11-22,T,I,1,2,2
2025-11-22,M,J,1,2,2
2025-11-22,T,J,1,2,2
2025-11-22,M,K,1,2,2
2025-11-22,T,K,1,2,2
2025-11-22,M,L,1,2,2
2025-11-22,T,L,1,2,2
2025-11-22,M,M,1,2,2
2025-11-22,T,M,1,2,2
2025-11-22,M,N,1,2,2
2025-11-22,T,N,1,2,2
2025-11-22,M,O,1,2,2
2025-11-22,T,O,1,2,2
2025-11-22,M,P,1,2,2
2025-11-22,T,P,1,2,2
2025-11-22,M,Q,1,2,2
2025-11-22,T,Q,1,2,2
2025-11-22,M,R,1,2,2
2025-11-22,T,R,1,2,2
2025-11-22,M,S,1,2,2
2025-11-22,T,S,1,2,2
2025-11-22,M,T,1,2,2
2025-11-22,T,T,1,2,2
2025-11-22,M,U,2,3,3
2025-11-22,T,U,1,2,2
2025-11-22,M,V,1,2,2
2025-11-22,T,V,1,2,2
2025-11-22,M,W,1,2,2
2025-11-22,T,W,1,2,2
2025-11-22,M,X,1,2,2
2025-11-22,T,X,1,2,2
2025-11-22,M,Y,1,2,2
2025-11-22,T,Y,1,2,2
2025-11-22,M,Z,0,1,1
2025-11-22,T,Z,1,2,2
2025-11-23,M,A,1,2,2
2025-11-23,T,A,1,2,2
2025-11-23,M,AA,1,2,2
2025-11-23,T,AA,1,2,2
2025-11-23,M,AB,1,2,2
2025-11-23,T,AB,1,2,2
2025-11-23,M,AC,1,2,2
2025-11-23,T,AC,1,2,2
2025-11-23,M,AD,0,1,1
2025-11-23,T,AD,1,2,2
2025-11-23,M,AE,1,2,2
2025-11-23,T,AE,1,2,2
2025-11-23,M,AF,1,2,2
2025-11-23,T,AF,1,2,2
2025-11-23,M,B,1,2,2
2025-11-23,T,B,1,2,2
2025-11-23,M,C,2,3,3
2025-11-23,T,C,1,2,2
2025-11-23,M,D,1,2,2
2025-11-23,T,D,1,2,2
2025-11-23,M,E,1,2,2
2025-11-23,T,E,1,2,2
2025-11-23,M,F,1,2,2
2025-11-23,T,F,1,2,2
2025-11-23,M,G,1,2,2
2025-11-23,T,G,1,2,2
2025-11-23,M,H,1,2,2
2025-11-23,T,H,1,2,2
2025-11-23,M,I,1,2,2
2025-11-23,T,I,1,2,2
2025-11-23,M,J,1,2,2
2025-11-23,T,J,1,2,2
2025-11-23,M,K,1,2,2
2025-11-23,T,K,1,2,2
2025-11-23,M,L,1,2,2
2025-11-23,T,L,1,2,2
2025-11-23,M,M,1,2,2
2025-11-23,T,M,0,1,1
2025-11-23,M,N,1,2,2
2025-11-23,T,N,1,2,2
2025-11-23,M,O,1,2,2
2025-11-23,T,O,1,2,2
2025-11-23,M,P,1,2,2
2025-11-23,T,P,1,2,2
2025-11-23,M,Q,1,2,2
2025-11-23,T,Q,1,2,2
2025-11-23,M,R,1,2,2
2025-11-23,T,R,1,2,2
2025-11-23,M,S,1,2,2
2025-11-23,T,S,1,2,2
2025-11-23,M,T,1,2,2
2025-11-23,T,T,1,2,2
2025-11-23,M,U,1,2,2
2025-11-23,T,U,1,2,2
2025-11-23,M,V,1,2,2
2025-11-23,T,V,1,2,2
2025-11-23,M,W,1,2,2
2025-11-23,T,W,1,2,2
2025-11-23,M,X,1,2,2
2025-11-23,T,X,1,2,2
2025-11-23,M,Y,1,2,2
2025-11-23,T,Y,0,1,1
2025-11-23,M,Z,1,2,2
2025-11-23,T,Z,1,2,2
2025-11-24,M,A,1,2,2
2025-11-24,T,A,1,2,2
2025-11-24,M,AA,1,2,2
2025-11-24,T,AA,1,2,2
2025-11-24,M,AB,1,2,2
2025-11-24,T,AB,1,2,2
2025-11-24,M,AC,1,2,2
2025-11-24,T,AC,1,2,2
2025-11-24,M,AD,1,2,2
2025-11-24,T,AD,1,2,2
2025-11-24,M,AE,1,2,2
2025-11-24,T,AE,1,2,2
2025-11-24,M,AF,1,2,2
2025-11-24,T,AF,1,2,2
2025-11-24,M,B,0,1,1
2025-11-24,T,B,1,2,2
2025-11-24,M,C,1,2,2
2025-11-24,T,C,1,2,2
2025-11-24,M,D,1,2,2
2025-11-24,T,D,1,2,2
2025-11-24,M,E,1,2,2
2025-11-24,T,E,1,2,2
2025-11-24,M,F,1,2,2
2025-11-24,T,F,1,2,2
2025-11-24,M,G,1,2,2
2025-11-24,T,G,1,2,2
2025-11-24,M,H,1,2,2
2025-11-24,T,H,1,2,2
2025-11-24,M,I,1,2,2
2025-11-24,T,I,1,2,2
2025-11-24,M,J,1,2,2
2025-11-24,T,J,1,2,2
2025-11-24,M,K,1,2,2
2025-11-24,T,K,1,2,2
2025-11-24,M,L,1,2,2
2025-11-24,T,L,1,2,2
2025-11-24,M,M,1,2,2
2025-11-24,T,M,1,2,2
2025-11-24,M,N,1,2,2
2025-11-24,T,N,1,2,2
2025-11-24,M,O,1,2,2
2025-11-24,T,O,1,2,2
2025-11-24,M,P,1,2,2
2025-11-24,T,P,1,2,2
2025-11-24,M,Q,1,2,2
2025-11-24,T,Q,1,2,2
2025-11-24,M,R,1,2,2
2025-11-24,T,R,1,2,2
2025-11-24,M,S,1,2,2
2025-11-24,T,S,1,2,2
2025-11-24,M,T,1,2,2
2025-11-24,T,T,1,2,2
2025-11-24,M,U,1,2,2
2025-11-24,T,U,1,2,2
2025-11-24,M,V,1,2,2
2025-11-24,T,V,1,2,2
2025-11-24,M,W,1,2,2
2025-11-24,T,W,1,2,2
2025-11-24,M,X,2,3,3
2025-11-24,T,X,1,2,2
2025-11-24,M,Y,1,2,2
2025-11-24,T,Y,1,2,2
2025-11-24,M,Z,1,2,2
2025-11-24,T,Z,1,2,2
2025-11-25,M,A,1,2,2
2025-11-25,T,A,1,2,2
2025-11-25,M,AA,1,2,2
2025-11-25,T,AA,1,2,2
2025-11-25,M,AB,0,1,1
2025-11-25,T,AB,1,2,2
2025-11-25,M,AC,1,2,2
2025-11-25,T,AC,1,2,2
2025-11-25,M,AD,1,2,2
2025-11-25,T,AD,1,2,2
2025-11-25,M,AE,1,2,2
2025-11-25,T,AE,1,2,2
2025-11-25,M,AF,1,2,2
2025-11-25,T,AF,1,2,2
2025-11-25,M,B,1,2,2
2025-11-25,T,B,1,2,2
2025-11-25,M,C,1,2,2
2025-11-25,T,C,1,2,2
2025-11-25,M,D,1,2,2
2025-11-25,T,D,0,1,1
2025-11-25,M,E,1,2,2
2025-11-25,T,E,1,2,2
2025-11-25,M,F,1,2,2
2025-11-25,T,F,1,2,2
2025-11-25,M,G,2,3,3
2025-11-25,T,G,1,2,2
2025-11-25,M,H,1,2,2
2025-11-25,T,H,1,2,2
2025-11-25,M,I,1,2,2
2025-11-25,T,I,1,2,2
2025-11-25,M,J,1,2,2
2025-11-25,T,J,1,2,2
2025-11-25,M,K,1,2,2
2025-11-25,T,K,1,2,2
2025-11-25,M,L,1,2,2
2025-11-25,T,L,1,2,2
2025-11-25,M,M,1,2,2
2025-11-25,T,M,1,2,2
2025-11-25,M,N,1,2,2
2025-11-25,T,N,1,2,2
2025-11-25,M,O,1,2,2
2025-11-25,T,O,1,2,2
2025-11-25,M,P,1,2,2
2025-11-25,T,P,1,2,2
2025-11-25,M,Q,1,2,2
2025-11-25,T,Q,1,2,2
2025-11-25,M,R,1,2,2
2025-11-25,T,R,1,2,2
2025-11-25,M,S,1,2,2
2025-11-25,T,S,1,2,2
2025-11-25,M,T,1,2,2
2025-11-25,T,T,1,2,2
2025-11-25,M,U,1,2,2
2025-11-25,T,U,2,3,3
2025-11-25,M,V,1,2,2
2025-11-25,T,V,1,2,2
2025-11-25,M,W,0,1,1
2025-11-25,T,W,1,2,2
2025-11-25,M,X,1,2,2
2025-11-25,T,X,1,2,2
2025-11-25,M,Y,1,2,2
2025-11-25,T,Y,1,2,2
2025-11-25,M,Z,1,2,2
2025-11-25,T,Z,1,2,2
2025-11-26,M,A,1,2,2
2025-11-26,T,A,1,2,2
2025-11-26,M,AA,1,2,2
2025-11-26,T,AA,1,2,2
2025-11-26,M,AB,1,2,2
2025-11-26,T,AB,1,2,2
2025-11-26,M,AC,1,2,2
2025-11-26,T,AC,1,2,2
2025-11-26,M,AD,1,2,2
2025-11-26,T,AD,1,2,2
2025-11-26,M,AE,1,2,2
2025-11-26,T,AE,1,2,2
2025-11-26,M,AF,1,2,2
2025-11-26,T,AF,1,2,2
2025-11-26,M,B,1,2,2
2025-11-26,T,B,1,2,2
2025-11-26,M,C,1,2,2
2025-11-26,T,C,1,2,2
2025-11-26,M,D,1,2,2
2025-11-26,T,D,1,2,2
2025-11-26,M,E,1,2,2
2025-11-26,T,E,1,2,2
2025-11-26,M,F,1,2,2
2025-11-26,T,F,1,2,2
2025-11-26,M,G,1,2,2
2025-11-26,T,G,1,2,2
2025-11-26,M,H,1,2,2
2025-11-26,T,H,2,3,3
2025-11-26,M,I,1,2,2
2025-11-26,T,I,1,2,2
2025-11-26,M,J,2,3,3
2025-11-26,T,J,1,2,2
2025-11-26,M,K,1,2,2
2025-11-26,T,K,0,1,1
2025-11-26,M,L,1,2,2
2025-11-26,T,L,1,2,2
2025-11-26,M,M,0,1,1
2025-11-26,T,M,1,2,2
2025-11-26,M,N,1,2,2
2025-11-26,T,N,1,2,2
2025-11-26,M,O,1,2,2
2025-11-26,T,O,1,2,2
2025-11-26,M,P,1,2,2
2025-11-26,T,P,1,2,2
2025-11-26,M,Q,1,2,2
2025-11-26,T,Q,0,1,1
2025-11-26,M,R,1,2,2
2025-11-26,T,R,1,2,2
2025-11-26,M,S,1,2,2
2025-11-26,T,S,2,3,3
2025-11-26,M,T,1,2,2
2025-11-26,T,T,1,2,2
2025-11-26,M,U,2,3,3
2025-11-26,T,U,1,2,2
2025-11-26,M,V,1,2,2
2025-11-26,T,V,1,2,2
2025-11-26,M,W,1,2,2
2025-11-26,T,W,1,2,2
2025-11-26,M,X,1,2,2
2025-11-26,T,X,1,2,2
2025-11-26,M,Y,1,2,2
2025-11-26,T,Y,1,2,2
2025-11-26,M,Z,1,2,2
2025-11-26,T,Z,1,2,2
2025-11-27,M,A,1,2,2
2025-11-27,T,A,1,2,2
2025-11-27,M,AA,1,2,2
2025-11-27,T,AA,1,2,2
2025-11-27,M,AB,1,2,2
2025-11-27,T,AB,1,2,2
2025-11-27,M,AC,1,2,2
2025-11-27,T,AC,1,2,2
2025-11-27,M,AD,1,2,2
2025-11-27,T,AD,1,2,2
2025-11-27,M,AE,1,2,2
2025-11-27,T,AE,1,2,2
2025-11-27,M,AF,1,2,2
2025-11-27,T,AF,1,2,2
2025-11-27,M,B,1,2,2
2025-11-27,T,B,1,2,2
2025-11-27,M,C,1,2,2
2025-11-27,T,C,1,2,2
2025-11-27,M,D,1,2,2
2025-11-27,T,D,1,2,2
2025-11-27,M,E,1,2,2
2025-11-27,T,E,1,2,2
2025-11-27,M,F,1,2,2
2025-11-27,T,F,1,2,2
2025-11-27,M,G,1,2,2
2025-11-27,T,G,0,1,1
2025-11-27,M,H,1,2,2
2025-11-27,T,H,1,2,2
2025-11-27,M,I,1,2,2
2025-11-27,T,I,1,2,2
2025-11-27,M,J,1,2,2
2025-11-27,T,J,1,2,2
2025-11-27,M,K,1,2,2
2025-11-27,T,K,1,2,2
2025-11-27,M,L,1,2,2
2025-11-27,T,L,1,2,2
2025-11-27,M,M,1,2,2
2025-11-27,T,M,1,2,2
2025-11-27,M,N,1,2,2
2025-11-27,T,N,1,2,2
2025-11-27,M,O,1,2,2
2025-11-27,T,O,1,2,2
2025-11-27,M,P,1,2,2
2025-11-27,T,P,1,2,2
2025-11-27,M,Q,1,2,2
2025-11-27,T,Q,1,2,2
2025-11-27,M,R,1,2,2
2025-11-27,T,R,1,2,2
2025-11-27,M,S,1,2,2
2025-11-27,T,S,1,2,2
2025-11-27,M,T,1,2,2
2025-11-27,T,T,1,2,2
2025-11-27,M,U,1,2,2
2025-11-27,T,U,0,1,1
2025-11-27,M,V,1,2,2
2025-11-27,T,V,1,2,2
2025-11-27,M,W,1,2,2
2025-11-27,T,W,1,2,2
2025-11-27,M,X,1,2,2
2025-11-27,T,X,1,2,2
2025-11-27,M,Y,1,2,2
2025-11-27,T,Y,1,2,2
2025-11-27,M,Z,1,2,2
2025-11-27,T,Z,1,2,2
2025-11-28,M,A,1,2,2
2025-11-28,T,A,1,2,2
2025-11-28,M,AA,1,2,2
2025-11-28,T,AA,1,2,2
2025-11-28,M,AB,1,2,2
2025-11-28,T,AB,1,2,2
2025-11-28,M,AC,1,2,2
2025-11-28,T,AC,1,2,2
2025-11-28,M,AD,1,2,2
2025-11-28,T,AD,1,2,2
2025-11-28,M,AE,1,2,2
2025-11-28,T,AE,1,2,2
2025-11-28,M,AF,1,2,2
2025-11-28,T,AF,1,2,2
2025-11-28,M,B,1,2,2
2025-11-28,T,B,1,2,2
2025-11-28,M,C,0,1,1
2025-11-28,T,C,1,2,2
2025-11-28,M,D,1,2,2
2025-11-28,T,D,1,2,2
2025-11-28,M,E,1,2,2
2025-11-28,T,E,1,2,2
2025-11-28,M,F,1,2,2
2025-11-28,T,F,1,2,2
2025-11-28,M,G,1,2,2
2025-11-28,T,G,1,2,2
2025-11-28,M,H,1,2,2
2025-11-28,T,H,1,2,2
2025-11-28,M,I,1,2,2
2025-11-28,T,I,1,2,2
2025-11-28,M,J,1,2,2
2025-11-28,T,J,0,1,1
2025-11-28,M,K,1,2,2
2025-11-28,T,K,1,2,2
2025-11-28,M,L,1,2,2
2025-11-28,T,L,1,2,2
2025-11-28,M,M,1,2,2
2025-11-28,T,M,1,2,2
2025-11-28,M,N,1,2,2
2025-11-28,T,N,1,2,2
2025-11-28,M,O,1,2,2
2025-11-28,T,O,1,2,2
2025-11-28,M,P,1,2,2
2025-11-28,T,P,1,2,2
2025-11-28,M,Q,1,2,2
2025-11-28,T,Q,2,3,3
2025-11-28,M,R,1,2,2
2025-11-28,T,R,1,2,2
2025-11-28,M,S,1,2,2
2025-11-28,T,S,1,2,2
2025-11-28,M,T,1,2,2
2025-11-28,T,T,1,2,2
2025-11-28,M,U,1,2,2
2025-11-28,T,U,1,2,2
2025-11-28,M,V,1,2,2
2025-11-28,T,V,1,2,2
2025-11-28,M,W,1,2,2
2025-11-28,T,W,1,2,2
2025-11-28,M,X,1,2,2
2025-11-28,T,X,1,2,2
2025-11-28,M,Y,1,2,2
2025-11-28,T,Y,1,2,2
2025-11-28,M,Z,1,2,2
2025-11-28,T,Z,1,2,2
2025-11-29,M,A,1,2,2
2025-11-29,T,A,1,2,2
2025-11-29,M,AA,2,3,3
2025-11-29,T,AA,1,2,2
2025-11-29,M,AB,1,2,2
2025-11-29,T,AB,1,2,2
2025-11-29,M,AC,1,2,2
2025-11-29,T,AC,1,2,2
2025-11-29,M,AD,1,2,2
2025-11-29,T,AD,1,2,2
2025-11-29,M,AE,1,2,2
2025-11-29,T,AE,1,2,2
2025-11-29,M,AF,1,2,2
2025-11-29,T,AF,1,2,2
2025-11-29,M,B,1,2,2
2025-11-29,T,B,1,2,2
2025-11-29,M,C,1,2,2
2025-11-29,T,C,1,2,2
2025-11-29,M,D,1,2,2
2025-11-29,T,D,1,2,2
2025-11-29,M,E,1,2,2
2025-11-29,T,E,1,2,2
2025-11-29,M,F,1,2,2
2025-11-29,T,F,1,2,2
2025-11-29,M,G,0,1,1
2025-11-29,T,G,1,2,2
2025-11-29,M,H,1,2,2
2025-11-29,T,H,1,2,2
2025-11-29,M,I,1,2,2
2025-11-29,T,I,1,2,2
2025-11-29,M,J,1,2,2
2025-11-29,T,J,1,2,2
2025-11-29,M,K,2,3,3
2025-11-29,T,K,1,2,2
2025-11-29,M,L,0,1,1
2025-11-29,T,L,1,2,2
2025-11-29,M,M,0,1,1
2025-11-29,T,M,1,2,2
2025-11-29,M,N,1,2,2
2025-11-29,T,N,1,2,2
2025-11-29,M,O,1,2,2
2025-11-29,T,O,1,2,2
2025-11-29,M,P,1,2,2
2025-11-29,T,P,1,2,2
2025-11-29,M,Q,1,2,2
2025-11-29,T,Q,1,2,2
2025-11-29,M,R,1,2,2
2025-11-29,T,R,1,2,2
2025-11-29,M,S,1,2,2
2025-11-29,T,S,1,2,2
2025-11-29,M,T,1,2,2
2025-11-29,T,T,1,2,2
2025-11-29,M,U,1,2,2
2025-11-29,T,U,1,2,2
2025-11-29,M,V,1,2,2
2025-11-29,T,V,1,2,2
2025-11-29,M,W,1,2,2
2025-11-29,T,W,1,2,2
2025-11-29,M,X,1,2,2
2025-11-29,T,X,1,2,2
2025-11-29,M,Y,1,2,2
2025-11-29,T,Y,1,2,2
2025-11-29,M,Z,1,2,2
2025-11-29,T,Z,1,2,2
2025-11-30,M,A,1,2,2
2025-11-30,T,A,1,2,2
2025-11-30,M,AA,1,2,2
2025-11-30,T,AA,1,2,2
2025-11-30,M,AB,1,2,2
2025-11-30,T,AB,1,2,2
2025-11-30,M,AC,1,2,2
2025-11-30,T,AC,1,2,2
2025-11-30,M,AD,1,2,2
2025-11-30,T,AD,1,2,2
2025-11-30,M,AE,1,2,2
2025-11-30,T,AE,1,2,2
2025-11-30,M,AF,1,2,2
2025-11-30,T,AF,1,2,2
2025-11-30,M,B,1,2,2
2025-11-30,T,B,1,2,2
2025-11-30,M,C,1,2,2
2025-11-30,T,C,1,2,2
2025-11-30,M,D,2,3,3
2025-11-30,T,D,1,2,2
2025-11-30,M,E,1,2,2
2025-11-30,T,E,1,2,2
2025-11-30,M,F,1,2,2
2025-11-30,T,F,1,2,2
2025-11-30,M,G,1,2,2
2025-11-30,T,G,1,2,2
2025-11-30,M,H,1,2,2
2025-11-30,T,H,1,2,2
2025-11-30,M,I,1,2,2
2025-11-30,T,I,1,2,2
2025-11-30,M,J,1,2,2
2025-11-30,T,J,1,2,2
2025-11-30,M,K,1,2,2
2025-11-30,T,K,1,2,2
2025-11-30,M,L,1,2,2
2025-11-30,T,L,1,2,2
2025-11-30,M,M,1,2,2
2025-11-30,T,M,1,2,2
2025-11-30,M,N,1,2,2
2025-11-30,T,N,1,2,2
2025-11-30,M,O,1,2,2
2025-11-30,T,O,1,2,2
2025-11-30,M,P,1,2,2
2025-11-30,T,P,1,2,2
2025-11-30,M,Q,1,2,2
2025-11-30,T,Q,1,2,2
2025-11-30,M,R,1,2,2
2025-11-30,T,R,1,2,2
2025-11-30,M,S,1,2,2
2025-11-30,T,S,1,2,2
2025-11-30,M,T,1,2,2
2025-11-30,T,T,1,2,2
2025-11-30,M,U,1,2,2
2025-11-30,T,U,1,2,2
2025-11-30,M,V,1,2,2
2025-11-30,T,V,1,2,2
2025-11-30,M,W,1,2,2
2025-11-30,T,W,1,2,2
2025-11-30,M,X,1,2,2
2025-11-30,T,X,1,2,2
2025-11-30,M,Y,1,2,2
2025-11-30,T,Y,1,2,2
2025-11-30,M,Z,1,2,2
2025-11-30,T,Z,1,2,2
2025-12-01,M,A,1,2,2
2025-12-01,T,A,1,2,2
2025-12-01,M,AA,1,2,2
2025-12-01,T,AA,1,2,2
2025-12-01,M,AB,1,2,2
2025-12-01,T,AB,1,2,2
2025-12-01,M,AC,1,2,2
2025-12-01,T,AC,1,2,2
2025-12-01,M,AD,1,2,2
2025-12-01,T,AD,1,2,2
2025-12-01,M,AE,1,2,2
2025-12-01,T,AE,1,2,2
2025-12-01,M,AF,1,2,2
2025-12-01,T,AF,2,3,3
2025-12-01,M,B,1,2,2
2025-12-01,T,B,1,2,2
2025-12-01,M,C,1,2,2
2025-12-01,T,C,1,2,2
2025-12-01,M,D,1,2,2
2025-12-01,T,D,1,2,2
2025-12-01,M,E,2,3,3
2025-12-01,T,E,1,2,2
2025-12-01,M,F,1,2,2
2025-12-01,T,F,1,2,2
2025-12-01,M,G,1,2,2
2025-12-01,T,G,1,2,2
2025-12-01,M,H,1,2,2
2025-12-01,T,H,1,2,2
2025-12-01,M,I,1,2,2
2025-12-01,T,I,1,2,2
2025-12-01,M,J,1,2,2
2025-12-01,T,J,1,2,2
2025-12-01,M,K,1,2,2
2025-12-01,T,K,1,2,2
2025-12-01,M,L,1,2,2
2025-12-01,T,L,2,3,3
2025-12-01,M,M,1,2,2
2025-12-01,T,M,1,2,2
2025-12-01,M,N,1,2,2
2025-12-01,T,N,1,2,2
2025-12-01,M,O,1,2,2
2025-12-01,T,O,1,2,2
2025-12-01,M,P,1,2,2
2025-12-01,T,P,1,2,2
2025-12-01,M,Q,1,2,2
2025-12-01,T,Q,1,2,2
2025-12-01,M,R,1,2,2
2025-12-01,T,R,1,2,2
2025-12-01,M,S,1,2,2
2025-12-01,T,S,1,2,2
2025-12-01,M,T,1,2,2
2025-12-01,T,T,1,2,2
2025-12-01,M,U,1,2,2
2025-12-01,T,U,1,2,2
2025-12-01,M,V,1,2,2
2025-12-01,T,V,1,2,2
2025-12-01,M,W,1,2,2
2025-12-01,T,W,1,2,2
2025-12-01,M,X,1,2,2
2025-12-01,T,X,1,2,2
2025-12-01,M,Y,1,2,2
2025-12-01,T,Y,1,2,2
2025-12-01,M,Z,0,1,1
2025-12-01,T,Z,1,2,2
2025-12-02,M,A,1,2,2
2025-12-02,T,A,1,2,2
2025-12-02,M,AA,1,2,2
2025-12-02,T,AA,0,1,1
2025-12-02,M,AB,1,2,2
2025-12-02,T,AB,1,2,2
2025-12-02,M,AC,1,2,2
2025-12-02,T,AC,1,2,2
2025-12-02,M,AD,1,2,2
2025-12-02,T,AD,2,3,3
2025-12-02,M,AE,1,2,2
2025-12-02,T,AE,1,2,2
2025-12-02,M,AF,2,3,3
2025-12-02,T,AF,1,2,2
2025-12-02,M,B,1,2,2
2025-12-02,T,B,1,2,2
2025-12-02,M,C,1,2,2
2025-12-02,T,C,1,2,2
2025-12-02,M,D,1,2,2
2025-12-02,T,D,1,2,2
2025-12-02,M,E,1,2,2
2025-12-02,T,E,1,2,2
2025-12-02,M,F,0,1,1
2025-12-02,T,F,1,2,2
2025-12-02,M,G,1,2,2
2025-12-02,T,G,1,2,2
2025-12-02,M,H,1,2,2
2025-12-02,T,H,1,2,2
2025-12-02,M,I,1,2,2
2025-12-02,T,I,1,2,2
2025-12-02,M,J,1,2,2
2025-12-02,T,J,1,2,2
2025-12-02,M,K,1,2,2
2025-12-02,T,K,1,2,2
2025-12-02,M,L,1,2,2
2025-12-02,T,L,1,2,2
2025-12-02,M,M,1,2,2
2025-12-02,T,M,1,2,2
2025-12-02,M,N,1,2,2
2025-12-02,T,N,1,2,2
2025-12-02,M,O,1,2,2
2025-12-02,T,O,1,2,2
2025-12-02,M,P,1,2,2
2025-12-02,T,P,1,2,2
2025-12-02,M,Q,1,2,2
2025-12-02,T,Q,1,2,2
2025-12-02,M,R,1,2,2
2025-12-02,T,R,1,2,2
2025-12-02,M,S,1,2,2
2025-12-02,T,S,1,2,2
2025-12-02,M,T,1,2,2
2025-12-02,T,T,1,2,2
2025-12-02,M,U,1,2,2
2025-12-02,T,U,1,2,2
2025-12-02,M,V,1,2,2
2025-12-02,T,V,0,1,1
2025-12-02,M,W,1,2,2
2025-12-02,T,W,1,2,2
2025-12-02,M,X,1,2,2
2025-12-02,T,X,1,2,2
2025-12-02,M,Y,1,2,2
2025-12-02,T,Y,1,2,2
2025-12-02,M,Z,1,2,2
2025-12-02,T,Z,1,2,2
2025-12-03,M,A,1,2,2
2025-12-03,T,A,1,2,2
2025-12-03,M,AA,2,3,3
2025-12-03,T,AA,1,2,2
2025-12-03,M,AB,2,3,3
2025-12-03,T,AB,1,2,2
2025-12-03,M,AC,1,2,2
2025-12-03,T,AC,1,2,2
2025-12-03,M,AD,1,2,2
2025-12-03,T,AD,1,2,2
2025-12-03,M,AE,1,2,2
2025-12-03,T,AE,1,2,2
2025-12-03,M,AF,1,2,2
2025-12-03,T,AF,1,2,2
2025-12-03,M,B,1,2,2
2025-12-03,T,B,1,2,2
2025-12-03,M,C,1,2,2
2025-12-03,T,C,1,2,2
2025-12-03,M,D,1,2,2
2025-12-03,T,D,1,2,2
2025-12-03,M,E,1,2,2
2025-12-03,T,E,1,2,2
2025-12-03,M,F,1,2,2
2025-12-03,T,F,1,2,2
2025-12-03,M,G,1,2,2
2025-12-03,T,G,1,2,2
2025-12-03,M,H,1,2,2
2025-12-03,T,H,1,2,2
2025-12-03,M,I,1,2,2
2025-12-03,T,I,1,2,2
2025-12-03,M,J,1,2,2
2025-12-03,T,J,1,2,2
2025-12-03,M,K,1,2,2
2025-12-03,T,K,1,2,2
2025-12-03,M,L,1,2,2
2025-12-03,T,L,0,1,1
2025-12-03,M,M,1,2,2
2025-12-03,T,M,1,2,2
2025-12-03,M,N,1,2,2
2025-12-03,T,N,1,2,2
2025-12-03,M,O,1,2,2
2025-12-03,T,O,1,2,2
2025-12-03,M,P,1,2,2
2025-12-03,T,P,1,2,2
2025-12-03,M,Q,1,2,2
2025-12-03,T,Q,1,2,2
2025-12-03,M,R,1,2,2
2025-12-03,T,R,0,1,1
2025-12-03,M,S,1,2,2
2025-12-03,T,S,1,2,2
2025-12-03,M,T,1,2,2
2025-12-03,T,T,1,2,2
2025-12-03,M,U,1,2,2
2025-12-03,T,U,1,2,2
2025-12-03,M,V,2,3,3
2025-12-03,T,V,1,2,2
2025-12-03,M,W,1,2,2
2025-12-03,T,W,1,2,2
2025-12-03,M,X,1,2,2
2025-12-03,T,X,1,2,2
2025-12-03,M,Y,1,2,2
2025-12-03,T,Y,1,2,2
2025-12-03,M,Z,1,2,2
2025-12-03,T,Z,1,2,2
2025-12-04,M,A,1,2,2
2025-12-04,T,A,1,2,2
2025-12-04,M,AA,1,2,2
2025-12-04,T,AA,1,2,2
2025-12-04,M,AB,1,2,2
2025-12-04,T,AB,1,2,2
2025-12-04,M,AC,1,2,2
2025-12-04,T,AC,1,2,2
2025-12-04,M,AD,1,2,2
2025-12-04,T,AD,1,2,2
2025-12-04,M,AE,1,2,2
2025-12-04,T,AE,1,2,2
2025-12-04,M,AF,2,3,3
2025-12-04,T,AF,1,2,2
2025-12-04,M,B,0,1,1
2025-12-04,T,B,1,2,2
2025-12-04,M,C,1,2,2
2025-12-04,T,C,1,2,2
2025-12-04,M,D,1,2,2
2025-12-04,T,D,1,2,2
2025-12-04,M,E,1,2,2
2025-12-04,T,E,1,2,2
2025-12-04,M,F,1,2,2
2025-12-04,T,F,1,2,2
2025-12-04,M,G,1,2,2
2025-12-04,T,G,0,1,1
2025-12-04,M,H,1,2,2
2025-12-04,T,H,1,2,2
2025-12-04,M,I,1,2,2
2025-12-04,T,I,1,2,2
2025-12-04,M,J,1,2,2
2025-12-04,T,J,1,2,2
2025-12-04,M,K,1,2,2
2025-12-04,T,K,0,1,1
2025-12-04,M,L,1,2,2
2025-12-04,T,L,1,2,2
2025-12-04,M,M,1,2,2
2025-12-04,T,M,1,2,2
2025-12-04,M,N,1,2,2
2025-12-04,T,N,1,2,2
2025-12-04,M,O,1,2,2
2025-12-04,T,O,1,2,2
2025-12-04,M,P,1,2,2
2025-12-04,T,P,1,2,2
2025-12-04,M,Q,1,2,2
2025-12-04,T,Q,1,2,2
2025-12-04,M,R,0,1,1
2025-12-04,T,R,1,2,2
2025-12-04,M,S,1,2,2
2025-12-04,T,S,1,2,2
2025-12-04,M,T,1,2,2
2025-12-04,T,T,1,2,2
2025-12-04,M,U,1,2,2
2025-12-04,T,U,1,2,2
2025-12-04,M,V,2,3,3
2025-12-04,T,V,1,2,2
2025-12-04,M,W,1,2,2
2025-12-04,T,W,1,2,2
2025-12-04,M,X,0,1,1
2025-12-04,T,X,1,2,2
2025-12-04,M,Y,1,2,2
2025-12-04,T,Y,1,2,2
2025-12-04,M,Z,1,2,2
2025-12-04,T,Z,1,2,2
2025-12-05,M,A,1,2,2
2025-12-05,T,A,2,3,3
2025-12-05,M,AA,1,2,2
2025-12-05,T,AA,2,3,3
2025-12-05,M,AB,1,2,2
2025-12-05,T,AB,1,2,2
2025-12-05,M,AC,1,2,2
2025-12-05,T,AC,1,2,2
2025-12-05,M,AD,1,2,2
2025-12-05,T,AD,1,2,2
2025-12-05,M,AE,1,2,2
2025-12-05,T,AE,1,2,2
2025-12-05,M,AF,1,2,2
2025-12-05,T,AF,1,2,2
2025-12-05,M,B,1,2,2
2025-12-05,T,B,1,2,2
2025-12-05,M,C,1,2,2
2025-12-05,T,C,1,2,2
2025-12-05,M,D,1,2,2
2025-12-05,T,D,1,2,2
2025-12-05,M,E,1,2,2
2025-12-05,T,E,2,3,3
2025-12-05,M,F,1,2,2
2025-12-05,T,F,1,2,2
2025-12-05,M,G,1,2,2
2025-12-05,T,G,1,2,2
2025-12-05,M,H,1,2,2
2025-12-05,T,H,1,2,2
2025-12-05,M,I,1,2,2
2025-12-05,T,I,1,2,2
2025-12-05,M,J,1,2,2
2025-12-05,T,J,1,2,2
2025-12-05,M,K,1,2,2
2025-12-05,T,K,1,2,2
2025-12-05,M,L,1,2,2
2025-12-05,T,L,1,2,2
2025-12-05,M,M,1,2,2
2025-12-05,T,M,1,2,2
2025-12-05,M,N,2,3,3
2025-12-05,T,N,1,2,2
2025-12-05,M,O,1,2,2
2025-12-05,T,O,1,2,2
2025-12-05,M,P,1,2,2
2025-12-05,T,P,1,2,2
2025-12-05,M,Q,1,2,2
2025-12-05,T,Q,1,2,2
2025-12-05,M,R,1,2,2
2025-12-05,T,R,1,2,2
2025-12-05,M,S,1,2,2
2025-12-05,T,S,1,2,2
2025-12-05,M,T,1,2,2
2025-12-05,T,T,1,2,2
2025-12-05,M,U,1,2,2
2025-12-05,T,U,1,2,2
2025-12-05,M,V,1,2,2
2025-12-05,T,V,1,2,2
2025-12-05,M,W,1,2,2
2025-12-05,T,W,2,3,3
2025-12-05,M,X,1,2,2
2025-12-05,T,X,1,2,2
2025-12-05,M,Y,1,2,2
2025-12-05,T,Y,2,3,3
2025-12-05,M,Z,1,2,2
2025-12-05,T,Z,1,2,2
2025-12-06,M,A,1,2,2
2025-12-06,T,A,1,2,2
2025-12-06,M,AA,1,2,2
2025-12-06,T,AA,1,2,2
2025-12-06,M,AB,1,2,2
2025-12-06,T,AB,1,2,2
2025-12-06,M,AC,1,2,2
2025-12-06,T,AC,1,2,2
2025-12-06,M,AD,1,2,2
2025-12-06,T,AD,1,2,2
2025-12-06,M,AE,1,2,2
2025-12-06,T,AE,1,2,2
2025-12-06,M,AF,1,2,2
2025-12-06,T,AF,1,2,2
2025-12-06,M,B,1,2,2
2025-12-06,T,B,1,2,2
2025-12-06,M,C,1,2,2
2025-12-06,T,C,1,2,2
2025-12-06,M,D,1,2,2
2025-12-06,T,D,1,2,2
2025-12-06,M,E,1,2,2
2025-12-06,T,E,1,2,2
2025-12-06,M,F,2,3,3
2025-12-06,T,F,1,2,2
2025-12-06,M,G,1,2,2
2025-12-06,T,G,2,3,3
2025-12-06,M,H,1,2,2
2025-12-06,T,H,1,2,2
2025-12-06,M,I,1,2,2
2025-12-06,T,I,1,2,2
2025-12-06,M,J,1,2,2
2025-12-06,T,J,1,2,2
2025-12-06,M,K,1,2,2
2025-12-06,T,K,1,2,2
2025-12-06,M,L,1,2,2
2025-12-06,T,L,1,2,2
2025-12-06,M,M,1,2,2
2025-12-06,T,M,1,2,2
2025-12-06,M,N,1,2,2
2025-12-06,T,N,1,2,2
2025-12-06,M,O,1,2,2
2025-12-06,T,O,1,2,2
2025-12-06,M,P,2,3,3
2025-12-06,T,P,1,2,2
2025-12-06,M,Q,1,2,2
2025-12-06,T,Q,1,2,2
2025-12-06,M,R,1,2,2
2025-12-06,T,R,1,2,2
2025-12-06,M,S,1,2,2
2025-12-06,T,S,1,2,2
2025-12-06,M,T,1,2,2
2025-12-06,T,T,1,2,2
2025-12-06,M,U,2,3,3
2025-12-06,T,U,1,2,2
2025-12-06,M,V,1,2,2
2025-12-06,T,V,2,3,3
2025-12-06,M,W,1,2,2
2025-12-06,T,W,1,2,2
2025-12-06,M,X,1,2,2
2025-12-06,T,X,1,2,2
2025-12-06,M,Y,1,2,2
2025-12-06,T,Y,1,2,2
2025-12-06,M,Z,1,2,2
2025-12-06,T,Z,1,2,2
2025-12-07,M,A,1,2,2
2025-12-07,T,A,1,2,2
2025-12-07,M,AA,1,2,2
2025-12-07,T,AA,2,3,3
2025-12-07,M,AB,1,2,2
2025-12-07,T,AB,1,2,2
2025-12-07,M,AC,1,2,2
2025-12-07,T,AC,1,2,2
2025-12-07,M,AD,1,2,2
2025-12-07,T,AD,1,2,2
2025-12-07,M,AE,1,2,2
2025-12-07,T,AE,1,2,2
2025-12-07,M,AF,1,2,2
2025-12-07,T,AF,1,2,2
2025-12-07,M,B,1,2,2
2025-12-07,T,B,1,2,2
2025-12-07,M,C,1,2,2
2025-12-07,T,C,1,2,2
2025-12-07,M,D,1,2,2
2025-12-07,T,D,1,2,2
2025-12-07,M,E,1,2,2
2025-12-07,T,E,1,2,2
2025-12-07,M,F,1,2,2
2025-12-07,T,F,1,2,2
2025-12-07,M,G,1,2,2
2025-12-07,T,G,2,3,3
2025-12-07,M,H,1,2,2
2025-12-07,T,H,1,2,2
2025-12-07,M,I,1,2,2
2025-12-07,T,I,1,2,2
2025-12-07,M,J,1,2,2
2025-12-07,T,J,1,2,2
2025-12-07,M,K,1,2,2
2025-12-07,T,K,1,2,2
2025-12-07,M,L,1,2,2
2025-12-07,T,L,1,2,2
2025-12-07,M,M,0,1,1
2025-12-07,T,M,1,2,2
2025-12-07,M,N,1,2,2
2025-12-07,T,N,1,2,2
2025-12-07,M,O,1,2,2
2025-12-07,T,O,1,2,2
2025-12-07,M,P,1,2,2
2025-12-07,T,P,1,2,2
2025-12-07,M,Q,1,2,2
2025-12-07,T,Q,2,3,3
2025-12-07,M,R,1,2,2
2025-12-07,T,R,1,2,2
2025-12-07,M,S,1,2,2
2025-12-07,T,S,1,2,2
2025-12-07,M,T,1,2,2
2025-12-07,T,T,1,2,2
2025-12-07,M,U,1,2,2
2025-12-07,T,U,1,2,2
2025-12-07,M,V,1,2,2
2025-12-07,T,V,1,2,2
2025-12-07,M,W,1,2,2
2025-12-07,T,W,1,2,2
2025-12-07,M,X,2,3,3
2025-12-07,T,X,1,2,2
2025-12-07,M,Y,1,2,2
2025-12-07,T,Y,1,2,2
2025-12-07,M,Z,1,2,2
2025-12-07,T,Z,1,2,2
2025-12-08,M,A,1,2,2
2025-12-08,T,A,1,2,2
2025-12-08,M,AA,1,2,2
2025-12-08,T,AA,1,2,2
2025-12-08,M,AB,1,2,2
2025-12-08,T,AB,1,2,2
2025-12-08,M,AC,1,2,2
2025-12-08,T,AC,1,2,2
2025-12-08,M,AD,1,2,2
2025-12-08,T,AD,1,2,2
2025-12-08,M,AE,1,2,2
2025-12-08,T,AE,1,2,2
2025-12-08,M,AF,2,3,3
2025-12-08,T,AF,1,2,2
2025-12-08,M,B,1,2,2
2025-12-08,T,B,1,2,2
2025-12-08,M,C,1,2,2
2025-12-08,T,C,1,2,2
2025-12-08,M,D,1,2,2
2025-12-08,T,D,1,2,2
2025-12-08,M,E,1,2,2
2025-12-08,T,E,1,2,2
2025-12-08,M,F,1,2,2
2025-12-08,T,F,1,2,2
2025-12-08,M,G,1,2,2
2025-12-08,T,G,2,3,3
2025-12-08,M,H,1,2,2
2025-12-08,T,H,1,2,2
2025-12-08,M,I,1,2,2
2025-12-08,T,I,1,2,2
2025-12-08,M,J,1,2,2
2025-12-08,T,J,1,2,2
2025-12-08,M,K,1,2,2
2025-12-08,T,K,1,2,2
2025-12-08,M,L,1,2,2
2025-12-08,T,L,1,2,2
2025-12-08,M,M,1,2,2
2025-12-08,T,M,1,2,2
2025-12-08,M,N,1,2,2
2025-12-08,T,N,1,2,2
2025-12-08,M,O,1,2,2
2025-12-08,T,O,1,2,2
2025-12-08,M,P,1,2,2
2025-12-08,T,P,1,2,2
2025-12-08,M,Q,1,2,2
2025-12-08,T,Q,1,2,2
2025-12-08,M,R,1,2,2
2025-12-08,T,R,2,3,3
2025-12-08,M,S,1,2,2
2025-12-08,T,S,1,2,2
2025-12-08,M,T,1,2,2
2025-12-08,T,T,1,2,2
2025-12-08,M,U,1,2,2
2025-12-08,T,U,1,2,2
2025-12-08,M,V,1,2,2
2025-12-08,T,V,1,2,2
2025-12-08,M,W,1,2,2
2025-12-08,T,W,1,2,2
2025-12-08,M,X,0,1,1
2025-12-08,T,X,1,2,2
2025-12-08,M,Y,1,2,2
2025-12-08,T,Y,1,2,2
2025-12-08,M,Z,1,2,2
2025-12-08,T,Z,1,2,2
2025-12-09,M,A,1,2,2
2025-12-09,T,A,1,2,2
2025-12-09,M,AA,1,2,2
2025-12-09,T,AA,1,2,2
2025-12-09,M,AB,2,3,3
2025-12-09,T,AB,1,2,2
2025-12-09,M,AC,1,2,2
2025-12-09,T,AC,1,2,2
2025-12-09,M,AD,1,2,2
2025-12-09,T,AD,1,2,2
2025-12-09,M,AE,1,2,2
2025-12-09,T,AE,1,2,2
2025-12-09,M,AF,1,2,2
2025-12-09,T,AF,1,2,2
2025-12-09,M,B,1,2,2
2025-12-09,T,B,1,2,2
2025-12-09,M,C,1,2,2
2025-12-09,T,C,1,2,2
2025-12-09,M,D,1,2,2
2025-12-09,T,D,1,2,2
2025-12-09,M,E,1,2,2
2025-12-09,T,E,2,3,3
2025-12-09,M,F,1,2,2
2025-12-09,T,F,1,2,2
2025-12-09,M,G,1,2,2
2025-12-09,T,G,1,2,2
2025-12-09,M,H,1,2,2
2025-12-09,T,H,1,2,2
2025-12-09,M,I,1,2,2
2025-12-09,T,I,1,2,2
2025-12-09,M,J,1,2,2
2025-12-09,T,J,1,2,2
2025-12-09,M,K,1,2,2
2025-12-09,T,K,1,2,2
2025-12-09,M,L,1,2,2
2025-12-09,T,L,1,2,2
2025-12-09,M,M,1,2,2
2025-12-09,T,M,1,2,2
2025-12-09,M,N,1,2,2
2025-12-09,T,N,1,2,2
2025-12-09,M,O,1,2,2
2025-12-09,T,O,1,2,2
2025-12-09,M,P,1,2,2
2025-12-09,T,P,1,2,2
2025-12-09,M,Q,1,2,2
2025-12-09,T,Q,1,2,2
2025-12-09,M,R,1,2,2
2025-12-09,T,R,1,2,2
2025-12-09,M,S,1,2,2
2025-12-09,T,S,0,1,1
2025-12-09,M,T,1,2,2
2025-12-09,T,T,1,2,2
2025-12-09,M,U,1,2,2
2025-12-09,T,U,1,2,2
2025-12-09,M,V,1,2,2
2025-12-09,T,V,1,2,2
2025-12-09,M,W,1,2,2
2025-12-09,T,W,1,2,2
2025-12-09,M,X,1,2,2
2025-12-09,T,X,1,2,2
2025-12-09,M,Y,1,2,2
2025-12-09,T,Y,1,2,2
2025-12-09,M,Z,1,2,2
2025-12-09,T,Z,1,2,2
2025-12-10,M,A,1,2,2
2025-12-10,T,A,1,2,2
2025-12-10,M,AA,1,2,2
2025-12-10,T,AA,1,2,2
2025-12-10,M,AB,1,2,2
2025-12-10,T,AB,1,2,2
2025-12-10,M,AC,1,2,2
2025-12-10,T,AC,1,2,2
2025-12-10,M,AD,0,1,1
2025-12-10,T,AD,1,2,2
2025-12-10,M,AE,1,2,2
2025-12-10,T,AE,1,2,2
2025-12-10,M,AF,1,2,2
2025-12-10,T,AF,1,2,2
2025-12-10,M,B,1,2,2
2025-12-10,T,B,1,2,2
2025-12-10,M,C,1,2,2
2025-12-10,T,C,1,2,2
2025-12-10,M,D,1,2,2
2025-12-10,T,D,2,3,3
2025-12-10,M,E,1,2,2
2025-12-10,T,E,1,2,2
2025-12-10,M,F,1,2,2
2025-12-10,T,F,1,2,2
2025-12-10,M,G,0,1,1
2025-12-10,T,G,1,2,2
2025-12-10,M,H,0,1,1
2025-12-10,T,H,1,2,2
2025-12-10,M,I,1,2,2
2025-12-10,T,I,1,2,2
2025-12-10,M,J,1,2,2
2025-12-10,T,J,1,2,2
2025-12-10,M,K,1,2,2
2025-12-10,T,K,1,2,2
2025-12-10,M,L,1,2,2
2025-12-10,T,L,0,1,1
2025-12-10,M,M,1,2,2
2025-12-10,T,M,1,2,2
2025-12-10,M,N,1,2,2
2025-12-10,T,N,2,3,3
2025-12-10,M,O,1,2,2
2025-12-10,T,O,1,2,2
2025-12-10,M,P,1,2,2
2025-12-10,T,P,1,2,2
2025-12-10,M,Q,1,2,2
2025-12-10,T,Q,2,3,3
2025-12-10,M,R,1,2,2
2025-12-10,T,R,1,2,2
2025-12-10,M,S,1,2,2
2025-12-10,T,S,1,2,2
2025-12-10,M,T,1,2,2
2025-12-10,T,T,1,2,2
2025-12-10,M,U,0,1,1
2025-12-10,T,U,1,2,2
2025-12-10,M,V,1,2,2
2025-12-10,T,V,1,2,2
2025-12-10,M,W,1,2,2
2025-12-10,T,W,1,2,2
2025-12-10,M,X,1,2,2
2025-12-10,T,X,1,2,2
2025-12-10,M,Y,1,2,2
2025-12-10,T,Y,1,2,2
2025-12-10,M,Z,1,2,2
2025-12-10,T,Z,1,2,2
2025-12-11,M,A,1,2,2
2025-12-11,T,A,1,2,2
2025-12-11,M,AA,1,2,2
2025-12-11,T,AA,1,2,2
2025-12-11,M,AB,1,2,2
2025-12-11,T,AB,2,3,3
2025-12-11,M,AC,1,2,2
2025-12-11,T,AC,1,2,2
2025-12-11,M,AD,1,2,2
2025-12-11,T,AD,1,2,2
2025-12-11,M,AE,1,2,2
2025-12-11,T,AE,1,2,2
2025-12-11,M,AF,1,2,2
2025-12-11,T,AF,0,1,1
2025-12-11,M,B,1,2,2
2025-12-11,T,B,1,2,2
2025-12-11,M,C,1,2,2
2025-12-11,T,C,1,2,2
2025-12-11,M,D,2,3,3
2025-12-11,T,D,1,2,2
2025-12-11,M,E,1,2,2
2025-12-11,T,E,1,2,2
2025-12-11,M,F,1,2,2
2025-12-11,T,F,1,2,2
2025-12-11,M,G,1,2,2
2025-12-11,T,G,1,2,2
2025-12-11,M,H,0,1,1
2025-12-11,T,H,1,2,2
2025-12-11,M,I,1,2,2
2025-12-11,T,I,1,2,2
2025-12-11,M,J,1,2,2
2025-12-11,T,J,1,2,2
2025-12-11,M,K,1,2,2
2025-12-11,T,K,0,1,1
2025-12-11,M,L,1,2,2
2025-12-11,T,L,0,1,1
2025-12-11,M,M,1,2,2
2025-12-11,T,M,1,2,2
2025-12-11,M,N,1,2,2
2025-12-11,T,N,0,1,1
2025-12-11,M,O,1,2,2
2025-12-11,T,O,1,2,2
2025-12-11,M,P,1,2,2
2025-12-11,T,P,1,2,2
2025-12-11,M,Q,1,2,2
2025-12-11,T,Q,1,2,2
2025-12-11,M,R,1,2,2
2025-12-11,T,R,1,2,2
2025-12-11,M,S,1,2,2
2025-12-11,T,S,1,2,2
2025-12-11,M,T,1,2,2
2025-12-11,T,T,1,2,2
2025-12-11,M,U,0,1,1
2025-12-11,T,U,1,2,2
2025-12-11,M,V,1,2,2
2025-12-11,T,V,1,2,2
2025-12-11,M,W,1,2,2
2025-12-11,T,W,1,2,2
2025-12-11,M,X,1,2,2
2025-12-11,T,X,1,2,2
2025-12-11,M,Y,1,2,2
2025-12-11,T,Y,1,2,2
2025-12-11,M,Z,1,2,2
2025-12-11,T,Z,0,1,1
2025-12-12,M,A,1,2,2
2025-12-12,T,A,1,2,2
2025-12-12,M,AA,1,2,2
2025-12-12,T,AA,1,2,2
2025-12-12,M,AB,1,2,2
2025-12-12,T,AB,1,2,2
2025-12-12,M,AC,1,2,2
2025-12-12,T,AC,1,2,2
2025-12-12,M,AD,1,2,2
2025-12-12,T,AD,2,3,3
2025-12-12,M,AE,1,2,2
2025-12-12,T,AE,1,2,2
2025-12-12,M,AF,1,2,2
2025-12-12,T,AF,1,2,2
2025-12-12,M,B,1,2,2
2025-12-12,T,B,1,2,2
2025-12-12,M,C,2,3,3
2025-12-12,T,C,1,2,2
2025-12-12,M,D,0,1,1
2025-12-12,T,D,1,2,2
2025-12-12,M,E,1,2,2
2025-12-12,T,E,1,2,2
2025-12-12,M,F,1,2,2
2025-12-12,T,F,2,3,3
2025-12-12,M,G,1,2,2
2025-12-12,T,G,1,2,2
2025-12-12,M,H,1,2,2
2025-12-12,T,H,1,2,2
2025-12-12,M,I,1,2,2
2025-12-12,T,I,1,2,2
2025-12-12,M,J,1,2,2
2025-12-12,T,J,1,2,2
2025-12-12,M,K,1,2,2
2025-12-12,T,K,1,2,2
2025-12-12,M,L,1,2,2
2025-12-12,T,L,2,3,3
2025-12-12,M,M,1,2,2
2025-12-12,T,M,1,2,2
2025-12-12,M,N,1,2,2
2025-12-12,T,N,1,2,2
2025-12-12,M,O,1,2,2
2025-12-12,T,O,1,2,2
2025-12-12,M,P,1,2,2
2025-12-12,T,P,1,2,2
2025-12-12,M,Q,1,2,2
2025-12-12,T,Q,1,2,2
2025-12-12,M,R,1,2,2
2025-12-12,T,R,1,2,2
2025-12-12,M,S,1,2,2
2025-12-12,T,S,1,2,2
2025-12-12,M,T,1,2,2
2025-12-12,T,T,1,2,2
2025-12-12,M,U,1,2,2
2025-12-12,T,U,1,2,2
2025-12-12,M,V,1,2,2
2025-12-12,T,V,1,2,2
2025-12-12,M,W,1,2,2
2025-12-12,T,W,1,2,2
2025-12-12,M,X,1,2,2
2025-12-12,T,X,0,1,1
2025-12-12,M,Y,1,2,2
2025-12-12,T,Y,1,2,2
2025-12-12,M,Z,1,2,2
2025-12-12,T,Z,1,2,2
2025-12-13,M,A,1,2,2
2025-12-13,T,A,1,2,2
2025-12-13,M,AA,1,2,2
2025-12-13,T,AA,1,2,2
2025-12-13,M,AB,1,2,2
2025-12-13,T,AB,1,2,2
2025-12-13,M,AC,1,2,2
2025-12-13,T,AC,1,2,2
2025-12-13,M,AD,0,1,1
2025-12-13,T,AD,1,2,2
2025-12-13,M,AE,1,2,2
2025-12-13,T,AE,1,2,2
2025-12-13,M,AF,1,2,2
2025-12-13,T,AF,1,2,2
2025-12-13,M,B,1,2,2
2025-12-13,T,B,1,2,2
2025-12-13,M,C,1,2,2
2025-12-13,T,C,1,2,2
2025-12-13,M,D,1,2,2
2025-12-13,T,D,1,2,2
2025-12-13,M,E,1,2,2
2025-12-13,T,E,1,2,2
2025-12-13,M,F,1,2,2
2025-12-13,T,F,1,2,2
2025-12-13,M,G,1,2,2
2025-12-13,T,G,1,2,2
2025-12-13,M,H,1,2,2
2025-12-13,T,H,1,2,2
2025-12-13,M,I,1,2,2
2025-12-13,T,I,1,2,2
2025-12-13,M,J,1,2,2
2025-12-13,T,J,1,2,2
2025-12-13,M,K,1,2,2
2025-12-13,T,K,1,2,2
2025-12-13,M,L,1,2,2
2025-12-13,T,L,1,2,2
2025-12-13,M,M,1,2,2
2025-12-13,T,M,1,2,2
2025-12-13,M,N,1,2,2
2025-12-13,T,N,1,2,2
2025-12-13,M,O,1,2,2
2025-12-13,T,O,1,2,2
2025-12-13,M,P,1,2,2
2025-12-13,T,P,1,2,2
2025-12-13,M,Q,1,2,2
2025-12-13,T,Q,1,2,2
2025-12-13,M,R,1,2,2
2025-12-13,T,R,1,2,2
2025-12-13,M,S,1,2,2
2025-12-13,T,S,2,3,3
2025-12-13,M,T,1,2,2
2025-12-13,T,T,1,2,2
2025-12-13,M,U,1,2,2
2025-12-13,T,U,1,2,2
2025-12-13,M,V,1,2,2
2025-12-13,T,V,1,2,2
2025-12-13,M,W,0,1,1
2025-12-13,T,W,1,2,2
2025-12-13,M,X,1,2,2
2025-12-13,T,X,1,2,2
2025-12-13,M,Y,1,2,2
2025-12-13,T,Y,1,2,2
2025-12-13,M,Z,1,2,2
2025-12-13,T,Z,2,3,3
2025-12-14,M,A,1,2,2
2025-12-14,T,A,1,2,2
2025-12-14,M,AA,1,2,2
2025-12-14,T,AA,1,2,2
2025-12-14,M,AB,1,2,2
2025-12-14,T,AB,2,3,3
2025-12-14,M,AC,1,2,2
2025-12-14,T,AC,1,2,2
2025-12-14,M,AD,1,2,2
2025-12-14,T,AD,1,2,2
2025-12-14,M,AE,1,2,2
2025-12-14,T,AE,1,2,2
2025-12-14,M,AF,1,2,2
2025-12-14,T,AF,1,2,2
2025-12-14,M,B,1,2,2
2025-12-14,T,B,1,2,2
2025-12-14,M,C,1,2,2
2025-12-14,T,C,1,2,2
2025-12-14,M,D,1,2,2
2025-12-14,T,D,1,2,2
2025-12-14,M,E,1,2,2
2025-12-14,T,E,1,2,2
2025-12-14,M,F,1,2,2
2025-12-14,T,F,1,2,2
2025-12-14,M,G,1,2,2
2025-12-14,T,G,1,2,2
2025-12-14,M,H,1,2,2
2025-12-14,T,H,1,2,2
2025-12-14,M,I,0,1,1
2025-12-14,T,I,1,2,2
2025-12-14,M,J,1,2,2
2025-12-14,T,J,1,2,2
2025-12-14,M,K,2,3,3
2025-12-14,T,K,1,2,2
2025-12-14,M,L,1,2,2
2025-12-14,T,L,1,2,2
2025-12-14,M,M,1,2,2
2025-12-14,T,M,1,2,2
2025-12-14,M,N,1,2,2
2025-12-14,T,N,1,2,2
2025-12-14,M,O,1,2,2
2025-12-14,T,O,1,2,2
2025-12-14,M,P,1,2,2
2025-12-14,T,P,1,2,2
2025-12-14,M,Q,1,2,2
2025-12-14,T,Q,1,2,2
2025-12-14,M,R,1,2,2
2025-12-14,T,R,1,2,2
2025-12-14,M,S,1,2,2
2025-12-14,T,S,1,2,2
2025-12-14,M,T,2,3,3
2025-12-14,T,T,1,2,2
2025-12-14,M,U,1,2,2
2025-12-14,T,U,1,2,2
2025-12-14,M,V,2,3,3
2025-12-14,T,V,1,2,2
2025-12-14,M,W,1,2,2
2025-12-14,T,W,1,2,2
2025-12-14,M,X,1,2,2
2025-12-14,T,X,1,2,2
2025-12-14,M,Y,1,2,2
2025-12-14,T,Y,1,2,2
2025-12-14,M,Z,1,2,2
2025-12-14,T,Z,1,2,2
2025-12-15,M,A,1,2,2
2025-12-15,T,A,1,2,2
2025-12-15,M,AA,1,2,2
2025-12-15,T,AA,1,2,2
2025-12-15,M,AB,1,2,2
2025-12-15,T,AB,1,2,2
2025-12-15,M,AC,1,2,2
2025-12-15,T,AC,1,2,2
2025-12-15,M,AD,1,2,2
2025-12-15,T,AD,0,1,1
2025-12-15,M,AE,1,2,2
2025-12-15,T,AE,1,2,2
2025-12-15,M,AF,1,2,2
2025-12-15,T,AF,1,2,2
2025-12-15,M,B,1,2,2
2025-12-15,T,B,1,2,2
2025-12-15,M,C,1,2,2
2025-12-15,T,C,1,2,2
2025-12-15,M,D,1,2,2
2025-12-15,T,D,2,3,3
2025-12-15,M,E,1,2,2
2025-12-15,T,E,1,2,2
2025-12-15,M,F,1,2,2
2025-12-15,T,F,1,2,2
2025-12-15,M,G,1,2,2
2025-12-15,T,G,1,2,2
2025-12-15,M,H,1,2,2
2025-12-15,T,H,1,2,2
2025-12-15,M,I,1,2,2
2025-12-15,T,I,1,2,2
2025-12-15,M,J,1,2,2
2025-12-15,T,J,1,2,2
2025-12-15,M,K,1,2,2
2025-12-15,T,K,1,2,2
2025-12-15,M,L,1,2,2
2025-12-15,T,L,1,2,2
2025-12-15,M,M,1,2,2
2025-12-15,T,M,1,2,2
2025-12-15,M,N,1,2,2
2025-12-15,T,N,1,2,2
2025-12-15,M,O,1,2,2
2025-12-15,T,O,1,2,2
2025-12-15,M,P,1,2,2
2025-12-15,T,P,1,2,2
2025-12-15,M,Q,1,2,2
2025-12-15,T,Q,1,2,2
2025-12-15,M,R,1,2,2
2025-12-15,T,R,1,2,2
2025-12-15,M,S,1,2,2
2025-12-15,T,S,1,2,2
2025-12-15,M,T,1,2,2
2025-12-15,T,T,1,2,2
2025-12-15,M,U,1,2,2
2025-12-15,T,U,1,2,2
2025-12-15,M,V,1,2,2
2025-12-15,T,V,1,2,2
2025-12-15,M,W,1,2,2
2025-12-15,T,W,1,2,2
2025-12-15,M,X,1,2,2
2025-12-15,T,X,1,2,2
2025-12-15,M,Y,1,2,2
2025-12-15,T,Y,1,2,2
2025-12-15,M,Z,1,2,2
2025-12-15,T,Z,2,3,3
2025-12-16,M,A,1,2,2
2025-12-16,T,A,1,2,2
2025-12-16,M,AA,2,3,3
2025-12-16,T,AA,1,2,2
2025-12-16,M,AB,1,2,2
2025-12-16,T,AB,1,2,2
2025-12-16,M,AC,1,2,2
2025-12-16,T,AC,1,2,2
2025-12-16,M,AD,2,3,3
2025-12-16,T,AD,1,2,2
2025-12-16,M,AE,2,3,3
2025-12-16,T,AE,1,2,2
2025-12-16,M,AF,1,2,2
2025-12-16,T,AF,1,2,2
2025-12-16,M,B,1,2,2
2025-12-16,T,B,1,2,2
2025-12-16,M,C,1,2,2
2025-12-16,T,C,1,2,2
2025-12-16,M,D,1,2,2
2025-12-16,T,D,1,2,2
2025-12-16,M,E,1,2,2
2025-12-16,T,E,1,2,2
2025-12-16,M,F,1,2,2
2025-12-16,T,F,1,2,2
2025-12-16,M,G,1,2,2
2025-12-16,T,G,1,2,2
2025-12-16,M,H,1,2,2
2025-12-16,T,H,1,2,2
2025-12-16,M,I,1,2,2
2025-12-16,T,I,1,2,2
2025-12-16,M,J,1,2,2
2025-12-16,T,J,1,2,2
2025-12-16,M,K,1,2,2
2025-12-16,T,K,1,2,2
2025-12-16,M,L,1,2,2
2025-12-16,T,L,1,2,2
2025-12-16,M,M,1,2,2
2025-12-16,T,M,1,2,2
2025-12-16,M,N,1,2,2
2025-12-16,T,N,1,2,2
2025-12-16,M,O,1,2,2
2025-12-16,T,O,1,2,2
2025-12-16,M,P,0,1,1
2025-12-16,T,P,1,2,2
2025-12-16,M,Q,1,2,2
2025-12-16,T,Q,1,2,2
2025-12-16,M,R,1,2,2
2025-12-16,T,R,1,2,2
2025-12-16,M,S,1,2,2
2025-12-16,T,S,1,2,2
2025-12-16,M,T,1,2,2
2025-12-16,T,T,1,2,2
2025-12-16,M,U,1,2,2
2025-12-16,T,U,1,2,2
2025-12-16,M,V,1,2,2
2025-12-16,T,V,1,2,2
2025-12-16,M,W,1,2,2
2025-12-16,T,W,1,2,2
2025-12-16,M,X,1,2,2
2025-12-16,T,X,1,2,2
2025-12-16,M,Y,1,2,2
2025-12-16,T,Y,1,2,2
2025-12-16,M,Z,1,2,2
2025-12-16,T,Z,1,2,2
2025-12-17,M,A,1,2,2
2025-12-17,T,A,1,2,2
2025-12-17,M,AA,1,2,2
2025-12-17,T,AA,1,2,2
2025-12-17,M,AB,1,2,2
2025-12-17,T,AB,1,2,2
2025-12-17,M,AC,1,2,2
2025-12-17,T,AC,2,3,3
2025-12-17,M,AD,1,2,2
2025-12-17,T,AD,1,2,2
2025-12-17,M,AE,1,2,2
2025-12-17,T,AE,1,2,2
2025-12-17,M,AF,1,2,2
2025-12-17,T,AF,1,2,2
2025-12-17,M,B,1,2,2
2025-12-17,T,B,1,2,2
2025-12-17,M,C,1,2,2
2025-12-17,T,C,1,2,2
2025-12-17,M,D,1,2,2
2025-12-17,T,D,1,2,2
2025-12-17,M,E,1,2,2
2025-12-17,T,E,1,2,2
2025-12-17,M,F,1,2,2
2025-12-17,T,F,1,2,2
2025-12-17,M,G,1,2,2
2025-12-17,T,G,1,2,2
2025-12-17,M,H,1,2,2
2025-12-17,T,H,1,2,2
2025-12-17,M,I,1,2,2
2025-12-17,T,I,1,2,2
2025-12-17,M,J,1,2,2
2025-12-17,T,J,1,2,2
2025-12-17,M,K,1,2,2
2025-12-17,T,K,1,2,2
2025-12-17,M,L,2,3,3
2025-12-17,T,L,1,2,2
2025-12-17,M,M,1,2,2
2025-12-17,T,M,2,3,3
2025-12-17,M,N,1,2,2
2025-12-17,T,N,1,2,2
2025-12-17,M,O,1,2,2
2025-12-17,T,O,1,2,2
2025-12-17,M,P,1,2,2
2025-12-17,T,P,1,2,2
2025-12-17,M,Q,1,2,2
2025-12-17,T,Q,1,2,2
2025-12-17,M,R,1,2,2
2025-12-17,T,R,1,2,2
2025-12-17,M,S,1,2,2
2025-12-17,T,S,1,2,2
2025-12-17,M,T,1,2,2
2025-12-17,T,T,1,2,2
2025-12-17,M,U,1,2,2
2025-12-17,T,U,1,2,2
2025-12-17,M,V,1,2,2
2025-12-17,T,V,1,2,2
2025-12-17,M,W,1,2,2
2025-12-17,T,W,1,2,2
2025-12-17,M,X,2,3,3
2025-12-17,T,X,1,2,2
2025-12-17,M,Y,1,2,2
2025-12-17,T,Y,1,2,2
2025-12-17,M,Z,1,2,2
2025-12-17,T,Z,1,2,2
2025-12-18,M,A,1,2,2
2025-12-18,T,A,1,2,2
2025-12-18,M,AA,1,2,2
2025-12-18,T,AA,1,2,2
2025-12-18,M,AB,0,1,1
2025-12-18,T,AB,1,2,2
2025-12-18,M,AC,1,2,2
2025-12-18,T,AC,1,2,2
2025-12-18,M,AD,1,2,2
2025-12-18,T,AD,1,2,2
2025-12-18,M,AE,1,2,2
2025-12-18,T,AE,1,2,2
2025-12-18,M,AF,1,2,2
2025-12-18,T,AF,1,2,2
2025-12-18,M,B,0,1,1
2025-12-18,T,B,1,2,2
2025-12-18,M,C,1,2,2
2025-12-18,T,C,1,2,2
2025-12-18,M,D,1,2,2
2025-12-18,T,D,1,2,2
2025-12-18,M,E,1,2,2
2025-12-18,T,E,1,2,2
2025-12-18,M,F,1,2,2
2025-12-18,T,F,1,2,2
2025-12-18,M,G,1,2,2
2025-12-18,T,G,1,2,2
2025-12-18,M,H,1,2,2
2025-12-18,T,H,1,2,2
2025-12-18,M,I,1,2,2
2025-12-18,T,I,1,2,2
2025-12-18,M,J,1,2,2
2025-12-18,T,J,1,2,2
2025-12-18,M,K,1,2,2
2025-12-18,T,K,1,2,2
2025-12-18,M,L,1,2,2
2025-12-18,T,L,1,2,2
2025-12-18,M,M,1,2,2
2025-12-18,T,M,1,2,2
2025-12-18,M,N,1,2,2
2025-12-18,T,N,1,2,2
2025-12-18,M,O,1,2,2
2025-12-18,T,O,1,2,2
2025-12-18,M,P,0,1,1
2025-12-18,T,P,1,2,2
2025-12-18,M,Q,0,1,1
2025-12-18,T,Q,1,2,2
2025-12-18,M,R,1,2,2
2025-12-18,T,R,1,2,2
2025-12-18,M,S,1,2,2
2025-12-18,T,S,1,2,2
2025-12-18,M,T,1,2,2
2025-12-18,T,T,1,2,2
2025-12-18,M,U,1,2,2
2025-12-18,T,U,1,2,2
2025-12-18,M,V,2,3,3
2025-12-18,T,V,1,2,2
2025-12-18,M,W,1,2,2
2025-12-18,T,W,1,2,2
2025-12-18,M,X,0,1,1
2025-12-18,T,X,1,2,2
2025-12-18,M,Y,1,2,2
2025-12-18,T,Y,1,2,2
2025-12-18,M,Z,1,2,2
2025-12-18,T,Z,1,2,2
2025-12-19,M,A,1,2,2
2025-12-19,T,A,1,2,2
2025-12-19,M,AA,1,2,2
2025-12-19,T,AA,1,2,2
2025-12-19,M,AB,1,2,2
2025-12-19,T,AB,1,2,2
2025-12-19,M,AC,1,2,2
2025-12-19,T,AC,1,2,2
2025-12-19,M,AD,1,2,2
2025-12-19,T,AD,1,2,2
2025-12-19,M,AE,1,2,2
2025-12-19,T,AE,1,2,2
2025-12-19,M,AF,1,2,2
2025-12-19,T,AF,1,2,2
2025-12-19,M,B,1,2,2
2025-12-19,T,B,1,2,2
2025-12-19,M,C,1,2,2
2025-12-19,T,C,0,1,1
2025-12-19,M,D,1,2,2
2025-12-19,T,D,1,2,2
2025-12-19,M,E,1,2,2
2025-12-19,T,E,0,1,1
2025-12-19,M,F,1,2,2
2025-12-19,T,F,0,1,1
2025-12-19,M,G,1,2,2
2025-12-19,T,G,0,1,1
2025-12-19,M,H,1,2,2
2025-12-19,T,H,1,2,2
2025-12-19,M,I,1,2,2
2025-12-19,T,I,1,2,2
2025-12-19,M,J,1,2,2
2025-12-19,T,J,1,2,2
2025-12-19,M,K,1,2,2
2025-12-19,T,K,1,2,2
2025-12-19,M,L,1,2,2
2025-12-19,T,L,0,1,1
2025-12-19,M,M,1,2,2
2025-12-19,T,M,1,2,2
2025-12-19,M,N,1,2,2
2025-12-19,T,N,1,2,2
2025-12-19,M,O,1,2,2
2025-12-19,T,O,1,2,2
2025-12-19,M,P,1,2,2
2025-12-19,T,P,1,2,2
2025-12-19,M,Q,1,2,2
2025-12-19,T,Q,1,2,2
2025-12-19,M,R,1,2,2
2025-12-19,T,R,1,2,2
2025-12-19,M,S,0,1,1
2025-12-19,T,S,1,2,2
2025-12-19,M,T,1,2,2
2025-12-19,T,T,1,2,2
2025-12-19,M,U,1,2,2
2025-12-19,T,U,1,2,2
2025-12-19,M,V,1,2,2
2025-12-19,T,V,0,1,1
2025-12-19,M,W,1,2,2
2025-12-19,T,W,1,2,2
2025-12-19,M,X,1,2,2
2025-12-19,T,X,1,2,2
2025-12-19,M,Y,1,2,2
2025-12-19,T,Y,1,2,2
2025-12-19,M,Z,1,2,2
2025-12-19,T,Z,1,2,2
2025-12-20,M,A,1,2,2
2025-12-20,T,A,2,3,3
2025-12-20,M,AA,1,2,2
2025-12-20,T,AA,1,2,2
2025-12-20,M,AB,1,2,2
2025-12-20,T,AB,1,2,2
2025-12-20,M,AC,1,2,2
2025-12-20,T,AC,1,2,2
2025-12-20,M,AD,1,2,2
2025-12-20,T,AD,1,2,2
2025-12-20,M,AE,1,2,2
2025-12-20,T,AE,1,2,2
2025-12-20,M,AF,1,2,2
2025-12-20,T,AF,1,2,2
2025-12-20,M,B,1,2,2
2025-12-20,T,B,1,2,2
2025-12-20,M,C,1,2,2
2025-12-20,T,C,1,2,2
2025-12-20,M,D,1,2,2
2025-12-20,T,D,1,2,2
2025-12-20,M,E,1,2,2
2025-12-20,T,E,1,2,2
2025-12-20,M,F,1,2,2
2025-12-20,T,F,1,2,2
2025-12-20,M,G,1,2,2
2025-12-20,T,G,1,2,2
2025-12-20,M,H,1,2,2
2025-12-20,T,H,1,2,2
2025-12-20,M,I,1,2,2
2025-12-20,T,I,1,2,2
2025-12-20,M,J,1,2,2
2025-12-20,T,J,2,3,3
2025-12-20,M,K,1,2,2
2025-12-20,T,K,1,2,2
2025-12-20,M,L,1,2,2
2025-12-20,T,L,1,2,2
2025-12-20,M,M,1,2,2
2025-12-20,T,M,1,2,2
2025-12-20,M,N,1,2,2
2025-12-20,T,N,1,2,2
2025-12-20,M,O,1,2,2
2025-12-20,T,O,1,2,2
2025-12-20,M,P,1,2,2
2025-12-20,T,P,0,1,1
2025-12-20,M,Q,1,2,2
2025-12-20,T,Q,1,2,2
2025-12-20,M,R,1,2,2
2025-12-20,T,R,2,3,3
2025-12-20,M,S,1,2,2
2025-12-20,T,S,1,2,2
2025-12-20,M,T,1,2,2
2025-12-20,T,T,1,2,2
2025-12-20,M,U,1,2,2
2025-12-20,T,U,1,2,2
2025-12-20,M,V,1,2,2
2025-12-20,T,V,1,2,2
2025-12-20,M,W,1,2,2
2025-12-20,T,W,1,2,2
2025-12-20,M,X,1,2,2
2025-12-20,T,X,1,2,2
2025-12-20,M,Y,1,2,2
2025-12-20,T,Y,1,2,2
2025-12-20,M,Z,1,2,2
2025-12-20,T,Z,1,2,2
2025-12-21,M,A,1,2,2
2025-12-21,T,A,1,2,2
2025-12-21,M,AA,1,2,2
2025-12-21,T,AA,1,2,2
2025-12-21,M,AB,1,2,2
2025-12-21,T,AB,1,2,2
2025-12-21,M,AC,1,2,2
2025-12-21,T,AC,0,1,1
2025-12-21,M,AD,1,2,2
2025-12-21,T,AD,1,2,2
2025-12-21,M,AE,1,2,2
2025-12-21,T,AE,1,2,2
2025-12-21,M,AF,1,2,2
2025-12-21,T,AF,1,2,2
2025-12-21,M,B,1,2,2
2025-12-21,T,B,1,2,2
2025-12-21,M,C,1,2,2
2025-12-21,T,C,1,2,2
2025-12-21,M,D,1,2,2
2025-12-21,T,D,1,2,2
2025-12-21,M,E,1,2,2
2025-12-21,T,E,1,2,2
2025-12-21,M,F,1,2,2
2025-12-21,T,F,1,2,2
2025-12-21,M,G,1,2,2
2025-12-21,T,G,1,2,2
2025-12-21,M,H,1,2,2
2025-12-21,T,H,1,2,2
2025-12-21,M,I,1,2,2
2025-12-21,T,I,1,2,2
2025-12-21,M,J,1,2,2
2025-12-21,T,J,1,2,2
2025-12-21,M,K,1,2,2
2025-12-21,T,K,1,2,2
2025-12-21,M,L,1,2,2
2025-12-21,T,L,1,2,2
2025-12-21,M,M,1,2,2
2025-12-21,T,M,1,2,2
2025-12-21,M,N,1,2,2
2025-12-21,T,N,1,2,2
2025-12-21,M,O,1,2,2
2025-12-21,T,O,1,2,2
2025-12-21,M,P,1,2,2
2025-12-21,T,P,1,2,2
2025-12-21,M,Q,1,2,2
2025-12-21,T,Q,1,2,2
2025-12-21,M,R,1,2,2
2025-12-21,T,R,1,2,2
2025-12-21,M,S,1,2,2
2025-12-21,T,S,1,2,2
2025-12-21,M,T,1,2,2
2025-12-21,T,T,1,2,2
2025-12-21,M,U,1,2,2
2025-12-21,T,U,1,2,2
2025-12-21,M,V,1,2,2
2025-12-21,T,V,1,2,2
2025-12-21,M,W,1,2,2
2025-12-21,T,W,1,2,2
2025-12-21,M,X,1,2,2
2025-12-21,T,X,0,1,1
2025-12-21,M,Y,1,2,2
2025-12-21,T,Y,1,2,2
2025-12-21,M,Z,1,2,2
2025-12-21,T,Z,1,2,2
2025-12-22,M,A,1,2,2
2025-12-22,T,A,1,2,2
2025-12-22,M,AA,1,2,2
2025-12-22,T,AA,1,2,2
2025-12-22,M,AB,1,2,2
2025-12-22,T,AB,1,2,2
2025-12-22,M,AC,1,2,2
2025-12-22,T,AC,1,2,2
2025-12-22,M,AD,0,1,1
2025-12-22,T,AD,1,2,2
2025-12-22,M,AE,1,2,2
2025-12-22,T,AE,2,3,3
2025-12-22,M,AF,1,2,2
2025-12-22,T,AF,1,2,2
2025-12-22,M,B,1,2,2
2025-12-22,T,B,0,1,1
2025-12-22,M,C,1,2,2
2025-12-22,T,C,1,2,2
2025-12-22,M,D,1,2,2
2025-12-22,T,D,0,1,1
2025-12-22,M,E,1,2,2
2025-12-22,T,E,1,2,2
2025-12-22,M,F,1,2,2
2025-12-22,T,F,1,2,2
2025-12-22,M,G,1,2,2
2025-12-22,T,G,1,2,2
2025-12-22,M,H,1,2,2
2025-12-22,T,H,1,2,2
2025-12-22,M,I,2,3,3
2025-12-22,T,I,1,2,2
2025-12-22,M,J,1,2,2
2025-12-22,T,J,1,2,2
2025-12-22,M,K,1,2,2
2025-12-22,T,K,1,2,2
2025-12-22,M,L,1,2,2
2025-12-22,T,L,1,2,2
2025-12-22,M,M,1,2,2
2025-12-22,T,M,1,2,2
2025-12-22,M,N,1,2,2
2025-12-22,T,N,1,2,2
2025-12-22,M,O,1,2,2
2025-12-22,T,O,1,2,2
2025-12-22,M,P,1,2,2
2025-12-22,T,P,1,2,2
2025-12-22,M,Q,1,2,2
2025-12-22,T,Q,1,2,2
2025-12-22,M,R,1,2,2
2025-12-22,T,R,1,2,2
2025-12-22,M,S,1,2,2
2025-12-22,T,S,1,2,2
2025-12-22,M,T,1,2,2
2025-12-22,T,T,1,2,2
2025-12-22,M,U,1,2,2
2025-12-22,T,U,1,2,2
2025-12-22,M,V,1,2,2
2025-12-22,T,V,1,2,2
2025-12-22,M,W,1,2,2
2025-12-22,T,W,0,1,1
2025-12-22,M,X,1,2,2
2025-12-22,T,X,1,2,2
2025-12-22,M,Y,1,2,2
2025-12-22,T,Y,1,2,2
2025-12-22,M,Z,1,2,2
2025-12-22,T,Z,1,2,2
2025-12-23,M,A,1,2,2
2025-12-23,T,A,1,2,2
2025-12-23,M,AA,0,1,1
2025-12-23,T,AA,1,2,2
2025-12-23,M,AB,1,2,2
2025-12-23,T,AB,2,3,3
2025-12-23,M,AC,1,2,2
2025-12-23,T,AC,1,2,2
2025-12-23,M,AD,1,2,2
2025-12-23,T,AD,0,1,1
2025-12-23,M,AE,1,2,2
2025-12-23,T,AE,1,2,2
2025-12-23,M,AF,1,2,2
2025-12-23,T,AF,1,2,2
2025-12-23,M,B,1,2,2
2025-12-23,T,B,1,2,2
2025-12-23,M,C,1,2,2
2025-12-23,T,C,1,2,2
2025-12-23,M,D,1,2,2
2025-12-23,T,D,1,2,2
2025-12-23,M,E,1,2,2
2025-12-23,T,E,1,2,2
2025-12-23,M,F,1,2,2
2025-12-23,T,F,1,2,2
2025-12-23,M,G,0,1,1
2025-12-23,T,G,1,2,2
2025-12-23,M,H,1,2,2
2025-12-23,T,H,1,2,2
2025-12-23,M,I,1,2,2
2025-12-23,T,I,2,3,3
2025-12-23,M,J,1,2,2
2025-12-23,T,J,1,2,2
2025-12-23,M,K,1,2,2
2025-12-23,T,K,1,2,2
2025-12-23,M,L,1,2,2
2025-12-23,T,L,1,2,2
2025-12-23,M,M,1,2,2
2025-12-23,T,M,1,2,2
2025-12-23,M,N,1,2,2
2025-12-23,T,N,1,2,2
2025-12-23,M,O,1,2,2
2025-12-23,T,O,1,2,2
2025-12-23,M,P,1,2,2
2025-12-23,T,P,1,2,2
2025-12-23,M,Q,1,2,2
2025-12-23,T,Q,1,2,2
2025-12-23,M,R,1,2,2
2025-12-23,T,R,1,2,2
2025-12-23,M,S,1,2,2
2025-12-23,T,S,1,2,2
2025-12-23,M,T,1,2,2
2025-12-23,T,T,1,2,2
2025-12-23,M,U,1,2,2
2025-12-23,T,U,1,2,2
2025-12-23,M,V,1,2,2
2025-12-23,T,V,1,2,2
2025-12-23,M,W,1,2,2
2025-12-23,T,W,0,1,1
2025-12-23,M,X,1,2,2
2025-12-23,T,X,1,2,2
2025-12-23,M,Y,1,2,2
2025-12-23,T,Y,1,2,2
2025-12-23,M,Z,1,2,2
2025-12-23,T,Z,1,2,2
2025-12-24,M,A,1,2,2
2025-12-24,T,A,1,2,2
2025-12-24,M,AA,1,2,2
2025-12-24,T,AA,1,2,2
2025-12-24,M,AB,1,2,2
2025-12-24,T,AB,1,2,2
2025-12-24,M,AC,1,2,2
2025-12-24,T,AC,1,2,2
2025-12-24,M,AD,1,2,2
2025-12-24,T,AD,1,2,2
2025-12-24,M,AE,1,2,2
2025-12-24,T,AE,1,2,2
2025-12-24,M,AF,1,2,2
2025-12-24,T,AF,1,2,2
2025-12-24,M,B,1,2,2
2025-12-24,T,B,1,2,2
2025-12-24,M,C,1,2,2
2025-12-24,T,C,2,3,3
2025-12-24,M,D,1,2,2
2025-12-24,T,D,1,2,2
2025-12-24,M,E,1,2,2
2025-12-24,T,E,1,2,2
2025-12-24,M,F,1,2,2
2025-12-24,T,F,1,2,2
2025-12-24,M,G,1,2,2
2025-12-24,T,G,1,2,2
2025-12-24,M,H,1,2,2
2025-12-24,T,H,1,2,2
2025-12-24,M,I,1,2,2
2025-12-24,T,I,1,2,2
2025-12-24,M,J,1,2,2
2025-12-24,T,J,1,2,2
2025-12-24,M,K,1,2,2
2025-12-24,T,K,1,2,2
2025-12-24,M,L,1,2,2
2025-12-24,T,L,2,3,3
2025-12-24,M,M,1,2,2
2025-12-24,T,M,1,2,2
2025-12-24,M,N,1,2,2
2025-12-24,T,N,1,2,2
2025-12-24,M,O,0,1,1
2025-12-24,T,O,1,2,2
2025-12-24,M,P,1,2,2
2025-12-24,T,P,1,2,2
2025-12-24,M,Q,1,2,2
2025-12-24,T,Q,1,2,2
2025-12-24,M,R,1,2,2
2025-12-24,T,R,1,2,2
2025-12-24,M,S,1,2,2
2025-12-24,T,S,1,2,2
2025-12-24,M,T,1,2,2
2025-12-24,T,T,1,2,2
2025-12-24,M,U,1,2,2
2025-12-24,T,U,1,2,2
2025-12-24,M,V,2,3,3
2025-12-24,T,V,1,2,2
2025-12-24,M,W,1,2,2
2025-12-24,T,W,1,2,2
2025-12-24,M,X,1,2,2
2025-12-24,T,X,1,2,2
2025-12-24,M,Y,2,3,3
2025-12-24,T,Y,1,2,2
2025-12-24,M,Z,1,2,2
2025-12-24,T,Z,1,2,2
2025-12-25,M,A,1,2,2
2025-12-25,T,A,1,2,2
2025-12-25,M,AA,1,2,2
2025-12-25,T,AA,1,2,2
2025-12-25,M,AB,0,1,1
2025-12-25,T,AB,2,3,3
2025-12-25,M,AC,1,2,2
2025-12-25,T,AC,1,2,2
2025-12-25,M,AD,1,2,2
2025-12-25,T,AD,1,2,2
2025-12-25,M,AE,1,2,2
2025-12-25,T,AE,1,2,2
2025-12-25,M,AF,1,2,2
2025-12-25,T,AF,1,2,2
2025-12-25,M,B,1,2,2
2025-12-25,T,B,1,2,2
2025-12-25,M,C,1,2,2
2025-12-25,T,C,1,2,2
2025-12-25,M,D,1,2,2
2025-12-25,T,D,1,2,2
2025-12-25,M,E,1,2,2
2025-12-25,T,E,1,2,2
2025-12-25,M,F,1,2,2
2025-12-25,T,F,1,2,2
2025-12-25,M,G,1,2,2
2025-12-25,T,G,1,2,2
2025-12-25,M,H,2,3,3
2025-12-25,T,H,1,2,2
2025-12-25,M,I,1,2,2
2025-12-25,T,I,1,2,2
2025-12-25,M,J,1,2,2
2025-12-25,T,J,0,1,1
2025-12-25,M,K,1,2,2
2025-12-25,T,K,0,1,1
2025-12-25,M,L,1,2,2
2025-12-25,T,L,1,2,2
2025-12-25,M,M,1,2,2
2025-12-25,T,M,1,2,2
2025-12-25,M,N,1,2,2
2025-12-25,T,N,1,2,2
2025-12-25,M,O,1,2,2
2025-12-25,T,O,1,2,2
2025-12-25,M,P,1,2,2
2025-12-25,T,P,1,2,2
2025-12-25,M,Q,1,2,2
2025-12-25,T,Q,1,2,2
2025-12-25,M,R,2,3,3
2025-12-25,T,R,1,2,2
2025-12-25,M,S,1,2,2
2025-12-25,T,S,1,2,2
2025-12-25,M,T,1,2,2
2025-12-25,T,T,1,2,2
2025-12-25,M,U,1,2,2
2025-12-25,T,U,1,2,2
2025-12-25,M,V,1,2,2
2025-12-25,T,V,1,2,2
2025-12-25,M,W,0,1,1
2025-12-25,T,W,1,2,2
2025-12-25,M,X,1,2,2
2025-12-25,T,X,1,2,2
2025-12-25,M,Y,1,2,2
2025-12-25,T,Y,1,2,2
2025-12-25,M,Z,1,2,2
2025-12-25,T,Z,1,2,2
2025-12-26,M,A,1,2,2
2025-12-26,T,A,1,2,2
2025-12-26,M,AA,1,2,2
2025-12-26,T,AA,1,2,2
2025-12-26,M,AB,1,2,2
2025-12-26,T,AB,1,2,2
2025-12-26,M,AC,1,2,2
2025-12-26,T,AC,1,2,2
2025-12-26,M,AD,1,2,2
2025-12-26,T,AD,1,2,2
2025-12-26,M,AE,1,2,2
2025-12-26,T,AE,1,2,2
2025-12-26,M,AF,1,2,2
2025-12-26,T,AF,1,2,2
2025-12-26,M,B,1,2,2
2025-12-26,T,B,1,2,2
2025-12-26,M,C,1,2,2
2025-12-26,T,C,1,2,2
2025-12-26,M,D,1,2,2
2025-12-26,T,D,1,2,2
2025-12-26,M,E,1,2,2
2025-12-26,T,E,1,2,2
2025-12-26,M,F,1,2,2
2025-12-26,T,F,1,2,2
2025-12-26,M,G,1,2,2
2025-12-26,T,G,1,2,2
2025-12-26,M,H,1,2,2
2025-12-26,T,H,1,2,2
2025-12-26,M,I,1,2,2
2025-12-26,T,I,1,2,2
2025-12-26,M,J,1,2,2
2025-12-26,T,J,1,2,2
2025-12-26,M,K,1,2,2
2025-12-26,T,K,1,2,2
2025-12-26,M,L,1,2,2
2025-12-26,T,L,1,2,2
2025-12-26,M,M,1,2,2
2025-12-26,T,M,1,2,2
2025-12-26,M,N,1,2,2
2025-12-26,T,N,1,2,2
2025-12-26,M,O,1,2,2
2025-12-26,T,O,1,2,2
2025-12-26,M,P,1,2,2
2025-12-26,T,P,1,2,2
2025-12-26,M,Q,1,2,2
2025-12-26,T,Q,1,2,2
2025-12-26,M,R,1,2,2
2025-12-26,T,R,1,2,2
2025-12-26,M,S,1,2,2
2025-12-26,T,S,1,2,2
2025-12-26,M,T,1,2,2
2025-12-26,T,T,1,2,2
2025-12-26,M,U,1,2,2
2025-12-26,T,U,1,2,2
2025-12-26,M,V,1,2,2
2025-12-26,T,V,1,2,2
2025-12-26,M,W,1,2,2
2025-12-26,T,W,1,2,2
2025-12-26,M,X,1,2,2
2025-12-26,T,X,1,2,2
2025-12-26,M,Y,2,3,3
2025-12-26,T,Y,1,2,2
2025-12-26,M,Z,1,2,2
2025-12-26,T,Z,2,3,3
2025-12-27,M,A,0,1,1
2025-12-27,T,A,1,2,2
2025-12-27,M,AA,1,2,2
2025-12-27,T,AA,1,2,2
2025-12-27,M,AB,1,2,2
2025-12-27,T,AB,1,2,2
2025-12-27,M,AC,1,2,2
2025-12-27,T,AC,1,2,2
2025-12-27,M,AD,1,2,2
2025-12-27,T,AD,1,2,2
2025-12-27,M,AE,1,2,2
2025-12-27,T,AE,1,2,2
2025-12-27,M,AF,1,2,2
2025-12-27,T,AF,1,2,2
2025-12-27,M,B,1,2,2
2025-12-27,T,B,1,2,2
2025-12-27,M,C,1,2,2
2025-12-27,T,C,1,2,2
2025-12-27,M,D,0,1,1
2025-12-27,T,D,1,2,2
2025-12-27,M,E,1,2,2
2025-12-27,T,E,1,2,2
2025-12-27,M,F,2,3,3
2025-12-27,T,F,1,2,2
2025-12-27,M,G,1,2,2
2025-12-27,T,G,1,2,2
2025-12-27,M,H,1,2,2
2025-12-27,T,H,1,2,2
2025-12-27,M,I,1,2,2
2025-12-27,T,I,1,2,2
2025-12-27,M,J,1,2,2
2025-12-27,T,J,1,2,2
2025-12-27,M,K,1,2,2
2025-12-27,T,K,1,2,2
2025-12-27,M,L,1,2,2
2025-12-27,T,L,1,2,2
2025-12-27,M,M,1,2,2
2025-12-27,T,M,1,2,2
2025-12-27,M,N,1,2,2
2025-12-27,T,N,1,2,2
2025-12-27,M,O,2,3,3
2025-12-27,T,O,1,2,2
2025-12-27,M,P,2,3,3
2025-12-27,T,P,1,2,2
2025-12-27,M,Q,1,2,2
2025-12-27,T,Q,1,2,2
2025-12-27,M,R,1,2,2
2025-12-27,T,R,1,2,2
2025-12-27,M,S,1,2,2
2025-12-27,T,S,2,3,3
2025-12-27,M,T,1,2,2
2025-12-27,T,T,1,2,2
2025-12-27,M,U,1,2,2
2025-12-27,T,U,1,2,2
2025-12-27,M,V,1,2,2
2025-12-27,T,V,1,2,2
2025-12-27,M,W,1,2,2
2025-12-27,T,W,1,2,2
2025-12-27,M,X,0,1,1
2025-12-27,T,X,0,1,1
2025-12-27,M,Y,1,2,2
2025-12-27,T,Y,0,1,1
2025-12-27,M,Z,1,2,2
2025-12-27,T,Z,1,2,2
2025-12-28,M,A,1,2,2
2025-12-28,T,A,1,2,2
2025-12-28,M,AA,1,2,2
2025-12-28,T,AA,1,2,2
2025-12-28,M,AB,1,2,2
2025-12-28,T,AB,1,2,2
2025-12-28,M,AC,1,2,2
2025-12-28,T,AC,1,2,2
2025-12-28,M,AD,1,2,2
2025-12-28,T,AD,1,2,2
2025-12-28,M,AE,1,2,2
2025-12-28,T,AE,1,2,2
2025-12-28,M,AF,1,2,2
2025-12-28,T,AF,1,2,2
2025-12-28,M,B,1,2,2
2025-12-28,T,B,1,2,2
2025-12-28,M,C,1,2,2
2025-12-28,T,C,1,2,2
2025-12-28,M,D,1,2,2
2025-12-28,T,D,1,2,2
2025-12-28,M,E,1,2,2
2025-12-28,T,E,1,2,2
2025-12-28,M,F,0,1,1
2025-12-28,T,F,1,2,2
2025-12-28,M,G,1,2,2
2025-12-28,T,G,1,2,2
2025-12-28,M,H,1,2,2
2025-12-28,T,H,1,2,2
2025-12-28,M,I,1,2,2
2025-12-28,T,I,1,2,2
2025-12-28,M,J,1,2,2
2025-12-28,T,J,1,2,2
2025-12-28,M,K,1,2,2
2025-12-28,T,K,1,2,2
2025-12-28,M,L,1,2,2
2025-12-28,T,L,1,2,2
2025-12-28,M,M,1,2,2
2025-12-28,T,M,1,2,2
2025-12-28,M,N,1,2,2
2025-12-28,T,N,1,2,2
2025-12-28,M,O,1,2,2
2025-12-28,T,O,1,2,2
2025-12-28,M,P,1,2,2
2025-12-28,T,P,1,2,2
2025-12-28,M,Q,1,2,2
2025-12-28,T,Q,1,2,2
2025-12-28,M,R,1,2,2
2025-12-28,T,R,1,2,2
2025-12-28,M,S,0,1,1
2025-12-28,T,S,2,3,3
2025-12-28,M,T,1,2,2
2025-12-28,T,T,1,2,2
2025-12-28,M,U,1,2,2
2025-12-28,T,U,2,3,3
2025-12-28,M,V,1,2,2
2025-12-28,T,V,1,2,2
2025-12-28,M,W,1,2,2
2025-12-28,T,W,1,2,2
2025-12-28,M,X,1,2,2
2025-12-28,T,X,0,1,1
2025-12-28,M,Y,1,2,2
2025-12-28,T,Y,1,2,2
2025-12-28,M,Z,1,2,2
2025-12-28,T,Z,1,2,2
2025-12-29,M,A,1,2,2
2025-12-29,T,A,1,2,2
2025-12-29,M,AA,0,1,1
2025-12-29,T,AA,1,2,2
2025-12-29,M,AB,1,2,2
2025-12-29,T,AB,1,2,2
2025-12-29,M,AC,1,2,2
2025-12-29,T,AC,1,2,2
2025-12-29,M,AD,1,2,2
2025-12-29,T,AD,1,2,2
2025-12-29,M,AE,1,2,2
2025-12-29,T,AE,1,2,2
2025-12-29,M,AF,1,2,2
2025-12-29,T,AF,1,2,2
2025-12-29,M,B,1,2,2
2025-12-29,T,B,1,2,2
2025-12-29,M,C,1,2,2
2025-12-29,T,C,2,3,3
2025-12-29,M,D,1,2,2
2025-12-29,T,D,1,2,2
2025-12-29,M,E,1,2,2
2025-12-29,T,E,1,2,2
2025-12-29,M,F,1,2,2
2025-12-29,T,F,1,2,2
2025-12-29,M,G,1,2,2
2025-12-29,T,G,1,2,2
2025-12-29,M,H,1,2,2
2025-12-29,T,H,2,3,3
2025-12-29,M,I,1,2,2
2025-12-29,T,I,1,2,2
2025-12-29,M,J,1,2,2
2025-12-29,T,J,1,2,2
2025-12-29,M,K,1,2,2
2025-12-29,T,K,1,2,2
2025-12-29,M,L,1,2,2
2025-12-29,T,L,1,2,2
2025-12-29,M,M,1,2,2
2025-12-29,T,M,0,1,1
2025-12-29,M,N,1,2,2
2025-12-29,T,N,1,2,2
2025-12-29,M,O,1,2,2
2025-12-29,T,O,1,2,2
2025-12-29,M,P,1,2,2
2025-12-29,T,P,1,2,2
2025-12-29,M,Q,1,2,2
2025-12-29,T,Q,1,2,2
2025-12-29,M,R,1,2,2
2025-12-29,T,R,1,2,2
2025-12-29,M,S,1,2,2
2025-12-29,T,S,1,2,2
2025-12-29,M,T,2,3,3
2025-12-29,T,T,1,2,2
2025-12-29,M,U,2,3,3
2025-12-29,T,U,1,2,2
2025-12-29,M,V,1,2,2
2025-12-29,T,V,1,2,2
2025-12-29,M,W,2,3,3
2025-12-29,T,W,1,2,2
2025-12-29,M,X,1,2,2
2025-12-29,T,X,1,2,2
2025-12-29,M,Y,1,2,2
2025-12-29,T,Y,1,2,2
2025-12-29,M,Z,1,2,2
2025-12-29,T,Z,1,2,2
2025-12-30,M,A,1,2,2
2025-12-30,T,A,1,2,2
2025-12-30,M,AA,1,2,2
2025-12-30,T,AA,1,2,2
2025-12-30,M,AB,1,2,2
2025-12-30,T,AB,1,2,2
2025-12-30,M,AC,1,2,2
2025-12-30,T,AC,1,2,2
2025-12-30,M,AD,1,2,2
2025-12-30,T,AD,1,2,2
2025-12-30,M,AE,1,2,2
2025-12-30,T,AE,1,2,2
2025-12-30,M,AF,1,2,2
2025-12-30,T,AF,1,2,2
2025-12-30,M,B,1,2,2
2025-12-30,T,B,1,2,2
2025-12-30,M,C,1,2,2
2025-12-30,T,C,1,2,2
2025-12-30,M,D,1,2,2
2025-12-30,T,D,1,2,2
2025-12-30,M,E,1,2,2
2025-12-30,T,E,1,2,2
2025-12-30,M,F,1,2,2
2025-12-30,T,F,1,2,2
2025-12-30,M,G,1,2,2
2025-12-30,T,G,1,2,2
2025-12-30,M,H,1,2,2
2025-12-30,T,H,1,2,2
2025-12-30,M,I,1,2,2
2025-12-30,T,I,0,1,1
2025-12-30,M,J,1,2,2
2025-12-30,T,J,1,2,2
2025-12-30,M,K,1,2,2
2025-12-30,T,K,1,2,2
2025-12-30,M,L,1,2,2
2025-12-30,T,L,1,2,2
2025-12-30,M,M,1,2,2
2025-12-30,T,M,1,2,2
2025-12-30,M,N,1,2,2
2025-12-30,T,N,1,2,2
2025-12-30,M,O,1,2,2
2025-12-30,T,O,1,2,2
2025-12-30,M,P,1,2,2
2025-12-30,T,P,1,2,2
2025-12-30,M,Q,1,2,2
2025-12-30,T,Q,1,2,2
2025-12-30,M,R,1,2,2
2025-12-30,T,R,1,2,2
2025-12-30,M,S,1,2,2
2025-12-30,T,S,1,2,2
2025-12-30,M,T,1,2,2
2025-12-30,T,T,1,2,2
2025-12-30,M,U,1,2,2
2025-12-30,T,U,1,2,2
2025-12-30,M,V,1,2,2
2025-12-30,T,V,1,2,2
2025-12-30,M,W,1,2,2
2025-12-30,T,W,1,2,2
2025-12-30,M,X,1,2,2
2025-12-30,T,X,1,2,2
2025-12-30,M,Y,1,2,2
2025-12-30,T,Y,1,2,2
2025-12-30,M,Z,1,2,2
2025-12-30,T,Z,1,2,2
2025-12-31,M,A,1,2,2
2025-12-31,T,A,1,2,2
2025-12-31,M,AA,1,2,2
2025-12-31,T,AA,1,2,2
2025-12-31,M,AB,1,2,2
2025-12-31,T,AB,1,2,2
2025-12-31,M,AC,1,2,2
2025-12-31,T,AC,1,2,2
2025-12-31,M,AD,1,2,2
2025-12-31,T,AD,1,2,2
2025-12-31,M,AE,1,2,2
2025-12-31,T,AE,1,2,2
2025-12-31,M,AF,1,2,2
2025-12-31,T,AF,1,2,2
2025-12-31,M,B,1,2,2
2025-12-31,T,B,1,2,2
2025-12-31,M,C,1,2,2
2025-12-31,T,C,1,2,2
2025-12-31,M,D,1,2,2
2025-12-31,T,D,1,2,2
2025-12-31,M,E,1,2,2
2025-12-31,T,E,1,2,2
2025-12-31,M,F,1,2,2
2025-12-31,T,F,1,2,2
2025-12-31,M,G,1,2,2
2025-12-31,T,G,1,2,2
2025-12-31,M,H,0,1,1
2025-12-31,T,H,1,2,2
2025-12-31,M,I,1,2,2
2025-12-31,T,I,1,2,2
2025-12-31,M,J,1,2,2
2025-12-31,T,J,1,2,2
2025-12-31,M,K,1,2,2
2025-12-31,T,K,1,2,2
2025-12-31,M,L,1,2,2
2025-12-31,T,L,1,2,2
2025-12-31,M,M,1,2,2
2025-12-31,T,M,1,2,2
2025-12-31,M,N,2,3,3
2025-12-31,T,N,1,2,2
2025-12-31,M,O,1,2,2
2025-12-31,T,O,1,2,2
2025-12-31,M,P,1,2,2
2025-12-31,T,P,1,2,2
2025-12-31,M,Q,1,2,2
2025-12-31,T,Q,1,2,2
2025-12-31,M,R,1,2,2
2025-12-31,T,R,1,2,2
2025-12-31,M,S,1,2,2
2025-12-31,T,S,1,2,2
2025-12-31,M,T,1,2,2
2025-12-31,T,T,1,2,2
2025-12-31,M,U,1,2,2
2025-12-31,T,U,1,2,2
2025-12-31,M,V,1,2,2
2025-12-31,T,V,1,2,2
2025-12-31,M,W,1,2,2
2025-12-31,T,W,1,2,2
2025-12-31,M,X,1,2,2
2025-12-31,T,X,1,2,2
2025-12-31,M,Y,1,2,2
2025-12-31,T,Y,1,2,2
2025-12-31,M,Z,1,2,2
2025-12-31,T,Z,1,2,2
