date,shift,team,minimum,ideal,estimated
2025-01-01,STORAGE_0830_1530,Storage,1,1,1
2025-01-01,CHECKOUT_1000_1100,Checkout,1,1,1
2025-01-01,CHECKOUT_1100_2100,Checkout,1,1,1
2025-01-01,CHECKOUT_2100_2200,Checkout,1,1,1
2025-01-01,MANAGEMENT_1000_1100,Management,1,1,1
2025-01-01,MANAGEMENT_1100_1400,Management,1,1,1
2025-01-01,MANAGEMENT_1400_1900,Management,1,1,1
2025-01-01,MANAGEMENT_1900_2100,Management,1,1,1
2025-01-01,MANAGEMENT_2100_2200,Management,1,1,1
2025-01-02,STORAGE_0830_1530,Storage,1,1,1
2025-01-02,CHECKOUT_1000_1100,Checkout,1,1,1
2025-01-02,CHECKOUT_1100_2100,Checkout,1,1,1
2025-01-02,CHECKOUT_2100_2200,Checkout,1,1,1
2025-01-02,MANAGEMENT_1000_1100,Management,1,1,1
2025-01-02,MANAGEMENT_1100_1400,Management,1,1,1
2025-01-02,MANAGEMENT_1400_1900,Management,1,1,1
2025-01-02,MANAGEMENT_1900_2100,Management,1,1,1
2025-01-02,MANAGEMENT_2100_2200,Management,1,1,1
2025-01-03,STORAGE_0830_1530,Storage,1,1,1
2025-01-03,CHECKOUT_1000_1100,Checkout,1,1,1
2025-01-03,CHECKOUT_1100_2100,Checkout,1,1,1
2025-01-03,CHECKOUT_2100_2200,Checkout,1,1,1
2025-01-03,MANAGEMENT_1000_1100,Management,1,1,1
2025-01-03,MANAGEMENT_1100_1400,Management,1,1,1
2025-01-03,MANAGEMENT_1400_1900,Management,1,1,1
2025-01-03,MANAGEMENT_1900_2100,Management,1,1,1
2025-01-03,MANAGEMENT_2100_2200,Management,1,1,1
2025-01-04,CHECKOUT_1100_2100,Checkout,1,1,1
2025-01-04,MANAGEMENT_1100_1400,Management,1,1,1
2025-01-04,MANAGEMENT_1400_1900,Management,1,1,1
2025-01-04,MANAGEMENT_1900_2100,Management,1,1,1
2025-01-05,CHECKOUT_1100_2100,Checkout,1,1,1
2025-01-05,MANAGEMENT_1100_1400,Management,1,1,1
2025-01-05,MANAGEMENT_1900_2100,Management,1,1,1
2025-01-06,STORAGE_0830_1530,Storage,1,1,1
2025-01-06,CHECKOUT_1000_1100,Checkout,1,1,1
2025-01-06,CHECKOUT_1100_2100,Checkout,1,1,1
2025-01-06,CHECKOUT_2100_2200,Checkout,1,1,1
2025-01-06,MANAGEMENT_1000_1100,Management,1,1,1
2025-01-06,MANAGEMENT_1100_1400,Management,1,1,1
2025-01-06,MANAGEMENT_1400_1900,Management,1,1,1
2025-01-06,MANAGEMENT_1900_2100,Management,1,1,1
2025-01-06,MANAGEMENT_2100_2200,Management,1,1,1
2025-01-07,STORAGE_0830_1530,Storage,1,1,1
2025-01-07,CHECKOUT_1000_1100,Checkout,1,1,1
2025-01-07,CHECKOUT_1100_2100,Checkout,1,1,1
2025-01-07,CHECKOUT_2100_2200,Checkout,1,1,1
2025-01-07,MANAGEMENT_1000_1100,Management,1,1,1
2025-01-07,MANAGEMENT_1100_1400,Management,1,1,1
2025-01-07,MANAGEMENT_1400_1900,Management,1,1,1
2025-01-07,MANAGEMENT_1900_2100,Management,1,1,1
2025-01-07,MANAGEMENT_2100_2200,Management,1,1,1
2025-01-08,STORAGE_0830_1530,Storage,1,1,1
2025-01-08,CHECKOUT_1000_1100,Checkout,1,1,1
2025-01-08,CHECKOUT_1100_2100,Checkout,1,1,1
2025-01-08,CHECKOUT_2100_2200,Checkout,1,1,1
2025-01-08,MANAGEMENT_1000_1100,Management,1,1,1
2025-01-08,MANAGEMENT_1100_1400,Management,1,1,1
2025-01-08,MANAGEMENT_1400_1900,Management,1,1,1
2025-01-08,MANAGEMENT_1900_2100,Management,1,1,1
2025-01-08,MANAGEMENT_2100_2200,Management,1,1,1
2025-01-09,STORAGE_0830_1530,Storage,1,1,1
2025-01-09,CHECKOUT_1000_1100,Checkout,1,1,1
2025-01-09,CHECKOUT_1100_2100,Checkout,1,1,1
2025-01-09,CHECKOUT_2100_2200,Checkout,1,1,1
2025-01-09,MANAGEMENT_1000_1100,Management,1,1,1
2025-01-09,MANAGEMENT_1100_1400,Management,1,1,1
2025-01-09,MANAGEMENT_1400_1900,Management,1,1,1
2025-01-09,MANAGEMENT_1900_2100,Management,1,1,1
2025-01-09,MANAGEMENT_2100_2200,Management,1,1,1
2025-01-10,STORAGE_0830_1530,Storage,1,1,1
2025-01-10,CHECKOUT_1000_1100,Checkout,1,1,1
2025-01-10,CHECKOUT_1100_2100,Checkout,1,1,1
2025-01-10,CHECKOUT_2100_2200,Checkout,1,1,1
2025-01-10,MANAGEMENT_1000_1100,Management,1,1,1
2025-01-10,MANAGEMENT_1100_1400,Management,1,1,1
2025-01-10,MANAGEMENT_1400_1900,Management,1,1,1
2025-01-10,MANAGEMENT_1900_2100,Management,1,1,1
2025-01-10,MANAGEMENT_2100_2200,Management,1,1,1
2025-01-11,CHECKOUT_1100_2100,Checkout,1,1,1
2025-01-11,MANAGEMENT_1100_1400,Management,1,1,1
2025-01-11,MANAGEMENT_1400_1900,Management,1,1,1
2025-01-11,MANAGEMENT_1900_2100,Management,1,1,1
2025-01-12,CHECKOUT_1100_2100,Checkout,1,1,1
2025-01-12,MANAGEMENT_1100_1400,Management,1,1,1
2025-01-12,MANAGEMENT_1900_2100,Management,1,1,1
2025-01-13,STORAGE_0830_1530,Storage,1,1,1
2025-01-13,CHECKOUT_1000_1100,Checkout,1,1,1
2025-01-13,CHECKOUT_1100_2100,Checkout,1,1,1
2025-01-13,CHECKOUT_2100_2200,Checkout,1,1,1
2025-01-13,MANAGEMENT_1000_1100,Management,1,1,1
2025-01-13,MANAGEMENT_1100_1400,Management,1,1,1
2025-01-13,MANAGEMENT_1400_1900,Management,1,1,1
2025-01-13,MANAGEMENT_1900_2100,Management,1,1,1
2025-01-13,MANAGEMENT_2100_2200,Management,1,1,1
2025-01-14,STORAGE_0830_1530,Storage,1,1,1
2025-01-14,CHECKOUT_1000_1100,Checkout,1,1,1
2025-01-14,CHECKOUT_1100_2100,Checkout,1,1,1
2025-01-14,CHECKOUT_2100_2200,Checkout,1,1,1
2025-01-14,MANAGEMENT_1000_1100,Management,1,1,1
2025-01-14,MANAGEMENT_1100_1400,Management,1,1,1
2025-01-14,MANAGEMENT_1400_1900,Management,1,1,1
2025-01-14,MANAGEMENT_1900_2100,Management,1,1,1
2025-01-14,MANAGEMENT_2100_2200,Management,1,1,1
2025-01-15,STORAGE_0830_1530,Storage,1,1,1
2025-01-15,CHECKOUT_1000_1100,Checkout,1,1,1
2025-01-15,CHECKOUT_1100_2100,Checkout,1,1,1
2025-01-15,CHECKOUT_2100_2200,Checkout,1,1,1
2025-01-15,MANAGEMENT_1000_1100,Management,1,1,1
2025-01-15,MANAGEMENT_1100_1400,Management,1,1,1
2025-01-15,MANAGEMENT_1400_1900,Management,1,1,1
2025-01-15,MANAGEMENT_1900_2100,Management,1,1,1
2025-01-15,MANAGEMENT_2100_2200,Management,1,1,1
2025-01-16,STORAGE_0830_1530,Storage,1,1,1
2025-01-16,CHECKOUT_1000_1100,Checkout,1,1,1
2025-01-16,CHECKOUT_1100_2100,Checkout,1,1,1
2025-01-16,CHECKOUT_2100_2200,Checkout,1,1,1
2025-01-16,MANAGEMENT_1000_1100,Management,1,1,1
2025-01-16,MANAGEMENT_1100_1400,Management,1,1,1
2025-01-16,MANAGEMENT_1400_1900,Management,1,1,1
2025-01-16,MANAGEMENT_1900_2100,Management,1,1,1
2025-01-16,MANAGEMENT_2100_2200,Management,1,1,1
2025-01-17,STORAGE_0830_1530,Storage,1,1,1
2025-01-17,CHECKOUT_1000_1100,Checkout,1,1,1
2025-01-17,CHECKOUT_1100_2100,Checkout,1,1,1
2025-01-17,CHECKOUT_2100_2200,Checkout,1,1,1
2025-01-17,MANAGEMENT_1000_1100,Management,1,1,1
2025-01-17,MANAGEMENT_1100_1400,Management,1,1,1
2025-01-17,MANAGEMENT_1400_1900,Management,1,1,1
2025-01-17,MANAGEMENT_1900_2100,Management,1,1,1
2025-01-17,MANAGEMENT_2100_2200,Management,1,1,1
2025-01-18,CHECKOUT_1100_2100,Checkout,1,1,1
2025-01-18,MANAGEMENT_1100_1400,Management,1,1,1
2025-01-18,MANAGEMENT_1400_1900,Management,1,1,1
2025-01-18,MANAGEMENT_1900_2100,Management,1,1,1
2025-01-19,CHECKOUT_1100_2100,Checkout,1,1,1
2025-01-19,MANAGEMENT_1100_1400,Management,1,1,1
2025-01-19,MANAGEMENT_1900_2100,Management,1,1,1
2025-01-20,STORAGE_0830_1530,Storage,1,1,1
2025-01-20,CHECKOUT_1000_1100,Checkout,1,1,1
2025-01-20,CHECKOUT_1100_2100,Checkout,1,1,1
2025-01-20,CHECKOUT_2100_2200,Checkout,1,1,1
2025-01-20,MANAGEMENT_1000_1100,Management,1,1,1
2025-01-20,MANAGEMENT_1100_1400,Management,1,1,1
2025-01-20,MANAGEMENT_1400_1900,Management,1,1,1
2025-01-20,MANAGEMENT_1900_2100,Management,1,1,1
2025-01-20,MANAGEMENT_2100_2200,Management,1,1,1
2025-01-21,STORAGE_0830_1530,Storage,1,1,1
2025-01-21,CHECKOUT_1000_1100,Checkout,1,1,1
2025-01-21,CHECKOUT_1100_2100,Checkout,1,1,1
2025-01-21,CHECKOUT_2100_2200,Checkout,1,1,1
2025-01-21,MANAGEMENT_1000_1100,Management,1,1,1
2025-01-21,MANAGEMENT_1100_1400,Management,1,1,1
2025-01-21,MANAGEMENT_1400_1900,Management,1,1,1
2025-01-21,MANAGEMENT_1900_2100,Management,1,1,1
2025-01-21,MANAGEMENT_2100_2200,Management,1,1,1
2025-01-22,STORAGE_0830_1530,Storage,1,1,1
2025-01-22,CHECKOUT_1000_1100,Checkout,1,1,1
2025-01-22,CHECKOUT_1100_2100,Checkout,1,1,1
2025-01-22,CHECKOUT_2100_2200,Checkout,1,1,1
2025-01-22,MANAGEMENT_1000_1100,Management,1,1,1
2025-01-22,MANAGEMENT_1100_1400,Management,1,1,1
2025-01-22,MANAGEMENT_1400_1900,Management,1,1,1
2025-01-22,MANAGEMENT_1900_2100,Management,1,1,1
2025-01-22,MANAGEMENT_2100_2200,Management,1,1,1
2025-01-23,STORAGE_0830_1530,Storage,1,1,1
2025-01-23,CHECKOUT_1000_1100,Checkout,1,1,1
2025-01-23,CHECKOUT_1100_2100,Checkout,1,1,1
2025-01-23,CHECKOUT_2100_2200,Checkout,1,1,1
2025-01-23,MANAGEMENT_1000_1100,Management,1,1,1
2025-01-23,MANAGEMENT_1100_1400,Management,1,1,1
2025-01-23,MANAGEMENT_1400_1900,Management,1,1,1
2025-01-23,MANAGEMENT_1900_2100,Management,1,1,1
2025-01-23,MANAGEMENT_2100_2200,Management,1,1,1
2025-01-24,STORAGE_0830_1530,Storage,1,1,1
2025-01-24,CHECKOUT_1000_1100,Checkout,1,1,1
2025-01-24,CHECKOUT_1100_2100,Checkout,1,1,1
2025-01-24,CHECKOUT_2100_2200,Checkout,1,1,1
2025-01-24,MANAGEMENT_1000_1100,Management,1,1,1
2025-01-24,MANAGEMENT_1100_1400,Management,1,1,1
2025-01-24,MANAGEMENT_1400_1900,Management,1,1,1
2025-01-24,MANAGEMENT_1900_2100,Management,1,1,1
2025-01-24,MANAGEMENT_2100_2200,Management,1,1,1
2025-01-25,CHECKOUT_1100_2100,Checkout,1,1,1
2025-01-25,MANAGEMENT_1100_1400,Management,1,1,1
2025-01-25,MANAGEMENT_1400_1900,Management,1,1,1
2025-01-25,MANAGEMENT_1900_2100,Management,1,1,1
2025-01-26,CHECKOUT_1100_2100,Checkout,1,1,1
2025-01-26,MANAGEMENT_1100_1400,Management,1,1,1
2025-01-26,MANAGEMENT_1900_2100,Management,1,1,1
2025-01-27,STORAGE_0830_1530,Storage,1,1,1
2025-01-27,CHECKOUT_1000_1100,Checkout,1,1,1
2025-01-27,CHECKOUT_1100_2100,Checkout,1,1,1
2025-01-27,CHECKOUT_2100_2200,Checkout,1,1,1
2025-01-27,MANAGEMENT_1000_1100,Management,1,1,1
2025-01-27,MANAGEMENT_1100_1400,Management,1,1,1
2025-01-27,MANAGEMENT_1400_1900,Management,1,1,1
2025-01-27,MANAGEMENT_1900_2100,Management,1,1,1
2025-01-27,MANAGEMENT_2100_2200,Management,1,1,1
2025-01-28,STORAGE_0830_1530,Storage,1,1,1
2025-01-28,CHECKOUT_1000_1100,Checkout,1,1,1
2025-01-28,CHECKOUT_1100_2100,Checkout,1,1,1
2025-01-28,CHECKOUT_2100_2200,Checkout,1,1,1
2025-01-28,MANAGEMENT_1000_1100,Management,1,1,1
2025-01-28,MANAGEMENT_1100_1400,Management,1,1,1
2025-01-28,MANAGEMENT_1400_1900,Management,1,1,1
2025-01-28,MANAGEMENT_1900_2100,Management,1,1,1
2025-01-28,MANAGEMENT_2100_2200,Management,1,1,1
2025-01-29,STORAGE_0830_1530,Storage,1,1,1
2025-01-29,CHECKOUT_1000_1100,Checkout,1,1,1
2025-01-29,CHECKOUT_1100_2100,Checkout,1,1,1
2025-01-29,CHECKOUT_2100_2200,Checkout,1,1,1
2025-01-29,MANAGEMENT_1000_1100,Management,1,1,1
2025-01-29,MANAGEMENT_1100_1400,Management,1,1,1
2025-01-29,MANAGEMENT_1400_1900,Management,1,1,1
2025-01-29,MANAGEMENT_1900_2100,Management,1,1,1
2025-01-29,MANAGEMENT_2100_2200,Management,1,1,1
2025-01-30,STORAGE_0830_1530,Storage,1,1,1
2025-01-30,CHECKOUT_1000_1100,Checkout,1,1,1
2025-01-30,CHECKOUT_1100_2100,Checkout,1,1,1
2025-01-30,CHECKOUT_2100_2200,Checkout,1,1,1
2025-01-30,MANAGEMENT_1000_1100,Management,1,1,1
2025-01-30,MANAGEMENT_1100_1400,Management,1,1,1
2025-01-30,MANAGEMENT_1400_1900,Management,1,1,1
2025-01-30,MANAGEMENT_1900_2100,Management,1,1,1
2025-01-30,MANAGEMENT_2100_2200,Management,1,1,1
2025-01-31,STORAGE_0830_1530,Storage,1,1,1
2025-01-31,CHECKOUT_1000_1100,Checkout,1,1,1
2025-01-31,CHECKOUT_1100_2100,Checkout,1,1,1
2025-01-31,CHECKOUT_2100_2200,Checkout,1,1,1
2025-01-31,MANAGEMENT_1000_1100,Management,1,1,1
2025-01-31,MANAGEMENT_1100_1400,Management,1,1,1
2025-01-31,MANAGEMENT_1400_1900,Management,1,1,1
2025-01-31,MANAGEMENT_1900_2100,Management,1,1,1
2025-01-31,MANAGEMENT_2100_2200,Management,1,1,1
2025-02-01,CHECKOUT_1100_2100,Checkout,1,1,1
2025-02-01,MANAGEMENT_1100_1400,Management,1,1,1
2025-02-01,MANAGEMENT_1400_1900,Management,1,1,1
2025-02-01,MANAGEMENT_1900_2100,Management,1,1,1
2025-02-02,CHECKOUT_1100_2100,Checkout,1,1,1
2025-02-02,MANAGEMENT_1100_1400,Management,1,1,1
2025-02-02,MANAGEMENT_1900_2100,Management,1,1,1
2025-02-03,STORAGE_0830_1530,Storage,1,1,1
2025-02-03,CHECKOUT_1000_1100,Checkout,1,1,1
2025-02-03,CHECKOUT_1100_2100,Checkout,1,1,1
2025-02-03,CHECKOUT_2100_2200,Checkout,1,1,1
2025-02-03,MANAGEMENT_1000_1100,Management,1,1,1
2025-02-03,MANAGEMENT_1100_1400,Management,1,1,1
2025-02-03,MANAGEMENT_1400_1900,Management,1,1,1
2025-02-03,MANAGEMENT_1900_2100,Management,1,1,1
2025-02-03,MANAGEMENT_2100_2200,Management,1,1,1
2025-02-04,STORAGE_0830_1530,Storage,1,1,1
2025-02-04,CHECKOUT_1000_1100,Checkout,1,1,1
2025-02-04,CHECKOUT_1100_2100,Checkout,1,1,1
2025-02-04,CHECKOUT_2100_2200,Checkout,1,1,1
2025-02-04,MANAGEMENT_1000_1100,Management,1,1,1
2025-02-04,MANAGEMENT_1100_1400,Management,1,1,1
2025-02-04,MANAGEMENT_1400_1900,Management,1,1,1
2025-02-04,MANAGEMENT_1900_2100,Management,1,1,1
2025-02-04,MANAGEMENT_2100_2200,Management,1,1,1
2025-02-05,STORAGE_0830_1530,Storage,1,1,1
2025-02-05,CHECKOUT_1000_1100,Checkout,1,1,1
2025-02-05,CHECKOUT_1100_2100,Checkout,1,1,1
2025-02-05,CHECKOUT_2100_2200,Checkout,1,1,1
2025-02-05,MANAGEMENT_1000_1100,Management,1,1,1
2025-02-05,MANAGEMENT_1100_1400,Management,1,1,1
2025-02-05,MANAGEMENT_1400_1900,Management,1,1,1
2025-02-05,MANAGEMENT_1900_2100,Management,1,1,1
2025-02-05,MANAGEMENT_2100_2200,Management,1,1,1
2025-02-06,STORAGE_0830_1530,Storage,1,1,1
2025-02-06,CHECKOUT_1000_1100,Checkout,1,1,1
2025-02-06,CHECKOUT_1100_2100,Checkout,1,1,1
2025-02-06,CHECKOUT_2100_2200,Checkout,1,1,1
2025-02-06,MANAGEMENT_1000_1100,Management,1,1,1
2025-02-06,MANAGEMENT_1100_1400,Management,1,1,1
2025-02-06,MANAGEMENT_1400_1900,Management,1,1,1
2025-02-06,MANAGEMENT_1900_2100,Management,1,1,1
2025-02-06,MANAGEMENT_2100_2200,Management,1,1,1
2025-02-07,STORAGE_0830_1530,Storage,1,1,1
2025-02-07,CHECKOUT_1000_1100,Checkout,1,1,1
2025-02-07,CHECKOUT_1100_2100,Checkout,1,1,1
2025-02-07,CHECKOUT_2100_2200,Checkout,1,1,1
2025-02-07,MANAGEMENT_1000_1100,Management,1,1,1
2025-02-07,MANAGEMENT_1100_1400,Management,1,1,1
2025-02-07,MANAGEMENT_1400_1900,Management,1,1,1
2025-02-07,MANAGEMENT_1900_2100,Management,1,1,1
2025-02-07,MANAGEMENT_2100_2200,Management,1,1,1
2025-02-08,CHECKOUT_1100_2100,Checkout,1,1,1
2025-02-08,MANAGEMENT_1100_1400,Management,1,1,1
2025-02-08,MANAGEMENT_1400_1900,Management,1,1,1
2025-02-08,MANAGEMENT_1900_2100,Management,1,1,1
2025-02-09,CHECKOUT_1100_2100,Checkout,1,1,1
2025-02-09,MANAGEMENT_1100_1400,Management,1,1,1
2025-02-09,MANAGEMENT_1900_2100,Management,1,1,1
2025-02-10,STORAGE_0830_1530,Storage,1,1,1
2025-02-10,CHECKOUT_1000_1100,Checkout,1,1,1
2025-02-10,CHECKOUT_1100_2100,Checkout,1,1,1
2025-02-10,CHECKOUT_2100_2200,Checkout,1,1,1
2025-02-10,MANAGEMENT_1000_1100,Management,1,1,1
2025-02-10,MANAGEMENT_1100_1400,Management,1,1,1
2025-02-10,MANAGEMENT_1400_1900,Management,1,1,1
2025-02-10,MANAGEMENT_1900_2100,Management,1,1,1
2025-02-10,MANAGEMENT_2100_2200,Management,1,1,1
2025-02-11,STORAGE_0830_1530,Storage,1,1,1
2025-02-11,CHECKOUT_1000_1100,Checkout,1,1,1
2025-02-11,CHECKOUT_1100_2100,Checkout,1,1,1
2025-02-11,CHECKOUT_2100_2200,Checkout,1,1,1
2025-02-11,MANAGEMENT_1000_1100,Management,1,1,1
2025-02-11,MANAGEMENT_1100_1400,Management,1,1,1
2025-02-11,MANAGEMENT_1400_1900,Management,1,1,1
2025-02-11,MANAGEMENT_1900_2100,Management,1,1,1
2025-02-11,MANAGEMENT_2100_2200,Management,1,1,1
2025-02-12,STORAGE_0830_1530,Storage,1,1,1
2025-02-12,CHECKOUT_1000_1100,Checkout,1,1,1
2025-02-12,CHECKOUT_1100_2100,Checkout,1,1,1
2025-02-12,CHECKOUT_2100_2200,Checkout,1,1,1
2025-02-12,MANAGEMENT_1000_1100,Management,1,1,1
2025-02-12,MANAGEMENT_1100_1400,Management,1,1,1
2025-02-12,MANAGEMENT_1400_1900,Management,1,1,1
2025-02-12,MANAGEMENT_1900_2100,Management,1,1,1
2025-02-12,MANAGEMENT_2100_2200,Management,1,1,1
2025-02-13,STORAGE_0830_1530,Storage,1,1,1
2025-02-13,CHECKOUT_1000_1100,Checkout,1,1,1
2025-02-13,CHECKOUT_1100_2100,Checkout,1,1,1
2025-02-13,CHECKOUT_2100_2200,Checkout,1,1,1
2025-02-13,MANAGEMENT_1000_1100,Management,1,1,1
2025-02-13,MANAGEMENT_1100_1400,Management,1,1,1
2025-02-13,MANAGEMENT_1400_1900,Management,1,1,1
2025-02-13,MANAGEMENT_1900_2100,Management,1,1,1
2025-02-13,MANAGEMENT_2100_2200,Management,1,1,1
2025-02-14,STORAGE_0830_1530,Storage,1,1,1
2025-02-14,CHECKOUT_1000_1100,Checkout,1,1,1
2025-02-14,CHECKOUT_1100_2100,Checkout,1,1,1
2025-02-14,CHECKOUT_2100_2200,Checkout,1,1,1
2025-02-14,MANAGEMENT_1000_1100,Management,1,1,1
2025-02-14,MANAGEMENT_1100_1400,Management,1,1,1
2025-02-14,MANAGEMENT_1400_1900,Management,1,1,1
2025-02-14,MANAGEMENT_1900_2100,Management,1,1,1
2025-02-14,MANAGEMENT_2100_2200,Management,1,1,1
2025-02-15,CHECKOUT_1100_2100,Checkout,1,1,1
2025-02-15,MANAGEMENT_1100_1400,Management,1,1,1
2025-02-15,MANAGEMENT_1400_1900,Management,1,1,1
2025-02-15,MANAGEMENT_1900_2100,Management,1,1,1
2025-02-16,CHECKOUT_1100_2100,Checkout,1,1,1
2025-02-16,MANAGEMENT_1100_1400,Management,1,1,1
2025-02-16,MANAGEMENT_1900_2100,Management,1,1,1
2025-02-17,STORAGE_0830_1530,Storage,1,1,1
2025-02-17,CHECKOUT_1000_1100,Checkout,1,1,1
2025-02-17,CHECKOUT_1100_2100,Checkout,1,1,1
2025-02-17,CHECKOUT_2100_2200,Checkout,1,1,1
2025-02-17,MANAGEMENT_1000_1100,Management,1,1,1
2025-02-17,MANAGEMENT_1100_1400,Management,1,1,1
2025-02-17,MANAGEMENT_1400_1900,Management,1,1,1
2025-02-17,MANAGEMENT_1900_2100,Management,1,1,1
2025-02-17,MANAGEMENT_2100_2200,Management,1,1,1
2025-02-18,STORAGE_0830_1530,Storage,1,1,1
2025-02-18,CHECKOUT_1000_1100,Checkout,1,1,1
2025-02-18,CHECKOUT_1100_2100,Checkout,1,1,1
2025-02-18,CHECKOUT_2100_2200,Checkout,1,1,1
2025-02-18,MANAGEMENT_1000_1100,Management,1,1,1
2025-02-18,MANAGEMENT_1100_1400,Management,1,1,1
2025-02-18,MANAGEMENT_1400_1900,Management,1,1,1
2025-02-18,MANAGEMENT_1900_2100,Management,1,1,1
2025-02-18,MANAGEMENT_2100_2200,Management,1,1,1
2025-02-19,STORAGE_0830_1530,Storage,1,1,1
2025-02-19,CHECKOUT_1000_1100,Checkout,1,1,1
2025-02-19,CHECKOUT_1100_2100,Checkout,1,1,1
2025-02-19,CHECKOUT_2100_2200,Checkout,1,1,1
2025-02-19,MANAGEMENT_1000_1100,Management,1,1,1
2025-02-19,MANAGEMENT_1100_1400,Management,1,1,1
2025-02-19,MANAGEMENT_1400_1900,Management,1,1,1
2025-02-19,MANAGEMENT_1900_2100,Management,1,1,1
2025-02-19,MANAGEMENT_2100_2200,Management,1,1,1
2025-02-20,STORAGE_0830_1530,Storage,1,1,1
2025-02-20,CHECKOUT_1000_1100,Checkout,1,1,1
2025-02-20,CHECKOUT_1100_2100,Checkout,1,1,1
2025-02-20,CHECKOUT_2100_2200,Checkout,1,1,1
2025-02-20,MANAGEMENT_1000_1100,Management,1,1,1
2025-02-20,MANAGEMENT_1100_1400,Management,1,1,1
2025-02-20,MANAGEMENT_1400_1900,Management,1,1,1
2025-02-20,MANAGEMENT_1900_2100,Management,1,1,1
2025-02-20,MANAGEMENT_2100_2200,Management,1,1,1
2025-02-21,STORAGE_0830_1530,Storage,1,1,1
2025-02-21,CHECKOUT_1000_1100,Checkout,1,1,1
2025-02-21,CHECKOUT_1100_2100,Checkout,1,1,1
2025-02-21,CHECKOUT_2100_2200,Checkout,1,1,1
2025-02-21,MANAGEMENT_1000_1100,Management,1,1,1
2025-02-21,MANAGEMENT_1100_1400,Management,1,1,1
2025-02-21,MANAGEMENT_1400_1900,Management,1,1,1
2025-02-21,MANAGEMENT_1900_2100,Management,1,1,1
2025-02-21,MANAGEMENT_2100_2200,Management,1,1,1
2025-02-22,CHECKOUT_1100_2100,Checkout,1,1,1
2025-02-22,MANAGEMENT_1100_1400,Management,1,1,1
2025-02-22,MANAGEMENT_1400_1900,Management,1,1,1
2025-02-22,MANAGEMENT_1900_2100,Management,1,1,1
2025-02-23,CHECKOUT_1100_2100,Checkout,1,1,1
2025-02-23,MANAGEMENT_1100_1400,Management,1,1,1
2025-02-23,MANAGEMENT_1900_2100,Management,1,1,1
2025-02-24,STORAGE_0830_1530,Storage,1,1,1
2025-02-24,CHECKOUT_1000_1100,Checkout,1,1,1
2025-02-24,CHECKOUT_1100_2100,Checkout,1,1,1
2025-02-24,CHECKOUT_2100_2200,Checkout,1,1,1
2025-02-24,MANAGEMENT_1000_1100,Management,1,1,1
2025-02-24,MANAGEMENT_1100_1400,Management,1,1,1
2025-02-24,MANAGEMENT_1400_1900,Management,1,1,1
2025-02-24,MANAGEMENT_1900_2100,Management,1,1,1
2025-02-24,MANAGEMENT_2100_2200,Management,1,1,1
2025-02-25,STORAGE_0830_1530,Storage,1,1,1
2025-02-25,CHECKOUT_1000_1100,Checkout,1,1,1
2025-02-25,CHECKOUT_1100_2100,Checkout,1,1,1
2025-02-25,CHECKOUT_2100_2200,Checkout,1,1,1
2025-02-25,MANAGEMENT_1000_1100,Management,1,1,1
2025-02-25,MANAGEMENT_1100_1400,Management,1,1,1
2025-02-25,MANAGEMENT_1400_1900,Management,1,1,1
2025-02-25,MANAGEMENT_1900_2100,Management,1,1,1
2025-02-25,MANAGEMENT_2100_2200,Management,1,1,1
2025-02-26,STORAGE_0830_1530,Storage,1,1,1
2025-02-26,CHECKOUT_1000_1100,Checkout,1,1,1
2025-02-26,CHECKOUT_1100_2100,Checkout,1,1,1
2025-02-26,CHECKOUT_2100_2200,Checkout,1,1,1
2025-02-26,MANAGEMENT_1000_1100,Management,1,1,1
2025-02-26,MANAGEMENT_1100_1400,Management,1,1,1
2025-02-26,MANAGEMENT_1400_1900,Management,1,1,1
2025-02-26,MANAGEMENT_1900_2100,Management,1,1,1
2025-02-26,MANAGEMENT_2100_2200,Management,1,1,1
2025-02-27,STORAGE_0830_1530,Storage,1,1,1
2025-02-27,CHECKOUT_1000_1100,Checkout,1,1,1
2025-02-27,CHECKOUT_1100_2100,Checkout,1,1,1
2025-02-27,CHECKOUT_2100_2200,Checkout,1,1,1
2025-02-27,MANAGEMENT_1000_1100,Management,1,1,1
2025-02-27,MANAGEMENT_1100_1400,Management,1,1,1
2025-02-27,MANAGEMENT_1400_1900,Management,1,1,1
2025-02-27,MANAGEMENT_1900_2100,Management,1,1,1
2025-02-27,MANAGEMENT_2100_2200,Management,1,1,1
2025-02-28,STORAGE_0830_1530,Storage,1,1,1
2025-02-28,CHECKOUT_1000_1100,Checkout,1,1,1
2025-02-28,CHECKOUT_1100_2100,Checkout,1,1,1
2025-02-28,CHECKOUT_2100_2200,Checkout,1,1,1
2025-02-28,MANAGEMENT_1000_1100,Management,1,1,1
2025-02-28,MANAGEMENT_1100_1400,Management,1,1,1
2025-02-28,MANAGEMENT_1400_1900,Management,1,1,1
2025-02-28,MANAGEMENT_1900_2100,Management,1,1,1
2025-02-28,MANAGEMENT_2100_2200,Management,1,1,1
2025-03-01,CHECKOUT_1100_2100,Checkout,1,1,1
2025-03-01,MANAGEMENT_1100_1400,Management,1,1,1
2025-03-01,MANAGEMENT_1400_1900,Management,1,1,1
2025-03-01,MANAGEMENT_1900_2100,Management,1,1,1
2025-03-02,CHECKOUT_1100_2100,Checkout,1,1,1
2025-03-02,MANAGEMENT_1100_1400,Management,1,1,1
2025-03-02,MANAGEMENT_1900_2100,Management,1,1,1
2025-03-03,STORAGE_0830_1530,Storage,1,1,1
2025-03-03,CHECKOUT_1000_1100,Checkout,1,1,1
2025-03-03,CHECKOUT_1100_2100,Checkout,1,1,1
2025-03-03,CHECKOUT_2100_2200,Checkout,1,1,1
2025-03-03,MANAGEMENT_1000_1100,Management,1,1,1
2025-03-03,MANAGEMENT_1100_1400,Management,1,1,1
2025-03-03,MANAGEMENT_1400_1900,Management,1,1,1
2025-03-03,MANAGEMENT_1900_2100,Management,1,1,1
2025-03-03,MANAGEMENT_2100_2200,Management,1,1,1
2025-03-04,STORAGE_0830_1530,Storage,1,1,1
2025-03-04,CHECKOUT_1000_1100,Checkout,1,1,1
2025-03-04,CHECKOUT_1100_2100,Checkout,1,1,1
2025-03-04,CHECKOUT_2100_2200,Checkout,1,1,1
2025-03-04,MANAGEMENT_1000_1100,Management,1,1,1
2025-03-04,MANAGEMENT_1100_1400,Management,1,1,1
2025-03-04,MANAGEMENT_1400_1900,Management,1,1,1
2025-03-04,MANAGEMENT_1900_2100,Management,1,1,1
2025-03-04,MANAGEMENT_2100_2200,Management,1,1,1
2025-03-05,STORAGE_0830_1530,Storage,1,1,1
2025-03-05,CHECKOUT_1000_1100,Checkout,1,1,1
2025-03-05,CHECKOUT_1100_2100,Checkout,1,1,1
2025-03-05,CHECKOUT_2100_2200,Checkout,1,1,1
2025-03-05,MANAGEMENT_1000_1100,Management,1,1,1
2025-03-05,MANAGEMENT_1100_1400,Management,1,1,1
2025-03-05,MANAGEMENT_1400_1900,Management,1,1,1
2025-03-05,MANAGEMENT_1900_2100,Management,1,1,1
2025-03-05,MANAGEMENT_2100_2200,Management,1,1,1
2025-03-06,STORAGE_0830_1530,Storage,1,1,1
2025-03-06,CHECKOUT_1000_1100,Checkout,1,1,1
2025-03-06,CHECKOUT_1100_2100,Checkout,1,1,1
2025-03-06,CHECKOUT_2100_2200,Checkout,1,1,1
2025-03-06,MANAGEMENT_1000_1100,Management,1,1,1
2025-03-06,MANAGEMENT_1100_1400,Management,1,1,1
2025-03-06,MANAGEMENT_1400_1900,Management,1,1,1
2025-03-06,MANAGEMENT_1900_2100,Management,1,1,1
2025-03-06,MANAGEMENT_2100_2200,Management,1,1,1
2025-03-07,STORAGE_0830_1530,Storage,1,1,1
2025-03-07,CHECKOUT_1000_1100,Checkout,1,1,1
2025-03-07,CHECKOUT_1100_2100,Checkout,1,1,1
2025-03-07,CHECKOUT_2100_2200,Checkout,1,1,1
2025-03-07,MANAGEMENT_1000_1100,Management,1,1,1
2025-03-07,MANAGEMENT_1100_1400,Management,1,1,1
2025-03-07,MANAGEMENT_1400_1900,Management,1,1,1
2025-03-07,MANAGEMENT_1900_2100,Management,1,1,1
2025-03-07,MANAGEMENT_2100_2200,Management,1,1,1
2025-03-08,CHECKOUT_1100_2100,Checkout,1,1,1
2025-03-08,MANAGEMENT_1100_1400,Management,1,1,1
2025-03-08,MANAGEMENT_1400_1900,Management,1,1,1
2025-03-08,MANAGEMENT_1900_2100,Management,1,1,1
2025-03-09,CHECKOUT_1100_2100,Checkout,1,1,1
2025-03-09,MANAGEMENT_1100_1400,Management,1,1,1
2025-03-09,MANAGEMENT_1900_2100,Management,1,1,1
2025-03-10,STORAGE_0830_1530,Storage,1,1,1
2025-03-10,CHECKOUT_1000_1100,Checkout,1,1,1
2025-03-10,CHECKOUT_1100_2100,Checkout,1,1,1
2025-03-10,CHECKOUT_2100_2200,Checkout,1,1,1
2025-03-10,MANAGEMENT_1000_1100,Management,1,1,1
2025-03-10,MANAGEMENT_1100_1400,Management,1,1,1
2025-03-10,MANAGEMENT_1400_1900,Management,1,1,1
2025-03-10,MANAGEMENT_1900_2100,Management,1,1,1
2025-03-10,MANAGEMENT_2100_2200,Management,1,1,1
2025-03-11,STORAGE_0830_1530,Storage,1,1,1
2025-03-11,CHECKOUT_1000_1100,Checkout,1,1,1
2025-03-11,CHECKOUT_1100_2100,Checkout,1,1,1
2025-03-11,CHECKOUT_2100_2200,Checkout,1,1,1
2025-03-11,MANAGEMENT_1000_1100,Management,1,1,1
2025-03-11,MANAGEMENT_1100_1400,Management,1,1,1
2025-03-11,MANAGEMENT_1400_1900,Management,1,1,1
2025-03-11,MANAGEMENT_1900_2100,Management,1,1,1
2025-03-11,MANAGEMENT_2100_2200,Management,1,1,1
2025-03-12,STORAGE_0830_1530,Storage,1,1,1
2025-03-12,CHECKOUT_1000_1100,Checkout,1,1,1
2025-03-12,CHECKOUT_1100_2100,Checkout,1,1,1
2025-03-12,CHECKOUT_2100_2200,Checkout,1,1,1
2025-03-12,MANAGEMENT_1000_1100,Management,1,1,1
2025-03-12,MANAGEMENT_1100_1400,Management,1,1,1
2025-03-12,MANAGEMENT_1400_1900,Management,1,1,1
2025-03-12,MANAGEMENT_1900_2100,Management,1,1,1
2025-03-12,MANAGEMENT_2100_2200,Management,1,1,1
2025-03-13,STORAGE_0830_1530,Storage,1,1,1
2025-03-13,CHECKOUT_1000_1100,Checkout,1,1,1
2025-03-13,CHECKOUT_1100_2100,Checkout,1,1,1
2025-03-13,CHECKOUT_2100_2200,Checkout,1,1,1
2025-03-13,MANAGEMENT_1000_1100,Management,1,1,1
2025-03-13,MANAGEMENT_1100_1400,Management,1,1,1
2025-03-13,MANAGEMENT_1400_1900,Management,1,1,1
2025-03-13,MANAGEMENT_1900_2100,Management,1,1,1
2025-03-13,MANAGEMENT_2100_2200,Management,1,1,1
2025-03-14,STORAGE_0830_1530,Storage,1,1,1
2025-03-14,CHECKOUT_1000_1100,Checkout,1,1,1
2025-03-14,CHECKOUT_1100_2100,Checkout,1,1,1
2025-03-14,CHECKOUT_2100_2200,Checkout,1,1,1
2025-03-14,MANAGEMENT_1000_1100,Management,1,1,1
2025-03-14,MANAGEMENT_1100_1400,Management,1,1,1
2025-03-14,MANAGEMENT_1400_1900,Management,1,1,1
2025-03-14,MANAGEMENT_1900_2100,Management,1,1,1
2025-03-14,MANAGEMENT_2100_2200,Management,1,1,1
2025-03-15,CHECKOUT_1100_2100,Checkout,1,1,1
2025-03-15,MANAGEMENT_1100_1400,Management,1,1,1
2025-03-15,MANAGEMENT_1400_1900,Management,1,1,1
2025-03-15,MANAGEMENT_1900_2100,Management,1,1,1
2025-03-16,CHECKOUT_1100_2100,Checkout,1,1,1
2025-03-16,MANAGEMENT_1100_1400,Management,1,1,1
2025-03-16,MANAGEMENT_1900_2100,Management,1,1,1
2025-03-17,STORAGE_0830_1530,Storage,1,1,1
2025-03-17,CHECKOUT_1000_1100,Checkout,1,1,1
2025-03-17,CHECKOUT_1100_2100,Checkout,1,1,1
2025-03-17,CHECKOUT_2100_2200,Checkout,1,1,1
2025-03-17,MANAGEMENT_1000_1100,Management,1,1,1
2025-03-17,MANAGEMENT_1100_1400,Management,1,1,1
2025-03-17,MANAGEMENT_1400_1900,Management,1,1,1
2025-03-17,MANAGEMENT_1900_2100,Management,1,1,1
2025-03-17,MANAGEMENT_2100_2200,Management,1,1,1
2025-03-18,STORAGE_0830_1530,Storage,1,1,1
2025-03-18,CHECKOUT_1000_1100,Checkout,1,1,1
2025-03-18,CHECKOUT_1100_2100,Checkout,1,1,1
2025-03-18,CHECKOUT_2100_2200,Checkout,1,1,1
2025-03-18,MANAGEMENT_1000_1100,Management,1,1,1
2025-03-18,MANAGEMENT_1100_1400,Management,1,1,1
2025-03-18,MANAGEMENT_1400_1900,Management,1,1,1
2025-03-18,MANAGEMENT_1900_2100,Management,1,1,1
2025-03-18,MANAGEMENT_2100_2200,Management,1,1,1
2025-03-19,STORAGE_0830_1530,Storage,1,1,1
2025-03-19,CHECKOUT_1000_1100,Checkout,1,1,1
2025-03-19,CHECKOUT_1100_2100,Checkout,1,1,1
2025-03-19,CHECKOUT_2100_2200,Checkout,1,1,1
2025-03-19,MANAGEMENT_1000_1100,Management,1,1,1
2025-03-19,MANAGEMENT_1100_1400,Management,1,1,1
2025-03-19,MANAGEMENT_1400_1900,Management,1,1,1
2025-03-19,MANAGEMENT_1900_2100,Management,1,1,1
2025-03-19,MANAGEMENT_2100_2200,Management,1,1,1
2025-03-20,STORAGE_0830_1530,Storage,1,1,1
2025-03-20,CHECKOUT_1000_1100,Checkout,1,1,1
2025-03-20,CHECKOUT_1100_2100,Checkout,1,1,1
2025-03-20,CHECKOUT_2100_2200,Checkout,1,1,1
2025-03-20,MANAGEMENT_1000_1100,Management,1,1,1
2025-03-20,MANAGEMENT_1100_1400,Management,1,1,1
2025-03-20,MANAGEMENT_1400_1900,Management,1,1,1
2025-03-20,MANAGEMENT_1900_2100,Management,1,1,1
2025-03-20,MANAGEMENT_2100_2200,Management,1,1,1
2025-03-21,STORAGE_0830_1530,Storage,1,1,1
2025-03-21,CHECKOUT_1000_1100,Checkout,1,1,1
2025-03-21,CHECKOUT_1100_2100,Checkout,1,1,1
2025-03-21,CHECKOUT_2100_2200,Checkout,1,1,1
2025-03-21,MANAGEMENT_1000_1100,Management,1,1,1
2025-03-21,MANAGEMENT_1100_1400,Management,1,1,1
2025-03-21,MANAGEMENT_1400_1900,Management,1,1,1
2025-03-21,MANAGEMENT_1900_2100,Management,1,1,1
2025-03-21,MANAGEMENT_2100_2200,Management,1,1,1
2025-03-22,CHECKOUT_1100_2100,Checkout,1,1,1
2025-03-22,MANAGEMENT_1100_1400,Management,1,1,1
2025-03-22,MANAGEMENT_1400_1900,Management,1,1,1
2025-03-22,MANAGEMENT_1900_2100,Management,1,1,1
2025-03-23,CHECKOUT_1100_2100,Checkout,1,1,1
2025-03-23,MANAGEMENT_1100_1400,Management,1,1,1
2025-03-23,MANAGEMENT_1900_2100,Management,1,1,1
2025-03-24,STORAGE_0830_1530,Storage,1,1,1
2025-03-24,CHECKOUT_1000_1100,Checkout,1,1,1
2025-03-24,CHECKOUT_1100_2100,Checkout,1,1,1
2025-03-24,CHECKOUT_2100_2200,Checkout,1,1,1
2025-03-24,MANAGEMENT_1000_1100,Management,1,1,1
2025-03-24,MANAGEMENT_1100_1400,Management,1,1,1
2025-03-24,MANAGEMENT_1400_1900,Management,1,1,1
2025-03-24,MANAGEMENT_1900_2100,Management,1,1,1
2025-03-24,MANAGEMENT_2100_2200,Management,1,1,1
2025-03-25,STORAGE_0830_1530,Storage,1,1,1
2025-03-25,CHECKOUT_1000_1100,Checkout,1,1,1
2025-03-25,CHECKOUT_1100_2100,Checkout,1,1,1
2025-03-25,CHECKOUT_2100_2200,Checkout,1,1,1
2025-03-25,MANAGEMENT_1000_1100,Management,1,1,1
2025-03-25,MANAGEMENT_1100_1400,Management,1,1,1
2025-03-25,MANAGEMENT_1400_1900,Management,1,1,1
2025-03-25,MANAGEMENT_1900_2100,Management,1,1,1
2025-03-25,MANAGEMENT_2100_2200,Management,1,1,1
2025-03-26,STORAGE_0830_1530,Storage,1,1,1
2025-03-26,CHECKOUT_1000_1100,Checkout,1,1,1
2025-03-26,CHECKOUT_1100_2100,Checkout,1,1,1
2025-03-26,CHECKOUT_2100_2200,Checkout,1,1,1
2025-03-26,MANAGEMENT_1000_1100,Management,1,1,1
2025-03-26,MANAGEMENT_1100_1400,Management,1,1,1
2025-03-26,MANAGEMENT_1400_1900,Management,1,1,1
2025-03-26,MANAGEMENT_1900_2100,Management,1,1,1
2025-03-26,MANAGEMENT_2100_2200,Management,1,1,1
2025-03-27,STORAGE_0830_1530,Storage,1,1,1
2025-03-27,CHECKOUT_1000_1100,Checkout,1,1,1
2025-03-27,CHECKOUT_1100_2100,Checkout,1,1,1
2025-03-27,CHECKOUT_2100_2200,Checkout,1,1,1
2025-03-27,MANAGEMENT_1000_1100,Management,1,1,1
2025-03-27,MANAGEMENT_1100_1400,Management,1,1,1
2025-03-27,MANAGEMENT_1400_1900,Management,1,1,1
2025-03-27,MANAGEMENT_1900_2100,Management,1,1,1
2025-03-27,MANAGEMENT_2100_2200,Management,1,1,1
2025-03-28,STORAGE_0830_1530,Storage,1,1,1
2025-03-28,CHECKOUT_1000_1100,Checkout,1,1,1
2025-03-28,CHECKOUT_1100_2100,Checkout,1,1,1
2025-03-28,CHECKOUT_2100_2200,Checkout,1,1,1
2025-03-28,MANAGEMENT_1000_1100,Management,1,1,1
2025-03-28,MANAGEMENT_1100_1400,Management,1,1,1
2025-03-28,MANAGEMENT_1400_1900,Management,1,1,1
2025-03-28,MANAGEMENT_1900_2100,Management,1,1,1
2025-03-28,MANAGEMENT_2100_2200,Management,1,1,1
2025-03-29,CHECKOUT_1100_2100,Checkout,1,1,1
2025-03-29,MANAGEMENT_1100_1400,Management,1,1,1
2025-03-29,MANAGEMENT_1400_1900,Management,1,1,1
2025-03-29,MANAGEMENT_1900_2100,Management,1,1,1
2025-03-30,CHECKOUT_1100_2100,Checkout,1,1,1
2025-03-30,MANAGEMENT_1100_1400,Management,1,1,1
2025-03-30,MANAGEMENT_1900_2100,Management,1,1,1
2025-03-31,STORAGE_0830_1530,Storage,1,1,1
2025-03-31,CHECKOUT_1000_1100,Checkout,1,1,1
2025-03-31,CHECKOUT_1100_2100,Checkout,1,1,1
2025-03-31,CHECKOUT_2100_2200,Checkout,1,1,1
2025-03-31,MANAGEMENT_1000_1100,Management,1,1,1
2025-03-31,MANAGEMENT_1100_1400,Management,1,1,1
2025-03-31,MANAGEMENT_1400_1900,Management,1,1,1
2025-03-31,MANAGEMENT_1900_2100,Management,1,1,1
2025-03-31,MANAGEMENT_2100_2200,Management,1,1,1
2025-04-01,STORAGE_0830_1530,Storage,1,1,1
2025-04-01,CHECKOUT_1000_1100,Checkout,1,1,1
2025-04-01,CHECKOUT_1100_2100,Checkout,1,1,1
2025-04-01,CHECKOUT_2100_2200,Checkout,1,1,1
2025-04-01,MANAGEMENT_1000_1100,Management,1,1,1
2025-04-01,MANAGEMENT_1100_1400,Management,1,1,1
2025-04-01,MANAGEMENT_1400_1900,Management,1,1,1
2025-04-01,MANAGEMENT_1900_2100,Management,1,1,1
2025-04-01,MANAGEMENT_2100_2200,Management,1,1,1
2025-04-02,STORAGE_0830_1530,Storage,1,1,1
2025-04-02,CHECKOUT_1000_1100,Checkout,1,1,1
2025-04-02,CHECKOUT_1100_2100,Checkout,1,1,1
2025-04-02,CHECKOUT_2100_2200,Checkout,1,1,1
2025-04-02,MANAGEMENT_1000_1100,Management,1,1,1
2025-04-02,MANAGEMENT_1100_1400,Management,1,1,1
2025-04-02,MANAGEMENT_1400_1900,Management,1,1,1
2025-04-02,MANAGEMENT_1900_2100,Management,1,1,1
2025-04-02,MANAGEMENT_2100_2200,Management,1,1,1
2025-04-03,STORAGE_0830_1530,Storage,1,1,1
2025-04-03,CHECKOUT_1000_1100,Checkout,1,1,1
2025-04-03,CHECKOUT_1100_2100,Checkout,1,1,1
2025-04-03,CHECKOUT_2100_2200,Checkout,1,1,1
2025-04-03,MANAGEMENT_1000_1100,Management,1,1,1
2025-04-03,MANAGEMENT_1100_1400,Management,1,1,1
2025-04-03,MANAGEMENT_1400_1900,Management,1,1,1
2025-04-03,MANAGEMENT_1900_2100,Management,1,1,1
2025-04-03,MANAGEMENT_2100_2200,Management,1,1,1
2025-04-04,STORAGE_0830_1530,Storage,1,1,1
2025-04-04,CHECKOUT_1000_1100,Checkout,1,1,1
2025-04-04,CHECKOUT_1100_2100,Checkout,1,1,1
2025-04-04,CHECKOUT_2100_2200,Checkout,1,1,1
2025-04-04,MANAGEMENT_1000_1100,Management,1,1,1
2025-04-04,MANAGEMENT_1100_1400,Management,1,1,1
2025-04-04,MANAGEMENT_1400_1900,Management,1,1,1
2025-04-04,MANAGEMENT_1900_2100,Management,1,1,1
2025-04-04,MANAGEMENT_2100_2200,Management,1,1,1
2025-04-05,CHECKOUT_1100_2100,Checkout,1,1,1
2025-04-05,MANAGEMENT_1100_1400,Management,1,1,1
2025-04-05,MANAGEMENT_1400_1900,Management,1,1,1
2025-04-05,MANAGEMENT_1900_2100,Management,1,1,1
2025-04-06,CHECKOUT_1100_2100,Checkout,1,1,1
2025-04-06,MANAGEMENT_1100_1400,Management,1,1,1
2025-04-06,MANAGEMENT_1900_2100,Management,1,1,1
2025-04-07,STORAGE_0830_1530,Storage,1,1,1
2025-04-07,CHECKOUT_1000_1100,Checkout,1,1,1
2025-04-07,CHECKOUT_1100_2100,Checkout,1,1,1
2025-04-07,CHECKOUT_2100_2200,Checkout,1,1,1
2025-04-07,MANAGEMENT_1000_1100,Management,1,1,1
2025-04-07,MANAGEMENT_1100_1400,Management,1,1,1
2025-04-07,MANAGEMENT_1400_1900,Management,1,1,1
2025-04-07,MANAGEMENT_1900_2100,Management,1,1,1
2025-04-07,MANAGEMENT_2100_2200,Management,1,1,1
2025-04-08,STORAGE_0830_1530,Storage,1,1,1
2025-04-08,CHECKOUT_1000_1100,Checkout,1,1,1
2025-04-08,CHECKOUT_1100_2100,Checkout,1,1,1
2025-04-08,CHECKOUT_2100_2200,Checkout,1,1,1
2025-04-08,MANAGEMENT_1000_1100,Management,1,1,1
2025-04-08,MANAGEMENT_1100_1400,Management,1,1,1
2025-04-08,MANAGEMENT_1400_1900,Management,1,1,1
2025-04-08,MANAGEMENT_1900_2100,Management,1,1,1
2025-04-08,MANAGEMENT_2100_2200,Management,1,1,1
2025-04-09,STORAGE_0830_1530,Storage,1,1,1
2025-04-09,CHECKOUT_1000_1100,Checkout,1,1,1
2025-04-09,CHECKOUT_1100_2100,Checkout,1,1,1
2025-04-09,CHECKOUT_2100_2200,Checkout,1,1,1
2025-04-09,MANAGEMENT_1000_1100,Management,1,1,1
2025-04-09,MANAGEMENT_1100_1400,Management,1,1,1
2025-04-09,MANAGEMENT_1400_1900,Management,1,1,1
2025-04-09,MANAGEMENT_1900_2100,Management,1,1,1
2025-04-09,MANAGEMENT_2100_2200,Management,1,1,1
2025-04-10,STORAGE_0830_1530,Storage,1,1,1
2025-04-10,CHECKOUT_1000_1100,Checkout,1,1,1
2025-04-10,CHECKOUT_1100_2100,Checkout,1,1,1
2025-04-10,CHECKOUT_2100_2200,Checkout,1,1,1
2025-04-10,MANAGEMENT_1000_1100,Management,1,1,1
2025-04-10,MANAGEMENT_1100_1400,Management,1,1,1
2025-04-10,MANAGEMENT_1400_1900,Management,1,1,1
2025-04-10,MANAGEMENT_1900_2100,Management,1,1,1
2025-04-10,MANAGEMENT_2100_2200,Management,1,1,1
2025-04-11,STORAGE_0830_1530,Storage,1,1,1
2025-04-11,CHECKOUT_1000_1100,Checkout,1,1,1
2025-04-11,CHECKOUT_1100_2100,Checkout,1,1,1
2025-04-11,CHECKOUT_2100_2200,Checkout,1,1,1
2025-04-11,MANAGEMENT_1000_1100,Management,1,1,1
2025-04-11,MANAGEMENT_1100_1400,Management,1,1,1
2025-04-11,MANAGEMENT_1400_1900,Management,1,1,1
2025-04-11,MANAGEMENT_1900_2100,Management,1,1,1
2025-04-11,MANAGEMENT_2100_2200,Management,1,1,1
2025-04-12,CHECKOUT_1100_2100,Checkout,1,1,1
2025-04-12,MANAGEMENT_1100_1400,Management,1,1,1
2025-04-12,MANAGEMENT_1400_1900,Management,1,1,1
2025-04-12,MANAGEMENT_1900_2100,Management,1,1,1
2025-04-13,CHECKOUT_1100_2100,Checkout,1,1,1
2025-04-13,MANAGEMENT_1100_1400,Management,1,1,1
2025-04-13,MANAGEMENT_1900_2100,Management,1,1,1
2025-04-14,STORAGE_0830_1530,Storage,1,1,1
2025-04-14,CHECKOUT_1000_1100,Checkout,1,1,1
2025-04-14,CHECKOUT_1100_2100,Checkout,1,1,1
2025-04-14,CHECKOUT_2100_2200,Checkout,1,1,1
2025-04-14,MANAGEMENT_1000_1100,Management,1,1,1
2025-04-14,MANAGEMENT_1100_1400,Management,1,1,1
2025-04-14,MANAGEMENT_1400_1900,Management,1,1,1
2025-04-14,MANAGEMENT_1900_2100,Management,1,1,1
2025-04-14,MANAGEMENT_2100_2200,Management,1,1,1
2025-04-15,STORAGE_0830_1530,Storage,1,1,1
2025-04-15,CHECKOUT_1000_1100,Checkout,1,1,1
2025-04-15,CHECKOUT_1100_2100,Checkout,1,1,1
2025-04-15,CHECKOUT_2100_2200,Checkout,1,1,1
2025-04-15,MANAGEMENT_1000_1100,Management,1,1,1
2025-04-15,MANAGEMENT_1100_1400,Management,1,1,1
2025-04-15,MANAGEMENT_1400_1900,Management,1,1,1
2025-04-15,MANAGEMENT_1900_2100,Management,1,1,1
2025-04-15,MANAGEMENT_2100_2200,Management,1,1,1
2025-04-16,STORAGE_0830_1530,Storage,1,1,1
2025-04-16,CHECKOUT_1000_1100,Checkout,1,1,1
2025-04-16,CHECKOUT_1100_2100,Checkout,1,1,1
2025-04-16,CHECKOUT_2100_2200,Checkout,1,1,1
2025-04-16,MANAGEMENT_1000_1100,Management,1,1,1
2025-04-16,MANAGEMENT_1100_1400,Management,1,1,1
2025-04-16,MANAGEMENT_1400_1900,Management,1,1,1
2025-04-16,MANAGEMENT_1900_2100,Management,1,1,1
2025-04-16,MANAGEMENT_2100_2200,Management,1,1,1
2025-04-17,STORAGE_0830_1530,Storage,1,1,1
2025-04-17,CHECKOUT_1000_1100,Checkout,1,1,1
2025-04-17,CHECKOUT_1100_2100,Checkout,1,1,1
2025-04-17,CHECKOUT_2100_2200,Checkout,1,1,1
2025-04-17,MANAGEMENT_1000_1100,Management,1,1,1
2025-04-17,MANAGEMENT_1100_1400,Management,1,1,1
2025-04-17,MANAGEMENT_1400_1900,Management,1,1,1
2025-04-17,MANAGEMENT_1900_2100,Management,1,1,1
2025-04-17,MANAGEMENT_2100_2200,Management,1,1,1
2025-04-18,STORAGE_0830_1530,Storage,1,1,1
2025-04-18,CHECKOUT_1000_1100,Checkout,1,1,1
2025-04-18,CHECKOUT_1100_2100,Checkout,1,1,1
2025-04-18,CHECKOUT_2100_2200,Checkout,1,1,1
2025-04-18,MANAGEMENT_1000_1100,Management,1,1,1
2025-04-18,MANAGEMENT_1100_1400,Management,1,1,1
2025-04-18,MANAGEMENT_1400_1900,Management,1,1,1
2025-04-18,MANAGEMENT_1900_2100,Management,1,1,1
2025-04-18,MANAGEMENT_2100_2200,Management,1,1,1
2025-04-19,CHECKOUT_1100_2100,Checkout,1,1,1
2025-04-19,MANAGEMENT_1100_1400,Management,1,1,1
2025-04-19,MANAGEMENT_1400_1900,Management,1,1,1
2025-04-19,MANAGEMENT_1900_2100,Management,1,1,1
2025-04-20,CHECKOUT_1100_2100,Checkout,1,1,1
2025-04-20,MANAGEMENT_1100_1400,Management,1,1,1
2025-04-20,MANAGEMENT_1900_2100,Management,1,1,1
2025-04-21,STORAGE_0830_1530,Storage,1,1,1
2025-04-21,CHECKOUT_1000_1100,Checkout,1,1,1
2025-04-21,CHECKOUT_1100_2100,Checkout,1,1,1
2025-04-21,CHECKOUT_2100_2200,Checkout,1,1,1
2025-04-21,MANAGEMENT_1000_1100,Management,1,1,1
2025-04-21,MANAGEMENT_1100_1400,Management,1,1,1
2025-04-21,MANAGEMENT_1400_1900,Management,1,1,1
2025-04-21,MANAGEMENT_1900_2100,Management,1,1,1
2025-04-21,MANAGEMENT_2100_2200,Management,1,1,1
2025-04-22,STORAGE_0830_1530,Storage,1,1,1
2025-04-22,CHECKOUT_1000_1100,Checkout,1,1,1
2025-04-22,CHECKOUT_1100_2100,Checkout,1,1,1
2025-04-22,CHECKOUT_2100_2200,Checkout,1,1,1
2025-04-22,MANAGEMENT_1000_1100,Management,1,1,1
2025-04-22,MANAGEMENT_1100_1400,Management,1,1,1
2025-04-22,MANAGEMENT_1400_1900,Management,1,1,1
2025-04-22,MANAGEMENT_1900_2100,Management,1,1,1
2025-04-22,MANAGEMENT_2100_2200,Management,1,1,1
2025-04-23,STORAGE_0830_1530,Storage,1,1,1
2025-04-23,CHECKOUT_1000_1100,Checkout,1,1,1
2025-04-23,CHECKOUT_1100_2100,Checkout,1,1,1
2025-04-23,CHECKOUT_2100_2200,Checkout,1,1,1
2025-04-23,MANAGEMENT_1000_1100,Management,1,1,1
2025-04-23,MANAGEMENT_1100_1400,Management,1,1,1
2025-04-23,MANAGEMENT_1400_1900,Management,1,1,1
2025-04-23,MANAGEMENT_1900_2100,Management,1,1,1
2025-04-23,MANAGEMENT_2100_2200,Management,1,1,1
2025-04-24,STORAGE_0830_1530,Storage,1,1,1
2025-04-24,CHECKOUT_1000_1100,Checkout,1,1,1
2025-04-24,CHECKOUT_1100_2100,Checkout,1,1,1
2025-04-24,CHECKOUT_2100_2200,Checkout,1,1,1
2025-04-24,MANAGEMENT_1000_1100,Management,1,1,1
2025-04-24,MANAGEMENT_1100_1400,Management,1,1,1
2025-04-24,MANAGEMENT_1400_1900,Management,1,1,1
2025-04-24,MANAGEMENT_1900_2100,Management,1,1,1
2025-04-24,MANAGEMENT_2100_2200,Management,1,1,1
2025-04-25,STORAGE_0830_1530,Storage,1,1,1
2025-04-25,CHECKOUT_1000_1100,Checkout,1,1,1
2025-04-25,CHECKOUT_1100_2100,Checkout,1,1,1
2025-04-25,CHECKOUT_2100_2200,Checkout,1,1,1
2025-04-25,MANAGEMENT_1000_1100,Management,1,1,1
2025-04-25,MANAGEMENT_1100_1400,Management,1,1,1
2025-04-25,MANAGEMENT_1400_1900,Management,1,1,1
2025-04-25,MANAGEMENT_1900_2100,Management,1,1,1
2025-04-25,MANAGEMENT_2100_2200,Management,1,1,1
2025-04-26,CHECKOUT_1100_2100,Checkout,1,1,1
2025-04-26,MANAGEMENT_1100_1400,Management,1,1,1
2025-04-26,MANAGEMENT_1400_1900,Management,1,1,1
2025-04-26,MANAGEMENT_1900_2100,Management,1,1,1
2025-04-27,CHECKOUT_1100_2100,Checkout,1,1,1
2025-04-27,MANAGEMENT_1100_1400,Management,1,1,1
2025-04-27,MANAGEMENT_1900_2100,Management,1,1,1
2025-04-28,STORAGE_0830_1530,Storage,1,1,1
2025-04-28,CHECKOUT_1000_1100,Checkout,1,1,1
2025-04-28,CHECKOUT_1100_2100,Checkout,1,1,1
2025-04-28,CHECKOUT_2100_2200,Checkout,1,1,1
2025-04-28,MANAGEMENT_1000_1100,Management,1,1,1
2025-04-28,MANAGEMENT_1100_1400,Management,1,1,1
2025-04-28,MANAGEMENT_1400_1900,Management,1,1,1
2025-04-28,MANAGEMENT_1900_2100,Management,1,1,1
2025-04-28,MANAGEMENT_2100_2200,Management,1,1,1
2025-04-29,STORAGE_0830_1530,Storage,1,1,1
2025-04-29,CHECKOUT_1000_1100,Checkout,1,1,1
2025-04-29,CHECKOUT_1100_2100,Checkout,1,1,1
2025-04-29,CHECKOUT_2100_2200,Checkout,1,1,1
2025-04-29,MANAGEMENT_1000_1100,Management,1,1,1
2025-04-29,MANAGEMENT_1100_1400,Management,1,1,1
2025-04-29,MANAGEMENT_1400_1900,Management,1,1,1
2025-04-29,MANAGEMENT_1900_2100,Management,1,1,1
2025-04-29,MANAGEMENT_2100_2200,Management,1,1,1
2025-04-30,STORAGE_0830_1530,Storage,1,1,1
2025-04-30,CHECKOUT_1000_1100,Checkout,1,1,1
2025-04-30,CHECKOUT_1100_2100,Checkout,1,1,1
2025-04-30,CHECKOUT_2100_2200,Checkout,1,1,1
2025-04-30,MANAGEMENT_1000_1100,Management,1,1,1
2025-04-30,MANAGEMENT_1100_1400,Management,1,1,1
2025-04-30,MANAGEMENT_1400_1900,Management,1,1,1
2025-04-30,MANAGEMENT_1900_2100,Management,1,1,1
2025-04-30,MANAGEMENT_2100_2200,Management,1,1,1
2025-05-01,STORAGE_0830_1530,Storage,1,1,1
2025-05-01,CHECKOUT_1000_1100,Checkout,1,1,1
2025-05-01,CHECKOUT_1100_2100,Checkout,1,1,1
2025-05-01,CHECKOUT_2100_2200,Checkout,1,1,1
2025-05-01,MANAGEMENT_1000_1100,Management,1,1,1
2025-05-01,MANAGEMENT_1100_1400,Management,1,1,1
2025-05-01,MANAGEMENT_1400_1900,Management,1,1,1
2025-05-01,MANAGEMENT_1900_2100,Management,1,1,1
2025-05-01,MANAGEMENT_2100_2200,Management,1,1,1
2025-05-02,STORAGE_0830_1530,Storage,1,1,1
2025-05-02,CHECKOUT_1000_1100,Checkout,1,1,1
2025-05-02,CHECKOUT_1100_2100,Checkout,1,1,1
2025-05-02,CHECKOUT_2100_2200,Checkout,1,1,1
2025-05-02,MANAGEMENT_1000_1100,Management,1,1,1
2025-05-02,MANAGEMENT_1100_1400,Management,1,1,1
2025-05-02,MANAGEMENT_1400_1900,Management,1,1,1
2025-05-02,MANAGEMENT_1900_2100,Management,1,1,1
2025-05-02,MANAGEMENT_2100_2200,Management,1,1,1
2025-05-03,CHECKOUT_1100_2100,Checkout,1,1,1
2025-05-03,MANAGEMENT_1100_1400,Management,1,1,1
2025-05-03,MANAGEMENT_1400_1900,Management,1,1,1
2025-05-03,MANAGEMENT_1900_2100,Management,1,1,1
2025-05-04,CHECKOUT_1100_2100,Checkout,1,1,1
2025-05-04,MANAGEMENT_1100_1400,Management,1,1,1
2025-05-04,MANAGEMENT_1900_2100,Management,1,1,1
2025-05-05,STORAGE_0830_1530,Storage,1,1,1
2025-05-05,CHECKOUT_1000_1100,Checkout,1,1,1
2025-05-05,CHECKOUT_1100_2100,Checkout,1,1,1
2025-05-05,CHECKOUT_2100_2200,Checkout,1,1,1
2025-05-05,MANAGEMENT_1000_1100,Management,1,1,1
2025-05-05,MANAGEMENT_1100_1400,Management,1,1,1
2025-05-05,MANAGEMENT_1400_1900,Management,1,1,1
2025-05-05,MANAGEMENT_1900_2100,Management,1,1,1
2025-05-05,MANAGEMENT_2100_2200,Management,1,1,1
2025-05-06,STORAGE_0830_1530,Storage,1,1,1
2025-05-06,CHECKOUT_1000_1100,Checkout,1,1,1
2025-05-06,CHECKOUT_1100_2100,Checkout,1,1,1
2025-05-06,CHECKOUT_2100_2200,Checkout,1,1,1
2025-05-06,MANAGEMENT_1000_1100,Management,1,1,1
2025-05-06,MANAGEMENT_1100_1400,Management,1,1,1
2025-05-06,MANAGEMENT_1400_1900,Management,1,1,1
2025-05-06,MANAGEMENT_1900_2100,Management,1,1,1
2025-05-06,MANAGEMENT_2100_2200,Management,1,1,1
2025-05-07,STORAGE_0830_1530,Storage,1,1,1
2025-05-07,CHECKOUT_1000_1100,Checkout,1,1,1
2025-05-07,CHECKOUT_1100_2100,Checkout,1,1,1
2025-05-07,CHECKOUT_2100_2200,Checkout,1,1,1
2025-05-07,MANAGEMENT_1000_1100,Management,1,1,1
2025-05-07,MANAGEMENT_1100_1400,Management,1,1,1
2025-05-07,MANAGEMENT_1400_1900,Management,1,1,1
2025-05-07,MANAGEMENT_1900_2100,Management,1,1,1
2025-05-07,MANAGEMENT_2100_2200,Management,1,1,1
2025-05-08,STORAGE_0830_1530,Storage,1,1,1
2025-05-08,CHECKOUT_1000_1100,Checkout,1,1,1
2025-05-08,CHECKOUT_1100_2100,Checkout,1,1,1
2025-05-08,CHECKOUT_2100_2200,Checkout,1,1,1
2025-05-08,MANAGEMENT_1000_1100,Management,1,1,1
2025-05-08,MANAGEMENT_1100_1400,Management,1,1,1
2025-05-08,MANAGEMENT_1400_1900,Management,1,1,1
2025-05-08,MANAGEMENT_1900_2100,Management,1,1,1
2025-05-08,MANAGEMENT_2100_2200,Management,1,1,1
2025-05-09,STORAGE_0830_1530,Storage,1,1,1
2025-05-09,CHECKOUT_1000_1100,Checkout,1,1,1
2025-05-09,CHECKOUT_1100_2100,Checkout,1,1,1
2025-05-09,CHECKOUT_2100_2200,Checkout,1,1,1
2025-05-09,MANAGEMENT_1000_1100,Management,1,1,1
2025-05-09,MANAGEMENT_1100_1400,Management,1,1,1
2025-05-09,MANAGEMENT_1400_1900,Management,1,1,1
2025-05-09,MANAGEMENT_1900_2100,Management,1,1,1
2025-05-09,MANAGEMENT_2100_2200,Management,1,1,1
2025-05-10,CHECKOUT_1100_2100,Checkout,1,1,1
2025-05-10,MANAGEMENT_1100_1400,Management,1,1,1
2025-05-10,MANAGEMENT_1400_1900,Management,1,1,1
2025-05-10,MANAGEMENT_1900_2100,Management,1,1,1
2025-05-11,CHECKOUT_1100_2100,Checkout,1,1,1
2025-05-11,MANAGEMENT_1100_1400,Management,1,1,1
2025-05-11,MANAGEMENT_1900_2100,Management,1,1,1
2025-05-12,STORAGE_0830_1530,Storage,1,1,1
2025-05-12,CHECKOUT_1000_1100,Checkout,1,1,1
2025-05-12,CHECKOUT_1100_2100,Checkout,1,1,1
2025-05-12,CHECKOUT_2100_2200,Checkout,1,1,1
2025-05-12,MANAGEMENT_1000_1100,Management,1,1,1
2025-05-12,MANAGEMENT_1100_1400,Management,1,1,1
2025-05-12,MANAGEMENT_1400_1900,Management,1,1,1
2025-05-12,MANAGEMENT_1900_2100,Management,1,1,1
2025-05-12,MANAGEMENT_2100_2200,Management,1,1,1
2025-05-13,STORAGE_0830_1530,Storage,1,1,1
2025-05-13,CHECKOUT_1000_1100,Checkout,1,1,1
2025-05-13,CHECKOUT_1100_2100,Checkout,1,1,1
2025-05-13,CHECKOUT_2100_2200,Checkout,1,1,1
2025-05-13,MANAGEMENT_1000_1100,Management,1,1,1
2025-05-13,MANAGEMENT_1100_1400,Management,1,1,1
2025-05-13,MANAGEMENT_1400_1900,Management,1,1,1
2025-05-13,MANAGEMENT_1900_2100,Management,1,1,1
2025-05-13,MANAGEMENT_2100_2200,Management,1,1,1
2025-05-14,STORAGE_0830_1530,Storage,1,1,1
2025-05-14,CHECKOUT_1000_1100,Checkout,1,1,1
2025-05-14,CHECKOUT_1100_2100,Checkout,1,1,1
2025-05-14,CHECKOUT_2100_2200,Checkout,1,1,1
2025-05-14,MANAGEMENT_1000_1100,Management,1,1,1
2025-05-14,MANAGEMENT_1100_1400,Management,1,1,1
2025-05-14,MANAGEMENT_1400_1900,Management,1,1,1
2025-05-14,MANAGEMENT_1900_2100,Management,1,1,1
2025-05-14,MANAGEMENT_2100_2200,Management,1,1,1
2025-05-15,STORAGE_0830_1530,Storage,1,1,1
2025-05-15,CHECKOUT_1000_1100,Checkout,1,1,1
2025-05-15,CHECKOUT_1100_2100,Checkout,1,1,1
2025-05-15,CHECKOUT_2100_2200,Checkout,1,1,1
2025-05-15,MANAGEMENT_1000_1100,Management,1,1,1
2025-05-15,MANAGEMENT_1100_1400,Management,1,1,1
2025-05-15,MANAGEMENT_1400_1900,Management,1,1,1
2025-05-15,MANAGEMENT_1900_2100,Management,1,1,1
2025-05-15,MANAGEMENT_2100_2200,Management,1,1,1
2025-05-16,STORAGE_0830_1530,Storage,1,1,1
2025-05-16,CHECKOUT_1000_1100,Checkout,1,1,1
2025-05-16,CHECKOUT_1100_2100,Checkout,1,1,1
2025-05-16,CHECKOUT_2100_2200,Checkout,1,1,1
2025-05-16,MANAGEMENT_1000_1100,Management,1,1,1
2025-05-16,MANAGEMENT_1100_1400,Management,1,1,1
2025-05-16,MANAGEMENT_1400_1900,Management,1,1,1
2025-05-16,MANAGEMENT_1900_2100,Management,1,1,1
2025-05-16,MANAGEMENT_2100_2200,Management,1,1,1
2025-05-17,CHECKOUT_1100_2100,Checkout,1,1,1
2025-05-17,MANAGEMENT_1100_1400,Management,1,1,1
2025-05-17,MANAGEMENT_1400_1900,Management,1,1,1
2025-05-17,MANAGEMENT_1900_2100,Management,1,1,1
2025-05-18,CHECKOUT_1100_2100,Checkout,1,1,1
2025-05-18,MANAGEMENT_1100_1400,Management,1,1,1
2025-05-18,MANAGEMENT_1900_2100,Management,1,1,1
2025-05-19,STORAGE_0830_1530,Storage,1,1,1
2025-05-19,CHECKOUT_1000_1100,Checkout,1,1,1
2025-05-19,CHECKOUT_1100_2100,Checkout,1,1,1
2025-05-19,CHECKOUT_2100_2200,Checkout,1,1,1
2025-05-19,MANAGEMENT_1000_1100,Management,1,1,1
2025-05-19,MANAGEMENT_1100_1400,Management,1,1,1
2025-05-19,MANAGEMENT_1400_1900,Management,1,1,1
2025-05-19,MANAGEMENT_1900_2100,Management,1,1,1
2025-05-19,MANAGEMENT_2100_2200,Management,1,1,1
2025-05-20,STORAGE_0830_1530,Storage,1,1,1
2025-05-20,CHECKOUT_1000_1100,Checkout,1,1,1
2025-05-20,CHECKOUT_1100_2100,Checkout,1,1,1
2025-05-20,CHECKOUT_2100_2200,Checkout,1,1,1
2025-05-20,MANAGEMENT_1000_1100,Management,1,1,1
2025-05-20,MANAGEMENT_1100_1400,Management,1,1,1
2025-05-20,MANAGEMENT_1400_1900,Management,1,1,1
2025-05-20,MANAGEMENT_1900_2100,Management,1,1,1
2025-05-20,MANAGEMENT_2100_2200,Management,1,1,1
2025-05-21,STORAGE_0830_1530,Storage,1,1,1
2025-05-21,CHECKOUT_1000_1100,Checkout,1,1,1
2025-05-21,CHECKOUT_1100_2100,Checkout,1,1,1
2025-05-21,CHECKOUT_2100_2200,Checkout,1,1,1
2025-05-21,MANAGEMENT_1000_1100,Management,1,1,1
2025-05-21,MANAGEMENT_1100_1400,Management,1,1,1
2025-05-21,MANAGEMENT_1400_1900,Management,1,1,1
2025-05-21,MANAGEMENT_1900_2100,Management,1,1,1
2025-05-21,MANAGEMENT_2100_2200,Management,1,1,1
2025-05-22,STORAGE_0830_1530,Storage,1,1,1
2025-05-22,CHECKOUT_1000_1100,Checkout,1,1,1
2025-05-22,CHECKOUT_1100_2100,Checkout,1,1,1
2025-05-22,CHECKOUT_2100_2200,Checkout,1,1,1
2025-05-22,MANAGEMENT_1000_1100,Management,1,1,1
2025-05-22,MANAGEMENT_1100_1400,Management,1,1,1
2025-05-22,MANAGEMENT_1400_1900,Management,1,1,1
2025-05-22,MANAGEMENT_1900_2100,Management,1,1,1
2025-05-22,MANAGEMENT_2100_2200,Management,1,1,1
2025-05-23,STORAGE_0830_1530,Storage,1,1,1
2025-05-23,CHECKOUT_1000_1100,Checkout,1,1,1
2025-05-23,CHECKOUT_1100_2100,Checkout,1,1,1
2025-05-23,CHECKOUT_2100_2200,Checkout,1,1,1
2025-05-23,MANAGEMENT_1000_1100,Management,1,1,1
2025-05-23,MANAGEMENT_1100_1400,Management,1,1,1
2025-05-23,MANAGEMENT_1400_1900,Management,1,1,1
2025-05-23,MANAGEMENT_1900_2100,Management,1,1,1
2025-05-23,MANAGEMENT_2100_2200,Management,1,1,1
2025-05-24,CHECKOUT_1100_2100,Checkout,1,1,1
2025-05-24,MANAGEMENT_1100_1400,Management,1,1,1
2025-05-24,MANAGEMENT_1400_1900,Management,1,1,1
2025-05-24,MANAGEMENT_1900_2100,Management,1,1,1
2025-05-25,CHECKOUT_1100_2100,Checkout,1,1,1
2025-05-25,MANAGEMENT_1100_1400,Management,1,1,1
2025-05-25,MANAGEMENT_1900_2100,Management,1,1,1
2025-05-26,STORAGE_0830_1530,Storage,1,1,1
2025-05-26,CHECKOUT_1000_1100,Checkout,1,1,1
2025-05-26,CHECKOUT_1100_2100,Checkout,1,1,1
2025-05-26,CHECKOUT_2100_2200,Checkout,1,1,1
2025-05-26,MANAGEMENT_1000_1100,Management,1,1,1
2025-05-26,MANAGEMENT_1100_1400,Management,1,1,1
2025-05-26,MANAGEMENT_1400_1900,Management,1,1,1
2025-05-26,MANAGEMENT_1900_2100,Management,1,1,1
2025-05-26,MANAGEMENT_2100_2200,Management,1,1,1
2025-05-27,STORAGE_0830_1530,Storage,1,1,1
2025-05-27,CHECKOUT_1000_1100,Checkout,1,1,1
2025-05-27,CHECKOUT_1100_2100,Checkout,1,1,1
2025-05-27,CHECKOUT_2100_2200,Checkout,1,1,1
2025-05-27,MANAGEMENT_1000_1100,Management,1,1,1
2025-05-27,MANAGEMENT_1100_1400,Management,1,1,1
2025-05-27,MANAGEMENT_1400_1900,Management,1,1,1
2025-05-27,MANAGEMENT_1900_2100,Management,1,1,1
2025-05-27,MANAGEMENT_2100_2200,Management,1,1,1
2025-05-28,STORAGE_0830_1530,Storage,1,1,1
2025-05-28,CHECKOUT_1000_1100,Checkout,1,1,1
2025-05-28,CHECKOUT_1100_2100,Checkout,1,1,1
2025-05-28,CHECKOUT_2100_2200,Checkout,1,1,1
2025-05-28,MANAGEMENT_1000_1100,Management,1,1,1
2025-05-28,MANAGEMENT_1100_1400,Management,1,1,1
2025-05-28,MANAGEMENT_1400_1900,Management,1,1,1
2025-05-28,MANAGEMENT_1900_2100,Management,1,1,1
2025-05-28,MANAGEMENT_2100_2200,Management,1,1,1
2025-05-29,STORAGE_0830_1530,Storage,1,1,1
2025-05-29,CHECKOUT_1000_1100,Checkout,1,1,1
2025-05-29,CHECKOUT_1100_2100,Checkout,1,1,1
2025-05-29,CHECKOUT_2100_2200,Checkout,1,1,1
2025-05-29,MANAGEMENT_1000_1100,Management,1,1,1
2025-05-29,MANAGEMENT_1100_1400,Management,1,1,1
2025-05-29,MANAGEMENT_1400_1900,Management,1,1,1
2025-05-29,MANAGEMENT_1900_2100,Management,1,1,1
2025-05-29,MANAGEMENT_2100_2200,Management,1,1,1
2025-05-30,STORAGE_0830_1530,Storage,1,1,1
2025-05-30,CHECKOUT_1000_1100,Checkout,1,1,1
2025-05-30,CHECKOUT_1100_2100,Checkout,1,1,1
2025-05-30,CHECKOUT_2100_2200,Checkout,1,1,1
2025-05-30,MANAGEMENT_1000_1100,Management,1,1,1
2025-05-30,MANAGEMENT_1100_1400,Management,1,1,1
2025-05-30,MANAGEMENT_1400_1900,Management,1,1,1
2025-05-30,MANAGEMENT_1900_2100,Management,1,1,1
2025-05-30,MANAGEMENT_2100_2200,Management,1,1,1
2025-05-31,CHECKOUT_1100_2100,Checkout,1,1,1
2025-05-31,MANAGEMENT_1100_1400,Management,1,1,1
2025-05-31,MANAGEMENT_1400_1900,Management,1,1,1
2025-05-31,MANAGEMENT_1900_2100,Management,1,1,1
2025-06-01,CHECKOUT_1100_2100,Checkout,1,1,1
2025-06-01,MANAGEMENT_1100_1400,Management,1,1,1
2025-06-01,MANAGEMENT_1900_2100,Management,1,1,1
2025-06-02,STORAGE_0830_1530,Storage,1,1,1
2025-06-02,CHECKOUT_1000_1100,Checkout,1,1,1
2025-06-02,CHECKOUT_1100_2100,Checkout,1,1,1
2025-06-02,CHECKOUT_2100_2200,Checkout,1,1,1
2025-06-02,MANAGEMENT_1000_1100,Management,1,1,1
2025-06-02,MANAGEMENT_1100_1400,Management,1,1,1
2025-06-02,MANAGEMENT_1400_1900,Management,1,1,1
2025-06-02,MANAGEMENT_1900_2100,Management,1,1,1
2025-06-02,MANAGEMENT_2100_2200,Management,1,1,1
2025-06-03,STORAGE_0830_1530,Storage,1,1,1
2025-06-03,CHECKOUT_1000_1100,Checkout,1,1,1
2025-06-03,CHECKOUT_1100_2100,Checkout,1,1,1
2025-06-03,CHECKOUT_2100_2200,Checkout,1,1,1
2025-06-03,MANAGEMENT_1000_1100,Management,1,1,1
2025-06-03,MANAGEMENT_1100_1400,Management,1,1,1
2025-06-03,MANAGEMENT_1400_1900,Management,1,1,1
2025-06-03,MANAGEMENT_1900_2100,Management,1,1,1
2025-06-03,MANAGEMENT_2100_2200,Management,1,1,1
2025-06-04,STORAGE_0830_1530,Storage,1,1,1
2025-06-04,CHECKOUT_1000_1100,Checkout,1,1,1
2025-06-04,CHECKOUT_1100_2100,Checkout,1,1,1
2025-06-04,CHECKOUT_2100_2200,Checkout,1,1,1
2025-06-04,MANAGEMENT_1000_1100,Management,1,1,1
2025-06-04,MANAGEMENT_1100_1400,Management,1,1,1
2025-06-04,MANAGEMENT_1400_1900,Management,1,1,1
2025-06-04,MANAGEMENT_1900_2100,Management,1,1,1
2025-06-04,MANAGEMENT_2100_2200,Management,1,1,1
2025-06-05,STORAGE_0830_1530,Storage,1,1,1
2025-06-05,CHECKOUT_1000_1100,Checkout,1,1,1
2025-06-05,CHECKOUT_1100_2100,Checkout,1,1,1
2025-06-05,CHECKOUT_2100_2200,Checkout,1,1,1
2025-06-05,MANAGEMENT_1000_1100,Management,1,1,1
2025-06-05,MANAGEMENT_1100_1400,Management,1,1,1
2025-06-05,MANAGEMENT_1400_1900,Management,1,1,1
2025-06-05,MANAGEMENT_1900_2100,Management,1,1,1
2025-06-05,MANAGEMENT_2100_2200,Management,1,1,1
2025-06-06,STORAGE_0830_1530,Storage,1,1,1
2025-06-06,CHECKOUT_1000_1100,Checkout,1,1,1
2025-06-06,CHECKOUT_1100_2100,Checkout,1,1,1
2025-06-06,CHECKOUT_2100_2200,Checkout,1,1,1
2025-06-06,MANAGEMENT_1000_1100,Management,1,1,1
2025-06-06,MANAGEMENT_1100_1400,Management,1,1,1
2025-06-06,MANAGEMENT_1400_1900,Management,1,1,1
2025-06-06,MANAGEMENT_1900_2100,Management,1,1,1
2025-06-06,MANAGEMENT_2100_2200,Management,1,1,1
2025-06-07,CHECKOUT_1100_2100,Checkout,1,1,1
2025-06-07,MANAGEMENT_1100_1400,Management,1,1,1
2025-06-07,MANAGEMENT_1400_1900,Management,1,1,1
2025-06-07,MANAGEMENT_1900_2100,Management,1,1,1
2025-06-08,CHECKOUT_1100_2100,Checkout,1,1,1
2025-06-08,MANAGEMENT_1100_1400,Management,1,1,1
2025-06-08,MANAGEMENT_1900_2100,Management,1,1,1
2025-06-09,STORAGE_0830_1530,Storage,1,1,1
2025-06-09,CHECKOUT_1000_1100,Checkout,1,1,1
2025-06-09,CHECKOUT_1100_2100,Checkout,1,1,1
2025-06-09,CHECKOUT_2100_2200,Checkout,1,1,1
2025-06-09,MANAGEMENT_1000_1100,Management,1,1,1
2025-06-09,MANAGEMENT_1100_1400,Management,1,1,1
2025-06-09,MANAGEMENT_1400_1900,Management,1,1,1
2025-06-09,MANAGEMENT_1900_2100,Management,1,1,1
2025-06-09,MANAGEMENT_2100_2200,Management,1,1,1
2025-06-10,STORAGE_0830_1530,Storage,1,1,1
2025-06-10,CHECKOUT_1000_1100,Checkout,1,1,1
2025-06-10,CHECKOUT_1100_2100,Checkout,1,1,1
2025-06-10,CHECKOUT_2100_2200,Checkout,1,1,1
2025-06-10,MANAGEMENT_1000_1100,Management,1,1,1
2025-06-10,MANAGEMENT_1100_1400,Management,1,1,1
2025-06-10,MANAGEMENT_1400_1900,Management,1,1,1
2025-06-10,MANAGEMENT_1900_2100,Management,1,1,1
2025-06-10,MANAGEMENT_2100_2200,Management,1,1,1
2025-06-11,STORAGE_0830_1530,Storage,1,1,1
2025-06-11,CHECKOUT_1000_1100,Checkout,1,1,1
2025-06-11,CHECKOUT_1100_2100,Checkout,1,1,1
2025-06-11,CHECKOUT_2100_2200,Checkout,1,1,1
2025-06-11,MANAGEMENT_1000_1100,Management,1,1,1
2025-06-11,MANAGEMENT_1100_1400,Management,1,1,1
2025-06-11,MANAGEMENT_1400_1900,Management,1,1,1
2025-06-11,MANAGEMENT_1900_2100,Management,1,1,1
2025-06-11,MANAGEMENT_2100_2200,Management,1,1,1
2025-06-12,STORAGE_0830_1530,Storage,1,1,1
2025-06-12,CHECKOUT_1000_1100,Checkout,1,1,1
2025-06-12,CHECKOUT_1100_2100,Checkout,1,1,1
2025-06-12,CHECKOUT_2100_2200,Checkout,1,1,1
2025-06-12,MANAGEMENT_1000_1100,Management,1,1,1
2025-06-12,MANAGEMENT_1100_1400,Management,1,1,1
2025-06-12,MANAGEMENT_1400_1900,Management,1,1,1
2025-06-12,MANAGEMENT_1900_2100,Management,1,1,1
2025-06-12,MANAGEMENT_2100_2200,Management,1,1,1
2025-06-13,STORAGE_0830_1530,Storage,1,1,1
2025-06-13,CHECKOUT_1000_1100,Checkout,1,1,1
2025-06-13,CHECKOUT_1100_2100,Checkout,1,1,1
2025-06-13,CHECKOUT_2100_2200,Checkout,1,1,1
2025-06-13,MANAGEMENT_1000_1100,Management,1,1,1
2025-06-13,MANAGEMENT_1100_1400,Management,1,1,1
2025-06-13,MANAGEMENT_1400_1900,Management,1,1,1
2025-06-13,MANAGEMENT_1900_2100,Management,1,1,1
2025-06-13,MANAGEMENT_2100_2200,Management,1,1,1
2025-06-14,CHECKOUT_1100_2100,Checkout,1,1,1
2025-06-14,MANAGEMENT_1100_1400,Management,1,1,1
2025-06-14,MANAGEMENT_1400_1900,Management,1,1,1
2025-06-14,MANAGEMENT_1900_2100,Management,1,1,1
2025-06-15,CHECKOUT_1100_2100,Checkout,1,1,1
2025-06-15,MANAGEMENT_1100_1400,Management,1,1,1
2025-06-15,MANAGEMENT_1900_2100,Management,1,1,1
2025-06-16,STORAGE_0830_1530,Storage,1,1,1
2025-06-16,CHECKOUT_1000_1100,Checkout,1,1,1
2025-06-16,CHECKOUT_1100_2100,Checkout,1,1,1
2025-06-16,CHECKOUT_2100_2200,Checkout,1,1,1
2025-06-16,MANAGEMENT_1000_1100,Management,1,1,1
2025-06-16,MANAGEMENT_1100_1400,Management,1,1,1
2025-06-16,MANAGEMENT_1400_1900,Management,1,1,1
2025-06-16,MANAGEMENT_1900_2100,Management,1,1,1
2025-06-16,MANAGEMENT_2100_2200,Management,1,1,1
2025-06-17,STORAGE_0830_1530,Storage,1,1,1
2025-06-17,CHECKOUT_1000_1100,Checkout,1,1,1
2025-06-17,CHECKOUT_1100_2100,Checkout,1,1,1
2025-06-17,CHECKOUT_2100_2200,Checkout,1,1,1
2025-06-17,MANAGEMENT_1000_1100,Management,1,1,1
2025-06-17,MANAGEMENT_1100_1400,Management,1,1,1
2025-06-17,MANAGEMENT_1400_1900,Management,1,1,1
2025-06-17,MANAGEMENT_1900_2100,Management,1,1,1
2025-06-17,MANAGEMENT_2100_2200,Management,1,1,1
2025-06-18,STORAGE_0830_1530,Storage,1,1,1
2025-06-18,CHECKOUT_1000_1100,Checkout,1,1,1
2025-06-18,CHECKOUT_1100_2100,Checkout,1,1,1
2025-06-18,CHECKOUT_2100_2200,Checkout,1,1,1
2025-06-18,MANAGEMENT_1000_1100,Management,1,1,1
2025-06-18,MANAGEMENT_1100_1400,Management,1,1,1
2025-06-18,MANAGEMENT_1400_1900,Management,1,1,1
2025-06-18,MANAGEMENT_1900_2100,Management,1,1,1
2025-06-18,MANAGEMENT_2100_2200,Management,1,1,1
2025-06-19,STORAGE_0830_1530,Storage,1,1,1
2025-06-19,CHECKOUT_1000_1100,Checkout,1,1,1
2025-06-19,CHECKOUT_1100_2100,Checkout,1,1,1
2025-06-19,CHECKOUT_2100_2200,Checkout,1,1,1
2025-06-19,MANAGEMENT_1000_1100,Management,1,1,1
2025-06-19,MANAGEMENT_1100_1400,Management,1,1,1
2025-06-19,MANAGEMENT_1400_1900,Management,1,1,1
2025-06-19,MANAGEMENT_1900_2100,Management,1,1,1
2025-06-19,MANAGEMENT_2100_2200,Management,1,1,1
2025-06-20,STORAGE_0830_1530,Storage,1,1,1
2025-06-20,CHECKOUT_1000_1100,Checkout,1,1,1
2025-06-20,CHECKOUT_1100_2100,Checkout,1,1,1
2025-06-20,CHECKOUT_2100_2200,Checkout,1,1,1
2025-06-20,MANAGEMENT_1000_1100,Management,1,1,1
2025-06-20,MANAGEMENT_1100_1400,Management,1,1,1
2025-06-20,MANAGEMENT_1400_1900,Management,1,1,1
2025-06-20,MANAGEMENT_1900_2100,Management,1,1,1
2025-06-20,MANAGEMENT_2100_2200,Management,1,1,1
2025-06-21,CHECKOUT_1100_2100,Checkout,1,1,1
2025-06-21,MANAGEMENT_1100_1400,Management,1,1,1
2025-06-21,MANAGEMENT_1400_1900,Management,1,1,1
2025-06-21,MANAGEMENT_1900_2100,Management,1,1,1
2025-06-22,CHECKOUT_1100_2100,Checkout,1,1,1
2025-06-22,MANAGEMENT_1100_1400,Management,1,1,1
2025-06-22,MANAGEMENT_1900_2100,Management,1,1,1
2025-06-23,STORAGE_0830_1530,Storage,1,1,1
2025-06-23,CHECKOUT_1000_1100,Checkout,1,1,1
2025-06-23,CHECKOUT_1100_2100,Checkout,1,1,1
2025-06-23,CHECKOUT_2100_2200,Checkout,1,1,1
2025-06-23,MANAGEMENT_1000_1100,Management,1,1,1
2025-06-23,MANAGEMENT_1100_1400,Management,1,1,1
2025-06-23,MANAGEMENT_1400_1900,Management,1,1,1
2025-06-23,MANAGEMENT_1900_2100,Management,1,1,1
2025-06-23,MANAGEMENT_2100_2200,Management,1,1,1
2025-06-24,STORAGE_0830_1530,Storage,1,1,1
2025-06-24,CHECKOUT_1000_1100,Checkout,1,1,1
2025-06-24,CHECKOUT_1100_2100,Checkout,1,1,1
2025-06-24,CHECKOUT_2100_2200,Checkout,1,1,1
2025-06-24,MANAGEMENT_1000_1100,Management,1,1,1
2025-06-24,MANAGEMENT_1100_1400,Management,1,1,1
2025-06-24,MANAGEMENT_1400_1900,Management,1,1,1
2025-06-24,MANAGEMENT_1900_2100,Management,1,1,1
2025-06-24,MANAGEMENT_2100_2200,Management,1,1,1
2025-06-25,STORAGE_0830_1530,Storage,1,1,1
2025-06-25,CHECKOUT_1000_1100,Checkout,1,1,1
2025-06-25,CHECKOUT_1100_2100,Checkout,1,1,1
2025-06-25,CHECKOUT_2100_2200,Checkout,1,1,1
2025-06-25,MANAGEMENT_1000_1100,Management,1,1,1
2025-06-25,MANAGEMENT_1100_1400,Management,1,1,1
2025-06-25,MANAGEMENT_1400_1900,Management,1,1,1
2025-06-25,MANAGEMENT_1900_2100,Management,1,1,1
2025-06-25,MANAGEMENT_2100_2200,Management,1,1,1
2025-06-26,STORAGE_0830_1530,Storage,1,1,1
2025-06-26,CHECKOUT_1000_1100,Checkout,1,1,1
2025-06-26,CHECKOUT_1100_2100,Checkout,1,1,1
2025-06-26,CHECKOUT_2100_2200,Checkout,1,1,1
2025-06-26,MANAGEMENT_1000_1100,Management,1,1,1
2025-06-26,MANAGEMENT_1100_1400,Management,1,1,1
2025-06-26,MANAGEMENT_1400_1900,Management,1,1,1
2025-06-26,MANAGEMENT_1900_2100,Management,1,1,1
2025-06-26,MANAGEMENT_2100_2200,Management,1,1,1
2025-06-27,STORAGE_0830_1530,Storage,1,1,1
2025-06-27,CHECKOUT_1000_1100,Checkout,1,1,1
2025-06-27,CHECKOUT_1100_2100,Checkout,1,1,1
2025-06-27,CHECKOUT_2100_2200,Checkout,1,1,1
2025-06-27,MANAGEMENT_1000_1100,Management,1,1,1
2025-06-27,MANAGEMENT_1100_1400,Management,1,1,1
2025-06-27,MANAGEMENT_1400_1900,Management,1,1,1
2025-06-27,MANAGEMENT_1900_2100,Management,1,1,1
2025-06-27,MANAGEMENT_2100_2200,Management,1,1,1
2025-06-28,CHECKOUT_1100_2100,Checkout,1,1,1
2025-06-28,MANAGEMENT_1100_1400,Management,1,1,1
2025-06-28,MANAGEMENT_1400_1900,Management,1,1,1
2025-06-28,MANAGEMENT_1900_2100,Management,1,1,1
2025-06-29,CHECKOUT_1100_2100,Checkout,1,1,1
2025-06-29,MANAGEMENT_1100_1400,Management,1,1,1
2025-06-29,MANAGEMENT_1900_2100,Management,1,1,1
2025-06-30,STORAGE_0830_1530,Storage,1,1,1
2025-06-30,CHECKOUT_1000_1100,Checkout,1,1,1
2025-06-30,CHECKOUT_1100_2100,Checkout,1,1,1
2025-06-30,CHECKOUT_2100_2200,Checkout,1,1,1
2025-06-30,MANAGEMENT_1000_1100,Management,1,1,1
2025-06-30,MANAGEMENT_1100_1400,Management,1,1,1
2025-06-30,MANAGEMENT_1400_1900,Management,1,1,1
2025-06-30,MANAGEMENT_1900_2100,Management,1,1,1
2025-06-30,MANAGEMENT_2100_2200,Management,1,1,1
2025-07-01,STORAGE_0830_1530,Storage,1,1,1
2025-07-01,CHECKOUT_1000_1100,Checkout,1,1,1
2025-07-01,CHECKOUT_1100_2100,Checkout,1,1,1
2025-07-01,CHECKOUT_2100_2200,Checkout,1,1,1
2025-07-01,MANAGEMENT_1000_1100,Management,1,1,1
2025-07-01,MANAGEMENT_1100_1400,Management,1,1,1
2025-07-01,MANAGEMENT_1400_1900,Management,1,1,1
2025-07-01,MANAGEMENT_1900_2100,Management,1,1,1
2025-07-01,MANAGEMENT_2100_2200,Management,1,1,1
2025-07-02,STORAGE_0830_1530,Storage,1,1,1
2025-07-02,CHECKOUT_1000_1100,Checkout,1,1,1
2025-07-02,CHECKOUT_1100_2100,Checkout,1,1,1
2025-07-02,CHECKOUT_2100_2200,Checkout,1,1,1
2025-07-02,MANAGEMENT_1000_1100,Management,1,1,1
2025-07-02,MANAGEMENT_1100_1400,Management,1,1,1
2025-07-02,MANAGEMENT_1400_1900,Management,1,1,1
2025-07-02,MANAGEMENT_1900_2100,Management,1,1,1
2025-07-02,MANAGEMENT_2100_2200,Management,1,1,1
2025-07-03,STORAGE_0830_1530,Storage,1,1,1
2025-07-03,CHECKOUT_1000_1100,Checkout,1,1,1
2025-07-03,CHECKOUT_1100_2100,Checkout,1,1,1
2025-07-03,CHECKOUT_2100_2200,Checkout,1,1,1
2025-07-03,MANAGEMENT_1000_1100,Management,1,1,1
2025-07-03,MANAGEMENT_1100_1400,Management,1,1,1
2025-07-03,MANAGEMENT_1400_1900,Management,1,1,1
2025-07-03,MANAGEMENT_1900_2100,Management,1,1,1
2025-07-03,MANAGEMENT_2100_2200,Management,1,1,1
2025-07-04,STORAGE_0830_1530,Storage,1,1,1
2025-07-04,CHECKOUT_1000_1100,Checkout,1,1,1
2025-07-04,CHECKOUT_1100_2100,Checkout,1,1,1
2025-07-04,CHECKOUT_2100_2200,Checkout,1,1,1
2025-07-04,MANAGEMENT_1000_1100,Management,1,1,1
2025-07-04,MANAGEMENT_1100_1400,Management,1,1,1
2025-07-04,MANAGEMENT_1400_1900,Management,1,1,1
2025-07-04,MANAGEMENT_1900_2100,Management,1,1,1
2025-07-04,MANAGEMENT_2100_2200,Management,1,1,1
2025-07-05,CHECKOUT_1100_2100,Checkout,1,1,1
2025-07-05,MANAGEMENT_1100_1400,Management,1,1,1
2025-07-05,MANAGEMENT_1400_1900,Management,1,1,1
2025-07-05,MANAGEMENT_1900_2100,Management,1,1,1
2025-07-06,CHECKOUT_1100_2100,Checkout,1,1,1
2025-07-06,MANAGEMENT_1100_1400,Management,1,1,1
2025-07-06,MANAGEMENT_1900_2100,Management,1,1,1
2025-07-07,STORAGE_0830_1530,Storage,1,1,1
2025-07-07,CHECKOUT_1000_1100,Checkout,1,1,1
2025-07-07,CHECKOUT_1100_2100,Checkout,1,1,1
2025-07-07,CHECKOUT_2100_2200,Checkout,1,1,1
2025-07-07,MANAGEMENT_1000_1100,Management,1,1,1
2025-07-07,MANAGEMENT_1100_1400,Management,1,1,1
2025-07-07,MANAGEMENT_1400_1900,Management,1,1,1
2025-07-07,MANAGEMENT_1900_2100,Management,1,1,1
2025-07-07,MANAGEMENT_2100_2200,Management,1,1,1
2025-07-08,STORAGE_0830_1530,Storage,1,1,1
2025-07-08,CHECKOUT_1000_1100,Checkout,1,1,1
2025-07-08,CHECKOUT_1100_2100,Checkout,1,1,1
2025-07-08,CHECKOUT_2100_2200,Checkout,1,1,1
2025-07-08,MANAGEMENT_1000_1100,Management,1,1,1
2025-07-08,MANAGEMENT_1100_1400,Management,1,1,1
2025-07-08,MANAGEMENT_1400_1900,Management,1,1,1
2025-07-08,MANAGEMENT_1900_2100,Management,1,1,1
2025-07-08,MANAGEMENT_2100_2200,Management,1,1,1
2025-07-09,STORAGE_0830_1530,Storage,1,1,1
2025-07-09,CHECKOUT_1000_1100,Checkout,1,1,1
2025-07-09,CHECKOUT_1100_2100,Checkout,1,1,1
2025-07-09,CHECKOUT_2100_2200,Checkout,1,1,1
2025-07-09,MANAGEMENT_1000_1100,Management,1,1,1
2025-07-09,MANAGEMENT_1100_1400,Management,1,1,1
2025-07-09,MANAGEMENT_1400_1900,Management,1,1,1
2025-07-09,MANAGEMENT_1900_2100,Management,1,1,1
2025-07-09,MANAGEMENT_2100_2200,Management,1,1,1
2025-07-10,STORAGE_0830_1530,Storage,1,1,1
2025-07-10,CHECKOUT_1000_1100,Checkout,1,1,1
2025-07-10,CHECKOUT_1100_2100,Checkout,1,1,1
2025-07-10,CHECKOUT_2100_2200,Checkout,1,1,1
2025-07-10,MANAGEMENT_1000_1100,Management,1,1,1
2025-07-10,MANAGEMENT_1100_1400,Management,1,1,1
2025-07-10,MANAGEMENT_1400_1900,Management,1,1,1
2025-07-10,MANAGEMENT_1900_2100,Management,1,1,1
2025-07-10,MANAGEMENT_2100_2200,Management,1,1,1
2025-07-11,STORAGE_0830_1530,Storage,1,1,1
2025-07-11,CHECKOUT_1000_1100,Checkout,1,1,1
2025-07-11,CHECKOUT_1100_2100,Checkout,1,1,1
2025-07-11,CHECKOUT_2100_2200,Checkout,1,1,1
2025-07-11,MANAGEMENT_1000_1100,Management,1,1,1
2025-07-11,MANAGEMENT_1100_1400,Management,1,1,1
2025-07-11,MANAGEMENT_1400_1900,Management,1,1,1
2025-07-11,MANAGEMENT_1900_2100,Management,1,1,1
2025-07-11,MANAGEMENT_2100_2200,Management,1,1,1
2025-07-12,CHECKOUT_1100_2100,Checkout,1,1,1
2025-07-12,MANAGEMENT_1100_1400,Management,1,1,1
2025-07-12,MANAGEMENT_1400_1900,Management,1,1,1
2025-07-12,MANAGEMENT_1900_2100,Management,1,1,1
2025-07-13,CHECKOUT_1100_2100,Checkout,1,1,1
2025-07-13,MANAGEMENT_1100_1400,Management,1,1,1
2025-07-13,MANAGEMENT_1900_2100,Management,1,1,1
2025-07-14,STORAGE_0830_1530,Storage,1,1,1
2025-07-14,CHECKOUT_1000_1100,Checkout,1,1,1
2025-07-14,CHECKOUT_1100_2100,Checkout,1,1,1
2025-07-14,CHECKOUT_2100_2200,Checkout,1,1,1
2025-07-14,MANAGEMENT_1000_1100,Management,1,1,1
2025-07-14,MANAGEMENT_1100_1400,Management,1,1,1
2025-07-14,MANAGEMENT_1400_1900,Management,1,1,1
2025-07-14,MANAGEMENT_1900_2100,Management,1,1,1
2025-07-14,MANAGEMENT_2100_2200,Management,1,1,1
2025-07-15,STORAGE_0830_1530,Storage,1,1,1
2025-07-15,CHECKOUT_1000_1100,Checkout,1,1,1
2025-07-15,CHECKOUT_1100_2100,Checkout,1,1,1
2025-07-15,CHECKOUT_2100_2200,Checkout,1,1,1
2025-07-15,MANAGEMENT_1000_1100,Management,1,1,1
2025-07-15,MANAGEMENT_1100_1400,Management,1,1,1
2025-07-15,MANAGEMENT_1400_1900,Management,1,1,1
2025-07-15,MANAGEMENT_1900_2100,Management,1,1,1
2025-07-15,MANAGEMENT_2100_2200,Management,1,1,1
2025-07-16,STORAGE_0830_1530,Storage,1,1,1
2025-07-16,CHECKOUT_1000_1100,Checkout,1,1,1
2025-07-16,CHECKOUT_1100_2100,Checkout,1,1,1
2025-07-16,CHECKOUT_2100_2200,Checkout,1,1,1
2025-07-16,MANAGEMENT_1000_1100,Management,1,1,1
2025-07-16,MANAGEMENT_1100_1400,Management,1,1,1
2025-07-16,MANAGEMENT_1400_1900,Management,1,1,1
2025-07-16,MANAGEMENT_1900_2100,Management,1,1,1
2025-07-16,MANAGEMENT_2100_2200,Management,1,1,1
2025-07-17,STORAGE_0830_1530,Storage,1,1,1
2025-07-17,CHECKOUT_1000_1100,Checkout,1,1,1
2025-07-17,CHECKOUT_1100_2100,Checkout,1,1,1
2025-07-17,CHECKOUT_2100_2200,Checkout,1,1,1
2025-07-17,MANAGEMENT_1000_1100,Management,1,1,1
2025-07-17,MANAGEMENT_1100_1400,Management,1,1,1
2025-07-17,MANAGEMENT_1400_1900,Management,1,1,1
2025-07-17,MANAGEMENT_1900_2100,Management,1,1,1
2025-07-17,MANAGEMENT_2100_2200,Management,1,1,1
2025-07-18,STORAGE_0830_1530,Storage,1,1,1
2025-07-18,CHECKOUT_1000_1100,Checkout,1,1,1
2025-07-18,CHECKOUT_1100_2100,Checkout,1,1,1
2025-07-18,CHECKOUT_2100_2200,Checkout,1,1,1
2025-07-18,MANAGEMENT_1000_1100,Management,1,1,1
2025-07-18,MANAGEMENT_1100_1400,Management,1,1,1
2025-07-18,MANAGEMENT_1400_1900,Management,1,1,1
2025-07-18,MANAGEMENT_1900_2100,Management,1,1,1
2025-07-18,MANAGEMENT_2100_2200,Management,1,1,1
2025-07-19,CHECKOUT_1100_2100,Checkout,1,1,1
2025-07-19,MANAGEMENT_1100_1400,Management,1,1,1
2025-07-19,MANAGEMENT_1400_1900,Management,1,1,1
2025-07-19,MANAGEMENT_1900_2100,Management,1,1,1
2025-07-20,CHECKOUT_1100_2100,Checkout,1,1,1
2025-07-20,MANAGEMENT_1100_1400,Management,1,1,1
2025-07-20,MANAGEMENT_1900_2100,Management,1,1,1
2025-07-21,STORAGE_0830_1530,Storage,1,1,1
2025-07-21,CHECKOUT_1000_1100,Checkout,1,1,1
2025-07-21,CHECKOUT_1100_2100,Checkout,1,1,1
2025-07-21,CHECKOUT_2100_2200,Checkout,1,1,1
2025-07-21,MANAGEMENT_1000_1100,Management,1,1,1
2025-07-21,MANAGEMENT_1100_1400,Management,1,1,1
2025-07-21,MANAGEMENT_1400_1900,Management,1,1,1
2025-07-21,MANAGEMENT_1900_2100,Management,1,1,1
2025-07-21,MANAGEMENT_2100_2200,Management,1,1,1
2025-07-22,STORAGE_0830_1530,Storage,1,1,1
2025-07-22,CHECKOUT_1000_1100,Checkout,1,1,1
2025-07-22,CHECKOUT_1100_2100,Checkout,1,1,1
2025-07-22,CHECKOUT_2100_2200,Checkout,1,1,1
2025-07-22,MANAGEMENT_1000_1100,Management,1,1,1
2025-07-22,MANAGEMENT_1100_1400,Management,1,1,1
2025-07-22,MANAGEMENT_1400_1900,Management,1,1,1
2025-07-22,MANAGEMENT_1900_2100,Management,1,1,1
2025-07-22,MANAGEMENT_2100_2200,Management,1,1,1
2025-07-23,STORAGE_0830_1530,Storage,1,1,1
2025-07-23,CHECKOUT_1000_1100,Checkout,1,1,1
2025-07-23,CHECKOUT_1100_2100,Checkout,1,1,1
2025-07-23,CHECKOUT_2100_2200,Checkout,1,1,1
2025-07-23,MANAGEMENT_1000_1100,Management,1,1,1
2025-07-23,MANAGEMENT_1100_1400,Management,1,1,1
2025-07-23,MANAGEMENT_1400_1900,Management,1,1,1
2025-07-23,MANAGEMENT_1900_2100,Management,1,1,1
2025-07-23,MANAGEMENT_2100_2200,Management,1,1,1
2025-07-24,STORAGE_0830_1530,Storage,1,1,1
2025-07-24,CHECKOUT_1000_1100,Checkout,1,1,1
2025-07-24,CHECKOUT_1100_2100,Checkout,1,1,1
2025-07-24,CHECKOUT_2100_2200,Checkout,1,1,1
2025-07-24,MANAGEMENT_1000_1100,Management,1,1,1
2025-07-24,MANAGEMENT_1100_1400,Management,1,1,1
2025-07-24,MANAGEMENT_1400_1900,Management,1,1,1
2025-07-24,MANAGEMENT_1900_2100,Management,1,1,1
2025-07-24,MANAGEMENT_2100_2200,Management,1,1,1
2025-07-25,STORAGE_0830_1530,Storage,1,1,1
2025-07-25,CHECKOUT_1000_1100,Checkout,1,1,1
2025-07-25,CHECKOUT_1100_2100,Checkout,1,1,1
2025-07-25,CHECKOUT_2100_2200,Checkout,1,1,1
2025-07-25,MANAGEMENT_1000_1100,Management,1,1,1
2025-07-25,MANAGEMENT_1100_1400,Management,1,1,1
2025-07-25,MANAGEMENT_1400_1900,Management,1,1,1
2025-07-25,MANAGEMENT_1900_2100,Management,1,1,1
2025-07-25,MANAGEMENT_2100_2200,Management,1,1,1
2025-07-26,CHECKOUT_1100_2100,Checkout,1,1,1
2025-07-26,MANAGEMENT_1100_1400,Management,1,1,1
2025-07-26,MANAGEMENT_1400_1900,Management,1,1,1
2025-07-26,MANAGEMENT_1900_2100,Management,1,1,1
2025-07-27,CHECKOUT_1100_2100,Checkout,1,1,1
2025-07-27,MANAGEMENT_1100_1400,Management,1,1,1
2025-07-27,MANAGEMENT_1900_2100,Management,1,1,1
2025-07-28,STORAGE_0830_1530,Storage,1,1,1
2025-07-28,CHECKOUT_1000_1100,Checkout,1,1,1
2025-07-28,CHECKOUT_1100_2100,Checkout,1,1,1
2025-07-28,CHECKOUT_2100_2200,Checkout,1,1,1
2025-07-28,MANAGEMENT_1000_1100,Management,1,1,1
2025-07-28,MANAGEMENT_1100_1400,Management,1,1,1
2025-07-28,MANAGEMENT_1400_1900,Management,1,1,1
2025-07-28,MANAGEMENT_1900_2100,Management,1,1,1
2025-07-28,MANAGEMENT_2100_2200,Management,1,1,1
2025-07-29,STORAGE_0830_1530,Storage,1,1,1
2025-07-29,CHECKOUT_1000_1100,Checkout,1,1,1
2025-07-29,CHECKOUT_1100_2100,Checkout,1,1,1
2025-07-29,CHECKOUT_2100_2200,Checkout,1,1,1
2025-07-29,MANAGEMENT_1000_1100,Management,1,1,1
2025-07-29,MANAGEMENT_1100_1400,Management,1,1,1
2025-07-29,MANAGEMENT_1400_1900,Management,1,1,1
2025-07-29,MANAGEMENT_1900_2100,Management,1,1,1
2025-07-29,MANAGEMENT_2100_2200,Management,1,1,1
2025-07-30,STORAGE_0830_1530,Storage,1,1,1
2025-07-30,CHECKOUT_1000_1100,Checkout,1,1,1
2025-07-30,CHECKOUT_1100_2100,Checkout,1,1,1
2025-07-30,CHECKOUT_2100_2200,Checkout,1,1,1
2025-07-30,MANAGEMENT_1000_1100,Management,1,1,1
2025-07-30,MANAGEMENT_1100_1400,Management,1,1,1
2025-07-30,MANAGEMENT_1400_1900,Management,1,1,1
2025-07-30,MANAGEMENT_1900_2100,Management,1,1,1
2025-07-30,MANAGEMENT_2100_2200,Management,1,1,1
2025-07-31,STORAGE_0830_1530,Storage,1,1,1
2025-07-31,CHECKOUT_1000_1100,Checkout,1,1,1
2025-07-31,CHECKOUT_1100_2100,Checkout,1,1,1
2025-07-31,CHECKOUT_2100_2200,Checkout,1,1,1
2025-07-31,MANAGEMENT_1000_1100,Management,1,1,1
2025-07-31,MANAGEMENT_1100_1400,Management,1,1,1
2025-07-31,MANAGEMENT_1400_1900,Management,1,1,1
2025-07-31,MANAGEMENT_1900_2100,Management,1,1,1
2025-07-31,MANAGEMENT_2100_2200,Management,1,1,1
2025-08-01,STORAGE_0830_1530,Storage,1,1,1
2025-08-01,CHECKOUT_1000_1100,Checkout,1,1,1
2025-08-01,CHECKOUT_1100_2100,Checkout,1,1,1
2025-08-01,CHECKOUT_2100_2200,Checkout,1,1,1
2025-08-01,MANAGEMENT_1000_1100,Management,1,1,1
2025-08-01,MANAGEMENT_1100_1400,Management,1,1,1
2025-08-01,MANAGEMENT_1400_1900,Management,1,1,1
2025-08-01,MANAGEMENT_1900_2100,Management,1,1,1
2025-08-01,MANAGEMENT_2100_2200,Management,1,1,1
2025-08-02,CHECKOUT_1100_2100,Checkout,1,1,1
2025-08-02,MANAGEMENT_1100_1400,Management,1,1,1
2025-08-02,MANAGEMENT_1400_1900,Management,1,1,1
2025-08-02,MANAGEMENT_1900_2100,Management,1,1,1
2025-08-03,CHECKOUT_1100_2100,Checkout,1,1,1
2025-08-03,MANAGEMENT_1100_1400,Management,1,1,1
2025-08-03,MANAGEMENT_1900_2100,Management,1,1,1
2025-08-04,STORAGE_0830_1530,Storage,1,1,1
2025-08-04,CHECKOUT_1000_1100,Checkout,1,1,1
2025-08-04,CHECKOUT_1100_2100,Checkout,1,1,1
2025-08-04,CHECKOUT_2100_2200,Checkout,1,1,1
2025-08-04,MANAGEMENT_1000_1100,Management,1,1,1
2025-08-04,MANAGEMENT_1100_1400,Management,1,1,1
2025-08-04,MANAGEMENT_1400_1900,Management,1,1,1
2025-08-04,MANAGEMENT_1900_2100,Management,1,1,1
2025-08-04,MANAGEMENT_2100_2200,Management,1,1,1
2025-08-05,STORAGE_0830_1530,Storage,1,1,1
2025-08-05,CHECKOUT_1000_1100,Checkout,1,1,1
2025-08-05,CHECKOUT_1100_2100,Checkout,1,1,1
2025-08-05,CHECKOUT_2100_2200,Checkout,1,1,1
2025-08-05,MANAGEMENT_1000_1100,Management,1,1,1
2025-08-05,MANAGEMENT_1100_1400,Management,1,1,1
2025-08-05,MANAGEMENT_1400_1900,Management,1,1,1
2025-08-05,MANAGEMENT_1900_2100,Management,1,1,1
2025-08-05,MANAGEMENT_2100_2200,Management,1,1,1
2025-08-06,STORAGE_0830_1530,Storage,1,1,1
2025-08-06,CHECKOUT_1000_1100,Checkout,1,1,1
2025-08-06,CHECKOUT_1100_2100,Checkout,1,1,1
2025-08-06,CHECKOUT_2100_2200,Checkout,1,1,1
2025-08-06,MANAGEMENT_1000_1100,Management,1,1,1
2025-08-06,MANAGEMENT_1100_1400,Management,1,1,1
2025-08-06,MANAGEMENT_1400_1900,Management,1,1,1
2025-08-06,MANAGEMENT_1900_2100,Management,1,1,1
2025-08-06,MANAGEMENT_2100_2200,Management,1,1,1
2025-08-07,STORAGE_0830_1530,Storage,1,1,1
2025-08-07,CHECKOUT_1000_1100,Checkout,1,1,1
2025-08-07,CHECKOUT_1100_2100,Checkout,1,1,1
2025-08-07,CHECKOUT_2100_2200,Checkout,1,1,1
2025-08-07,MANAGEMENT_1000_1100,Management,1,1,1
2025-08-07,MANAGEMENT_1100_1400,Management,1,1,1
2025-08-07,MANAGEMENT_1400_1900,Management,1,1,1
2025-08-07,MANAGEMENT_1900_2100,Management,1,1,1
2025-08-07,MANAGEMENT_2100_2200,Management,1,1,1
2025-08-08,STORAGE_0830_1530,Storage,1,1,1
2025-08-08,CHECKOUT_1000_1100,Checkout,1,1,1
2025-08-08,CHECKOUT_1100_2100,Checkout,1,1,1
2025-08-08,CHECKOUT_2100_2200,Checkout,1,1,1
2025-08-08,MANAGEMENT_1000_1100,Management,1,1,1
2025-08-08,MANAGEMENT_1100_1400,Management,1,1,1
2025-08-08,MANAGEMENT_1400_1900,Management,1,1,1
2025-08-08,MANAGEMENT_1900_2100,Management,1,1,1
2025-08-08,MANAGEMENT_2100_2200,Management,1,1,1
2025-08-09,CHECKOUT_1100_2100,Checkout,1,1,1
2025-08-09,MANAGEMENT_1100_1400,Management,1,1,1
2025-08-09,MANAGEMENT_1400_1900,Management,1,1,1
2025-08-09,MANAGEMENT_1900_2100,Management,1,1,1
2025-08-10,CHECKOUT_1100_2100,Checkout,1,1,1
2025-08-10,MANAGEMENT_1100_1400,Management,1,1,1
2025-08-10,MANAGEMENT_1900_2100,Management,1,1,1
2025-08-11,STORAGE_0830_1530,Storage,1,1,1
2025-08-11,CHECKOUT_1000_1100,Checkout,1,1,1
2025-08-11,CHECKOUT_1100_2100,Checkout,1,1,1
2025-08-11,CHECKOUT_2100_2200,Checkout,1,1,1
2025-08-11,MANAGEMENT_1000_1100,Management,1,1,1
2025-08-11,MANAGEMENT_1100_1400,Management,1,1,1
2025-08-11,MANAGEMENT_1400_1900,Management,1,1,1
2025-08-11,MANAGEMENT_1900_2100,Management,1,1,1
2025-08-11,MANAGEMENT_2100_2200,Management,1,1,1
2025-08-12,STORAGE_0830_1530,Storage,1,1,1
2025-08-12,CHECKOUT_1000_1100,Checkout,1,1,1
2025-08-12,CHECKOUT_1100_2100,Checkout,1,1,1
2025-08-12,CHECKOUT_2100_2200,Checkout,1,1,1
2025-08-12,MANAGEMENT_1000_1100,Management,1,1,1
2025-08-12,MANAGEMENT_1100_1400,Management,1,1,1
2025-08-12,MANAGEMENT_1400_1900,Management,1,1,1
2025-08-12,MANAGEMENT_1900_2100,Management,1,1,1
2025-08-12,MANAGEMENT_2100_2200,Management,1,1,1
2025-08-13,STORAGE_0830_1530,Storage,1,1,1
2025-08-13,CHECKOUT_1000_1100,Checkout,1,1,1
2025-08-13,CHECKOUT_1100_2100,Checkout,1,1,1
2025-08-13,CHECKOUT_2100_2200,Checkout,1,1,1
2025-08-13,MANAGEMENT_1000_1100,Management,1,1,1
2025-08-13,MANAGEMENT_1100_1400,Management,1,1,1
2025-08-13,MANAGEMENT_1400_1900,Management,1,1,1
2025-08-13,MANAGEMENT_1900_2100,Management,1,1,1
2025-08-13,MANAGEMENT_2100_2200,Management,1,1,1
2025-08-14,STORAGE_0830_1530,Storage,1,1,1
2025-08-14,CHECKOUT_1000_1100,Checkout,1,1,1
2025-08-14,CHECKOUT_1100_2100,Checkout,1,1,1
2025-08-14,CHECKOUT_2100_2200,Checkout,1,1,1
2025-08-14,MANAGEMENT_1000_1100,Management,1,1,1
2025-08-14,MANAGEMENT_1100_1400,Management,1,1,1
2025-08-14,MANAGEMENT_1400_1900,Management,1,1,1
2025-08-14,MANAGEMENT_1900_2100,Management,1,1,1
2025-08-14,MANAGEMENT_2100_2200,Management,1,1,1
2025-08-15,STORAGE_0830_1530,Storage,1,1,1
2025-08-15,CHECKOUT_1000_1100,Checkout,1,1,1
2025-08-15,CHECKOUT_1100_2100,Checkout,1,1,1
2025-08-15,CHECKOUT_2100_2200,Checkout,1,1,1
2025-08-15,MANAGEMENT_1000_1100,Management,1,1,1
2025-08-15,MANAGEMENT_1100_1400,Management,1,1,1
2025-08-15,MANAGEMENT_1400_1900,Management,1,1,1
2025-08-15,MANAGEMENT_1900_2100,Management,1,1,1
2025-08-15,MANAGEMENT_2100_2200,Management,1,1,1
2025-08-16,CHECKOUT_1100_2100,Checkout,1,1,1
2025-08-16,MANAGEMENT_1100_1400,Management,1,1,1
2025-08-16,MANAGEMENT_1400_1900,Management,1,1,1
2025-08-16,MANAGEMENT_1900_2100,Management,1,1,1
2025-08-17,CHECKOUT_1100_2100,Checkout,1,1,1
2025-08-17,MANAGEMENT_1100_1400,Management,1,1,1
2025-08-17,MANAGEMENT_1900_2100,Management,1,1,1
2025-08-18,STORAGE_0830_1530,Storage,1,1,1
2025-08-18,CHECKOUT_1000_1100,Checkout,1,1,1
2025-08-18,CHECKOUT_1100_2100,Checkout,1,1,1
2025-08-18,CHECKOUT_2100_2200,Checkout,1,1,1
2025-08-18,MANAGEMENT_1000_1100,Management,1,1,1
2025-08-18,MANAGEMENT_1100_1400,Management,1,1,1
2025-08-18,MANAGEMENT_1400_1900,Management,1,1,1
2025-08-18,MANAGEMENT_1900_2100,Management,1,1,1
2025-08-18,MANAGEMENT_2100_2200,Management,1,1,1
2025-08-19,STORAGE_0830_1530,Storage,1,1,1
2025-08-19,CHECKOUT_1000_1100,Checkout,1,1,1
2025-08-19,CHECKOUT_1100_2100,Checkout,1,1,1
2025-08-19,CHECKOUT_2100_2200,Checkout,1,1,1
2025-08-19,MANAGEMENT_1000_1100,Management,1,1,1
2025-08-19,MANAGEMENT_1100_1400,Management,1,1,1
2025-08-19,MANAGEMENT_1400_1900,Management,1,1,1
2025-08-19,MANAGEMENT_1900_2100,Management,1,1,1
2025-08-19,MANAGEMENT_2100_2200,Management,1,1,1
2025-08-20,STORAGE_0830_1530,Storage,1,1,1
2025-08-20,CHECKOUT_1000_1100,Checkout,1,1,1
2025-08-20,CHECKOUT_1100_2100,Checkout,1,1,1
2025-08-20,CHECKOUT_2100_2200,Checkout,1,1,1
2025-08-20,MANAGEMENT_1000_1100,Management,1,1,1
2025-08-20,MANAGEMENT_1100_1400,Management,1,1,1
2025-08-20,MANAGEMENT_1400_1900,Management,1,1,1
2025-08-20,MANAGEMENT_1900_2100,Management,1,1,1
2025-08-20,MANAGEMENT_2100_2200,Management,1,1,1
2025-08-21,STORAGE_0830_1530,Storage,1,1,1
2025-08-21,CHECKOUT_1000_1100,Checkout,1,1,1
2025-08-21,CHECKOUT_1100_2100,Checkout,1,1,1
2025-08-21,CHECKOUT_2100_2200,Checkout,1,1,1
2025-08-21,MANAGEMENT_1000_1100,Management,1,1,1
2025-08-21,MANAGEMENT_1100_1400,Management,1,1,1
2025-08-21,MANAGEMENT_1400_1900,Management,1,1,1
2025-08-21,MANAGEMENT_1900_2100,Management,1,1,1
2025-08-21,MANAGEMENT_2100_2200,Management,1,1,1
2025-08-22,STORAGE_0830_1530,Storage,1,1,1
2025-08-22,CHECKOUT_1000_1100,Checkout,1,1,1
2025-08-22,CHECKOUT_1100_2100,Checkout,1,1,1
2025-08-22,CHECKOUT_2100_2200,Checkout,1,1,1
2025-08-22,MANAGEMENT_1000_1100,Management,1,1,1
2025-08-22,MANAGEMENT_1100_1400,Management,1,1,1
2025-08-22,MANAGEMENT_1400_1900,Management,1,1,1
2025-08-22,MANAGEMENT_1900_2100,Management,1,1,1
2025-08-22,MANAGEMENT_2100_2200,Management,1,1,1
2025-08-23,CHECKOUT_1100_2100,Checkout,1,1,1
2025-08-23,MANAGEMENT_1100_1400,Management,1,1,1
2025-08-23,MANAGEMENT_1400_1900,Management,1,1,1
2025-08-23,MANAGEMENT_1900_2100,Management,1,1,1
2025-08-24,CHECKOUT_1100_2100,Checkout,1,1,1
2025-08-24,MANAGEMENT_1100_1400,Management,1,1,1
2025-08-24,MANAGEMENT_1900_2100,Management,1,1,1
2025-08-25,STORAGE_0830_1530,Storage,1,1,1
2025-08-25,CHECKOUT_1000_1100,Checkout,1,1,1
2025-08-25,CHECKOUT_1100_2100,Checkout,1,1,1
2025-08-25,CHECKOUT_2100_2200,Checkout,1,1,1
2025-08-25,MANAGEMENT_1000_1100,Management,1,1,1
2025-08-25,MANAGEMENT_1100_1400,Management,1,1,1
2025-08-25,MANAGEMENT_1400_1900,Management,1,1,1
2025-08-25,MANAGEMENT_1900_2100,Management,1,1,1
2025-08-25,MANAGEMENT_2100_2200,Management,1,1,1
2025-08-26,STORAGE_0830_1530,Storage,1,1,1
2025-08-26,CHECKOUT_1000_1100,Checkout,1,1,1
2025-08-26,CHECKOUT_1100_2100,Checkout,1,1,1
2025-08-26,CHECKOUT_2100_2200,Checkout,1,1,1
2025-08-26,MANAGEMENT_1000_1100,Management,1,1,1
2025-08-26,MANAGEMENT_1100_1400,Management,1,1,1
2025-08-26,MANAGEMENT_1400_1900,Management,1,1,1
2025-08-26,MANAGEMENT_1900_2100,Management,1,1,1
2025-08-26,MANAGEMENT_2100_2200,Management,1,1,1
2025-08-27,STORAGE_0830_1530,Storage,1,1,1
2025-08-27,CHECKOUT_1000_1100,Checkout,1,1,1
2025-08-27,CHECKOUT_1100_2100,Checkout,1,1,1
2025-08-27,CHECKOUT_2100_2200,Checkout,1,1,1
2025-08-27,MANAGEMENT_1000_1100,Management,1,1,1
2025-08-27,MANAGEMENT_1100_1400,Management,1,1,1
2025-08-27,MANAGEMENT_1400_1900,Management,1,1,1
2025-08-27,MANAGEMENT_1900_2100,Management,1,1,1
2025-08-27,MANAGEMENT_2100_2200,Management,1,1,1
2025-08-28,STORAGE_0830_1530,Storage,1,1,1
2025-08-28,CHECKOUT_1000_1100,Checkout,1,1,1
2025-08-28,CHECKOUT_1100_2100,Checkout,1,1,1
2025-08-28,CHECKOUT_2100_2200,Checkout,1,1,1
2025-08-28,MANAGEMENT_1000_1100,Management,1,1,1
2025-08-28,MANAGEMENT_1100_1400,Management,1,1,1
2025-08-28,MANAGEMENT_1400_1900,Management,1,1,1
2025-08-28,MANAGEMENT_1900_2100,Management,1,1,1
2025-08-28,MANAGEMENT_2100_2200,Management,1,1,1
2025-08-29,STORAGE_0830_1530,Storage,1,1,1
2025-08-29,CHECKOUT_1000_1100,Checkout,1,1,1
2025-08-29,CHECKOUT_1100_2100,Checkout,1,1,1
2025-08-29,CHECKOUT_2100_2200,Checkout,1,1,1
2025-08-29,MANAGEMENT_1000_1100,Management,1,1,1
2025-08-29,MANAGEMENT_1100_1400,Management,1,1,1
2025-08-29,MANAGEMENT_1400_1900,Management,1,1,1
2025-08-29,MANAGEMENT_1900_2100,Management,1,1,1
2025-08-29,MANAGEMENT_2100_2200,Management,1,1,1
2025-08-30,CHECKOUT_1100_2100,Checkout,1,1,1
2025-08-30,MANAGEMENT_1100_1400,Management,1,1,1
2025-08-30,MANAGEMENT_1400_1900,Management,1,1,1
2025-08-30,MANAGEMENT_1900_2100,Management,1,1,1
2025-08-31,CHECKOUT_1100_2100,Checkout,1,1,1
2025-08-31,MANAGEMENT_1100_1400,Management,1,1,1
2025-08-31,MANAGEMENT_1900_2100,Management,1,1,1
2025-09-01,STORAGE_0830_1530,Storage,1,1,1
2025-09-01,CHECKOUT_1000_1100,Checkout,1,1,1
2025-09-01,CHECKOUT_1100_2100,Checkout,1,1,1
2025-09-01,CHECKOUT_2100_2200,Checkout,1,1,1
2025-09-01,MANAGEMENT_1000_1100,Management,1,1,1
2025-09-01,MANAGEMENT_1100_1400,Management,1,1,1
2025-09-01,MANAGEMENT_1400_1900,Management,1,1,1
2025-09-01,MANAGEMENT_1900_2100,Management,1,1,1
2025-09-01,MANAGEMENT_2100_2200,Management,1,1,1
2025-09-02,STORAGE_0830_1530,Storage,1,1,1
2025-09-02,CHECKOUT_1000_1100,Checkout,1,1,1
2025-09-02,CHECKOUT_1100_2100,Checkout,1,1,1
2025-09-02,CHECKOUT_2100_2200,Checkout,1,1,1
2025-09-02,MANAGEMENT_1000_1100,Management,1,1,1
2025-09-02,MANAGEMENT_1100_1400,Management,1,1,1
2025-09-02,MANAGEMENT_1400_1900,Management,1,1,1
2025-09-02,MANAGEMENT_1900_2100,Management,1,1,1
2025-09-02,MANAGEMENT_2100_2200,Management,1,1,1
2025-09-03,STORAGE_0830_1530,Storage,1,1,1
2025-09-03,CHECKOUT_1000_1100,Checkout,1,1,1
2025-09-03,CHECKOUT_1100_2100,Checkout,1,1,1
2025-09-03,CHECKOUT_2100_2200,Checkout,1,1,1
2025-09-03,MANAGEMENT_1000_1100,Management,1,1,1
2025-09-03,MANAGEMENT_1100_1400,Management,1,1,1
2025-09-03,MANAGEMENT_1400_1900,Management,1,1,1
2025-09-03,MANAGEMENT_1900_2100,Management,1,1,1
2025-09-03,MANAGEMENT_2100_2200,Management,1,1,1
2025-09-04,STORAGE_0830_1530,Storage,1,1,1
2025-09-04,CHECKOUT_1000_1100,Checkout,1,1,1
2025-09-04,CHECKOUT_1100_2100,Checkout,1,1,1
2025-09-04,CHECKOUT_2100_2200,Checkout,1,1,1
2025-09-04,MANAGEMENT_1000_1100,Management,1,1,1
2025-09-04,MANAGEMENT_1100_1400,Management,1,1,1
2025-09-04,MANAGEMENT_1400_1900,Management,1,1,1
2025-09-04,MANAGEMENT_1900_2100,Management,1,1,1
2025-09-04,MANAGEMENT_2100_2200,Management,1,1,1
2025-09-05,STORAGE_0830_1530,Storage,1,1,1
2025-09-05,CHECKOUT_1000_1100,Checkout,1,1,1
2025-09-05,CHECKOUT_1100_2100,Checkout,1,1,1
2025-09-05,CHECKOUT_2100_2200,Checkout,1,1,1
2025-09-05,MANAGEMENT_1000_1100,Management,1,1,1
2025-09-05,MANAGEMENT_1100_1400,Management,1,1,1
2025-09-05,MANAGEMENT_1400_1900,Management,1,1,1
2025-09-05,MANAGEMENT_1900_2100,Management,1,1,1
2025-09-05,MANAGEMENT_2100_2200,Management,1,1,1
2025-09-06,CHECKOUT_1100_2100,Checkout,1,1,1
2025-09-06,MANAGEMENT_1100_1400,Management,1,1,1
2025-09-06,MANAGEMENT_1400_1900,Management,1,1,1
2025-09-06,MANAGEMENT_1900_2100,Management,1,1,1
2025-09-07,CHECKOUT_1100_2100,Checkout,1,1,1
2025-09-07,MANAGEMENT_1100_1400,Management,1,1,1
2025-09-07,MANAGEMENT_1900_2100,Management,1,1,1
2025-09-08,STORAGE_0830_1530,Storage,1,1,1
2025-09-08,CHECKOUT_1000_1100,Checkout,1,1,1
2025-09-08,CHECKOUT_1100_2100,Checkout,1,1,1
2025-09-08,CHECKOUT_2100_2200,Checkout,1,1,1
2025-09-08,MANAGEMENT_1000_1100,Management,1,1,1
2025-09-08,MANAGEMENT_1100_1400,Management,1,1,1
2025-09-08,MANAGEMENT_1400_1900,Management,1,1,1
2025-09-08,MANAGEMENT_1900_2100,Management,1,1,1
2025-09-08,MANAGEMENT_2100_2200,Management,1,1,1
2025-09-09,STORAGE_0830_1530,Storage,1,1,1
2025-09-09,CHECKOUT_1000_1100,Checkout,1,1,1
2025-09-09,CHECKOUT_1100_2100,Checkout,1,1,1
2025-09-09,CHECKOUT_2100_2200,Checkout,1,1,1
2025-09-09,MANAGEMENT_1000_1100,Management,1,1,1
2025-09-09,MANAGEMENT_1100_1400,Management,1,1,1
2025-09-09,MANAGEMENT_1400_1900,Management,1,1,1
2025-09-09,MANAGEMENT_1900_2100,Management,1,1,1
2025-09-09,MANAGEMENT_2100_2200,Management,1,1,1
2025-09-10,STORAGE_0830_1530,Storage,1,1,1
2025-09-10,CHECKOUT_1000_1100,Checkout,1,1,1
2025-09-10,CHECKOUT_1100_2100,Checkout,1,1,1
2025-09-10,CHECKOUT_2100_2200,Checkout,1,1,1
2025-09-10,MANAGEMENT_1000_1100,Management,1,1,1
2025-09-10,MANAGEMENT_1100_1400,Management,1,1,1
2025-09-10,MANAGEMENT_1400_1900,Management,1,1,1
2025-09-10,MANAGEMENT_1900_2100,Management,1,1,1
2025-09-10,MANAGEMENT_2100_2200,Management,1,1,1
2025-09-11,STORAGE_0830_1530,Storage,1,1,1
2025-09-11,CHECKOUT_1000_1100,Checkout,1,1,1
2025-09-11,CHECKOUT_1100_2100,Checkout,1,1,1
2025-09-11,CHECKOUT_2100_2200,Checkout,1,1,1
2025-09-11,MANAGEMENT_1000_1100,Management,1,1,1
2025-09-11,MANAGEMENT_1100_1400,Management,1,1,1
2025-09-11,MANAGEMENT_1400_1900,Management,1,1,1
2025-09-11,MANAGEMENT_1900_2100,Management,1,1,1
2025-09-11,MANAGEMENT_2100_2200,Management,1,1,1
2025-09-12,STORAGE_0830_1530,Storage,1,1,1
2025-09-12,CHECKOUT_1000_1100,Checkout,1,1,1
2025-09-12,CHECKOUT_1100_2100,Checkout,1,1,1
2025-09-12,CHECKOUT_2100_2200,Checkout,1,1,1
2025-09-12,MANAGEMENT_1000_1100,Management,1,1,1
2025-09-12,MANAGEMENT_1100_1400,Management,1,1,1
2025-09-12,MANAGEMENT_1400_1900,Management,1,1,1
2025-09-12,MANAGEMENT_1900_2100,Management,1,1,1
2025-09-12,MANAGEMENT_2100_2200,Management,1,1,1
2025-09-13,CHECKOUT_1100_2100,Checkout,1,1,1
2025-09-13,MANAGEMENT_1100_1400,Management,1,1,1
2025-09-13,MANAGEMENT_1400_1900,Management,1,1,1
2025-09-13,MANAGEMENT_1900_2100,Management,1,1,1
2025-09-14,CHECKOUT_1100_2100,Checkout,1,1,1
2025-09-14,MANAGEMENT_1100_1400,Management,1,1,1
2025-09-14,MANAGEMENT_1900_2100,Management,1,1,1
2025-09-15,STORAGE_0830_1530,Storage,1,1,1
2025-09-15,CHECKOUT_1000_1100,Checkout,1,1,1
2025-09-15,CHECKOUT_1100_2100,Checkout,1,1,1
2025-09-15,CHECKOUT_2100_2200,Checkout,1,1,1
2025-09-15,MANAGEMENT_1000_1100,Management,1,1,1
2025-09-15,MANAGEMENT_1100_1400,Management,1,1,1
2025-09-15,MANAGEMENT_1400_1900,Management,1,1,1
2025-09-15,MANAGEMENT_1900_2100,Management,1,1,1
2025-09-15,MANAGEMENT_2100_2200,Management,1,1,1
2025-09-16,STORAGE_0830_1530,Storage,1,1,1
2025-09-16,CHECKOUT_1000_1100,Checkout,1,1,1
2025-09-16,CHECKOUT_1100_2100,Checkout,1,1,1
2025-09-16,CHECKOUT_2100_2200,Checkout,1,1,1
2025-09-16,MANAGEMENT_1000_1100,Management,1,1,1
2025-09-16,MANAGEMENT_1100_1400,Management,1,1,1
2025-09-16,MANAGEMENT_1400_1900,Management,1,1,1
2025-09-16,MANAGEMENT_1900_2100,Management,1,1,1
2025-09-16,MANAGEMENT_2100_2200,Management,1,1,1
2025-09-17,STORAGE_0830_1530,Storage,1,1,1
2025-09-17,CHECKOUT_1000_1100,Checkout,1,1,1
2025-09-17,CHECKOUT_1100_2100,Checkout,1,1,1
2025-09-17,CHECKOUT_2100_2200,Checkout,1,1,1
2025-09-17,MANAGEMENT_1000_1100,Management,1,1,1
2025-09-17,MANAGEMENT_1100_1400,Management,1,1,1
2025-09-17,MANAGEMENT_1400_1900,Management,1,1,1
2025-09-17,MANAGEMENT_1900_2100,Management,1,1,1
2025-09-17,MANAGEMENT_2100_2200,Management,1,1,1
2025-09-18,STORAGE_0830_1530,Storage,1,1,1
2025-09-18,CHECKOUT_1000_1100,Checkout,1,1,1
2025-09-18,CHECKOUT_1100_2100,Checkout,1,1,1
2025-09-18,CHECKOUT_2100_2200,Checkout,1,1,1
2025-09-18,MANAGEMENT_1000_1100,Management,1,1,1
2025-09-18,MANAGEMENT_1100_1400,Management,1,1,1
2025-09-18,MANAGEMENT_1400_1900,Management,1,1,1
2025-09-18,MANAGEMENT_1900_2100,Management,1,1,1
2025-09-18,MANAGEMENT_2100_2200,Management,1,1,1
2025-09-19,STORAGE_0830_1530,Storage,1,1,1
2025-09-19,CHECKOUT_1000_1100,Checkout,1,1,1
2025-09-19,CHECKOUT_1100_2100,Checkout,1,1,1
2025-09-19,CHECKOUT_2100_2200,Checkout,1,1,1
2025-09-19,MANAGEMENT_1000_1100,Management,1,1,1
2025-09-19,MANAGEMENT_1100_1400,Management,1,1,1
2025-09-19,MANAGEMENT_1400_1900,Management,1,1,1
2025-09-19,MANAGEMENT_1900_2100,Management,1,1,1
2025-09-19,MANAGEMENT_2100_2200,Management,1,1,1
2025-09-20,CHECKOUT_1100_2100,Checkout,1,1,1
2025-09-20,MANAGEMENT_1100_1400,Management,1,1,1
2025-09-20,MANAGEMENT_1400_1900,Management,1,1,1
2025-09-20,MANAGEMENT_1900_2100,Management,1,1,1
2025-09-21,CHECKOUT_1100_2100,Checkout,1,1,1
2025-09-21,MANAGEMENT_1100_1400,Management,1,1,1
2025-09-21,MANAGEMENT_1900_2100,Management,1,1,1
2025-09-22,STORAGE_0830_1530,Storage,1,1,1
2025-09-22,CHECKOUT_1000_1100,Checkout,1,1,1
2025-09-22,CHECKOUT_1100_2100,Checkout,1,1,1
2025-09-22,CHECKOUT_2100_2200,Checkout,1,1,1
2025-09-22,MANAGEMENT_1000_1100,Management,1,1,1
2025-09-22,MANAGEMENT_1100_1400,Management,1,1,1
2025-09-22,MANAGEMENT_1400_1900,Management,1,1,1
2025-09-22,MANAGEMENT_1900_2100,Management,1,1,1
2025-09-22,MANAGEMENT_2100_2200,Management,1,1,1
2025-09-23,STORAGE_0830_1530,Storage,1,1,1
2025-09-23,CHECKOUT_1000_1100,Checkout,1,1,1
2025-09-23,CHECKOUT_1100_2100,Checkout,1,1,1
2025-09-23,CHECKOUT_2100_2200,Checkout,1,1,1
2025-09-23,MANAGEMENT_1000_1100,Management,1,1,1
2025-09-23,MANAGEMENT_1100_1400,Management,1,1,1
2025-09-23,MANAGEMENT_1400_1900,Management,1,1,1
2025-09-23,MANAGEMENT_1900_2100,Management,1,1,1
2025-09-23,MANAGEMENT_2100_2200,Management,1,1,1
2025-09-24,STORAGE_0830_1530,Storage,1,1,1
2025-09-24,CHECKOUT_1000_1100,Checkout,1,1,1
2025-09-24,CHECKOUT_1100_2100,Checkout,1,1,1
2025-09-24,CHECKOUT_2100_2200,Checkout,1,1,1
2025-09-24,MANAGEMENT_1000_1100,Management,1,1,1
2025-09-24,MANAGEMENT_1100_1400,Management,1,1,1
2025-09-24,MANAGEMENT_1400_1900,Management,1,1,1
2025-09-24,MANAGEMENT_1900_2100,Management,1,1,1
2025-09-24,MANAGEMENT_2100_2200,Management,1,1,1
2025-09-25,STORAGE_0830_1530,Storage,1,1,1
2025-09-25,CHECKOUT_1000_1100,Checkout,1,1,1
2025-09-25,CHECKOUT_1100_2100,Checkout,1,1,1
2025-09-25,CHECKOUT_2100_2200,Checkout,1,1,1
2025-09-25,MANAGEMENT_1000_1100,Management,1,1,1
2025-09-25,MANAGEMENT_1100_1400,Management,1,1,1
2025-09-25,MANAGEMENT_1400_1900,Management,1,1,1
2025-09-25,MANAGEMENT_1900_2100,Management,1,1,1
2025-09-25,MANAGEMENT_2100_2200,Management,1,1,1
2025-09-26,STORAGE_0830_1530,Storage,1,1,1
2025-09-26,CHECKOUT_1000_1100,Checkout,1,1,1
2025-09-26,CHECKOUT_1100_2100,Checkout,1,1,1
2025-09-26,CHECKOUT_2100_2200,Checkout,1,1,1
2025-09-26,MANAGEMENT_1000_1100,Management,1,1,1
2025-09-26,MANAGEMENT_1100_1400,Management,1,1,1
2025-09-26,MANAGEMENT_1400_1900,Management,1,1,1
2025-09-26,MANAGEMENT_1900_2100,Management,1,1,1
2025-09-26,MANAGEMENT_2100_2200,Management,1,1,1
2025-09-27,CHECKOUT_1100_2100,Checkout,1,1,1
2025-09-27,MANAGEMENT_1100_1400,Management,1,1,1
2025-09-27,MANAGEMENT_1400_1900,Management,1,1,1
2025-09-27,MANAGEMENT_1900_2100,Management,1,1,1
2025-09-28,CHECKOUT_1100_2100,Checkout,1,1,1
2025-09-28,MANAGEMENT_1100_1400,Management,1,1,1
2025-09-28,MANAGEMENT_1900_2100,Management,1,1,1
2025-09-29,STORAGE_0830_1530,Storage,1,1,1
2025-09-29,CHECKOUT_1000_1100,Checkout,1,1,1
2025-09-29,CHECKOUT_1100_2100,Checkout,1,1,1
2025-09-29,CHECKOUT_2100_2200,Checkout,1,1,1
2025-09-29,MANAGEMENT_1000_1100,Management,1,1,1
2025-09-29,MANAGEMENT_1100_1400,Management,1,1,1
2025-09-29,MANAGEMENT_1400_1900,Management,1,1,1
2025-09-29,MANAGEMENT_1900_2100,Management,1,1,1
2025-09-29,MANAGEMENT_2100_2200,Management,1,1,1
2025-09-30,STORAGE_0830_1530,Storage,1,1,1
2025-09-30,CHECKOUT_1000_1100,Checkout,1,1,1
2025-09-30,CHECKOUT_1100_2100,Checkout,1,1,1
2025-09-30,CHECKOUT_2100_2200,Checkout,1,1,1
2025-09-30,MANAGEMENT_1000_1100,Management,1,1,1
2025-09-30,MANAGEMENT_1100_1400,Management,1,1,1
2025-09-30,MANAGEMENT_1400_1900,Management,1,1,1
2025-09-30,MANAGEMENT_1900_2100,Management,1,1,1
2025-09-30,MANAGEMENT_2100_2200,Management,1,1,1
2025-10-01,STORAGE_0830_1530,Storage,1,1,1
2025-10-01,CHECKOUT_1000_1100,Checkout,1,1,1
2025-10-01,CHECKOUT_1100_2100,Checkout,1,1,1
2025-10-01,CHECKOUT_2100_2200,Checkout,1,1,1
2025-10-01,MANAGEMENT_1000_1100,Management,1,1,1
2025-10-01,MANAGEMENT_1100_1400,Management,1,1,1
2025-10-01,MANAGEMENT_1400_1900,Management,1,1,1
2025-10-01,MANAGEMENT_1900_2100,Management,1,1,1
2025-10-01,MANAGEMENT_2100_2200,Management,1,1,1
2025-10-02,STORAGE_0830_1530,Storage,1,1,1
2025-10-02,CHECKOUT_1000_1100,Checkout,1,1,1
2025-10-02,CHECKOUT_1100_2100,Checkout,1,1,1
2025-10-02,CHECKOUT_2100_2200,Checkout,1,1,1
2025-10-02,MANAGEMENT_1000_1100,Management,1,1,1
2025-10-02,MANAGEMENT_1100_1400,Management,1,1,1
2025-10-02,MANAGEMENT_1400_1900,Management,1,1,1
2025-10-02,MANAGEMENT_1900_2100,Management,1,1,1
2025-10-02,MANAGEMENT_2100_2200,Management,1,1,1
2025-10-03,STORAGE_0830_1530,Storage,1,1,1
2025-10-03,CHECKOUT_1000_1100,Checkout,1,1,1
2025-10-03,CHECKOUT_1100_2100,Checkout,1,1,1
2025-10-03,CHECKOUT_2100_2200,Checkout,1,1,1
2025-10-03,MANAGEMENT_1000_1100,Management,1,1,1
2025-10-03,MANAGEMENT_1100_1400,Management,1,1,1
2025-10-03,MANAGEMENT_1400_1900,Management,1,1,1
2025-10-03,MANAGEMENT_1900_2100,Management,1,1,1
2025-10-03,MANAGEMENT_2100_2200,Management,1,1,1
2025-10-04,CHECKOUT_1100_2100,Checkout,1,1,1
2025-10-04,MANAGEMENT_1100_1400,Management,1,1,1
2025-10-04,MANAGEMENT_1400_1900,Management,1,1,1
2025-10-04,MANAGEMENT_1900_2100,Management,1,1,1
2025-10-05,CHECKOUT_1100_2100,Checkout,1,1,1
2025-10-05,MANAGEMENT_1100_1400,Management,1,1,1
2025-10-05,MANAGEMENT_1900_2100,Management,1,1,1
2025-10-06,STORAGE_0830_1530,Storage,1,1,1
2025-10-06,CHECKOUT_1000_1100,Checkout,1,1,1
2025-10-06,CHECKOUT_1100_2100,Checkout,1,1,1
2025-10-06,CHECKOUT_2100_2200,Checkout,1,1,1
2025-10-06,MANAGEMENT_1000_1100,Management,1,1,1
2025-10-06,MANAGEMENT_1100_1400,Management,1,1,1
2025-10-06,MANAGEMENT_1400_1900,Management,1,1,1
2025-10-06,MANAGEMENT_1900_2100,Management,1,1,1
2025-10-06,MANAGEMENT_2100_2200,Management,1,1,1
2025-10-07,STORAGE_0830_1530,Storage,1,1,1
2025-10-07,CHECKOUT_1000_1100,Checkout,1,1,1
2025-10-07,CHECKOUT_1100_2100,Checkout,1,1,1
2025-10-07,CHECKOUT_2100_2200,Checkout,1,1,1
2025-10-07,MANAGEMENT_1000_1100,Management,1,1,1
2025-10-07,MANAGEMENT_1100_1400,Management,1,1,1
2025-10-07,MANAGEMENT_1400_1900,Management,1,1,1
2025-10-07,MANAGEMENT_1900_2100,Management,1,1,1
2025-10-07,MANAGEMENT_2100_2200,Management,1,1,1
2025-10-08,STORAGE_0830_1530,Storage,1,1,1
2025-10-08,CHECKOUT_1000_1100,Checkout,1,1,1
2025-10-08,CHECKOUT_1100_2100,Checkout,1,1,1
2025-10-08,CHECKOUT_2100_2200,Checkout,1,1,1
2025-10-08,MANAGEMENT_1000_1100,Management,1,1,1
2025-10-08,MANAGEMENT_1100_1400,Management,1,1,1
2025-10-08,MANAGEMENT_1400_1900,Management,1,1,1
2025-10-08,MANAGEMENT_1900_2100,Management,1,1,1
2025-10-08,MANAGEMENT_2100_2200,Management,1,1,1
2025-10-09,STORAGE_0830_1530,Storage,1,1,1
2025-10-09,CHECKOUT_1000_1100,Checkout,1,1,1
2025-10-09,CHECKOUT_1100_2100,Checkout,1,1,1
2025-10-09,CHECKOUT_2100_2200,Checkout,1,1,1
2025-10-09,MANAGEMENT_1000_1100,Management,1,1,1
2025-10-09,MANAGEMENT_1100_1400,Management,1,1,1
2025-10-09,MANAGEMENT_1400_1900,Management,1,1,1
2025-10-09,MANAGEMENT_1900_2100,Management,1,1,1
2025-10-09,MANAGEMENT_2100_2200,Management,1,1,1
2025-10-10,STORAGE_0830_1530,Storage,1,1,1
2025-10-10,CHECKOUT_1000_1100,Checkout,1,1,1
2025-10-10,CHECKOUT_1100_2100,Checkout,1,1,1
2025-10-10,CHECKOUT_2100_2200,Checkout,1,1,1
2025-10-10,MANAGEMENT_1000_1100,Management,1,1,1
2025-10-10,MANAGEMENT_1100_1400,Management,1,1,1
2025-10-10,MANAGEMENT_1400_1900,Management,1,1,1
2025-10-10,MANAGEMENT_1900_2100,Management,1,1,1
2025-10-10,MANAGEMENT_2100_2200,Management,1,1,1
2025-10-11,CHECKOUT_1100_2100,Checkout,1,1,1
2025-10-11,MANAGEMENT_1100_1400,Management,1,1,1
2025-10-11,MANAGEMENT_1400_1900,Management,1,1,1
2025-10-11,MANAGEMENT_1900_2100,Management,1,1,1
2025-10-12,CHECKOUT_1100_2100,Checkout,1,1,1
2025-10-12,MANAGEMENT_1100_1400,Management,1,1,1
2025-10-12,MANAGEMENT_1900_2100,Management,1,1,1
2025-10-13,STORAGE_0830_1530,Storage,1,1,1
2025-10-13,CHECKOUT_1000_1100,Checkout,1,1,1
2025-10-13,CHECKOUT_1100_2100,Checkout,1,1,1
2025-10-13,CHECKOUT_2100_2200,Checkout,1,1,1
2025-10-13,MANAGEMENT_1000_1100,Management,1,1,1
2025-10-13,MANAGEMENT_1100_1400,Management,1,1,1
2025-10-13,MANAGEMENT_1400_1900,Management,1,1,1
2025-10-13,MANAGEMENT_1900_2100,Management,1,1,1
2025-10-13,MANAGEMENT_2100_2200,Management,1,1,1
2025-10-14,STORAGE_0830_1530,Storage,1,1,1
2025-10-14,CHECKOUT_1000_1100,Checkout,1,1,1
2025-10-14,CHECKOUT_1100_2100,Checkout,1,1,1
2025-10-14,CHECKOUT_2100_2200,Checkout,1,1,1
2025-10-14,MANAGEMENT_1000_1100,Management,1,1,1
2025-10-14,MANAGEMENT_1100_1400,Management,1,1,1
2025-10-14,MANAGEMENT_1400_1900,Management,1,1,1
2025-10-14,MANAGEMENT_1900_2100,Management,1,1,1
2025-10-14,MANAGEMENT_2100_2200,Management,1,1,1
2025-10-15,STORAGE_0830_1530,Storage,1,1,1
2025-10-15,CHECKOUT_1000_1100,Checkout,1,1,1
2025-10-15,CHECKOUT_1100_2100,Checkout,1,1,1
2025-10-15,CHECKOUT_2100_2200,Checkout,1,1,1
2025-10-15,MANAGEMENT_1000_1100,Management,1,1,1
2025-10-15,MANAGEMENT_1100_1400,Management,1,1,1
2025-10-15,MANAGEMENT_1400_1900,Management,1,1,1
2025-10-15,MANAGEMENT_1900_2100,Management,1,1,1
2025-10-15,MANAGEMENT_2100_2200,Management,1,1,1
2025-10-16,STORAGE_0830_1530,Storage,1,1,1
2025-10-16,CHECKOUT_1000_1100,Checkout,1,1,1
2025-10-16,CHECKOUT_1100_2100,Checkout,1,1,1
2025-10-16,CHECKOUT_2100_2200,Checkout,1,1,1
2025-10-16,MANAGEMENT_1000_1100,Management,1,1,1
2025-10-16,MANAGEMENT_1100_1400,Management,1,1,1
2025-10-16,MANAGEMENT_1400_1900,Management,1,1,1
2025-10-16,MANAGEMENT_1900_2100,Management,1,1,1
2025-10-16,MANAGEMENT_2100_2200,Management,1,1,1
2025-10-17,STORAGE_0830_1530,Storage,1,1,1
2025-10-17,CHECKOUT_1000_1100,Checkout,1,1,1
2025-10-17,CHECKOUT_1100_2100,Checkout,1,1,1
2025-10-17,CHECKOUT_2100_2200,Checkout,1,1,1
2025-10-17,MANAGEMENT_1000_1100,Management,1,1,1
2025-10-17,MANAGEMENT_1100_1400,Management,1,1,1
2025-10-17,MANAGEMENT_1400_1900,Management,1,1,1
2025-10-17,MANAGEMENT_1900_2100,Management,1,1,1
2025-10-17,MANAGEMENT_2100_2200,Management,1,1,1
2025-10-18,CHECKOUT_1100_2100,Checkout,1,1,1
2025-10-18,MANAGEMENT_1100_1400,Management,1,1,1
2025-10-18,MANAGEMENT_1400_1900,Management,1,1,1
2025-10-18,MANAGEMENT_1900_2100,Management,1,1,1
2025-10-19,CHECKOUT_1100_2100,Checkout,1,1,1
2025-10-19,MANAGEMENT_1100_1400,Management,1,1,1
2025-10-19,MANAGEMENT_1900_2100,Management,1,1,1
2025-10-20,STORAGE_0830_1530,Storage,1,1,1
2025-10-20,CHECKOUT_1000_1100,Checkout,1,1,1
2025-10-20,CHECKOUT_1100_2100,Checkout,1,1,1
2025-10-20,CHECKOUT_2100_2200,Checkout,1,1,1
2025-10-20,MANAGEMENT_1000_1100,Management,1,1,1
2025-10-20,MANAGEMENT_1100_1400,Management,1,1,1
2025-10-20,MANAGEMENT_1400_1900,Management,1,1,1
2025-10-20,MANAGEMENT_1900_2100,Management,1,1,1
2025-10-20,MANAGEMENT_2100_2200,Management,1,1,1
2025-10-21,STORAGE_0830_1530,Storage,1,1,1
2025-10-21,CHECKOUT_1000_1100,Checkout,1,1,1
2025-10-21,CHECKOUT_1100_2100,Checkout,1,1,1
2025-10-21,CHECKOUT_2100_2200,Checkout,1,1,1
2025-10-21,MANAGEMENT_1000_1100,Management,1,1,1
2025-10-21,MANAGEMENT_1100_1400,Management,1,1,1
2025-10-21,MANAGEMENT_1400_1900,Management,1,1,1
2025-10-21,MANAGEMENT_1900_2100,Management,1,1,1
2025-10-21,MANAGEMENT_2100_2200,Management,1,1,1
2025-10-22,STORAGE_0830_1530,Storage,1,1,1
2025-10-22,CHECKOUT_1000_1100,Checkout,1,1,1
2025-10-22,CHECKOUT_1100_2100,Checkout,1,1,1
2025-10-22,CHECKOUT_2100_2200,Checkout,1,1,1
2025-10-22,MANAGEMENT_1000_1100,Management,1,1,1
2025-10-22,MANAGEMENT_1100_1400,Management,1,1,1
2025-10-22,MANAGEMENT_1400_1900,Management,1,1,1
2025-10-22,MANAGEMENT_1900_2100,Management,1,1,1
2025-10-22,MANAGEMENT_2100_2200,Management,1,1,1
2025-10-23,STORAGE_0830_1530,Storage,1,1,1
2025-10-23,CHECKOUT_1000_1100,Checkout,1,1,1
2025-10-23,CHECKOUT_1100_2100,Checkout,1,1,1
2025-10-23,CHECKOUT_2100_2200,Checkout,1,1,1
2025-10-23,MANAGEMENT_1000_1100,Management,1,1,1
2025-10-23,MANAGEMENT_1100_1400,Management,1,1,1
2025-10-23,MANAGEMENT_1400_1900,Management,1,1,1
2025-10-23,MANAGEMENT_1900_2100,Management,1,1,1
2025-10-23,MANAGEMENT_2100_2200,Management,1,1,1
2025-10-24,STORAGE_0830_1530,Storage,1,1,1
2025-10-24,CHECKOUT_1000_1100,Checkout,1,1,1
2025-10-24,CHECKOUT_1100_2100,Checkout,1,1,1
2025-10-24,CHECKOUT_2100_2200,Checkout,1,1,1
2025-10-24,MANAGEMENT_1000_1100,Management,1,1,1
2025-10-24,MANAGEMENT_1100_1400,Management,1,1,1
2025-10-24,MANAGEMENT_1400_1900,Management,1,1,1
2025-10-24,MANAGEMENT_1900_2100,Management,1,1,1
2025-10-24,MANAGEMENT_2100_2200,Management,1,1,1
2025-10-25,CHECKOUT_1100_2100,Checkout,1,1,1
2025-10-25,MANAGEMENT_1100_1400,Management,1,1,1
2025-10-25,MANAGEMENT_1400_1900,Management,1,1,1
2025-10-25,MANAGEMENT_1900_2100,Management,1,1,1
2025-10-26,CHECKOUT_1100_2100,Checkout,1,1,1
2025-10-26,MANAGEMENT_1100_1400,Management,1,1,1
2025-10-26,MANAGEMENT_1900_2100,Management,1,1,1
2025-10-27,STORAGE_0830_1530,Storage,1,1,1
2025-10-27,CHECKOUT_1000_1100,Checkout,1,1,1
2025-10-27,CHECKOUT_1100_2100,Checkout,1,1,1
2025-10-27,CHECKOUT_2100_2200,Checkout,1,1,1
2025-10-27,MANAGEMENT_1000_1100,Management,1,1,1
2025-10-27,MANAGEMENT_1100_1400,Management,1,1,1
2025-10-27,MANAGEMENT_1400_1900,Management,1,1,1
2025-10-27,MANAGEMENT_1900_2100,Management,1,1,1
2025-10-27,MANAGEMENT_2100_2200,Management,1,1,1
2025-10-28,STORAGE_0830_1530,Storage,1,1,1
2025-10-28,CHECKOUT_1000_1100,Checkout,1,1,1
2025-10-28,CHECKOUT_1100_2100,Checkout,1,1,1
2025-10-28,CHECKOUT_2100_2200,Checkout,1,1,1
2025-10-28,MANAGEMENT_1000_1100,Management,1,1,1
2025-10-28,MANAGEMENT_1100_1400,Management,1,1,1
2025-10-28,MANAGEMENT_1400_1900,Management,1,1,1
2025-10-28,MANAGEMENT_1900_2100,Management,1,1,1
2025-10-28,MANAGEMENT_2100_2200,Management,1,1,1
2025-10-29,STORAGE_0830_1530,Storage,1,1,1
2025-10-29,CHECKOUT_1000_1100,Checkout,1,1,1
2025-10-29,CHECKOUT_1100_2100,Checkout,1,1,1
2025-10-29,CHECKOUT_2100_2200,Checkout,1,1,1
2025-10-29,MANAGEMENT_1000_1100,Management,1,1,1
2025-10-29,MANAGEMENT_1100_1400,Management,1,1,1
2025-10-29,MANAGEMENT_1400_1900,Management,1,1,1
2025-10-29,MANAGEMENT_1900_2100,Management,1,1,1
2025-10-29,MANAGEMENT_2100_2200,Management,1,1,1
2025-10-30,STORAGE_0830_1530,Storage,1,1,1
2025-10-30,CHECKOUT_1000_1100,Checkout,1,1,1
2025-10-30,CHECKOUT_1100_2100,Checkout,1,1,1
2025-10-30,CHECKOUT_2100_2200,Checkout,1,1,1
2025-10-30,MANAGEMENT_1000_1100,Management,1,1,1
2025-10-30,MANAGEMENT_1100_1400,Management,1,1,1
2025-10-30,MANAGEMENT_1400_1900,Management,1,1,1
2025-10-30,MANAGEMENT_1900_2100,Management,1,1,1
2025-10-30,MANAGEMENT_2100_2200,Management,1,1,1
2025-10-31,STORAGE_0830_1530,Storage,1,1,1
2025-10-31,CHECKOUT_1000_1100,Checkout,1,1,1
2025-10-31,CHECKOUT_1100_2100,Checkout,1,1,1
2025-10-31,CHECKOUT_2100_2200,Checkout,1,1,1
2025-10-31,MANAGEMENT_1000_1100,Management,1,1,1
2025-10-31,MANAGEMENT_1100_1400,Management,1,1,1
2025-10-31,MANAGEMENT_1400_1900,Management,1,1,1
2025-10-31,MANAGEMENT_1900_2100,Management,1,1,1
2025-10-31,MANAGEMENT_2100_2200,Management,1,1,1
2025-11-01,CHECKOUT_1100_2100,Checkout,1,1,1
2025-11-01,MANAGEMENT_1100_1400,Management,1,1,1
2025-11-01,MANAGEMENT_1400_1900,Management,1,1,1
2025-11-01,MANAGEMENT_1900_2100,Management,1,1,1
2025-11-02,CHECKOUT_1100_2100,Checkout,1,1,1
2025-11-02,MANAGEMENT_1100_1400,Management,1,1,1
2025-11-02,MANAGEMENT_1900_2100,Management,1,1,1
2025-11-03,STORAGE_0830_1530,Storage,1,1,1
2025-11-03,CHECKOUT_1000_1100,Checkout,1,1,1
2025-11-03,CHECKOUT_1100_2100,Checkout,1,1,1
2025-11-03,CHECKOUT_2100_2200,Checkout,1,1,1
2025-11-03,MANAGEMENT_1000_1100,Management,1,1,1
2025-11-03,MANAGEMENT_1100_1400,Management,1,1,1
2025-11-03,MANAGEMENT_1400_1900,Management,1,1,1
2025-11-03,MANAGEMENT_1900_2100,Management,1,1,1
2025-11-03,MANAGEMENT_2100_2200,Management,1,1,1
2025-11-04,STORAGE_0830_1530,Storage,1,1,1
2025-11-04,CHECKOUT_1000_1100,Checkout,1,1,1
2025-11-04,CHECKOUT_1100_2100,Checkout,1,1,1
2025-11-04,CHECKOUT_2100_2200,Checkout,1,1,1
2025-11-04,MANAGEMENT_1000_1100,Management,1,1,1
2025-11-04,MANAGEMENT_1100_1400,Management,1,1,1
2025-11-04,MANAGEMENT_1400_1900,Management,1,1,1
2025-11-04,MANAGEMENT_1900_2100,Management,1,1,1
2025-11-04,MANAGEMENT_2100_2200,Management,1,1,1
2025-11-05,STORAGE_0830_1530,Storage,1,1,1
2025-11-05,CHECKOUT_1000_1100,Checkout,1,1,1
2025-11-05,CHECKOUT_1100_2100,Checkout,1,1,1
2025-11-05,CHECKOUT_2100_2200,Checkout,1,1,1
2025-11-05,MANAGEMENT_1000_1100,Management,1,1,1
2025-11-05,MANAGEMENT_1100_1400,Management,1,1,1
2025-11-05,MANAGEMENT_1400_1900,Management,1,1,1
2025-11-05,MANAGEMENT_1900_2100,Management,1,1,1
2025-11-05,MANAGEMENT_2100_2200,Management,1,1,1
2025-11-06,STORAGE_0830_1530,Storage,1,1,1
2025-11-06,CHECKOUT_1000_1100,Checkout,1,1,1
2025-11-06,CHECKOUT_1100_2100,Checkout,1,1,1
2025-11-06,CHECKOUT_2100_2200,Checkout,1,1,1
2025-11-06,MANAGEMENT_1000_1100,Management,1,1,1
2025-11-06,MANAGEMENT_1100_1400,Management,1,1,1
2025-11-06,MANAGEMENT_1400_1900,Management,1,1,1
2025-11-06,MANAGEMENT_1900_2100,Management,1,1,1
2025-11-06,MANAGEMENT_2100_2200,Management,1,1,1
2025-11-07,STORAGE_0830_1530,Storage,1,1,1
2025-11-07,CHECKOUT_1000_1100,Checkout,1,1,1
2025-11-07,CHECKOUT_1100_2100,Checkout,1,1,1
2025-11-07,CHECKOUT_2100_2200,Checkout,1,1,1
2025-11-07,MANAGEMENT_1000_1100,Management,1,1,1
2025-11-07,MANAGEMENT_1100_1400,Management,1,1,1
2025-11-07,MANAGEMENT_1400_1900,Management,1,1,1
2025-11-07,MANAGEMENT_1900_2100,Management,1,1,1
2025-11-07,MANAGEMENT_2100_2200,Management,1,1,1
2025-11-08,CHECKOUT_1100_2100,Checkout,1,1,1
2025-11-08,MANAGEMENT_1100_1400,Management,1,1,1
2025-11-08,MANAGEMENT_1400_1900,Management,1,1,1
2025-11-08,MANAGEMENT_1900_2100,Management,1,1,1
2025-11-09,CHECKOUT_1100_2100,Checkout,1,1,1
2025-11-09,MANAGEMENT_1100_1400,Management,1,1,1
2025-11-09,MANAGEMENT_1900_2100,Management,1,1,1
2025-11-10,STORAGE_0830_1530,Storage,1,1,1
2025-11-10,CHECKOUT_1000_1100,Checkout,1,1,1
2025-11-10,CHECKOUT_1100_2100,Checkout,1,1,1
2025-11-10,CHECKOUT_2100_2200,Checkout,1,1,1
2025-11-10,MANAGEMENT_1000_1100,Management,1,1,1
2025-11-10,MANAGEMENT_1100_1400,Management,1,1,1
2025-11-10,MANAGEMENT_1400_1900,Management,1,1,1
2025-11-10,MANAGEMENT_1900_2100,Management,1,1,1
2025-11-10,MANAGEMENT_2100_2200,Management,1,1,1
2025-11-11,STORAGE_0830_1530,Storage,1,1,1
2025-11-11,CHECKOUT_1000_1100,Checkout,1,1,1
2025-11-11,CHECKOUT_1100_2100,Checkout,1,1,1
2025-11-11,CHECKOUT_2100_2200,Checkout,1,1,1
2025-11-11,MANAGEMENT_1000_1100,Management,1,1,1
2025-11-11,MANAGEMENT_1100_1400,Management,1,1,1
2025-11-11,MANAGEMENT_1400_1900,Management,1,1,1
2025-11-11,MANAGEMENT_1900_2100,Management,1,1,1
2025-11-11,MANAGEMENT_2100_2200,Management,1,1,1
2025-11-12,STORAGE_0830_1530,Storage,1,1,1
2025-11-12,CHECKOUT_1000_1100,Checkout,1,1,1
2025-11-12,CHECKOUT_1100_2100,Checkout,1,1,1
2025-11-12,CHECKOUT_2100_2200,Checkout,1,1,1
2025-11-12,MANAGEMENT_1000_1100,Management,1,1,1
2025-11-12,MANAGEMENT_1100_1400,Management,1,1,1
2025-11-12,MANAGEMENT_1400_1900,Management,1,1,1
2025-11-12,MANAGEMENT_1900_2100,Management,1,1,1
2025-11-12,MANAGEMENT_2100_2200,Management,1,1,1
2025-11-13,STORAGE_0830_1530,Storage,1,1,1
2025-11-13,CHECKOUT_1000_1100,Checkout,1,1,1
2025-11-13,CHECKOUT_1100_2100,Checkout,1,1,1
2025-11-13,CHECKOUT_2100_2200,Checkout,1,1,1
2025-11-13,MANAGEMENT_1000_1100,Management,1,1,1
2025-11-13,MANAGEMENT_1100_1400,Management,1,1,1
2025-11-13,MANAGEMENT_1400_1900,Management,1,1,1
2025-11-13,MANAGEMENT_1900_2100,Management,1,1,1
2025-11-13,MANAGEMENT_2100_2200,Management,1,1,1
2025-11-14,STORAGE_0830_1530,Storage,1,1,1
2025-11-14,CHECKOUT_1000_1100,Checkout,1,1,1
2025-11-14,CHECKOUT_1100_2100,Checkout,1,1,1
2025-11-14,CHECKOUT_2100_2200,Checkout,1,1,1
2025-11-14,MANAGEMENT_1000_1100,Management,1,1,1
2025-11-14,MANAGEMENT_1100_1400,Management,1,1,1
2025-11-14,MANAGEMENT_1400_1900,Management,1,1,1
2025-11-14,MANAGEMENT_1900_2100,Management,1,1,1
2025-11-14,MANAGEMENT_2100_2200,Management,1,1,1
2025-11-15,CHECKOUT_1100_2100,Checkout,1,1,1
2025-11-15,MANAGEMENT_1100_1400,Management,1,1,1
2025-11-15,MANAGEMENT_1400_1900,Management,1,1,1
2025-11-15,MANAGEMENT_1900_2100,Management,1,1,1
2025-11-16,CHECKOUT_1100_2100,Checkout,1,1,1
2025-11-16,MANAGEMENT_1100_1400,Management,1,1,1
2025-11-16,MANAGEMENT_1900_2100,Management,1,1,1
2025-11-17,STORAGE_0830_1530,Storage,1,1,1
2025-11-17,CHECKOUT_1000_1100,Checkout,1,1,1
2025-11-17,CHECKOUT_1100_2100,Checkout,1,1,1
2025-11-17,CHECKOUT_2100_2200,Checkout,1,1,1
2025-11-17,MANAGEMENT_1000_1100,Management,1,1,1
2025-11-17,MANAGEMENT_1100_1400,Management,1,1,1
2025-11-17,MANAGEMENT_1400_1900,Management,1,1,1
2025-11-17,MANAGEMENT_1900_2100,Management,1,1,1
2025-11-17,MANAGEMENT_2100_2200,Management,1,1,1
2025-11-18,STORAGE_0830_1530,Storage,1,1,1
2025-11-18,CHECKOUT_1000_1100,Checkout,1,1,1
2025-11-18,CHECKOUT_1100_2100,Checkout,1,1,1
2025-11-18,CHECKOUT_2100_2200,Checkout,1,1,1
2025-11-18,MANAGEMENT_1000_1100,Management,1,1,1
2025-11-18,MANAGEMENT_1100_1400,Management,1,1,1
2025-11-18,MANAGEMENT_1400_1900,Management,1,1,1
2025-11-18,MANAGEMENT_1900_2100,Management,1,1,1
2025-11-18,MANAGEMENT_2100_2200,Management,1,1,1
2025-11-19,STORAGE_0830_1530,Storage,1,1,1
2025-11-19,CHECKOUT_1000_1100,Checkout,1,1,1
2025-11-19,CHECKOUT_1100_2100,Checkout,1,1,1
2025-11-19,CHECKOUT_2100_2200,Checkout,1,1,1
2025-11-19,MANAGEMENT_1000_1100,Management,1,1,1
2025-11-19,MANAGEMENT_1100_1400,Management,1,1,1
2025-11-19,MANAGEMENT_1400_1900,Management,1,1,1
2025-11-19,MANAGEMENT_1900_2100,Management,1,1,1
2025-11-19,MANAGEMENT_2100_2200,Management,1,1,1
2025-11-20,STORAGE_0830_1530,Storage,1,1,1
2025-11-20,CHECKOUT_1000_1100,Checkout,1,1,1
2025-11-20,CHECKOUT_1100_2100,Checkout,1,1,1
2025-11-20,CHECKOUT_2100_2200,Checkout,1,1,1
2025-11-20,MANAGEMENT_1000_1100,Management,1,1,1
2025-11-20,MANAGEMENT_1100_1400,Management,1,1,1
2025-11-20,MANAGEMENT_1400_1900,Management,1,1,1
2025-11-20,MANAGEMENT_1900_2100,Management,1,1,1
2025-11-20,MANAGEMENT_2100_2200,Management,1,1,1
2025-11-21,STORAGE_0830_1530,Storage,1,1,1
2025-11-21,CHECKOUT_1000_1100,Checkout,1,1,1
2025-11-21,CHECKOUT_1100_2100,Checkout,1,1,1
2025-11-21,CHECKOUT_2100_2200,Checkout,1,1,1
2025-11-21,MANAGEMENT_1000_1100,Management,1,1,1
2025-11-21,MANAGEMENT_1100_1400,Management,1,1,1
2025-11-21,MANAGEMENT_1400_1900,Management,1,1,1
2025-11-21,MANAGEMENT_1900_2100,Management,1,1,1
2025-11-21,MANAGEMENT_2100_2200,Management,1,1,1
2025-11-22,CHECKOUT_1100_2100,Checkout,1,1,1
2025-11-22,MANAGEMENT_1100_1400,Management,1,1,1
2025-11-22,MANAGEMENT_1400_1900,Management,1,1,1
2025-11-22,MANAGEMENT_1900_2100,Management,1,1,1
2025-11-23,CHECKOUT_1100_2100,Checkout,1,1,1
2025-11-23,MANAGEMENT_1100_1400,Management,1,1,1
2025-11-23,MANAGEMENT_1900_2100,Management,1,1,1
2025-11-24,STORAGE_0830_1530,Storage,1,1,1
2025-11-24,CHECKOUT_1000_1100,Checkout,1,1,1
2025-11-24,CHECKOUT_1100_2100,Checkout,1,1,1
2025-11-24,CHECKOUT_2100_2200,Checkout,1,1,1
2025-11-24,MANAGEMENT_1000_1100,Management,1,1,1
2025-11-24,MANAGEMENT_1100_1400,Management,1,1,1
2025-11-24,MANAGEMENT_1400_1900,Management,1,1,1
2025-11-24,MANAGEMENT_1900_2100,Management,1,1,1
2025-11-24,MANAGEMENT_2100_2200,Management,1,1,1
2025-11-25,STORAGE_0830_1530,Storage,1,1,1
2025-11-25,CHECKOUT_1000_1100,Checkout,1,1,1
2025-11-25,CHECKOUT_1100_2100,Checkout,1,1,1
2025-11-25,CHECKOUT_2100_2200,Checkout,1,1,1
2025-11-25,MANAGEMENT_1000_1100,Management,1,1,1
2025-11-25,MANAGEMENT_1100_1400,Management,1,1,1
2025-11-25,MANAGEMENT_1400_1900,Management,1,1,1
2025-11-25,MANAGEMENT_1900_2100,Management,1,1,1
2025-11-25,MANAGEMENT_2100_2200,Management,1,1,1
2025-11-26,STORAGE_0830_1530,Storage,1,1,1
2025-11-26,CHECKOUT_1000_1100,Checkout,1,1,1
2025-11-26,CHECKOUT_1100_2100,Checkout,1,1,1
2025-11-26,CHECKOUT_2100_2200,Checkout,1,1,1
2025-11-26,MANAGEMENT_1000_1100,Management,1,1,1
2025-11-26,MANAGEMENT_1100_1400,Management,1,1,1
2025-11-26,MANAGEMENT_1400_1900,Management,1,1,1
2025-11-26,MANAGEMENT_1900_2100,Management,1,1,1
2025-11-26,MANAGEMENT_2100_2200,Management,1,1,1
2025-11-27,STORAGE_0830_1530,Storage,1,1,1
2025-11-27,CHECKOUT_1000_1100,Checkout,1,1,1
2025-11-27,CHECKOUT_1100_2100,Checkout,1,1,1
2025-11-27,CHECKOUT_2100_2200,Checkout,1,1,1
2025-11-27,MANAGEMENT_1000_1100,Management,1,1,1
2025-11-27,MANAGEMENT_1100_1400,Management,1,1,1
2025-11-27,MANAGEMENT_1400_1900,Management,1,1,1
2025-11-27,MANAGEMENT_1900_2100,Management,1,1,1
2025-11-27,MANAGEMENT_2100_2200,Management,1,1,1
2025-11-28,STORAGE_0830_1530,Storage,1,1,1
2025-11-28,CHECKOUT_1000_1100,Checkout,1,1,1
2025-11-28,CHECKOUT_1100_2100,Checkout,1,1,1
2025-11-28,CHECKOUT_2100_2200,Checkout,1,1,1
2025-11-28,MANAGEMENT_1000_1100,Management,1,1,1
2025-11-28,MANAGEMENT_1100_1400,Management,1,1,1
2025-11-28,MANAGEMENT_1400_1900,Management,1,1,1
2025-11-28,MANAGEMENT_1900_2100,Management,1,1,1
2025-11-28,MANAGEMENT_2100_2200,Management,1,1,1
2025-11-29,CHECKOUT_1100_2100,Checkout,1,1,1
2025-11-29,MANAGEMENT_1100_1400,Management,1,1,1
2025-11-29,MANAGEMENT_1400_1900,Management,1,1,1
2025-11-29,MANAGEMENT_1900_2100,Management,1,1,1
2025-11-30,CHECKOUT_1100_2100,Checkout,1,1,1
2025-11-30,MANAGEMENT_1100_1400,Management,1,1,1
2025-11-30,MANAGEMENT_1900_2100,Management,1,1,1
2025-12-01,STORAGE_0830_1530,Storage,1,1,1
2025-12-01,CHECKOUT_1000_1100,Checkout,1,1,1
2025-12-01,CHECKOUT_1100_2100,Checkout,1,1,1
2025-12-01,CHECKOUT_2100_2200,Checkout,1,1,1
2025-12-01,MANAGEMENT_1000_1100,Management,1,1,1
2025-12-01,MANAGEMENT_1100_1400,Management,1,1,1
2025-12-01,MANAGEMENT_1400_1900,Management,1,1,1
2025-12-01,MANAGEMENT_1900_2100,Management,1,1,1
2025-12-01,MANAGEMENT_2100_2200,Management,1,1,1
2025-12-02,STORAGE_0830_1530,Storage,1,1,1
2025-12-02,CHECKOUT_1000_1100,Checkout,1,1,1
2025-12-02,CHECKOUT_1100_2100,Checkout,1,1,1
2025-12-02,CHECKOUT_2100_2200,Checkout,1,1,1
2025-12-02,MANAGEMENT_1000_1100,Management,1,1,1
2025-12-02,MANAGEMENT_1100_1400,Management,1,1,1
2025-12-02,MANAGEMENT_1400_1900,Management,1,1,1
2025-12-02,MANAGEMENT_1900_2100,Management,1,1,1
2025-12-02,MANAGEMENT_2100_2200,Management,1,1,1
2025-12-03,STORAGE_0830_1530,Storage,1,1,1
2025-12-03,CHECKOUT_1000_1100,Checkout,1,1,1
2025-12-03,CHECKOUT_1100_2100,Checkout,1,1,1
2025-12-03,CHECKOUT_2100_2200,Checkout,1,1,1
2025-12-03,MANAGEMENT_1000_1100,Management,1,1,1
2025-12-03,MANAGEMENT_1100_1400,Management,1,1,1
2025-12-03,MANAGEMENT_1400_1900,Management,1,1,1
2025-12-03,MANAGEMENT_1900_2100,Management,1,1,1
2025-12-03,MANAGEMENT_2100_2200,Management,1,1,1
2025-12-04,STORAGE_0830_1530,Storage,1,1,1
2025-12-04,CHECKOUT_1000_1100,Checkout,1,1,1
2025-12-04,CHECKOUT_1100_2100,Checkout,1,1,1
2025-12-04,CHECKOUT_2100_2200,Checkout,1,1,1
2025-12-04,MANAGEMENT_1000_1100,Management,1,1,1
2025-12-04,MANAGEMENT_1100_1400,Management,1,1,1
2025-12-04,MANAGEMENT_1400_1900,Management,1,1,1
2025-12-04,MANAGEMENT_1900_2100,Management,1,1,1
2025-12-04,MANAGEMENT_2100_2200,Management,1,1,1
2025-12-05,STORAGE_0830_1530,Storage,1,1,1
2025-12-05,CHECKOUT_1000_1100,Checkout,1,1,1
2025-12-05,CHECKOUT_1100_2100,Checkout,1,1,1
2025-12-05,CHECKOUT_2100_2200,Checkout,1,1,1
2025-12-05,MANAGEMENT_1000_1100,Management,1,1,1
2025-12-05,MANAGEMENT_1100_1400,Management,1,1,1
2025-12-05,MANAGEMENT_1400_1900,Management,1,1,1
2025-12-05,MANAGEMENT_1900_2100,Management,1,1,1
2025-12-05,MANAGEMENT_2100_2200,Management,1,1,1
2025-12-06,CHECKOUT_1100_2100,Checkout,1,1,1
2025-12-06,MANAGEMENT_1100_1400,Management,1,1,1
2025-12-06,MANAGEMENT_1400_1900,Management,1,1,1
2025-12-06,MANAGEMENT_1900_2100,Management,1,1,1
2025-12-07,CHECKOUT_1100_2100,Checkout,1,1,1
2025-12-07,MANAGEMENT_1100_1400,Management,1,1,1
2025-12-07,MANAGEMENT_1900_2100,Management,1,1,1
2025-12-08,STORAGE_0830_1530,Storage,1,1,1
2025-12-08,CHECKOUT_1000_1100,Checkout,1,1,1
2025-12-08,CHECKOUT_1100_2100,Checkout,1,1,1
2025-12-08,CHECKOUT_2100_2200,Checkout,1,1,1
2025-12-08,MANAGEMENT_1000_1100,Management,1,1,1
2025-12-08,MANAGEMENT_1100_1400,Management,1,1,1
2025-12-08,MANAGEMENT_1400_1900,Management,1,1,1
2025-12-08,MANAGEMENT_1900_2100,Management,1,1,1
2025-12-08,MANAGEMENT_2100_2200,Management,1,1,1
2025-12-09,STORAGE_0830_1530,Storage,1,1,1
2025-12-09,CHECKOUT_1000_1100,Checkout,1,1,1
2025-12-09,CHECKOUT_1100_2100,Checkout,1,1,1
2025-12-09,CHECKOUT_2100_2200,Checkout,1,1,1
2025-12-09,MANAGEMENT_1000_1100,Management,1,1,1
2025-12-09,MANAGEMENT_1100_1400,Management,1,1,1
2025-12-09,MANAGEMENT_1400_1900,Management,1,1,1
2025-12-09,MANAGEMENT_1900_2100,Management,1,1,1
2025-12-09,MANAGEMENT_2100_2200,Management,1,1,1
2025-12-10,STORAGE_0830_1530,Storage,1,1,1
2025-12-10,CHECKOUT_1000_1100,Checkout,1,1,1
2025-12-10,CHECKOUT_1100_2100,Checkout,1,1,1
2025-12-10,CHECKOUT_2100_2200,Checkout,1,1,1
2025-12-10,MANAGEMENT_1000_1100,Management,1,1,1
2025-12-10,MANAGEMENT_1100_1400,Management,1,1,1
2025-12-10,MANAGEMENT_1400_1900,Management,1,1,1
2025-12-10,MANAGEMENT_1900_2100,Management,1,1,1
2025-12-10,MANAGEMENT_2100_2200,Management,1,1,1
2025-12-11,STORAGE_0830_1530,Storage,1,1,1
2025-12-11,CHECKOUT_1000_1100,Checkout,1,1,1
2025-12-11,CHECKOUT_1100_2100,Checkout,1,1,1
2025-12-11,CHECKOUT_2100_2200,Checkout,1,1,1
2025-12-11,MANAGEMENT_1000_1100,Management,1,1,1
2025-12-11,MANAGEMENT_1100_1400,Management,1,1,1
2025-12-11,MANAGEMENT_1400_1900,Management,1,1,1
2025-12-11,MANAGEMENT_1900_2100,Management,1,1,1
2025-12-11,MANAGEMENT_2100_2200,Management,1,1,1
2025-12-12,STORAGE_0830_1530,Storage,1,1,1
2025-12-12,CHECKOUT_1000_1100,Checkout,1,1,1
2025-12-12,CHECKOUT_1100_2100,Checkout,1,1,1
2025-12-12,CHECKOUT_2100_2200,Checkout,1,1,1
2025-12-12,MANAGEMENT_1000_1100,Management,1,1,1
2025-12-12,MANAGEMENT_1100_1400,Management,1,1,1
2025-12-12,MANAGEMENT_1400_1900,Management,1,1,1
2025-12-12,MANAGEMENT_1900_2100,Management,1,1,1
2025-12-12,MANAGEMENT_2100_2200,Management,1,1,1
2025-12-13,CHECKOUT_1100_2100,Checkout,1,1,1
2025-12-13,MANAGEMENT_1100_1400,Management,1,1,1
2025-12-13,MANAGEMENT_1400_1900,Management,1,1,1
2025-12-13,MANAGEMENT_1900_2100,Management,1,1,1
2025-12-14,CHECKOUT_1100_2100,Checkout,1,1,1
2025-12-14,MANAGEMENT_1100_1400,Management,1,1,1
2025-12-14,MANAGEMENT_1900_2100,Management,1,1,1
2025-12-15,STORAGE_0830_1530,Storage,1,1,1
2025-12-15,CHECKOUT_1000_1100,Checkout,1,1,1
2025-12-15,CHECKOUT_1100_2100,Checkout,1,1,1
2025-12-15,CHECKOUT_2100_2200,Checkout,1,1,1
2025-12-15,MANAGEMENT_1000_1100,Management,1,1,1
2025-12-15,MANAGEMENT_1100_1400,Management,1,1,1
2025-12-15,MANAGEMENT_1400_1900,Management,1,1,1
2025-12-15,MANAGEMENT_1900_2100,Management,1,1,1
2025-12-15,MANAGEMENT_2100_2200,Management,1,1,1
2025-12-16,STORAGE_0830_1530,Storage,1,1,1
2025-12-16,CHECKOUT_1000_1100,Checkout,1,1,1
2025-12-16,CHECKOUT_1100_2100,Checkout,1,1,1
2025-12-16,CHECKOUT_2100_2200,Checkout,1,1,1
2025-12-16,MANAGEMENT_1000_1100,Management,1,1,1
2025-12-16,MANAGEMENT_1100_1400,Management,1,1,1
2025-12-16,MANAGEMENT_1400_1900,Management,1,1,1
2025-12-16,MANAGEMENT_1900_2100,Management,1,1,1
2025-12-16,MANAGEMENT_2100_2200,Management,1,1,1
2025-12-17,STORAGE_0830_1530,Storage,1,1,1
2025-12-17,CHECKOUT_1000_1100,Checkout,1,1,1
2025-12-17,CHECKOUT_1100_2100,Checkout,1,1,1
2025-12-17,CHECKOUT_2100_2200,Checkout,1,1,1
2025-12-17,MANAGEMENT_1000_1100,Management,1,1,1
2025-12-17,MANAGEMENT_1100_1400,Management,1,1,1
2025-12-17,MANAGEMENT_1400_1900,Management,1,1,1
2025-12-17,MANAGEMENT_1900_2100,Management,1,1,1
2025-12-17,MANAGEMENT_2100_2200,Management,1,1,1
2025-12-18,STORAGE_0830_1530,Storage,1,1,1
2025-12-18,CHECKOUT_1000_1100,Checkout,1,1,1
2025-12-18,CHECKOUT_1100_2100,Checkout,1,1,1
2025-12-18,CHECKOUT_2100_2200,Checkout,1,1,1
2025-12-18,MANAGEMENT_1000_1100,Management,1,1,1
2025-12-18,MANAGEMENT_1100_1400,Management,1,1,1
2025-12-18,MANAGEMENT_1400_1900,Management,1,1,1
2025-12-18,MANAGEMENT_1900_2100,Management,1,1,1
2025-12-18,MANAGEMENT_2100_2200,Management,1,1,1
2025-12-19,STORAGE_0830_1530,Storage,1,1,1
2025-12-19,CHECKOUT_1000_1100,Checkout,1,1,1
2025-12-19,CHECKOUT_1100_2100,Checkout,1,1,1
2025-12-19,CHECKOUT_2100_2200,Checkout,1,1,1
2025-12-19,MANAGEMENT_1000_1100,Management,1,1,1
2025-12-19,MANAGEMENT_1100_1400,Management,1,1,1
2025-12-19,MANAGEMENT_1400_1900,Management,1,1,1
2025-12-19,MANAGEMENT_1900_2100,Management,1,1,1
2025-12-19,MANAGEMENT_2100_2200,Management,1,1,1
2025-12-20,CHECKOUT_1100_2100,Checkout,1,1,1
2025-12-20,MANAGEMENT_1100_1400,Management,1,1,1
2025-12-20,MANAGEMENT_1400_1900,Management,1,1,1
2025-12-20,MANAGEMENT_1900_2100,Management,1,1,1
2025-12-21,CHECKOUT_1100_2100,Checkout,1,1,1
2025-12-21,MANAGEMENT_1100_1400,Management,1,1,1
2025-12-21,MANAGEMENT_1900_2100,Management,1,1,1
2025-12-22,STORAGE_0830_1530,Storage,1,1,1
2025-12-22,CHECKOUT_1000_1100,Checkout,1,1,1
2025-12-22,CHECKOUT_1100_2100,Checkout,1,1,1
2025-12-22,CHECKOUT_2100_2200,Checkout,1,1,1
2025-12-22,MANAGEMENT_1000_1100,Management,1,1,1
2025-12-22,MANAGEMENT_1100_1400,Management,1,1,1
2025-12-22,MANAGEMENT_1400_1900,Management,1,1,1
2025-12-22,MANAGEMENT_1900_2100,Management,1,1,1
2025-12-22,MANAGEMENT_2100_2200,Management,1,1,1
2025-12-23,STORAGE_0830_1530,Storage,1,1,1
2025-12-23,CHECKOUT_1000_1100,Checkout,1,1,1
2025-12-23,CHECKOUT_1100_2100,Checkout,1,1,1
2025-12-23,CHECKOUT_2100_2200,Checkout,1,1,1
2025-12-23,MANAGEMENT_1000_1100,Management,1,1,1
2025-12-23,MANAGEMENT_1100_1400,Management,1,1,1
2025-12-23,MANAGEMENT_1400_1900,Management,1,1,1
2025-12-23,MANAGEMENT_1900_2100,Management,1,1,1
2025-12-23,MANAGEMENT_2100_2200,Management,1,1,1
2025-12-24,CHECKOUT_1100_2100,Checkout,1,1,1
2025-12-24,MANAGEMENT_1100_1400,Management,1,1,1
2025-12-24,MANAGEMENT_1400_1900,Management,1,1,1
2025-12-25,CHECKOUT_1100_2100,Checkout,1,1,1
2025-12-25,MANAGEMENT_1100_1400,Management,1,1,1
2025-12-25,MANAGEMENT_1400_1900,Management,1,1,1
2025-12-26,CHECKOUT_1100_2100,Checkout,1,1,1
2025-12-26,MANAGEMENT_1100_1400,Management,1,1,1
2025-12-26,MANAGEMENT_1400_1900,Management,1,1,1
2025-12-27,CHECKOUT_1100_2100,Checkout,1,1,1
2025-12-27,MANAGEMENT_1100_1400,Management,1,1,1
2025-12-28,CHECKOUT_1100_2100,Checkout,1,1,1
2025-12-29,CHECKOUT_1100_2100,Checkout,1,1,1
2025-12-29,MANAGEMENT_1100_1400,Management,1,1,1
2025-12-29,MANAGEMENT_1400_1900,Management,1,1,1
2025-12-30,CHECKOUT_1100_2100,Checkout,1,1,1
2025-12-30,MANAGEMENT_1100_1400,Management,1,1,1
2025-12-30,MANAGEMENT_1400_1900,Management,1,1,1
2025-12-31,CHECKOUT_1100_2100,Checkout,1,1,1
2025-12-31,MANAGEMENT_1100_1400,Management,1,1,1
2025-12-31,MANAGEMENT_1400_1900,Management,1,1,1
