File,Mean_Value_minimo,Mean_Value_ideal,Ratio_Ideal_to_Minimo,Teams
minimuns.csv,1.4287671232876713,1.7136986301369863,1.1862771244999393,2
minimuns_16teams_96emp.csv,1.015068493150685,1.0328767123287672,1.0174690629236085,16
minimuns_4teams_24emp.csv,0.9794520547945206,1.0027397260273971,1.0240845445432902,4
minimuns_8teams_48emp.csv,1.052054794520548,1.0904109589041096,1.0362805022827952,8
